AccusedMasterID,CaseMasterID,AccusedName,AgeYear,GenderID,PersonID
1,1,Vijay Kumar,40,1,A1
2,1,Sunita Reddy,32,1,A2
3,1,Mahesh Nayak,43,2,A3
4,2,Mahesh Bhat,31,1,A1
5,2,Suresh Pujari,35,2,A2
6,3,Ramesh Deshmukh,28,1,A1
7,3,Mahesh Deshmukh,48,1,A2
8,4,Ramesh Hegde,40,1,A1
9,5,Lakshmi Reddy,40,1,A1
10,6,Anitha Patil,45,1,A1
11,7,Suresh Deshmukh,37,1,A1
12,7,Priya Reddy,48,1,A2
13,8,Sunita Kumar,40,2,A1
14,8,Ganesh Deshmukh,43,1,A2
15,8,Mahesh Deshmukh,25,1,A3
16,9,Anitha Hegde,45,1,A1
17,10,Manjunath Pujari,29,1,A1
18,10,Lakshmi Shetty,24,1,A2
19,10,Vijay Rao,30,1,A3
20,11,Ganesh Kumar,32,1,A1
21,11,Mahesh Kumar,36,1,A2
22,12,Venkatesh Nayak,39,1,A1
23,12,Sunita Hegde,19,1,A2
24,13,Ramesh Pujari,50,1,A1
25,14,Mahesh Patil,50,2,A1
26,14,Priya Pujari,23,2,A2
27,15,Anitha Patil,45,1,A1
28,15,Suresh Bhat,37,2,A2
29,15,Lakshmi Bhat,48,1,A3
30,16,Anitha Kulkarni,49,1,A1
31,16,Venkatesh Rao,22,2,A2
32,17,Manjunath Nayak,32,1,A1
33,17,Anitha Kulkarni,21,1,A2
34,18,Lakshmi Kulkarni,48,1,A1
35,19,Ganesh Gowda,43,1,A1
36,19,Ramesh Bhat,22,1,A2
37,19,Venkatesh Shetty,27,1,A3
38,20,Ramesh Pujari,38,2,A1
39,21,Ganesh Patil,36,2,A1
40,21,Sunita Pujari,30,1,A2
41,22,Kavitha Nayak,42,2,A1
42,23,Ganesh Shetty,34,1,A1
43,24,Priya Gowda,29,1,A1
44,25,Kavitha Rao,47,1,A1
45,25,Venkatesh Pujari,48,1,A2
46,25,Ganesh Kulkarni,42,1,A3
47,26,Kavitha Patil,30,1,A1
48,26,Sunita Hegde,21,1,A2
49,26,Ganesh Kulkarni,20,1,A3
50,27,Suresh Shetty,19,2,A1
51,28,Manjunath Shetty,49,1,A1
52,28,Venkatesh Pujari,27,2,A2
53,29,Sunita Kumar,40,1,A1
54,29,Anitha Bhat,41,2,A2
55,30,Priya Shetty,23,2,A1
56,31,Ganesh Kumar,41,2,A1
57,32,Suresh Shetty,50,1,A1
58,32,Mahesh Gowda,42,1,A2
59,32,Venkatesh Deshmukh,32,2,A3
60,33,Vijay Pujari,44,1,A1
61,34,Venkatesh Pujari,26,2,A1
62,35,Lakshmi Kulkarni,37,2,A1
63,35,Sunita Nayak,45,1,A2
64,35,Suresh Rao,45,1,A3
65,36,Mahesh Shetty,31,1,A1
66,36,Priya Kumar,49,2,A2
67,36,Mahesh Bhat,35,1,A3
68,37,Ganesh Shetty,30,1,A1
69,37,Lakshmi Deshmukh,43,1,A2
70,37,Ramesh Reddy,44,1,A3
71,38,Manjunath Kumar,37,1,A1
72,39,Priya Hegde,44,1,A1
73,39,Priya Shetty,22,2,A2
74,39,Anitha Kumar,49,2,A3
75,40,Manjunath Bhat,28,2,A1
76,40,Ganesh Kumar,33,2,A2
77,41,Kavitha Kumar,42,1,A1
78,42,Priya Reddy,42,2,A1
79,42,Venkatesh Pujari,25,1,A2
80,43,Vijay Patil,35,1,A1
81,43,Kavitha Reddy,45,1,A2
82,44,Kavitha Kulkarni,25,1,A1
83,45,Ramesh Rao,24,1,A1
84,45,Lakshmi Nayak,28,1,A2
85,46,Suresh Patil,23,1,A1
86,47,Priya Pujari,50,1,A1
87,48,Mahesh Shetty,36,1,A1
88,49,Vijay Reddy,24,1,A1
89,50,Kavitha Pujari,28,1,A1
90,50,Suresh Shetty,30,2,A2
91,51,Kavitha Bhat,36,1,A1
92,51,Kavitha Nayak,33,1,A2
93,52,Sunita Deshmukh,50,1,A1
94,53,Anitha Shetty,48,2,A1
95,53,Suresh Hegde,30,1,A2
96,53,Kavitha Reddy,24,1,A3
97,54,Anitha Bhat,39,1,A1
98,55,Mahesh Hegde,26,2,A1
99,55,Lakshmi Deshmukh,23,1,A2
100,56,Venkatesh Hegde,27,2,A1
101,56,Sunita Deshmukh,45,1,A2
102,56,Priya Rao,32,1,A3
103,57,Sunita Pujari,35,2,A1
104,57,Manjunath Bhat,41,2,A2
105,58,Sunita Kumar,43,1,A1
106,58,Sunita Rao,33,2,A2
107,58,Manjunath Gowda,28,1,A3
108,59,Venkatesh Reddy,28,1,A1
109,60,Kavitha Shetty,37,1,A1
110,61,Vijay Patil,41,1,A1
111,61,Venkatesh Nayak,28,1,A2
112,61,Vijay Kulkarni,23,1,A3
113,62,Ramesh Kumar,50,1,A1
114,62,Lakshmi Pujari,23,1,A2
115,63,Suresh Patil,28,1,A1
116,63,Suresh Hegde,28,2,A2
117,63,Venkatesh Bhat,22,1,A3
118,64,Priya Gowda,34,2,A1
119,65,Kavitha Kumar,22,1,A1
120,66,Suresh Rao,30,1,A1
121,67,Kavitha Gowda,26,1,A1
122,67,Ganesh Pujari,36,1,A2
123,68,Sunita Nayak,43,1,A1
124,68,Vijay Reddy,35,1,A2
125,68,Suresh Shetty,36,1,A3
126,69,Mahesh Deshmukh,43,1,A1
127,69,Anitha Reddy,35,2,A2
128,69,Priya Pujari,37,1,A3
129,70,Lakshmi Gowda,29,1,A1
130,71,Manjunath Bhat,30,2,A1
131,72,Venkatesh Nayak,42,1,A1
132,72,Ganesh Rao,40,2,A2
133,73,Kavitha Kulkarni,37,1,A1
134,74,Lakshmi Kumar,39,2,A1
135,74,Ramesh Kulkarni,35,2,A2
136,75,Vijay Pujari,34,1,A1
137,75,Lakshmi Hegde,43,1,A2
138,76,Suresh Deshmukh,19,1,A1
139,76,Kavitha Reddy,39,1,A2
140,77,Manjunath Deshmukh,34,1,A1
141,78,Mahesh Shetty,22,1,A1
142,79,Ganesh Pujari,34,2,A1
143,79,Kavitha Nayak,27,1,A2
144,80,Ramesh Bhat,34,2,A1
145,80,Manjunath Patil,36,1,A2
146,80,Manjunath Pujari,38,1,A3
147,81,Mahesh Hegde,26,1,A1
148,82,Lakshmi Patil,49,1,A1
149,82,Sunita Nayak,49,1,A2
150,83,Venkatesh Shetty,32,1,A1
151,83,Ganesh Kulkarni,39,1,A2
152,84,Venkatesh Patil,34,1,A1
153,84,Ganesh Deshmukh,35,1,A2
154,84,Ganesh Reddy,44,1,A3
155,85,Lakshmi Hegde,48,1,A1
156,86,Priya Hegde,34,1,A1
157,87,Manjunath Pujari,22,1,A1
158,87,Suresh Deshmukh,49,1,A2
159,87,Ganesh Bhat,39,2,A3
160,88,Anitha Gowda,33,1,A1
161,89,Mahesh Kumar,38,1,A1
162,90,Kavitha Patil,35,1,A1
163,91,Anitha Hegde,27,1,A1
164,92,Lakshmi Nayak,35,1,A1
165,93,Suresh Kumar,19,1,A1
166,93,Lakshmi Deshmukh,28,1,A2
167,93,Sunita Kulkarni,49,2,A3
168,94,Mahesh Pujari,48,2,A1
169,94,Manjunath Kulkarni,32,2,A2
170,95,Vijay Rao,32,2,A1
171,96,Ramesh Bhat,25,1,A1
172,97,Vijay Shetty,26,1,A1
173,98,Lakshmi Kulkarni,42,1,A1
174,99,Ramesh Nayak,44,2,A1
175,100,Suresh Kulkarni,38,1,A1
176,101,Ramesh Kumar,23,2,A1
177,101,Mahesh Reddy,47,1,A2
178,101,Mahesh Kulkarni,27,1,A3
179,102,Manjunath Shetty,34,1,A1
180,102,Priya Bhat,24,2,A2
181,103,Mahesh Gowda,23,2,A1
182,103,Kavitha Kulkarni,45,2,A2
183,103,Anitha Reddy,31,1,A3
184,104,Venkatesh Patil,21,1,A1
185,105,Anitha Nayak,32,1,A1
186,105,Sunita Kulkarni,29,1,A2
187,105,Ramesh Rao,22,1,A3
188,106,Suresh Shetty,47,2,A1
189,107,Venkatesh Pujari,33,2,A1
190,107,Anitha Hegde,33,1,A2
191,108,Mahesh Patil,44,2,A1
192,109,Ganesh Deshmukh,34,1,A1
193,110,Suresh Hegde,36,1,A1
194,110,Ganesh Deshmukh,24,1,A2
195,111,Ramesh Hegde,25,1,A1
196,111,Ramesh Rao,50,1,A2
197,112,Kavitha Deshmukh,42,1,A1
198,112,Ganesh Shetty,33,1,A2
199,112,Ganesh Patil,30,1,A3
200,113,Suresh Nayak,50,1,A1
201,113,Venkatesh Kumar,25,1,A2
202,114,Sunita Pujari,36,1,A1
203,115,Ramesh Bhat,30,1,A1
204,115,Lakshmi Deshmukh,26,1,A2
205,115,Vijay Kulkarni,44,1,A3
206,116,Anitha Patil,35,2,A1
207,117,Anitha Gowda,47,1,A1
208,117,Manjunath Deshmukh,35,1,A2
209,118,Sunita Pujari,42,1,A1
210,119,Priya Pujari,42,1,A1
211,119,Manjunath Kumar,45,1,A2
212,120,Sunita Nayak,36,1,A1
213,121,Suresh Kulkarni,33,1,A1
214,122,Lakshmi Patil,27,2,A1
215,123,Ramesh Kumar,31,1,A1
216,124,Manjunath Nayak,44,1,A1
217,125,Kavitha Rao,27,1,A1
218,125,Ganesh Rao,29,1,A2
219,125,Priya Hegde,42,2,A3
220,126,Venkatesh Nayak,19,1,A1
221,127,Anitha Bhat,28,1,A1
222,128,Priya Nayak,49,1,A1
223,129,Manjunath Shetty,32,1,A1
224,129,Mahesh Rao,19,1,A2
225,130,Lakshmi Reddy,36,1,A1
226,130,Venkatesh Deshmukh,49,1,A2
227,130,Lakshmi Rao,26,2,A3
228,131,Anitha Shetty,42,1,A1
229,132,Mahesh Pujari,21,1,A1
230,132,Sunita Nayak,42,2,A2
231,133,Venkatesh Kumar,29,2,A1
232,134,Ramesh Rao,47,2,A1
233,135,Ganesh Shetty,42,1,A1
234,136,Lakshmi Bhat,34,1,A1
235,137,Manjunath Rao,50,1,A1
236,138,Mahesh Patil,25,2,A1
237,138,Suresh Hegde,22,2,A2
238,139,Sunita Rao,32,1,A1
239,139,Lakshmi Rao,40,1,A2
240,140,Anitha Gowda,41,1,A1
241,141,Mahesh Pujari,42,1,A1
242,141,Priya Nayak,48,1,A2
243,142,Ganesh Gowda,36,2,A1
244,142,Anitha Shetty,30,1,A2
245,143,Lakshmi Patil,43,1,A1
246,143,Anitha Reddy,27,1,A2
247,144,Mahesh Gowda,40,1,A1
248,145,Ganesh Kumar,49,2,A1
249,145,Vijay Patil,45,1,A2
250,146,Mahesh Pujari,41,1,A1
251,147,Manjunath Patil,31,2,A1
252,147,Sunita Rao,31,1,A2
253,147,Priya Deshmukh,39,1,A3
254,148,Vijay Kumar,20,1,A1
255,149,Priya Hegde,31,2,A1
256,149,Sunita Kumar,45,1,A2
257,149,Suresh Shetty,37,1,A3
258,150,Anitha Shetty,20,1,A1
259,151,Vijay Kumar,45,2,A1
260,152,Vijay Hegde,20,1,A1
261,152,Ganesh Patil,24,1,A2
262,152,Vijay Patil,19,1,A3
263,153,Lakshmi Hegde,49,2,A1
264,154,Sunita Kumar,47,1,A1
265,155,Mahesh Reddy,50,1,A1
266,156,Anitha Kumar,35,1,A1
267,156,Sunita Rao,47,1,A2
268,156,Vijay Deshmukh,33,1,A3
269,157,Manjunath Gowda,46,1,A1
270,157,Mahesh Reddy,19,1,A2
271,157,Sunita Shetty,44,1,A3
272,158,Ganesh Deshmukh,27,1,A1
273,159,Venkatesh Deshmukh,46,1,A1
274,159,Manjunath Rao,26,2,A2
275,159,Vijay Patil,49,1,A3
276,160,Lakshmi Rao,21,1,A1
277,160,Anitha Nayak,48,1,A2
278,160,Sunita Deshmukh,23,1,A3
279,161,Manjunath Reddy,20,1,A1
280,162,Kavitha Shetty,37,1,A1
281,163,Vijay Kulkarni,50,1,A1
282,164,Priya Bhat,20,2,A1
283,165,Vijay Rao,45,1,A1
284,166,Ganesh Kumar,37,1,A1
285,167,Manjunath Kulkarni,25,1,A1
286,167,Manjunath Kulkarni,35,1,A2
287,168,Lakshmi Kumar,44,1,A1
288,168,Suresh Bhat,40,2,A2
289,168,Suresh Pujari,38,1,A3
290,169,Vijay Shetty,23,1,A1
291,169,Venkatesh Patil,25,1,A2
292,169,Vijay Deshmukh,36,1,A3
293,170,Anitha Reddy,49,1,A1
294,171,Ramesh Reddy,20,1,A1
295,172,Venkatesh Nayak,20,1,A1
296,173,Lakshmi Patil,46,1,A1
297,174,Priya Nayak,25,1,A1
298,174,Vijay Pujari,28,2,A2
299,174,Mahesh Rao,34,1,A3
300,175,Venkatesh Nayak,47,2,A1
301,175,Anitha Shetty,24,2,A2
302,176,Venkatesh Pujari,43,1,A1
303,176,Mahesh Shetty,49,1,A2
304,176,Kavitha Patil,31,1,A3
305,177,Ramesh Patil,47,1,A1
306,177,Suresh Deshmukh,24,1,A2
307,178,Ganesh Shetty,43,1,A1
308,179,Lakshmi Rao,42,1,A1
309,180,Kavitha Gowda,32,1,A1
310,181,Mahesh Kumar,21,1,A1
311,181,Ramesh Reddy,20,2,A2
312,181,Mahesh Gowda,22,1,A3
313,182,Mahesh Rao,31,2,A1
314,183,Sunita Shetty,26,1,A1
315,183,Mahesh Kumar,36,1,A2
316,184,Vijay Patil,39,1,A1
317,184,Ganesh Nayak,21,1,A2
318,184,Ramesh Gowda,47,1,A3
319,185,Lakshmi Nayak,49,2,A1
320,186,Sunita Reddy,19,1,A1
321,187,Priya Bhat,20,1,A1
322,187,Mahesh Bhat,34,1,A2
323,187,Priya Rao,38,1,A3
324,188,Sunita Kulkarni,35,1,A1
325,189,Vijay Reddy,50,2,A1
326,189,Mahesh Reddy,35,2,A2
327,190,Anitha Reddy,29,1,A1
328,191,Manjunath Patil,24,1,A1
329,191,Sunita Rao,43,1,A2
330,192,Kavitha Rao,46,1,A1
331,192,Vijay Pujari,22,1,A2
332,192,Sunita Patil,45,1,A3
333,193,Suresh Shetty,46,1,A1
334,193,Mahesh Patil,29,1,A2
335,193,Venkatesh Patil,35,2,A3
336,194,Mahesh Reddy,24,1,A1
337,195,Kavitha Hegde,38,2,A1
338,196,Ganesh Reddy,25,1,A1
339,197,Sunita Shetty,47,1,A1
340,197,Anitha Pujari,36,1,A2
341,197,Suresh Patil,46,2,A3
342,198,Ganesh Shetty,43,1,A1
343,198,Mahesh Pujari,42,1,A2
344,198,Priya Deshmukh,39,1,A3
345,199,Mahesh Rao,31,2,A1
346,200,Sunita Kulkarni,28,1,A1
347,201,Priya Rao,20,1,A1
348,202,Mahesh Reddy,40,1,A1
349,203,Ramesh Shetty,42,1,A1
350,204,Lakshmi Gowda,41,1,A1
351,205,Manjunath Deshmukh,42,1,A1
352,205,Suresh Kulkarni,28,1,A2
353,205,Vijay Hegde,30,1,A3
354,206,Suresh Pujari,30,1,A1
355,207,Suresh Bhat,19,1,A1
356,208,Lakshmi Patil,25,2,A1
357,209,Sunita Kulkarni,28,1,A1
358,209,Priya Pujari,35,1,A2
359,209,Mahesh Bhat,29,1,A3
360,210,Ramesh Pujari,50,1,A1
361,210,Ganesh Reddy,41,1,A2
362,211,Suresh Patil,48,2,A1
363,211,Kavitha Rao,43,1,A2
364,211,Mahesh Shetty,43,2,A3
365,212,Anitha Nayak,37,1,A1
366,213,Ganesh Gowda,48,1,A1
367,214,Lakshmi Reddy,24,1,A1
368,214,Ganesh Rao,37,1,A2
369,215,Ganesh Nayak,26,1,A1
370,216,Lakshmi Rao,29,1,A1
371,216,Vijay Bhat,21,2,A2
372,217,Anitha Patil,19,1,A1
373,218,Kavitha Rao,40,1,A1
374,219,Suresh Gowda,45,2,A1
375,220,Sunita Pujari,24,1,A1
376,221,Venkatesh Nayak,36,1,A1
377,222,Suresh Rao,45,1,A1
378,222,Suresh Nayak,42,1,A2
379,222,Manjunath Reddy,23,1,A3
380,223,Kavitha Patil,34,1,A1
381,224,Manjunath Gowda,48,1,A1
382,225,Sunita Bhat,47,2,A1
383,225,Ramesh Deshmukh,25,1,A2
384,226,Kavitha Shetty,41,1,A1
385,227,Lakshmi Reddy,30,1,A1
386,227,Anitha Pujari,32,1,A2
387,228,Suresh Kulkarni,22,1,A1
388,229,Kavitha Kulkarni,44,2,A1
389,230,Ramesh Bhat,42,2,A1
390,231,Manjunath Hegde,19,2,A1
391,232,Suresh Gowda,32,1,A1
392,232,Priya Hegde,33,2,A2
393,232,Mahesh Kumar,39,1,A3
394,233,Sunita Bhat,46,1,A1
395,233,Sunita Reddy,33,2,A2
396,234,Mahesh Patil,47,2,A1
397,235,Manjunath Shetty,35,1,A1
398,235,Manjunath Gowda,49,1,A2
399,235,Ganesh Kumar,29,1,A3
400,236,Kavitha Deshmukh,30,1,A1
401,237,Suresh Gowda,42,1,A1
402,237,Sunita Kulkarni,30,1,A2
403,238,Vijay Pujari,37,1,A1
404,239,Vijay Hegde,30,1,A1
405,239,Ganesh Nayak,47,1,A2
406,239,Mahesh Shetty,45,1,A3
407,240,Anitha Bhat,36,2,A1
408,240,Suresh Patil,30,1,A2
409,240,Mahesh Patil,47,1,A3
410,241,Priya Shetty,33,1,A1
411,241,Kavitha Gowda,30,1,A2
412,241,Manjunath Nayak,28,1,A3
413,242,Lakshmi Kumar,47,1,A1
414,242,Priya Shetty,48,1,A2
415,243,Ganesh Deshmukh,50,1,A1
416,243,Priya Bhat,45,1,A2
417,243,Mahesh Nayak,34,1,A3
418,244,Lakshmi Kumar,35,1,A1
419,244,Priya Bhat,28,1,A2
420,245,Manjunath Bhat,22,1,A1
421,246,Ganesh Deshmukh,40,2,A1
422,246,Ramesh Bhat,29,1,A2
423,246,Ramesh Rao,49,1,A3
424,247,Venkatesh Nayak,23,1,A1
425,248,Kavitha Reddy,43,1,A1
426,248,Venkatesh Pujari,24,1,A2
427,249,Sunita Nayak,48,1,A1
428,250,Venkatesh Pujari,21,1,A1
429,251,Priya Pujari,30,1,A1
430,251,Mahesh Bhat,48,1,A2
431,252,Suresh Rao,44,1,A1
432,253,Venkatesh Kulkarni,29,2,A1
433,253,Anitha Patil,29,2,A2
434,253,Anitha Hegde,33,1,A3
435,254,Vijay Rao,36,2,A1
436,254,Mahesh Kumar,30,1,A2
437,255,Venkatesh Kulkarni,45,2,A1
438,255,Venkatesh Patil,38,1,A2
439,256,Sunita Nayak,40,1,A1
440,256,Ramesh Kumar,23,2,A2
441,257,Suresh Patil,48,2,A1
442,257,Ganesh Kumar,45,1,A2
443,257,Vijay Reddy,47,1,A3
444,258,Manjunath Hegde,20,1,A1
445,259,Kavitha Reddy,39,2,A1
446,260,Manjunath Patil,46,1,A1
447,260,Suresh Hegde,41,1,A2
448,261,Ramesh Kumar,38,1,A1
449,261,Mahesh Rao,36,1,A2
450,262,Vijay Nayak,46,1,A1
451,262,Sunita Hegde,40,2,A2
452,263,Vijay Reddy,36,1,A1
453,264,Manjunath Hegde,22,1,A1
454,265,Lakshmi Pujari,48,1,A1
455,265,Priya Deshmukh,21,2,A2
456,265,Venkatesh Kulkarni,19,1,A3
457,266,Ramesh Pujari,40,1,A1
458,267,Priya Nayak,34,2,A1
459,267,Ramesh Reddy,50,1,A2
460,268,Ganesh Deshmukh,48,1,A1
461,269,Manjunath Kulkarni,36,1,A1
462,270,Ramesh Hegde,25,2,A1
463,271,Suresh Pujari,36,1,A1
464,272,Lakshmi Reddy,25,1,A1
465,272,Venkatesh Shetty,36,2,A2
466,272,Priya Rao,36,1,A3
467,273,Anitha Patil,22,1,A1
468,274,Ramesh Kumar,37,1,A1
469,274,Ganesh Gowda,20,1,A2
470,274,Vijay Kumar,33,1,A3
471,275,Lakshmi Rao,48,2,A1
472,275,Lakshmi Reddy,24,2,A2
473,276,Ramesh Shetty,38,1,A1
474,276,Suresh Reddy,46,1,A2
475,276,Kavitha Patil,28,2,A3
476,277,Suresh Kumar,19,1,A1
477,278,Priya Nayak,22,1,A1
478,278,Sunita Gowda,25,2,A2
479,278,Ganesh Patil,43,2,A3
480,279,Sunita Gowda,39,2,A1
481,279,Ramesh Kulkarni,19,1,A2
482,280,Ganesh Bhat,42,1,A1
483,280,Priya Rao,23,1,A2
484,280,Vijay Shetty,29,1,A3
485,281,Kavitha Reddy,42,1,A1
486,282,Suresh Rao,19,1,A1
487,283,Priya Shetty,25,1,A1
488,283,Venkatesh Kumar,23,2,A2
489,284,Kavitha Kumar,37,2,A1
490,284,Lakshmi Patil,33,1,A2
491,284,Venkatesh Hegde,19,1,A3
492,285,Mahesh Rao,19,1,A1
493,285,Ganesh Deshmukh,39,1,A2
494,285,Vijay Rao,40,1,A3
495,286,Anitha Kulkarni,25,2,A1
496,286,Kavitha Gowda,27,1,A2
497,287,Mahesh Kulkarni,19,1,A1
498,287,Manjunath Bhat,35,1,A2
499,288,Ganesh Shetty,35,2,A1
500,289,Suresh Pujari,34,1,A1
501,290,Suresh Nayak,28,1,A1
502,290,Mahesh Hegde,22,1,A2
503,291,Lakshmi Gowda,21,2,A1
504,291,Lakshmi Reddy,34,1,A2
505,292,Manjunath Nayak,42,2,A1
506,293,Kavitha Bhat,38,1,A1
507,294,Anitha Hegde,35,1,A1
508,295,Sunita Nayak,30,1,A1
509,296,Manjunath Nayak,41,1,A1
510,297,Priya Deshmukh,40,1,A1
511,297,Sunita Reddy,50,1,A2
512,297,Sunita Hegde,48,1,A3
513,298,Manjunath Shetty,29,2,A1
514,299,Kavitha Bhat,39,1,A1
515,299,Priya Kumar,28,2,A2
516,300,Sunita Pujari,21,2,A1
517,300,Vijay Shetty,46,1,A2
518,301,Vijay Gowda,26,2,A1
519,301,Manjunath Kumar,23,1,A2
520,302,Anitha Hegde,32,1,A1
521,302,Anitha Reddy,48,2,A2
522,302,Manjunath Rao,33,2,A3
523,303,Manjunath Reddy,46,1,A1
524,303,Priya Kumar,28,2,A2
525,304,Priya Deshmukh,32,1,A1
526,304,Ganesh Reddy,19,1,A2
527,305,Manjunath Deshmukh,21,2,A1
528,306,Lakshmi Patil,45,1,A1
529,307,Lakshmi Patil,34,2,A1
530,308,Manjunath Rao,30,1,A1
531,309,Sunita Deshmukh,41,1,A1
532,309,Lakshmi Kumar,38,1,A2
533,310,Manjunath Patil,46,1,A1
534,311,Venkatesh Nayak,40,1,A1
535,312,Suresh Kumar,43,1,A1
536,313,Sunita Nayak,37,1,A1
537,314,Ganesh Hegde,50,1,A1
538,315,Lakshmi Hegde,46,1,A1
539,315,Lakshmi Nayak,26,1,A2
540,315,Mahesh Pujari,37,1,A3
541,316,Manjunath Nayak,47,2,A1
542,317,Ganesh Kulkarni,48,1,A1
543,317,Kavitha Reddy,25,1,A2
544,317,Priya Deshmukh,24,1,A3
545,318,Venkatesh Rao,40,2,A1
546,319,Ramesh Rao,39,1,A1
547,319,Kavitha Gowda,31,1,A2
548,320,Vijay Reddy,34,2,A1
549,320,Vijay Patil,32,1,A2
550,320,Vijay Hegde,30,1,A3
551,321,Venkatesh Pujari,25,1,A1
552,321,Lakshmi Reddy,36,2,A2
553,321,Suresh Rao,20,2,A3
554,322,Sunita Kulkarni,41,1,A1
555,323,Lakshmi Reddy,36,2,A1
556,324,Venkatesh Shetty,44,1,A1
557,325,Vijay Nayak,39,1,A1
558,326,Mahesh Patil,33,1,A1
559,326,Ramesh Deshmukh,33,1,A2
560,327,Ramesh Rao,42,1,A1
561,327,Priya Rao,46,2,A2
562,328,Lakshmi Pujari,19,1,A1
563,328,Sunita Bhat,27,2,A2
564,329,Ramesh Rao,26,1,A1
565,330,Vijay Deshmukh,43,2,A1
566,331,Lakshmi Kulkarni,43,1,A1
567,331,Lakshmi Reddy,48,1,A2
568,332,Priya Nayak,23,1,A1
569,333,Priya Patil,27,1,A1
570,333,Suresh Kulkarni,38,2,A2
571,333,Sunita Patil,23,1,A3
572,334,Ganesh Gowda,19,1,A1
573,334,Ramesh Bhat,49,1,A2
574,335,Vijay Bhat,45,2,A1
575,336,Kavitha Bhat,35,2,A1
576,337,Mahesh Shetty,43,1,A1
577,337,Ramesh Patil,20,1,A2
578,337,Ramesh Deshmukh,27,1,A3
579,338,Venkatesh Rao,36,2,A1
580,338,Suresh Deshmukh,19,1,A2
581,338,Ganesh Shetty,28,1,A3
582,339,Manjunath Deshmukh,50,1,A1
583,340,Lakshmi Hegde,34,1,A1
584,341,Ganesh Kulkarni,22,1,A1
585,342,Anitha Rao,45,1,A1
586,342,Suresh Patil,21,2,A2
587,343,Kavitha Kulkarni,22,2,A1
588,343,Manjunath Gowda,43,1,A2
589,344,Manjunath Nayak,46,1,A1
590,344,Vijay Gowda,49,2,A2
591,345,Priya Kulkarni,31,2,A1
592,346,Vijay Hegde,27,2,A1
593,346,Lakshmi Kulkarni,26,2,A2
594,347,Vijay Nayak,34,2,A1
595,348,Venkatesh Patil,39,2,A1
596,349,Priya Kulkarni,22,1,A1
597,349,Priya Kulkarni,49,1,A2
598,350,Ramesh Patil,31,1,A1
599,351,Ramesh Pujari,27,1,A1
600,352,Ramesh Patil,23,2,A1
601,353,Anitha Reddy,30,1,A1
602,354,Kavitha Gowda,43,1,A1
603,355,Mahesh Deshmukh,20,1,A1
604,355,Suresh Pujari,42,1,A2
605,355,Ramesh Bhat,36,2,A3
606,356,Sunita Rao,26,1,A1
607,357,Lakshmi Deshmukh,24,1,A1
608,357,Venkatesh Rao,39,2,A2
609,357,Mahesh Kumar,35,1,A3
610,358,Lakshmi Hegde,39,1,A1
611,359,Kavitha Kumar,23,2,A1
612,360,Anitha Reddy,44,1,A1
613,361,Lakshmi Kulkarni,27,2,A1
614,361,Lakshmi Gowda,26,2,A2
615,362,Priya Deshmukh,34,1,A1
616,363,Kavitha Rao,32,2,A1
617,364,Anitha Deshmukh,25,1,A1
618,365,Mahesh Pujari,35,1,A1
619,365,Mahesh Reddy,26,1,A2
620,365,Vijay Deshmukh,39,1,A3
621,366,Suresh Nayak,40,1,A1
622,366,Manjunath Nayak,43,1,A2
623,367,Mahesh Rao,26,1,A1
624,368,Anitha Deshmukh,37,1,A1
625,369,Mahesh Hegde,20,1,A1
626,369,Sunita Gowda,21,1,A2
627,369,Mahesh Rao,47,1,A3
628,370,Manjunath Patil,48,1,A1
629,370,Sunita Reddy,32,1,A2
630,371,Lakshmi Kulkarni,27,1,A1
631,371,Anitha Gowda,37,2,A2
632,371,Venkatesh Rao,43,1,A3
633,372,Manjunath Hegde,43,2,A1
634,373,Ramesh Gowda,49,2,A1
635,373,Manjunath Rao,33,1,A2
636,374,Kavitha Rao,26,1,A1
637,375,Kavitha Patil,21,1,A1
638,375,Anitha Kumar,26,2,A2
639,376,Sunita Pujari,25,1,A1
640,376,Ganesh Bhat,25,1,A2
641,376,Anitha Deshmukh,50,1,A3
642,377,Priya Rao,42,1,A1
643,378,Priya Bhat,46,1,A1
644,379,Manjunath Bhat,46,1,A1
645,380,Anitha Deshmukh,43,2,A1
646,380,Suresh Deshmukh,19,1,A2
647,381,Sunita Kulkarni,42,1,A1
648,381,Kavitha Kumar,19,1,A2
649,382,Ganesh Bhat,40,1,A1
650,383,Venkatesh Gowda,41,1,A1
651,383,Manjunath Kulkarni,28,1,A2
652,384,Anitha Patil,35,1,A1
653,384,Ramesh Reddy,39,2,A2
654,384,Priya Bhat,33,2,A3
655,385,Lakshmi Reddy,19,2,A1
656,386,Vijay Reddy,25,1,A1
657,386,Anitha Deshmukh,23,1,A2
658,386,Sunita Gowda,29,1,A3
659,387,Suresh Bhat,25,1,A1
660,387,Priya Kulkarni,30,1,A2
661,387,Vijay Shetty,25,1,A3
662,388,Ramesh Reddy,39,2,A1
663,388,Lakshmi Rao,34,1,A2
664,388,Sunita Kulkarni,26,1,A3
665,389,Priya Rao,21,1,A1
666,390,Venkatesh Bhat,30,1,A1
667,390,Manjunath Gowda,33,2,A2
668,390,Anitha Reddy,50,1,A3
669,391,Vijay Hegde,47,1,A1
670,392,Suresh Kumar,36,1,A1
671,393,Ramesh Patil,31,1,A1
672,393,Sunita Shetty,35,1,A2
673,393,Anitha Shetty,49,1,A3
674,394,Mahesh Kumar,40,1,A1
675,394,Anitha Hegde,29,1,A2
676,394,Sunita Kulkarni,46,2,A3
677,395,Manjunath Patil,37,1,A1
678,395,Lakshmi Gowda,47,1,A2
679,395,Vijay Kumar,48,2,A3
680,396,Vijay Nayak,21,2,A1
681,396,Lakshmi Kulkarni,32,1,A2
682,396,Anitha Kulkarni,33,1,A3
683,397,Manjunath Kumar,20,1,A1
684,398,Anitha Shetty,21,1,A1
685,399,Ganesh Bhat,28,1,A1
686,400,Ganesh Kulkarni,22,1,A1
687,401,Manjunath Rao,33,1,A1
688,402,Ganesh Rao,37,1,A1
689,403,Priya Gowda,40,1,A1
690,404,Kavitha Hegde,24,1,A1
691,405,Sunita Patil,32,1,A1
692,406,Suresh Hegde,40,2,A1
693,407,Ganesh Shetty,44,1,A1
694,407,Manjunath Gowda,20,1,A2
695,407,Anitha Pujari,31,1,A3
696,408,Mahesh Reddy,34,1,A1
697,408,Kavitha Shetty,30,1,A2
698,409,Sunita Gowda,34,1,A1
699,409,Manjunath Nayak,48,2,A2
700,410,Manjunath Rao,28,1,A1
701,411,Anitha Pujari,47,1,A1
702,411,Lakshmi Bhat,43,1,A2
703,411,Anitha Nayak,31,2,A3
704,412,Priya Pujari,20,1,A1
705,413,Venkatesh Patil,28,2,A1
706,413,Kavitha Gowda,40,1,A2
707,414,Ganesh Nayak,19,1,A1
708,415,Sunita Rao,42,2,A1
709,416,Priya Kulkarni,36,1,A1
710,416,Vijay Patil,34,1,A2
711,416,Anitha Reddy,32,1,A3
712,417,Priya Pujari,25,1,A1
713,417,Manjunath Shetty,22,1,A2
714,418,Ramesh Nayak,21,1,A1
715,418,Anitha Kumar,48,2,A2
716,418,Kavitha Rao,19,2,A3
717,419,Sunita Rao,23,1,A1
718,419,Mahesh Kumar,39,1,A2
719,420,Venkatesh Hegde,32,1,A1
720,420,Ramesh Reddy,30,1,A2
721,421,Mahesh Shetty,29,1,A1
722,421,Ramesh Shetty,27,1,A2
723,421,Ganesh Patil,45,1,A3
724,422,Ramesh Pujari,34,1,A1
725,423,Anitha Rao,32,1,A1
726,424,Kavitha Deshmukh,23,2,A1
727,424,Vijay Kumar,45,1,A2
728,424,Venkatesh Kumar,20,2,A3
729,425,Mahesh Bhat,40,1,A1
730,425,Vijay Bhat,26,1,A2
731,425,Ganesh Nayak,23,1,A3
732,426,Sunita Nayak,33,1,A1
733,426,Priya Shetty,33,1,A2
734,427,Kavitha Reddy,45,2,A1
735,427,Mahesh Patil,48,1,A2
736,427,Sunita Nayak,23,1,A3
737,428,Manjunath Bhat,35,2,A1
738,429,Kavitha Rao,21,1,A1
739,429,Ganesh Bhat,33,2,A2
740,429,Ramesh Pujari,40,1,A3
741,430,Priya Rao,23,1,A1
742,430,Anitha Shetty,25,1,A2
743,430,Mahesh Kulkarni,34,2,A3
744,431,Sunita Gowda,47,2,A1
745,431,Manjunath Reddy,22,1,A2
746,432,Suresh Reddy,45,1,A1
747,433,Ramesh Gowda,20,1,A1
748,433,Venkatesh Shetty,47,1,A2
749,433,Suresh Reddy,31,1,A3
750,434,Venkatesh Gowda,19,1,A1
751,435,Ganesh Reddy,20,1,A1
752,435,Mahesh Kumar,43,1,A2
753,436,Ganesh Rao,46,1,A1
754,437,Suresh Reddy,32,1,A1
755,438,Sunita Rao,24,1,A1
756,439,Anitha Hegde,23,1,A1
757,440,Lakshmi Kulkarni,49,2,A1
758,440,Anitha Patil,21,1,A2
759,440,Venkatesh Shetty,33,1,A3
760,441,Priya Patil,27,2,A1
761,441,Anitha Rao,29,1,A2
762,441,Manjunath Reddy,39,1,A3
763,442,Vijay Shetty,27,2,A1
764,442,Mahesh Kulkarni,30,1,A2
765,443,Manjunath Rao,33,2,A1
766,444,Ganesh Rao,19,1,A1
767,445,Manjunath Reddy,29,1,A1
768,445,Lakshmi Reddy,26,1,A2
769,446,Kavitha Pujari,47,1,A1
770,446,Venkatesh Kulkarni,48,1,A2
771,446,Vijay Gowda,21,1,A3
772,447,Anitha Nayak,42,1,A1
773,447,Venkatesh Hegde,23,1,A2
774,448,Suresh Reddy,33,1,A1
775,448,Ganesh Bhat,45,1,A2
776,449,Sunita Kulkarni,41,1,A1
777,450,Venkatesh Kulkarni,47,1,A1
778,450,Manjunath Kumar,34,2,A2
779,451,Ganesh Rao,49,1,A1
780,451,Ganesh Reddy,43,1,A2
781,451,Manjunath Rao,22,2,A3
782,452,Priya Hegde,21,2,A1
783,452,Mahesh Bhat,29,2,A2
784,452,Kavitha Hegde,42,1,A3
785,453,Ganesh Bhat,44,1,A1
786,454,Venkatesh Deshmukh,41,1,A1
787,454,Manjunath Patil,43,1,A2
788,454,Ramesh Bhat,39,1,A3
789,455,Ramesh Kulkarni,25,1,A1
790,455,Ramesh Kumar,23,1,A2
791,455,Manjunath Hegde,25,2,A3
792,456,Sunita Reddy,20,1,A1
793,457,Suresh Deshmukh,24,2,A1
794,458,Ganesh Gowda,32,1,A1
795,458,Ramesh Pujari,31,2,A2
796,458,Suresh Pujari,38,1,A3
797,459,Venkatesh Nayak,46,2,A1
798,459,Venkatesh Nayak,38,1,A2
799,459,Vijay Patil,34,1,A3
800,460,Priya Gowda,38,1,A1
801,461,Ramesh Deshmukh,39,1,A1
802,461,Venkatesh Gowda,46,2,A2
803,461,Priya Deshmukh,23,1,A3
804,462,Ramesh Rao,36,1,A1
805,462,Ganesh Kulkarni,20,1,A2
806,463,Priya Bhat,22,2,A1
807,464,Vijay Shetty,25,1,A1
808,465,Venkatesh Patil,27,1,A1
809,465,Lakshmi Reddy,42,1,A2
810,466,Sunita Bhat,36,1,A1
811,467,Kavitha Kumar,29,1,A1
812,468,Mahesh Pujari,32,2,A1
813,469,Ramesh Gowda,20,1,A1
814,469,Ramesh Reddy,21,1,A2
815,470,Ramesh Nayak,32,1,A1
816,470,Sunita Reddy,20,2,A2
817,470,Ganesh Nayak,47,2,A3
818,471,Suresh Nayak,23,2,A1
819,471,Lakshmi Kumar,19,1,A2
820,472,Venkatesh Nayak,45,1,A1
821,473,Sunita Reddy,42,1,A1
822,473,Mahesh Reddy,38,1,A2
823,474,Venkatesh Reddy,35,1,A1
824,475,Mahesh Shetty,39,1,A1
825,475,Lakshmi Shetty,33,2,A2
826,475,Priya Patil,27,1,A3
827,476,Priya Hegde,44,1,A1
828,477,Priya Reddy,45,1,A1
829,478,Lakshmi Deshmukh,21,1,A1
830,479,Lakshmi Kulkarni,19,2,A1
831,480,Lakshmi Kulkarni,28,2,A1
832,481,Anitha Pujari,42,1,A1
833,482,Kavitha Reddy,41,2,A1
834,482,Priya Reddy,34,1,A2
835,482,Vijay Bhat,37,2,A3
836,483,Kavitha Bhat,39,1,A1
837,483,Suresh Kumar,23,2,A2
838,484,Ganesh Reddy,43,1,A1
839,485,Mahesh Kumar,39,2,A1
840,486,Priya Pujari,27,1,A1
841,486,Suresh Shetty,30,2,A2
842,486,Priya Kulkarni,49,1,A3
843,487,Priya Kumar,37,1,A1
844,487,Lakshmi Gowda,42,1,A2
845,488,Venkatesh Kulkarni,28,1,A1
846,489,Priya Kumar,37,1,A1
847,489,Manjunath Hegde,19,2,A2
848,489,Ganesh Rao,37,1,A3
849,490,Lakshmi Patil,27,1,A1
850,491,Venkatesh Gowda,35,1,A1
851,491,Priya Bhat,37,1,A2
852,491,Anitha Bhat,39,2,A3
853,492,Lakshmi Kumar,34,1,A1
854,492,Mahesh Reddy,50,1,A2
855,492,Sunita Gowda,48,1,A3
856,493,Kavitha Gowda,42,2,A1
857,494,Vijay Reddy,26,2,A1
858,494,Ramesh Reddy,31,1,A2
859,494,Venkatesh Deshmukh,35,1,A3
860,495,Suresh Kulkarni,33,2,A1
861,496,Suresh Hegde,21,1,A1
862,497,Vijay Kulkarni,32,1,A1
863,498,Ganesh Kumar,41,1,A1
864,499,Manjunath Bhat,44,1,A1
865,500,Mahesh Pujari,20,2,A1
866,500,Anitha Patil,43,2,A2
867,500,Suresh Pujari,50,1,A3
868,501,Ramesh Patil,49,2,A1
869,501,Kavitha Bhat,45,1,A2
870,501,Anitha Shetty,37,2,A3
871,502,Venkatesh Kumar,21,1,A1
872,503,Mahesh Patil,29,1,A1
873,503,Kavitha Gowda,30,2,A2
874,503,Vijay Pujari,36,1,A3
875,504,Manjunath Rao,42,1,A1
876,505,Sunita Hegde,43,1,A1
877,506,Ramesh Hegde,38,1,A1
878,506,Venkatesh Bhat,21,1,A2
879,507,Sunita Reddy,49,1,A1
880,507,Mahesh Nayak,49,1,A2
881,507,Suresh Hegde,39,1,A3
882,508,Priya Patil,33,2,A1
883,509,Venkatesh Patil,22,2,A1
884,510,Ramesh Bhat,37,1,A1
885,510,Manjunath Pujari,46,1,A2
886,510,Anitha Kumar,45,1,A3
887,511,Venkatesh Gowda,45,2,A1
888,511,Suresh Patil,28,1,A2
889,511,Anitha Patil,32,2,A3
890,512,Ganesh Nayak,39,1,A1
891,513,Ramesh Bhat,27,1,A1
892,514,Priya Rao,22,1,A1
893,515,Manjunath Patil,47,1,A1
894,515,Sunita Patil,29,1,A2
895,515,Mahesh Rao,25,1,A3
896,516,Ganesh Kulkarni,43,1,A1
897,516,Anitha Hegde,21,1,A2
898,516,Venkatesh Shetty,21,1,A3
899,517,Vijay Bhat,47,1,A1
900,518,Kavitha Bhat,33,1,A1
901,519,Ramesh Bhat,31,1,A1
902,519,Suresh Shetty,19,1,A2
903,520,Priya Pujari,49,1,A1
904,520,Sunita Reddy,48,2,A2
905,520,Vijay Patil,28,1,A3
906,521,Ramesh Patil,43,1,A1
907,521,Suresh Bhat,28,1,A2
908,521,Ramesh Kulkarni,20,1,A3
909,522,Priya Pujari,45,1,A1
910,523,Sunita Bhat,38,1,A1
911,523,Venkatesh Nayak,33,1,A2
912,523,Ramesh Pujari,20,1,A3
913,524,Priya Kumar,49,1,A1
914,525,Mahesh Pujari,25,1,A1
915,526,Ganesh Deshmukh,25,2,A1
916,526,Venkatesh Nayak,19,1,A2
917,526,Mahesh Patil,44,1,A3
918,527,Venkatesh Hegde,21,2,A1
919,528,Ramesh Bhat,28,1,A1
920,528,Venkatesh Hegde,42,1,A2
921,529,Kavitha Gowda,31,2,A1
922,529,Anitha Pujari,39,1,A2
923,530,Anitha Shetty,24,1,A1
924,531,Priya Rao,48,1,A1
925,532,Priya Patil,33,2,A1
926,533,Mahesh Reddy,23,1,A1
927,534,Suresh Hegde,48,1,A1
928,534,Lakshmi Deshmukh,30,1,A2
929,535,Anitha Shetty,38,1,A1
930,536,Manjunath Kulkarni,32,1,A1
931,536,Priya Kulkarni,22,1,A2
932,537,Priya Kulkarni,42,1,A1
933,537,Venkatesh Kumar,42,2,A2
934,538,Anitha Hegde,42,1,A1
935,539,Suresh Rao,40,2,A1
936,539,Anitha Deshmukh,30,2,A2
937,540,Priya Pujari,19,1,A1
938,540,Vijay Reddy,25,1,A2
939,540,Lakshmi Gowda,40,1,A3
940,541,Anitha Hegde,31,2,A1
941,541,Vijay Gowda,21,2,A2
942,542,Vijay Shetty,19,1,A1
943,543,Anitha Reddy,35,1,A1
944,544,Ramesh Hegde,24,1,A1
945,544,Manjunath Pujari,40,1,A2
946,545,Manjunath Kumar,48,2,A1
947,546,Ramesh Nayak,40,1,A1
948,547,Sunita Shetty,44,1,A1
949,548,Lakshmi Reddy,41,1,A1
950,549,Manjunath Hegde,44,1,A1
951,549,Vijay Patil,45,1,A2
952,549,Sunita Kumar,38,1,A3
953,550,Mahesh Bhat,41,2,A1
954,550,Sunita Kulkarni,31,1,A2
955,550,Ramesh Gowda,50,1,A3
956,551,Suresh Deshmukh,22,1,A1
957,551,Anitha Rao,33,1,A2
958,551,Ganesh Shetty,22,1,A3
959,552,Vijay Pujari,35,2,A1
960,552,Lakshmi Patil,30,1,A2
961,553,Venkatesh Kumar,41,1,A1
962,553,Manjunath Bhat,41,1,A2
963,553,Priya Nayak,45,1,A3
964,554,Ganesh Hegde,40,1,A1
965,554,Manjunath Patil,37,1,A2
966,554,Vijay Reddy,36,1,A3
967,555,Lakshmi Reddy,27,1,A1
968,556,Ganesh Patil,32,1,A1
969,557,Sunita Deshmukh,48,1,A1
970,557,Manjunath Reddy,19,1,A2
971,557,Kavitha Pujari,43,1,A3
972,558,Anitha Hegde,27,2,A1
973,559,Lakshmi Pujari,22,2,A1
974,559,Mahesh Patil,19,1,A2
975,559,Ramesh Bhat,20,1,A3
976,560,Suresh Pujari,29,2,A1
977,560,Kavitha Kumar,41,1,A2
978,560,Kavitha Hegde,38,1,A3
979,561,Priya Bhat,41,1,A1
980,561,Venkatesh Rao,40,2,A2
981,561,Anitha Nayak,24,1,A3
982,562,Venkatesh Reddy,21,1,A1
983,563,Kavitha Rao,29,1,A1
984,564,Lakshmi Deshmukh,24,1,A1
985,564,Anitha Patil,47,1,A2
986,564,Ramesh Hegde,40,1,A3
987,565,Manjunath Gowda,34,2,A1
988,565,Ramesh Hegde,31,1,A2
989,565,Venkatesh Patil,40,1,A3
990,566,Anitha Shetty,30,1,A1
991,567,Venkatesh Hegde,41,1,A1
992,567,Sunita Patil,26,1,A2
993,567,Ramesh Deshmukh,40,1,A3
994,568,Venkatesh Patil,50,1,A1
995,568,Priya Gowda,49,1,A2
996,568,Anitha Kumar,49,1,A3
997,569,Vijay Reddy,41,1,A1
998,569,Sunita Rao,31,1,A2
999,570,Ganesh Hegde,35,1,A1
1000,571,Ramesh Kulkarni,36,2,A1
1001,572,Kavitha Gowda,33,1,A1
1002,572,Manjunath Patil,26,1,A2
1003,572,Ramesh Reddy,32,1,A3
1004,573,Kavitha Shetty,50,1,A1
1005,574,Vijay Pujari,27,1,A1
1006,574,Ganesh Hegde,20,1,A2
1007,574,Manjunath Nayak,19,2,A3
1008,575,Suresh Patil,35,2,A1
1009,576,Manjunath Patil,39,2,A1
1010,577,Lakshmi Reddy,25,1,A1
1011,577,Ganesh Bhat,45,1,A2
1012,578,Sunita Gowda,24,1,A1
1013,579,Kavitha Nayak,34,2,A1
1014,579,Vijay Deshmukh,31,1,A2
1015,579,Lakshmi Hegde,24,1,A3
1016,580,Ganesh Patil,46,1,A1
1017,580,Sunita Kulkarni,23,2,A2
1018,580,Ganesh Nayak,22,2,A3
1019,581,Ramesh Nayak,37,1,A1
1020,581,Mahesh Deshmukh,46,1,A2
1021,581,Vijay Deshmukh,47,1,A3
1022,582,Lakshmi Deshmukh,27,2,A1
1023,583,Lakshmi Patil,39,1,A1
1024,583,Manjunath Hegde,20,1,A2
1025,584,Sunita Hegde,38,2,A1
1026,584,Venkatesh Reddy,50,1,A2
1027,584,Priya Gowda,37,1,A3
1028,585,Venkatesh Hegde,25,1,A1
1029,585,Kavitha Rao,21,1,A2
1030,586,Ramesh Patil,36,1,A1
1031,587,Ramesh Reddy,33,2,A1
1032,588,Mahesh Gowda,39,1,A1
1033,589,Lakshmi Pujari,30,2,A1
1034,589,Sunita Gowda,46,2,A2
1035,589,Priya Rao,50,2,A3
1036,590,Ganesh Hegde,34,1,A1
1037,591,Ramesh Rao,26,1,A1
1038,592,Priya Pujari,44,2,A1
1039,593,Anitha Kumar,44,1,A1
1040,593,Ganesh Kumar,46,1,A2
1041,594,Manjunath Pujari,25,1,A1
1042,595,Anitha Bhat,45,1,A1
1043,596,Sunita Reddy,27,1,A1
1044,597,Venkatesh Rao,20,1,A1
1045,597,Mahesh Deshmukh,24,1,A2
1046,597,Sunita Rao,24,1,A3
1047,598,Ramesh Kumar,24,1,A1
1048,599,Ramesh Deshmukh,37,1,A1
1049,600,Mahesh Kumar,28,1,A1
1050,601,Lakshmi Patil,37,2,A1
1051,601,Anitha Rao,37,1,A2
1052,601,Anitha Kulkarni,31,1,A3
1053,602,Mahesh Patil,34,1,A1
1054,603,Ramesh Bhat,39,2,A1
1055,604,Suresh Reddy,19,2,A1
1056,604,Suresh Nayak,47,1,A2
1057,604,Anitha Kumar,42,1,A3
1058,605,Kavitha Rao,32,1,A1
1059,606,Lakshmi Gowda,42,1,A1
1060,607,Sunita Rao,33,2,A1
1061,607,Lakshmi Hegde,27,1,A2
1062,607,Suresh Kumar,28,1,A3
1063,608,Priya Bhat,38,2,A1
1064,609,Vijay Nayak,46,1,A1
1065,609,Lakshmi Shetty,40,1,A2
1066,609,Manjunath Nayak,24,1,A3
1067,610,Anitha Deshmukh,46,1,A1
1068,610,Manjunath Reddy,48,1,A2
1069,611,Ramesh Nayak,19,1,A1
1070,612,Venkatesh Pujari,30,1,A1
1071,612,Mahesh Deshmukh,19,1,A2
1072,613,Ramesh Hegde,38,1,A1
1073,613,Lakshmi Kumar,40,1,A2
1074,614,Ganesh Gowda,46,1,A1
1075,614,Lakshmi Kulkarni,21,1,A2
1076,615,Vijay Gowda,43,1,A1
1077,616,Suresh Pujari,50,1,A1
1078,616,Manjunath Hegde,19,1,A2
1079,617,Vijay Kumar,46,1,A1
1080,617,Lakshmi Rao,37,2,A2
1081,617,Sunita Hegde,45,1,A3
1082,618,Sunita Shetty,38,2,A1
1083,618,Suresh Nayak,48,2,A2
1084,618,Kavitha Bhat,35,2,A3
1085,619,Mahesh Pujari,41,1,A1
1086,619,Manjunath Patil,32,1,A2
1087,619,Lakshmi Patil,38,1,A3
1088,620,Suresh Hegde,32,1,A1
1089,621,Vijay Pujari,33,1,A1
1090,622,Priya Reddy,32,1,A1
1091,622,Vijay Bhat,23,1,A2
1092,622,Vijay Hegde,33,1,A3
1093,623,Lakshmi Reddy,23,1,A1
1094,623,Priya Rao,45,1,A2
1095,624,Mahesh Deshmukh,42,2,A1
1096,624,Ganesh Deshmukh,38,1,A2
1097,625,Ramesh Bhat,31,1,A1
1098,625,Ramesh Deshmukh,21,1,A2
1099,626,Kavitha Reddy,45,2,A1
1100,627,Ramesh Reddy,41,1,A1
1101,627,Lakshmi Deshmukh,25,2,A2
1102,627,Suresh Bhat,39,1,A3
1103,628,Lakshmi Deshmukh,32,2,A1
1104,628,Ramesh Gowda,28,1,A2
1105,629,Sunita Rao,36,1,A1
1106,629,Vijay Bhat,35,2,A2
1107,629,Venkatesh Shetty,48,2,A3
1108,630,Anitha Bhat,27,1,A1
1109,630,Vijay Shetty,42,1,A2
1110,631,Sunita Kumar,36,1,A1
1111,632,Kavitha Deshmukh,45,1,A1
1112,633,Ganesh Patil,27,2,A1
1113,633,Kavitha Hegde,21,1,A2
1114,633,Kavitha Bhat,27,2,A3
1115,634,Manjunath Deshmukh,50,1,A1
1116,635,Kavitha Gowda,38,1,A1
1117,635,Ganesh Kulkarni,40,2,A2
1118,636,Anitha Pujari,45,2,A1
1119,636,Mahesh Kumar,43,1,A2
1120,636,Venkatesh Gowda,27,1,A3
1121,637,Kavitha Kulkarni,29,1,A1
1122,638,Kavitha Rao,47,1,A1
1123,639,Sunita Bhat,22,1,A1
1124,639,Venkatesh Gowda,25,2,A2
1125,640,Ramesh Kulkarni,33,1,A1
1126,641,Manjunath Pujari,32,1,A1
1127,641,Lakshmi Patil,24,1,A2
1128,641,Priya Bhat,25,1,A3
1129,642,Ganesh Gowda,23,1,A1
1130,643,Sunita Pujari,37,2,A1
1131,644,Lakshmi Bhat,42,1,A1
1132,644,Lakshmi Kumar,31,1,A2
1133,644,Mahesh Gowda,43,1,A3
1134,645,Vijay Shetty,46,1,A1
1135,646,Sunita Kulkarni,44,1,A1
1136,647,Vijay Shetty,45,1,A1
1137,648,Vijay Patil,42,1,A1
1138,649,Priya Gowda,43,1,A1
1139,649,Venkatesh Patil,39,1,A2
1140,650,Suresh Nayak,28,1,A1
1141,651,Ramesh Patil,47,1,A1
1142,651,Venkatesh Pujari,35,1,A2
1143,652,Priya Gowda,20,1,A1
1144,653,Anitha Pujari,44,1,A1
1145,654,Venkatesh Gowda,23,1,A1
1146,655,Ganesh Gowda,46,1,A1
1147,656,Kavitha Hegde,35,1,A1
1148,657,Priya Gowda,44,2,A1
1149,657,Mahesh Bhat,38,2,A2
1150,658,Priya Kumar,50,1,A1
1151,658,Mahesh Deshmukh,39,1,A2
1152,658,Mahesh Patil,28,1,A3
1153,659,Venkatesh Patil,19,1,A1
1154,659,Suresh Kulkarni,30,1,A2
1155,659,Mahesh Reddy,43,1,A3
1156,660,Ramesh Patil,43,2,A1
1157,660,Vijay Kumar,41,1,A2
1158,660,Sunita Bhat,20,2,A3
1159,661,Sunita Shetty,48,1,A1
1160,662,Mahesh Rao,30,1,A1
1161,662,Anitha Kulkarni,36,1,A2
1162,663,Manjunath Patil,34,1,A1
1163,664,Lakshmi Kumar,38,1,A1
1164,664,Suresh Patil,43,1,A2
1165,664,Sunita Patil,43,1,A3
1166,665,Vijay Kumar,27,2,A1
1167,665,Anitha Pujari,34,1,A2
1168,666,Anitha Gowda,19,1,A1
1169,666,Priya Hegde,45,1,A2
1170,667,Kavitha Patil,50,2,A1
1171,668,Ramesh Patil,38,1,A1
1172,669,Ganesh Bhat,29,1,A1
1173,669,Suresh Hegde,23,1,A2
1174,669,Ganesh Hegde,27,1,A3
1175,670,Vijay Pujari,34,2,A1
1176,671,Sunita Pujari,27,1,A1
1177,671,Suresh Gowda,42,1,A2
1178,671,Ramesh Rao,40,2,A3
1179,672,Ganesh Pujari,45,2,A1
1180,673,Sunita Shetty,31,2,A1
1181,674,Vijay Nayak,28,2,A1
1182,674,Ganesh Rao,24,2,A2
1183,674,Mahesh Nayak,47,2,A3
1184,675,Ramesh Hegde,20,2,A1
1185,676,Suresh Kulkarni,32,1,A1
1186,676,Anitha Deshmukh,41,1,A2
1187,677,Mahesh Bhat,19,2,A1
1188,677,Manjunath Bhat,34,1,A2
1189,678,Venkatesh Bhat,25,1,A1
1190,679,Anitha Nayak,37,1,A1
1191,679,Ramesh Hegde,46,1,A2
1192,680,Priya Nayak,24,1,A1
1193,680,Venkatesh Hegde,35,1,A2
1194,680,Kavitha Gowda,28,1,A3
1195,681,Ramesh Hegde,29,1,A1
1196,681,Manjunath Patil,25,2,A2
1197,682,Lakshmi Pujari,31,1,A1
1198,683,Ganesh Bhat,34,1,A1
1199,683,Anitha Kulkarni,24,1,A2
1200,683,Sunita Shetty,28,1,A3
1201,684,Mahesh Patil,34,1,A1
1202,684,Venkatesh Pujari,45,1,A2
1203,684,Vijay Shetty,24,2,A3
1204,685,Kavitha Deshmukh,46,1,A1
1205,686,Venkatesh Gowda,27,2,A1
1206,687,Kavitha Patil,32,1,A1
1207,687,Manjunath Rao,30,1,A2
1208,687,Mahesh Hegde,29,1,A3
1209,688,Ramesh Kumar,24,1,A1
1210,689,Sunita Kulkarni,41,1,A1
1211,689,Ganesh Reddy,36,2,A2
1212,689,Ramesh Reddy,29,2,A3
1213,690,Venkatesh Reddy,42,1,A1
1214,691,Sunita Bhat,47,1,A1
1215,691,Vijay Kulkarni,45,1,A2
1216,691,Venkatesh Gowda,44,1,A3
1217,692,Priya Shetty,25,1,A1
1218,692,Anitha Deshmukh,38,1,A2
1219,692,Mahesh Reddy,35,1,A3
1220,693,Ramesh Shetty,46,2,A1
1221,693,Anitha Reddy,48,1,A2
1222,693,Suresh Reddy,31,1,A3
1223,694,Anitha Hegde,41,2,A1
1224,694,Ganesh Rao,19,2,A2
1225,695,Priya Nayak,25,1,A1
1226,695,Anitha Gowda,40,1,A2
1227,695,Kavitha Hegde,44,1,A3
1228,696,Mahesh Bhat,37,2,A1
1229,696,Sunita Hegde,41,1,A2
1230,696,Sunita Hegde,23,1,A3
1231,697,Anitha Rao,50,1,A1
1232,698,Suresh Rao,29,2,A1
1233,698,Ganesh Hegde,40,1,A2
1234,699,Vijay Bhat,21,1,A1
1235,700,Ramesh Deshmukh,45,1,A1
1236,700,Lakshmi Hegde,43,1,A2
1237,700,Priya Reddy,22,1,A3
1238,701,Manjunath Deshmukh,38,1,A1
1239,702,Sunita Reddy,38,2,A1
1240,702,Venkatesh Patil,24,1,A2
1241,703,Mahesh Deshmukh,22,2,A1
1242,703,Priya Pujari,44,1,A2
1243,704,Sunita Hegde,47,1,A1
1244,705,Kavitha Gowda,31,1,A1
1245,706,Vijay Nayak,20,1,A1
1246,707,Mahesh Patil,42,1,A1
1247,708,Priya Kumar,46,2,A1
1248,708,Priya Shetty,46,1,A2
1249,708,Lakshmi Shetty,47,1,A3
1250,709,Kavitha Patil,49,2,A1
1251,709,Anitha Patil,29,1,A2
1252,709,Mahesh Nayak,45,1,A3
1253,710,Kavitha Reddy,26,1,A1
1254,711,Lakshmi Hegde,35,1,A1
1255,712,Venkatesh Pujari,34,1,A1
1256,712,Vijay Nayak,39,1,A2
1257,712,Ramesh Kulkarni,38,1,A3
1258,713,Suresh Gowda,37,1,A1
1259,713,Kavitha Kulkarni,23,1,A2
1260,713,Ganesh Deshmukh,45,2,A3
1261,714,Sunita Shetty,38,1,A1
1262,714,Priya Shetty,19,1,A2
1263,714,Venkatesh Reddy,48,2,A3
1264,715,Venkatesh Hegde,39,1,A1
1265,716,Lakshmi Gowda,39,2,A1
1266,716,Venkatesh Reddy,34,1,A2
1267,716,Ganesh Deshmukh,50,2,A3
1268,717,Sunita Bhat,37,2,A1
1269,718,Vijay Gowda,20,1,A1
1270,719,Suresh Reddy,39,1,A1
1271,719,Manjunath Patil,22,1,A2
1272,720,Anitha Gowda,25,1,A1
1273,721,Priya Rao,25,1,A1
1274,722,Vijay Gowda,23,1,A1
1275,722,Ganesh Kumar,49,2,A2
1276,723,Mahesh Gowda,49,1,A1
1277,724,Anitha Reddy,26,2,A1
1278,725,Ganesh Bhat,45,1,A1
1279,725,Anitha Hegde,41,2,A2
1280,725,Anitha Kumar,32,1,A3
1281,726,Priya Pujari,30,2,A1
1282,726,Lakshmi Gowda,47,1,A2
1283,726,Venkatesh Deshmukh,46,2,A3
1284,727,Kavitha Rao,26,1,A1
1285,727,Priya Kulkarni,38,1,A2
1286,728,Venkatesh Kulkarni,25,2,A1
1287,728,Kavitha Nayak,49,1,A2
1288,729,Mahesh Nayak,32,1,A1
1289,729,Ganesh Kulkarni,39,2,A2
1290,729,Mahesh Reddy,42,1,A3
1291,730,Sunita Nayak,25,2,A1
1292,731,Vijay Deshmukh,43,1,A1
1293,731,Sunita Shetty,22,2,A2
1294,732,Ramesh Hegde,46,1,A1
1295,732,Venkatesh Kulkarni,34,2,A2
1296,733,Anitha Rao,28,1,A1
1297,734,Anitha Kulkarni,22,1,A1
1298,734,Kavitha Shetty,34,2,A2
1299,735,Anitha Deshmukh,32,1,A1
1300,736,Ganesh Patil,45,1,A1
1301,736,Suresh Nayak,47,1,A2
1302,737,Anitha Gowda,25,1,A1
1303,737,Venkatesh Kumar,45,1,A2
1304,738,Anitha Nayak,29,1,A1
1305,738,Mahesh Kulkarni,39,1,A2
1306,739,Sunita Bhat,50,1,A1
1307,739,Priya Reddy,33,1,A2
1308,740,Ramesh Patil,42,1,A1
1309,741,Lakshmi Bhat,47,2,A1
1310,741,Lakshmi Kulkarni,42,1,A2
1311,742,Lakshmi Shetty,42,1,A1
1312,742,Sunita Kumar,28,1,A2
1313,742,Lakshmi Shetty,44,2,A3
1314,743,Sunita Kumar,36,2,A1
1315,744,Vijay Pujari,37,1,A1
1316,745,Sunita Patil,26,1,A1
1317,746,Lakshmi Gowda,39,1,A1
1318,746,Vijay Patil,23,2,A2
1319,747,Suresh Kulkarni,30,1,A1
1320,748,Sunita Kulkarni,40,1,A1
1321,749,Ramesh Hegde,20,1,A1
1322,750,Sunita Patil,44,1,A1
1323,750,Priya Hegde,27,1,A2
1324,751,Lakshmi Kulkarni,48,1,A1
1325,752,Mahesh Nayak,30,2,A1
1326,752,Kavitha Reddy,31,1,A2
1327,752,Anitha Reddy,23,1,A3
1328,753,Suresh Rao,48,1,A1
1329,753,Lakshmi Kumar,41,2,A2
1330,754,Venkatesh Patil,24,1,A1
1331,755,Ganesh Deshmukh,20,1,A1
1332,755,Priya Rao,42,1,A2
1333,756,Mahesh Gowda,33,1,A1
1334,756,Mahesh Pujari,35,1,A2
1335,757,Kavitha Patil,40,2,A1
1336,758,Lakshmi Gowda,27,2,A1
1337,758,Ramesh Shetty,30,1,A2
1338,759,Vijay Kulkarni,48,1,A1
1339,759,Anitha Shetty,42,2,A2
1340,760,Priya Gowda,36,1,A1
1341,760,Sunita Deshmukh,35,2,A2
1342,760,Mahesh Reddy,28,2,A3
1343,761,Ramesh Rao,50,1,A1
1344,762,Kavitha Deshmukh,42,2,A1
1345,762,Lakshmi Kumar,35,1,A2
1346,763,Ramesh Kulkarni,21,1,A1
1347,764,Suresh Deshmukh,28,2,A1
1348,765,Sunita Bhat,49,1,A1
1349,765,Anitha Pujari,36,1,A2
1350,765,Anitha Kulkarni,20,2,A3
1351,766,Mahesh Gowda,38,1,A1
1352,766,Priya Patil,44,1,A2
1353,767,Sunita Kumar,36,1,A1
1354,767,Manjunath Rao,34,1,A2
1355,768,Mahesh Deshmukh,33,1,A1
1356,769,Mahesh Patil,35,1,A1
1357,770,Suresh Hegde,30,2,A1
1358,771,Manjunath Shetty,43,2,A1
1359,771,Lakshmi Patil,50,2,A2
1360,771,Suresh Kulkarni,33,1,A3
1361,772,Ramesh Nayak,49,1,A1
1362,773,Anitha Bhat,24,1,A1
1363,773,Sunita Rao,43,1,A2
1364,773,Priya Kulkarni,47,2,A3
1365,774,Ramesh Gowda,37,2,A1
1366,774,Suresh Kumar,44,1,A2
1367,775,Vijay Reddy,36,2,A1
1368,776,Lakshmi Kulkarni,41,1,A1
1369,776,Lakshmi Bhat,27,1,A2
1370,776,Sunita Hegde,23,1,A3
1371,777,Suresh Kumar,25,1,A1
1372,778,Mahesh Nayak,34,1,A1
1373,779,Suresh Hegde,28,2,A1
1374,779,Manjunath Patil,33,2,A2
1375,779,Mahesh Pujari,21,2,A3
1376,780,Mahesh Kulkarni,42,1,A1
1377,781,Manjunath Reddy,39,1,A1
1378,782,Ganesh Rao,31,1,A1
1379,783,Sunita Nayak,22,2,A1
1380,783,Lakshmi Reddy,37,2,A2
1381,784,Mahesh Shetty,44,2,A1
1382,785,Vijay Bhat,33,2,A1
1383,786,Suresh Hegde,48,2,A1
1384,786,Kavitha Shetty,30,2,A2
1385,787,Anitha Deshmukh,23,1,A1
1386,788,Ramesh Gowda,50,1,A1
1387,788,Ramesh Rao,21,1,A2
1388,789,Mahesh Shetty,40,1,A1
1389,790,Suresh Deshmukh,24,1,A1
1390,790,Ganesh Shetty,40,1,A2
1391,790,Sunita Shetty,28,1,A3
1392,791,Suresh Shetty,43,1,A1
1393,791,Ramesh Hegde,23,1,A2
1394,791,Sunita Deshmukh,37,1,A3
1395,792,Venkatesh Deshmukh,25,1,A1
1396,793,Ramesh Rao,30,1,A1
1397,793,Priya Rao,29,1,A2
1398,793,Kavitha Patil,40,1,A3
1399,794,Ganesh Reddy,42,2,A1
1400,794,Ganesh Rao,29,1,A2
1401,795,Kavitha Patil,42,1,A1
1402,796,Ramesh Rao,26,2,A1
1403,797,Vijay Patil,19,1,A1
1404,797,Ramesh Kulkarni,20,1,A2
1405,797,Vijay Reddy,49,1,A3
1406,798,Ganesh Hegde,25,1,A1
1407,798,Ganesh Pujari,21,1,A2
1408,799,Anitha Patil,39,2,A1
1409,800,Kavitha Pujari,28,1,A1
1410,801,Vijay Reddy,28,1,A1
1411,801,Venkatesh Shetty,25,2,A2
1412,802,Ramesh Bhat,24,1,A1
1413,802,Kavitha Kumar,46,2,A2
1414,802,Ganesh Kumar,35,1,A3
1415,803,Vijay Rao,34,1,A1
1416,803,Anitha Gowda,26,1,A2
1417,804,Vijay Bhat,37,2,A1
1418,805,Venkatesh Rao,50,1,A1
1419,805,Vijay Shetty,49,2,A2
1420,806,Vijay Patil,21,1,A1
1421,806,Lakshmi Patil,45,1,A2
1422,806,Suresh Hegde,23,1,A3
1423,807,Priya Shetty,26,1,A1
1424,808,Priya Hegde,32,1,A1
1425,808,Ganesh Pujari,36,2,A2
1426,808,Ramesh Kumar,49,1,A3
1427,809,Anitha Hegde,47,2,A1
1428,809,Venkatesh Hegde,30,1,A2
1429,810,Ramesh Kulkarni,29,1,A1
1430,810,Kavitha Gowda,50,2,A2
1431,810,Venkatesh Nayak,37,1,A3
1432,811,Lakshmi Shetty,28,1,A1
1433,811,Manjunath Deshmukh,22,1,A2
1434,811,Venkatesh Kulkarni,29,1,A3
1435,812,Anitha Kulkarni,33,1,A1
1436,813,Kavitha Shetty,29,1,A1
1437,813,Sunita Gowda,50,1,A2
1438,814,Manjunath Deshmukh,50,1,A1
1439,814,Suresh Reddy,27,1,A2
1440,815,Anitha Deshmukh,32,2,A1
1441,816,Anitha Deshmukh,33,1,A1
1442,816,Ramesh Deshmukh,28,1,A2
1443,816,Suresh Gowda,25,1,A3
1444,817,Anitha Rao,28,1,A1
1445,817,Priya Nayak,30,2,A2
1446,817,Anitha Reddy,35,1,A3
1447,818,Venkatesh Rao,24,1,A1
1448,818,Lakshmi Pujari,46,1,A2
1449,818,Mahesh Bhat,21,1,A3
1450,819,Ganesh Bhat,50,1,A1
1451,820,Kavitha Patil,32,2,A1
1452,821,Suresh Kulkarni,45,1,A1
1453,822,Vijay Bhat,30,2,A1
1454,822,Venkatesh Shetty,27,1,A2
1455,822,Suresh Shetty,22,1,A3
1456,823,Priya Nayak,34,2,A1
1457,824,Kavitha Nayak,44,1,A1
1458,825,Anitha Kumar,36,1,A1
1459,826,Suresh Kulkarni,37,2,A1
1460,827,Lakshmi Shetty,26,1,A1
1461,828,Manjunath Gowda,46,1,A1
1462,829,Lakshmi Shetty,36,1,A1
1463,830,Anitha Shetty,40,1,A1
1464,831,Sunita Kumar,32,1,A1
1465,832,Ramesh Gowda,19,2,A1
1466,833,Vijay Kulkarni,28,2,A1
1467,833,Venkatesh Rao,48,2,A2
1468,834,Ramesh Deshmukh,45,1,A1
1469,835,Priya Bhat,41,1,A1
1470,836,Sunita Kulkarni,23,2,A1
1471,836,Mahesh Patil,24,1,A2
1472,837,Sunita Bhat,31,1,A1
1473,838,Lakshmi Hegde,36,1,A1
1474,839,Mahesh Nayak,19,1,A1
1475,840,Kavitha Pujari,47,1,A1
1476,841,Ramesh Kumar,43,1,A1
1477,841,Priya Rao,32,1,A2
1478,842,Ganesh Shetty,41,2,A1
1479,843,Sunita Patil,35,2,A1
1480,844,Suresh Patil,34,1,A1
1481,844,Manjunath Bhat,47,2,A2
1482,844,Anitha Patil,23,1,A3
1483,845,Priya Kulkarni,32,1,A1
1484,846,Priya Shetty,39,2,A1
1485,846,Mahesh Deshmukh,42,1,A2
1486,847,Ganesh Shetty,40,1,A1
1487,847,Ramesh Deshmukh,49,1,A2
1488,848,Ganesh Kulkarni,19,1,A1
1489,848,Sunita Nayak,20,1,A2
1490,848,Anitha Gowda,21,1,A3
1491,849,Vijay Nayak,27,2,A1
1492,849,Anitha Bhat,35,1,A2
1493,849,Priya Deshmukh,39,1,A3
1494,850,Mahesh Nayak,36,2,A1
1495,850,Manjunath Shetty,47,1,A2
1496,851,Venkatesh Pujari,27,2,A1
1497,852,Sunita Nayak,31,1,A1
1498,853,Ganesh Kumar,38,1,A1
1499,854,Venkatesh Patil,20,1,A1
1500,854,Venkatesh Nayak,24,1,A2
1501,854,Sunita Bhat,19,1,A3
1502,855,Vijay Deshmukh,42,1,A1
1503,855,Venkatesh Gowda,26,1,A2
1504,855,Ganesh Reddy,28,2,A3
1505,856,Ramesh Reddy,19,2,A1
1506,856,Manjunath Gowda,19,1,A2
1507,857,Venkatesh Bhat,34,1,A1
1508,858,Venkatesh Shetty,34,1,A1
1509,858,Venkatesh Nayak,30,1,A2
1510,858,Ganesh Deshmukh,36,1,A3
1511,859,Vijay Nayak,42,1,A1
1512,860,Ganesh Nayak,23,1,A1
1513,860,Suresh Bhat,40,1,A2
1514,860,Anitha Bhat,20,1,A3
1515,861,Lakshmi Gowda,49,1,A1
1516,862,Ganesh Kulkarni,30,1,A1
1517,863,Anitha Nayak,31,1,A1
1518,863,Manjunath Kulkarni,21,1,A2
1519,864,Venkatesh Shetty,41,1,A1
1520,864,Anitha Hegde,28,2,A2
1521,864,Kavitha Bhat,46,1,A3
1522,865,Suresh Deshmukh,33,1,A1
1523,865,Suresh Kulkarni,39,1,A2
1524,866,Kavitha Bhat,25,2,A1
1525,866,Ramesh Hegde,28,2,A2
1526,866,Lakshmi Gowda,24,2,A3
1527,867,Lakshmi Gowda,37,1,A1
1528,868,Anitha Bhat,31,1,A1
1529,869,Ramesh Reddy,39,1,A1
1530,870,Sunita Kulkarni,27,2,A1
1531,871,Mahesh Kumar,36,1,A1
1532,872,Venkatesh Bhat,19,1,A1
1533,872,Ganesh Pujari,22,1,A2
1534,873,Ramesh Reddy,28,1,A1
1535,874,Vijay Patil,23,1,A1
1536,875,Priya Rao,19,1,A1
1537,876,Suresh Gowda,38,1,A1
1538,876,Sunita Deshmukh,33,1,A2
1539,876,Mahesh Patil,20,1,A3
1540,877,Manjunath Hegde,30,1,A1
1541,877,Vijay Patil,29,2,A2
1542,877,Kavitha Gowda,20,2,A3
1543,878,Kavitha Deshmukh,21,1,A1
1544,879,Ganesh Hegde,24,2,A1
1545,879,Ramesh Bhat,34,1,A2
1546,880,Mahesh Deshmukh,38,1,A1
1547,880,Vijay Kulkarni,49,1,A2
1548,880,Vijay Kulkarni,36,1,A3
1549,881,Vijay Nayak,40,2,A1
1550,882,Anitha Deshmukh,38,1,A1
1551,883,Sunita Bhat,44,2,A1
1552,884,Manjunath Nayak,31,1,A1
1553,884,Ramesh Bhat,28,2,A2
1554,884,Kavitha Shetty,34,1,A3
1555,885,Ganesh Kumar,30,1,A1
1556,886,Priya Deshmukh,23,1,A1
1557,886,Manjunath Pujari,30,1,A2
1558,886,Ramesh Patil,32,1,A3
1559,887,Sunita Patil,41,2,A1
1560,887,Sunita Gowda,42,1,A2
1561,887,Lakshmi Reddy,27,2,A3
1562,888,Lakshmi Nayak,31,1,A1
1563,888,Kavitha Shetty,19,2,A2
1564,888,Suresh Nayak,32,1,A3
1565,889,Lakshmi Pujari,32,2,A1
1566,889,Kavitha Shetty,30,2,A2
1567,890,Suresh Pujari,38,1,A1
1568,890,Sunita Hegde,50,1,A2
1569,891,Kavitha Hegde,36,2,A1
1570,891,Ganesh Deshmukh,48,2,A2
1571,892,Ganesh Pujari,34,2,A1
1572,892,Priya Pujari,19,2,A2
1573,893,Manjunath Kumar,24,2,A1
1574,894,Anitha Kulkarni,50,2,A1
1575,895,Vijay Nayak,39,1,A1
1576,896,Sunita Hegde,27,1,A1
1577,896,Mahesh Shetty,41,1,A2
1578,897,Suresh Bhat,41,1,A1
1579,897,Ramesh Reddy,21,1,A2
1580,898,Lakshmi Deshmukh,35,1,A1
1581,899,Priya Kulkarni,22,2,A1
1582,899,Vijay Nayak,44,2,A2
1583,899,Manjunath Rao,25,2,A3
1584,900,Priya Bhat,35,1,A1
1585,900,Venkatesh Gowda,43,2,A2
1586,901,Kavitha Kumar,30,1,A1
1587,902,Priya Rao,25,1,A1
1588,902,Suresh Kumar,25,1,A2
1589,903,Ramesh Pujari,19,1,A1
1590,903,Vijay Bhat,23,1,A2
1591,904,Vijay Reddy,22,2,A1
1592,905,Kavitha Nayak,19,1,A1
1593,905,Suresh Nayak,26,2,A2
1594,906,Kavitha Kulkarni,27,1,A1
1595,906,Sunita Bhat,36,1,A2
1596,906,Ganesh Bhat,47,2,A3
1597,907,Kavitha Gowda,33,1,A1
1598,908,Manjunath Nayak,22,2,A1
1599,909,Mahesh Patil,43,1,A1
1600,910,Lakshmi Hegde,40,1,A1
1601,910,Ganesh Patil,39,1,A2
1602,910,Suresh Pujari,42,2,A3
1603,911,Suresh Nayak,22,1,A1
1604,912,Kavitha Gowda,46,1,A1
1605,913,Vijay Gowda,47,1,A1
1606,914,Mahesh Shetty,44,1,A1
1607,915,Vijay Kumar,38,1,A1
1608,916,Manjunath Bhat,19,1,A1
1609,916,Manjunath Kumar,37,2,A2
1610,917,Ramesh Kulkarni,40,1,A1
1611,918,Kavitha Kulkarni,44,1,A1
1612,919,Lakshmi Hegde,32,2,A1
1613,919,Manjunath Shetty,49,1,A2
1614,919,Mahesh Pujari,43,2,A3
1615,920,Suresh Hegde,48,1,A1
1616,920,Anitha Kulkarni,36,2,A2
1617,920,Venkatesh Hegde,40,1,A3
1618,921,Ganesh Nayak,36,1,A1
1619,921,Anitha Reddy,40,1,A2
1620,921,Ganesh Hegde,20,1,A3
1621,922,Manjunath Nayak,19,2,A1
1622,922,Sunita Patil,21,1,A2
1623,922,Suresh Hegde,27,2,A3
1624,923,Vijay Gowda,35,1,A1
1625,924,Suresh Rao,33,1,A1
1626,924,Anitha Gowda,43,2,A2
1627,924,Anitha Reddy,39,1,A3
1628,925,Ganesh Hegde,30,1,A1
1629,926,Venkatesh Gowda,35,1,A1
1630,927,Priya Nayak,24,1,A1
1631,927,Vijay Kulkarni,41,1,A2
1632,928,Anitha Deshmukh,23,1,A1
1633,928,Vijay Reddy,28,1,A2
1634,928,Lakshmi Deshmukh,26,1,A3
1635,929,Anitha Nayak,28,1,A1
1636,929,Manjunath Reddy,34,2,A2
1637,929,Venkatesh Nayak,49,1,A3
1638,930,Sunita Kulkarni,19,1,A1
1639,931,Anitha Gowda,27,1,A1
1640,932,Suresh Hegde,41,2,A1
1641,933,Sunita Nayak,25,1,A1
1642,934,Mahesh Nayak,27,1,A1
1643,935,Ramesh Rao,46,1,A1
1644,936,Priya Kumar,26,2,A1
1645,936,Ramesh Patil,19,1,A2
1646,937,Ramesh Bhat,28,1,A1
1647,937,Suresh Gowda,40,1,A2
1648,937,Vijay Kumar,20,2,A3
1649,938,Lakshmi Hegde,47,1,A1
1650,939,Venkatesh Bhat,43,1,A1
1651,940,Sunita Patil,49,1,A1
1652,940,Mahesh Pujari,35,1,A2
1653,940,Ramesh Kumar,41,1,A3
1654,941,Venkatesh Deshmukh,41,1,A1
1655,942,Venkatesh Deshmukh,50,2,A1
1656,942,Kavitha Nayak,40,1,A2
1657,943,Lakshmi Reddy,24,1,A1
1658,944,Anitha Kulkarni,39,1,A1
1659,944,Venkatesh Patil,49,2,A2
1660,944,Manjunath Reddy,41,1,A3
1661,945,Priya Rao,34,2,A1
1662,945,Sunita Pujari,25,1,A2
1663,945,Mahesh Rao,35,1,A3
1664,946,Suresh Reddy,35,1,A1
1665,947,Mahesh Hegde,48,1,A1
1666,947,Priya Reddy,43,1,A2
1667,947,Sunita Shetty,41,1,A3
1668,948,Anitha Hegde,33,1,A1
1669,949,Ganesh Nayak,44,2,A1
1670,950,Manjunath Kumar,35,1,A1
1671,950,Priya Deshmukh,27,1,A2
1672,950,Kavitha Kulkarni,39,2,A3
1673,951,Anitha Rao,33,2,A1
1674,951,Priya Bhat,40,1,A2
1675,952,Ganesh Patil,26,1,A1
1676,953,Kavitha Hegde,43,2,A1
1677,953,Mahesh Deshmukh,22,1,A2
1678,954,Venkatesh Reddy,48,2,A1
1679,955,Sunita Reddy,33,1,A1
1680,955,Manjunath Gowda,21,2,A2
1681,955,Vijay Kumar,22,1,A3
1682,956,Lakshmi Rao,50,2,A1
1683,957,Vijay Bhat,34,2,A1
1684,958,Lakshmi Kumar,41,2,A1
1685,958,Ganesh Kumar,49,1,A2
1686,959,Ganesh Shetty,41,1,A1
1687,960,Mahesh Hegde,24,1,A1
1688,961,Ganesh Shetty,48,1,A1
1689,961,Kavitha Rao,26,1,A2
1690,962,Anitha Gowda,49,2,A1
1691,962,Sunita Pujari,42,1,A2
1692,962,Priya Rao,25,1,A3
1693,963,Lakshmi Deshmukh,48,2,A1
1694,963,Lakshmi Kulkarni,47,1,A2
1695,963,Manjunath Kulkarni,47,1,A3
1696,964,Venkatesh Nayak,41,1,A1
1697,965,Anitha Patil,19,1,A1
1698,966,Suresh Pujari,30,1,A1
1699,966,Manjunath Hegde,50,1,A2
1700,966,Lakshmi Reddy,29,2,A3
1701,967,Mahesh Kumar,27,2,A1
1702,968,Priya Nayak,25,1,A1
1703,968,Sunita Pujari,34,1,A2
1704,969,Suresh Rao,34,1,A1
1705,970,Suresh Bhat,40,1,A1
1706,970,Ramesh Shetty,36,1,A2
1707,970,Manjunath Patil,22,1,A3
1708,971,Ramesh Hegde,20,2,A1
1709,972,Priya Gowda,33,1,A1
1710,973,Suresh Shetty,21,2,A1
1711,973,Anitha Bhat,19,1,A2
1712,973,Manjunath Hegde,22,2,A3
1713,974,Kavitha Hegde,22,2,A1
1714,974,Ramesh Hegde,31,2,A2
1715,974,Anitha Kulkarni,40,1,A3
1716,975,Lakshmi Deshmukh,20,1,A1
1717,976,Venkatesh Pujari,42,1,A1
1718,977,Anitha Shetty,21,1,A1
1719,978,Suresh Reddy,24,1,A1
1720,979,Ramesh Hegde,40,1,A1
1721,979,Lakshmi Kumar,25,2,A2
1722,979,Ganesh Gowda,19,1,A3
1723,980,Mahesh Gowda,50,1,A1
1724,980,Sunita Patil,23,2,A2
1725,981,Kavitha Shetty,24,1,A1
1726,981,Manjunath Deshmukh,38,1,A2
1727,981,Manjunath Deshmukh,38,1,A3
1728,982,Sunita Rao,34,2,A1
1729,982,Venkatesh Bhat,35,1,A2
1730,983,Mahesh Kumar,48,2,A1
1731,983,Anitha Gowda,40,1,A2
1732,983,Suresh Bhat,26,1,A3
1733,984,Venkatesh Rao,44,1,A1
1734,985,Vijay Kumar,38,1,A1
1735,985,Sunita Deshmukh,22,1,A2
1736,986,Ganesh Rao,23,2,A1
1737,986,Vijay Gowda,30,2,A2
1738,987,Mahesh Gowda,32,1,A1
1739,988,Sunita Shetty,32,1,A1
1740,989,Venkatesh Bhat,31,1,A1
1741,990,Anitha Shetty,33,1,A1
1742,990,Ganesh Hegde,37,1,A2
1743,991,Sunita Reddy,39,1,A1
1744,991,Vijay Kumar,27,1,A2
1745,992,Ganesh Bhat,34,1,A1
1746,993,Suresh Hegde,44,1,A1
1747,994,Priya Nayak,45,2,A1
1748,994,Mahesh Bhat,47,1,A2
1749,995,Anitha Deshmukh,34,2,A1
1750,995,Lakshmi Hegde,34,1,A2
1751,995,Ramesh Gowda,38,1,A3
1752,996,Vijay Reddy,27,1,A1
1753,997,Ganesh Patil,31,1,A1
1754,997,Ganesh Reddy,32,1,A2
1755,997,Mahesh Reddy,25,1,A3
1756,998,Ramesh Patil,37,1,A1
1757,998,Vijay Kulkarni,42,1,A2
1758,999,Anitha Rao,20,1,A1
1759,1000,Venkatesh Shetty,45,1,A1
1760,1001,Sunita Gowda,41,1,A1
1761,1002,Priya Kulkarni,32,2,A1
1762,1002,Mahesh Gowda,44,1,A2
1763,1003,Venkatesh Pujari,32,2,A1
1764,1004,Mahesh Rao,34,1,A1
1765,1005,Vijay Patil,48,1,A1
1766,1005,Venkatesh Hegde,31,1,A2
1767,1005,Manjunath Kumar,36,1,A3
1768,1006,Manjunath Nayak,47,1,A1
1769,1006,Ganesh Kumar,43,1,A2
1770,1007,Ramesh Kumar,45,1,A1
1771,1007,Manjunath Kumar,44,1,A2
1772,1007,Mahesh Kulkarni,35,1,A3
1773,1008,Anitha Kulkarni,50,1,A1
1774,1009,Venkatesh Bhat,46,1,A1
1775,1010,Kavitha Bhat,48,1,A1
1776,1011,Mahesh Kumar,24,1,A1
1777,1011,Ganesh Pujari,22,1,A2
1778,1012,Venkatesh Kulkarni,23,1,A1
1779,1013,Venkatesh Pujari,44,1,A1
1780,1013,Priya Shetty,45,1,A2
1781,1014,Priya Kulkarni,39,1,A1
1782,1015,Sunita Gowda,32,2,A1
1783,1015,Sunita Bhat,41,2,A2
1784,1016,Venkatesh Shetty,40,1,A1
1785,1017,Manjunath Deshmukh,34,1,A1
1786,1017,Ganesh Hegde,24,1,A2
1787,1017,Suresh Gowda,34,1,A3
1788,1018,Anitha Rao,29,1,A1
1789,1019,Ramesh Pujari,36,1,A1
1790,1020,Ramesh Nayak,26,1,A1
1791,1020,Vijay Patil,43,1,A2
1792,1021,Sunita Kulkarni,48,1,A1
1793,1021,Sunita Deshmukh,24,2,A2
1794,1021,Ganesh Nayak,48,1,A3
1795,1022,Priya Reddy,48,1,A1
1796,1023,Manjunath Pujari,38,1,A1
1797,1024,Ramesh Shetty,45,1,A1
1798,1024,Ganesh Hegde,21,2,A2
1799,1025,Priya Patil,46,1,A1
1800,1026,Sunita Rao,38,1,A1
1801,1027,Ramesh Kulkarni,26,2,A1
1802,1027,Vijay Shetty,27,1,A2
1803,1027,Venkatesh Deshmukh,32,1,A3
1804,1028,Manjunath Bhat,19,1,A1
1805,1029,Priya Gowda,43,1,A1
1806,1030,Venkatesh Shetty,22,1,A1
1807,1030,Sunita Shetty,26,1,A2
1808,1030,Priya Bhat,24,1,A3
1809,1031,Lakshmi Pujari,41,1,A1
1810,1031,Mahesh Kumar,41,1,A2
1811,1032,Venkatesh Bhat,41,1,A1
1812,1032,Vijay Rao,36,1,A2
1813,1033,Sunita Reddy,31,2,A1
1814,1034,Sunita Kumar,50,1,A1
1815,1035,Sunita Rao,34,1,A1
1816,1036,Sunita Shetty,33,1,A1
1817,1037,Kavitha Kumar,48,1,A1
1818,1038,Manjunath Nayak,25,2,A1
1819,1038,Suresh Kumar,37,1,A2
1820,1039,Ganesh Pujari,23,1,A1
1821,1039,Mahesh Rao,20,2,A2
1822,1040,Kavitha Rao,27,1,A1
1823,1040,Venkatesh Bhat,19,1,A2
1824,1040,Kavitha Kulkarni,22,1,A3
1825,1041,Sunita Gowda,32,1,A1
1826,1041,Lakshmi Gowda,24,2,A2
1827,1042,Lakshmi Bhat,37,1,A1
1828,1042,Vijay Hegde,31,1,A2
1829,1043,Ramesh Kulkarni,46,2,A1
1830,1044,Manjunath Shetty,26,1,A1
1831,1044,Venkatesh Patil,29,1,A2
1832,1045,Priya Kumar,27,1,A1
1833,1045,Ganesh Patil,50,1,A2
1834,1045,Mahesh Nayak,36,1,A3
1835,1046,Vijay Deshmukh,21,1,A1
1836,1047,Anitha Bhat,49,1,A1
1837,1047,Suresh Reddy,39,1,A2
1838,1047,Ganesh Gowda,34,1,A3
1839,1048,Manjunath Bhat,38,2,A1
1840,1049,Vijay Shetty,48,2,A1
1841,1050,Ramesh Gowda,50,1,A1
1842,1051,Anitha Rao,42,2,A1
1843,1052,Ramesh Bhat,47,1,A1
1844,1052,Manjunath Nayak,30,1,A2
1845,1053,Venkatesh Shetty,46,2,A1
1846,1054,Kavitha Gowda,29,1,A1
1847,1055,Lakshmi Deshmukh,48,1,A1
1848,1056,Sunita Rao,33,1,A1
1849,1057,Sunita Bhat,30,1,A1
1850,1057,Mahesh Nayak,32,1,A2
1851,1058,Kavitha Reddy,20,1,A1
1852,1059,Kavitha Kumar,35,2,A1
1853,1060,Manjunath Rao,41,1,A1
1854,1061,Vijay Hegde,45,1,A1
1855,1061,Mahesh Pujari,22,1,A2
1856,1062,Suresh Pujari,30,1,A1
1857,1063,Priya Bhat,29,1,A1
1858,1064,Lakshmi Nayak,35,2,A1
1859,1065,Kavitha Nayak,37,1,A1
1860,1066,Mahesh Kulkarni,31,1,A1
1861,1067,Vijay Kulkarni,50,1,A1
1862,1068,Ramesh Nayak,45,1,A1
1863,1068,Sunita Gowda,42,2,A2
1864,1069,Venkatesh Gowda,32,1,A1
1865,1069,Anitha Shetty,32,1,A2
1866,1069,Venkatesh Kumar,37,1,A3
1867,1070,Vijay Bhat,33,1,A1
1868,1070,Suresh Rao,34,1,A2
1869,1070,Mahesh Nayak,27,1,A3
1870,1071,Mahesh Nayak,35,1,A1
1871,1071,Lakshmi Kumar,37,1,A2
1872,1071,Lakshmi Pujari,41,1,A3
1873,1072,Manjunath Nayak,50,1,A1
1874,1073,Anitha Hegde,49,1,A1
1875,1074,Anitha Patil,26,1,A1
1876,1075,Vijay Gowda,23,1,A1
1877,1076,Anitha Rao,30,1,A1
1878,1077,Priya Patil,35,1,A1
1879,1078,Ganesh Hegde,44,1,A1
1880,1078,Lakshmi Hegde,30,1,A2
1881,1079,Ganesh Shetty,25,1,A1
1882,1079,Lakshmi Bhat,34,1,A2
1883,1079,Sunita Kumar,34,2,A3
1884,1080,Manjunath Kumar,47,1,A1
1885,1081,Ramesh Nayak,24,1,A1
1886,1081,Manjunath Pujari,46,2,A2
1887,1081,Sunita Rao,32,2,A3
1888,1082,Suresh Nayak,22,2,A1
1889,1082,Anitha Pujari,38,1,A2
1890,1083,Vijay Kumar,38,2,A1
1891,1083,Ganesh Shetty,39,1,A2
1892,1084,Kavitha Reddy,47,2,A1
1893,1085,Venkatesh Gowda,21,1,A1
1894,1085,Sunita Rao,40,1,A2
1895,1086,Sunita Deshmukh,33,2,A1
1896,1086,Manjunath Shetty,29,1,A2
1897,1087,Mahesh Nayak,37,1,A1
1898,1088,Anitha Kulkarni,27,1,A1
1899,1089,Kavitha Patil,48,2,A1
1900,1089,Sunita Deshmukh,27,1,A2
1901,1090,Priya Deshmukh,46,1,A1
1902,1091,Anitha Pujari,38,1,A1
1903,1092,Anitha Nayak,29,1,A1
1904,1093,Ganesh Kumar,48,1,A1
1905,1093,Kavitha Rao,19,1,A2
1906,1094,Kavitha Kulkarni,35,1,A1
1907,1095,Sunita Kulkarni,23,1,A1
1908,1095,Vijay Shetty,43,1,A2
1909,1095,Anitha Reddy,21,1,A3
1910,1096,Lakshmi Nayak,38,1,A1
1911,1097,Suresh Bhat,29,1,A1
1912,1097,Kavitha Pujari,50,2,A2
1913,1097,Anitha Hegde,47,1,A3
1914,1098,Kavitha Patil,43,1,A1
1915,1098,Ganesh Nayak,28,2,A2
1916,1099,Priya Rao,43,1,A1
1917,1100,Sunita Shetty,39,1,A1
1918,1100,Manjunath Shetty,26,1,A2
1919,1100,Kavitha Pujari,20,2,A3
1920,1101,Sunita Patil,44,1,A1
1921,1102,Vijay Patil,34,1,A1
1922,1103,Manjunath Patil,23,1,A1
1923,1104,Sunita Rao,21,1,A1
1924,1105,Kavitha Patil,26,1,A1
1925,1106,Mahesh Deshmukh,46,2,A1
1926,1107,Mahesh Kumar,27,1,A1
1927,1107,Mahesh Gowda,49,2,A2
1928,1107,Suresh Nayak,19,2,A3
1929,1108,Sunita Reddy,36,2,A1
1930,1109,Lakshmi Hegde,31,1,A1
1931,1110,Suresh Pujari,30,2,A1
1932,1110,Ganesh Pujari,24,1,A2
1933,1110,Kavitha Nayak,23,2,A3
1934,1111,Ganesh Shetty,43,1,A1
1935,1111,Ramesh Rao,38,1,A2
1936,1112,Suresh Nayak,46,1,A1
1937,1113,Manjunath Patil,22,1,A1
1938,1113,Sunita Kumar,49,1,A2
1939,1113,Ramesh Bhat,19,1,A3
1940,1114,Priya Kumar,33,1,A1
1941,1115,Sunita Pujari,45,1,A1
1942,1116,Anitha Nayak,43,2,A1
1943,1117,Ganesh Kumar,43,1,A1
1944,1118,Ramesh Deshmukh,42,1,A1
1945,1118,Manjunath Shetty,50,1,A2
1946,1118,Anitha Shetty,27,1,A3
1947,1119,Suresh Hegde,38,1,A1
1948,1120,Manjunath Nayak,46,1,A1
1949,1120,Priya Bhat,37,1,A2
1950,1120,Mahesh Rao,49,2,A3
1951,1121,Kavitha Kulkarni,29,2,A1
1952,1122,Anitha Hegde,48,2,A1
1953,1122,Lakshmi Hegde,36,1,A2
1954,1123,Mahesh Patil,36,1,A1
1955,1123,Anitha Patil,36,1,A2
1956,1123,Vijay Patil,33,2,A3
1957,1124,Ramesh Deshmukh,31,1,A1
1958,1124,Sunita Reddy,46,1,A2
1959,1124,Ganesh Patil,47,1,A3
1960,1125,Kavitha Kumar,38,1,A1
1961,1126,Anitha Deshmukh,46,1,A1
1962,1127,Ganesh Gowda,31,2,A1
1963,1127,Mahesh Hegde,41,2,A2
1964,1128,Lakshmi Bhat,32,1,A1
1965,1129,Manjunath Rao,45,1,A1
1966,1130,Ganesh Hegde,27,1,A1
1967,1131,Mahesh Reddy,40,2,A1
1968,1131,Ganesh Gowda,40,1,A2
1969,1131,Kavitha Patil,19,1,A3
1970,1132,Priya Hegde,41,1,A1
1971,1132,Ramesh Kumar,36,2,A2
1972,1133,Kavitha Kumar,21,1,A1
1973,1133,Manjunath Bhat,26,2,A2
1974,1134,Ramesh Pujari,25,1,A1
1975,1134,Ganesh Patil,39,2,A2
1976,1135,Anitha Pujari,31,1,A1
1977,1136,Ganesh Kulkarni,39,1,A1
1978,1137,Kavitha Gowda,19,1,A1
1979,1137,Venkatesh Kulkarni,48,2,A2
1980,1138,Anitha Reddy,49,1,A1
1981,1139,Ramesh Reddy,47,1,A1
1982,1140,Venkatesh Hegde,23,1,A1
1983,1140,Sunita Pujari,21,1,A2
1984,1141,Anitha Patil,26,1,A1
1985,1141,Kavitha Bhat,41,1,A2
1986,1141,Sunita Shetty,40,1,A3
1987,1142,Kavitha Patil,38,1,A1
1988,1143,Venkatesh Pujari,31,2,A1
1989,1144,Anitha Kumar,36,2,A1
1990,1145,Priya Nayak,50,1,A1
1991,1146,Anitha Kumar,27,1,A1
1992,1147,Ramesh Nayak,19,2,A1
1993,1147,Lakshmi Kulkarni,38,1,A2
1994,1147,Mahesh Kulkarni,19,1,A3
1995,1148,Lakshmi Rao,37,2,A1
1996,1148,Vijay Nayak,37,1,A2
1997,1148,Kavitha Patil,36,1,A3
1998,1149,Anitha Shetty,46,2,A1
1999,1150,Ramesh Bhat,46,1,A1
2000,1151,Ganesh Kumar,24,2,A1
2001,1152,Priya Nayak,25,2,A1
2002,1152,Manjunath Shetty,36,1,A2
2003,1153,Venkatesh Rao,19,1,A1
2004,1153,Anitha Nayak,24,2,A2
2005,1154,Venkatesh Pujari,21,1,A1
2006,1154,Lakshmi Nayak,22,2,A2
2007,1154,Lakshmi Bhat,22,1,A3
2008,1155,Vijay Patil,46,1,A1
2009,1155,Ramesh Bhat,40,2,A2
2010,1155,Mahesh Gowda,50,1,A3
2011,1156,Suresh Gowda,29,1,A1
2012,1157,Sunita Shetty,44,1,A1
2013,1157,Ramesh Pujari,49,1,A2
2014,1157,Vijay Kumar,31,2,A3
2015,1158,Ramesh Pujari,44,1,A1
2016,1158,Ramesh Kulkarni,39,2,A2
2017,1159,Lakshmi Gowda,32,1,A1
2018,1159,Manjunath Gowda,38,1,A2
2019,1160,Anitha Gowda,46,1,A1
2020,1160,Suresh Bhat,36,2,A2
2021,1161,Ramesh Bhat,45,1,A1
2022,1161,Priya Deshmukh,25,1,A2
2023,1161,Venkatesh Kumar,35,1,A3
2024,1162,Sunita Hegde,43,1,A1
2025,1162,Suresh Nayak,46,2,A2
2026,1162,Kavitha Rao,50,1,A3
2027,1163,Priya Reddy,31,1,A1
2028,1163,Vijay Hegde,28,1,A2
2029,1164,Mahesh Kumar,33,1,A1
2030,1164,Kavitha Nayak,38,1,A2
2031,1165,Ramesh Rao,50,1,A1
2032,1165,Vijay Kulkarni,29,1,A2
2033,1165,Vijay Reddy,48,1,A3
2034,1166,Mahesh Patil,28,1,A1
2035,1166,Sunita Hegde,20,1,A2
2036,1167,Mahesh Kulkarni,27,1,A1
2037,1167,Ganesh Nayak,28,2,A2
2038,1168,Lakshmi Kulkarni,34,2,A1
2039,1169,Anitha Reddy,26,1,A1
2040,1169,Sunita Pujari,34,1,A2
2041,1170,Vijay Pujari,21,1,A1
2042,1170,Ramesh Pujari,40,1,A2
2043,1170,Lakshmi Shetty,36,1,A3
2044,1171,Mahesh Nayak,29,1,A1
2045,1172,Priya Patil,38,2,A1
2046,1172,Kavitha Kulkarni,21,2,A2
2047,1172,Vijay Hegde,39,1,A3
2048,1173,Anitha Pujari,39,1,A1
2049,1174,Vijay Deshmukh,40,2,A1
2050,1175,Ramesh Hegde,44,1,A1
2051,1176,Ganesh Patil,20,1,A1
2052,1176,Mahesh Gowda,23,1,A2
2053,1177,Lakshmi Gowda,43,1,A1
2054,1178,Suresh Kulkarni,48,1,A1
2055,1179,Suresh Hegde,24,1,A1
2056,1179,Sunita Deshmukh,25,2,A2
2057,1180,Mahesh Reddy,44,2,A1
2058,1180,Ganesh Shetty,47,1,A2
2059,1181,Manjunath Gowda,23,1,A1
2060,1182,Suresh Reddy,49,1,A1
2061,1183,Manjunath Shetty,34,1,A1
2062,1183,Kavitha Deshmukh,47,1,A2
2063,1183,Anitha Kulkarni,42,1,A3
2064,1184,Priya Rao,33,1,A1
2065,1184,Vijay Bhat,22,2,A2
2066,1184,Priya Reddy,45,1,A3
2067,1185,Ganesh Bhat,43,1,A1
2068,1185,Lakshmi Patil,26,1,A2
2069,1186,Priya Kumar,22,1,A1
2070,1186,Kavitha Kumar,49,1,A2
2071,1186,Manjunath Shetty,42,1,A3
2072,1187,Ganesh Kumar,34,1,A1
2073,1187,Kavitha Deshmukh,42,1,A2
2074,1188,Vijay Kumar,23,2,A1
2075,1188,Venkatesh Reddy,50,1,A2
2076,1188,Suresh Nayak,50,1,A3
2077,1189,Mahesh Nayak,37,1,A1
2078,1189,Priya Kumar,36,1,A2
2079,1190,Lakshmi Patil,49,1,A1
2080,1190,Ramesh Rao,21,2,A2
2081,1190,Kavitha Rao,28,1,A3
2082,1191,Mahesh Pujari,32,1,A1
2083,1191,Manjunath Reddy,26,2,A2
2084,1192,Priya Bhat,24,1,A1
2085,1193,Mahesh Kulkarni,39,1,A1
2086,1194,Priya Bhat,23,1,A1
2087,1195,Lakshmi Kulkarni,44,1,A1
2088,1196,Anitha Kulkarni,24,1,A1
2089,1196,Venkatesh Bhat,31,1,A2
2090,1196,Sunita Gowda,22,2,A3
2091,1197,Sunita Patil,33,1,A1
2092,1197,Ganesh Bhat,50,2,A2
2093,1197,Mahesh Kulkarni,34,1,A3
2094,1198,Venkatesh Rao,26,2,A1
2095,1198,Ramesh Patil,19,1,A2
2096,1198,Sunita Bhat,35,1,A3
2097,1199,Sunita Patil,34,1,A1
2098,1200,Lakshmi Shetty,41,1,A1
2099,1200,Manjunath Hegde,32,2,A2
2100,1200,Lakshmi Shetty,25,2,A3
2101,1201,Sunita Nayak,25,1,A1
2102,1201,Ramesh Kulkarni,23,1,A2
2103,1202,Manjunath Hegde,36,1,A1
2104,1202,Lakshmi Pujari,34,1,A2
2105,1203,Priya Gowda,49,2,A1
2106,1204,Suresh Kulkarni,24,1,A1
2107,1204,Suresh Rao,24,1,A2
2108,1205,Manjunath Deshmukh,20,1,A1
2109,1206,Priya Hegde,42,2,A1
2110,1207,Venkatesh Hegde,41,2,A1
2111,1207,Vijay Rao,37,1,A2
2112,1207,Priya Kumar,49,2,A3
2113,1208,Manjunath Shetty,45,2,A1
2114,1209,Vijay Patil,47,2,A1
2115,1210,Suresh Rao,42,2,A1
2116,1211,Lakshmi Pujari,23,1,A1
2117,1211,Mahesh Shetty,21,1,A2
2118,1212,Suresh Pujari,43,2,A1
2119,1213,Anitha Patil,48,1,A1
2120,1214,Kavitha Kumar,23,1,A1
2121,1215,Lakshmi Kumar,25,1,A1
2122,1216,Sunita Bhat,46,2,A1
2123,1217,Ganesh Kulkarni,34,2,A1
2124,1217,Venkatesh Kumar,30,1,A2
2125,1218,Venkatesh Patil,44,2,A1
2126,1219,Venkatesh Kulkarni,25,2,A1
2127,1220,Suresh Bhat,24,1,A1
2128,1221,Priya Deshmukh,50,1,A1
2129,1221,Mahesh Kulkarni,34,1,A2
2130,1221,Venkatesh Nayak,42,1,A3
2131,1222,Manjunath Kulkarni,27,1,A1
2132,1222,Vijay Pujari,38,2,A2
2133,1222,Kavitha Gowda,33,1,A3
2134,1223,Venkatesh Deshmukh,37,1,A1
2135,1223,Kavitha Shetty,23,1,A2
2136,1223,Venkatesh Rao,29,1,A3
2137,1224,Kavitha Deshmukh,47,1,A1
2138,1224,Ramesh Hegde,28,1,A2
2139,1225,Priya Shetty,35,1,A1
2140,1225,Mahesh Rao,49,1,A2
2141,1226,Vijay Bhat,41,2,A1
2142,1227,Manjunath Shetty,50,1,A1
2143,1227,Anitha Rao,40,2,A2
2144,1227,Anitha Reddy,31,2,A3
2145,1228,Mahesh Patil,47,2,A1
2146,1228,Sunita Patil,39,1,A2
2147,1228,Kavitha Kumar,46,1,A3
2148,1229,Suresh Patil,31,1,A1
2149,1229,Anitha Gowda,36,1,A2
2150,1230,Lakshmi Kulkarni,39,1,A1
2151,1231,Ramesh Kumar,39,1,A1
2152,1232,Mahesh Nayak,39,1,A1
2153,1232,Anitha Patil,39,1,A2
2154,1232,Vijay Rao,47,2,A3
2155,1233,Kavitha Kumar,50,1,A1
2156,1234,Mahesh Deshmukh,25,1,A1
2157,1234,Vijay Bhat,39,1,A2
2158,1235,Ganesh Patil,25,2,A1
2159,1236,Vijay Hegde,19,1,A1
2160,1237,Sunita Reddy,50,2,A1
2161,1238,Ramesh Bhat,30,1,A1
2162,1238,Venkatesh Nayak,34,1,A2
2163,1239,Anitha Nayak,45,2,A1
2164,1239,Lakshmi Gowda,38,1,A2
2165,1239,Suresh Hegde,24,2,A3
2166,1240,Lakshmi Rao,45,1,A1
2167,1241,Mahesh Pujari,46,1,A1
2168,1241,Sunita Patil,44,1,A2
2169,1241,Vijay Reddy,43,1,A3
2170,1242,Manjunath Pujari,29,1,A1
2171,1242,Manjunath Rao,42,1,A2
2172,1242,Anitha Rao,48,1,A3
2173,1243,Venkatesh Gowda,36,2,A1
2174,1243,Ramesh Deshmukh,30,1,A2
2175,1244,Suresh Nayak,28,1,A1
2176,1245,Ramesh Kumar,43,1,A1
2177,1246,Kavitha Pujari,49,1,A1
2178,1247,Mahesh Rao,22,1,A1
2179,1247,Manjunath Patil,30,2,A2
2180,1248,Suresh Kulkarni,29,1,A1
2181,1248,Ramesh Kulkarni,25,1,A2
2182,1249,Sunita Patil,45,1,A1
2183,1249,Suresh Deshmukh,41,2,A2
2184,1250,Ganesh Deshmukh,19,1,A1
2185,1251,Lakshmi Pujari,47,1,A1
2186,1251,Lakshmi Deshmukh,24,1,A2
2187,1252,Mahesh Reddy,35,1,A1
2188,1253,Sunita Shetty,46,1,A1
2189,1254,Lakshmi Kulkarni,40,1,A1
2190,1255,Kavitha Reddy,47,1,A1
2191,1256,Ganesh Patil,37,1,A1
2192,1256,Anitha Shetty,27,1,A2
2193,1257,Lakshmi Gowda,35,1,A1
2194,1257,Venkatesh Pujari,45,1,A2
2195,1257,Sunita Nayak,49,1,A3
2196,1258,Manjunath Kumar,24,2,A1
2197,1259,Sunita Hegde,27,1,A1
2198,1260,Kavitha Rao,37,2,A1
2199,1261,Sunita Kumar,49,2,A1
2200,1261,Kavitha Patil,45,1,A2
2201,1262,Ramesh Rao,19,1,A1
2202,1262,Vijay Deshmukh,25,1,A2
2203,1263,Kavitha Hegde,32,2,A1
2204,1263,Sunita Deshmukh,30,1,A2
2205,1263,Vijay Shetty,37,2,A3
2206,1264,Lakshmi Nayak,49,1,A1
2207,1264,Sunita Kulkarni,50,1,A2
2208,1264,Priya Pujari,26,1,A3
2209,1265,Mahesh Gowda,41,1,A1
2210,1266,Anitha Reddy,40,1,A1
2211,1266,Sunita Patil,28,2,A2
2212,1267,Sunita Shetty,37,1,A1
2213,1268,Sunita Patil,34,2,A1
2214,1269,Suresh Gowda,44,2,A1
2215,1269,Venkatesh Bhat,49,1,A2
2216,1269,Lakshmi Hegde,36,1,A3
2217,1270,Priya Kulkarni,46,1,A1
2218,1271,Ramesh Nayak,25,1,A1
2219,1271,Manjunath Hegde,44,1,A2
2220,1271,Venkatesh Nayak,19,1,A3
2221,1272,Mahesh Kumar,22,2,A1
2222,1272,Mahesh Bhat,30,1,A2
2223,1272,Anitha Nayak,48,1,A3
2224,1273,Priya Pujari,20,1,A1
2225,1273,Vijay Hegde,36,2,A2
2226,1273,Sunita Bhat,25,2,A3
2227,1274,Mahesh Bhat,41,1,A1
2228,1275,Ramesh Bhat,36,1,A1
2229,1276,Manjunath Hegde,48,1,A1
2230,1277,Mahesh Shetty,33,1,A1
2231,1277,Vijay Reddy,47,1,A2
2232,1277,Mahesh Bhat,39,1,A3
2233,1278,Mahesh Kulkarni,21,1,A1
2234,1278,Vijay Patil,50,1,A2
2235,1279,Vijay Kumar,30,1,A1
2236,1280,Suresh Bhat,30,1,A1
2237,1281,Kavitha Deshmukh,40,1,A1
2238,1282,Priya Rao,44,1,A1
2239,1282,Mahesh Bhat,41,1,A2
2240,1282,Priya Patil,39,1,A3
2241,1283,Ganesh Kumar,31,1,A1
2242,1284,Mahesh Nayak,28,1,A1
2243,1284,Mahesh Pujari,47,1,A2
2244,1284,Ganesh Pujari,44,2,A3
2245,1285,Ganesh Kumar,31,1,A1
2246,1286,Lakshmi Rao,45,1,A1
2247,1286,Mahesh Pujari,30,1,A2
2248,1287,Priya Reddy,29,1,A1
2249,1287,Ganesh Kumar,31,1,A2
2250,1287,Kavitha Kumar,21,1,A3
2251,1288,Kavitha Nayak,35,2,A1
2252,1288,Suresh Patil,25,1,A2
2253,1289,Lakshmi Hegde,27,1,A1
2254,1289,Vijay Rao,42,1,A2
2255,1290,Anitha Reddy,23,2,A1
2256,1290,Sunita Bhat,25,1,A2
2257,1290,Lakshmi Reddy,40,2,A3
2258,1291,Sunita Hegde,36,1,A1
2259,1291,Kavitha Shetty,25,1,A2
2260,1292,Manjunath Nayak,37,1,A1
2261,1292,Ganesh Kumar,44,2,A2
2262,1293,Mahesh Nayak,32,1,A1
2263,1294,Sunita Hegde,41,1,A1
2264,1295,Venkatesh Patil,45,2,A1
2265,1295,Venkatesh Hegde,47,1,A2
2266,1296,Lakshmi Kulkarni,46,1,A1
2267,1297,Suresh Kulkarni,41,1,A1
2268,1298,Mahesh Kulkarni,41,1,A1
2269,1299,Mahesh Kumar,24,1,A1
2270,1300,Suresh Kumar,48,1,A1
2271,1301,Suresh Patil,32,1,A1
2272,1301,Vijay Nayak,42,1,A2
2273,1302,Anitha Patil,41,2,A1
2274,1302,Ramesh Pujari,21,2,A2
2275,1303,Sunita Patil,47,1,A1
2276,1303,Lakshmi Reddy,46,1,A2
2277,1303,Kavitha Kulkarni,43,2,A3
2278,1304,Priya Deshmukh,45,1,A1
2279,1304,Anitha Deshmukh,36,1,A2
2280,1305,Sunita Gowda,46,1,A1
2281,1306,Priya Deshmukh,36,1,A1
2282,1306,Manjunath Shetty,37,1,A2
2283,1306,Venkatesh Pujari,39,2,A3
2284,1307,Suresh Rao,49,1,A1
2285,1308,Sunita Nayak,31,1,A1
2286,1308,Vijay Patil,31,1,A2
2287,1308,Kavitha Kulkarni,20,2,A3
2288,1309,Venkatesh Deshmukh,29,2,A1
2289,1309,Ganesh Kumar,29,1,A2
2290,1309,Kavitha Kumar,46,1,A3
2291,1310,Sunita Pujari,40,2,A1
2292,1310,Venkatesh Bhat,35,1,A2
2293,1311,Priya Kumar,36,1,A1
2294,1311,Manjunath Rao,26,1,A2
2295,1312,Sunita Reddy,23,1,A1
2296,1313,Kavitha Kulkarni,35,1,A1
2297,1313,Venkatesh Deshmukh,39,2,A2
2298,1313,Sunita Pujari,19,1,A3
2299,1314,Priya Patil,29,1,A1
2300,1314,Venkatesh Pujari,39,2,A2
2301,1314,Kavitha Kumar,43,1,A3
2302,1315,Manjunath Reddy,27,1,A1
2303,1315,Sunita Bhat,45,1,A2
2304,1316,Sunita Kumar,34,1,A1
2305,1317,Anitha Reddy,46,2,A1
2306,1318,Vijay Pujari,43,1,A1
2307,1318,Priya Shetty,30,2,A2
2308,1319,Venkatesh Gowda,23,1,A1
2309,1320,Suresh Kumar,34,1,A1
2310,1321,Manjunath Deshmukh,28,2,A1
2311,1321,Ganesh Rao,33,1,A2
2312,1321,Vijay Pujari,43,1,A3
2313,1322,Venkatesh Rao,33,1,A1
2314,1322,Mahesh Gowda,21,1,A2
2315,1323,Venkatesh Hegde,19,1,A1
2316,1323,Priya Reddy,35,2,A2
2317,1324,Suresh Pujari,49,1,A1
2318,1324,Manjunath Shetty,43,1,A2
2319,1324,Vijay Reddy,38,1,A3
2320,1325,Sunita Bhat,36,1,A1
2321,1325,Ganesh Gowda,38,1,A2
2322,1325,Vijay Deshmukh,32,1,A3
2323,1326,Sunita Deshmukh,45,1,A1
2324,1326,Priya Bhat,20,2,A2
2325,1326,Manjunath Hegde,25,1,A3
2326,1327,Anitha Patil,27,2,A1
2327,1327,Mahesh Nayak,27,1,A2
2328,1328,Sunita Gowda,29,1,A1
2329,1329,Lakshmi Nayak,26,1,A1
2330,1329,Manjunath Rao,22,1,A2
2331,1330,Mahesh Rao,46,1,A1
2332,1331,Ramesh Shetty,26,1,A1
2333,1332,Priya Deshmukh,50,1,A1
2334,1333,Suresh Shetty,26,1,A1
2335,1334,Anitha Kulkarni,26,1,A1
2336,1334,Venkatesh Shetty,40,2,A2
2337,1334,Ganesh Patil,25,1,A3
2338,1335,Priya Rao,49,1,A1
2339,1336,Manjunath Nayak,50,1,A1
2340,1337,Sunita Patil,47,1,A1
2341,1337,Sunita Shetty,46,2,A2
2342,1337,Anitha Reddy,38,1,A3
2343,1338,Anitha Shetty,37,2,A1
2344,1338,Priya Gowda,46,1,A2
2345,1338,Manjunath Gowda,27,1,A3
2346,1339,Kavitha Patil,48,1,A1
2347,1339,Ganesh Bhat,44,1,A2
2348,1339,Sunita Pujari,44,1,A3
2349,1340,Venkatesh Deshmukh,20,1,A1
2350,1340,Ganesh Deshmukh,21,2,A2
2351,1340,Suresh Hegde,47,2,A3
2352,1341,Ganesh Nayak,46,2,A1
2353,1341,Ramesh Pujari,47,1,A2
2354,1341,Ramesh Reddy,39,1,A3
2355,1342,Mahesh Kulkarni,48,1,A1
2356,1343,Ramesh Kumar,31,1,A1
2357,1344,Mahesh Bhat,26,1,A1
2358,1345,Vijay Pujari,23,2,A1
2359,1345,Venkatesh Deshmukh,50,2,A2
2360,1345,Priya Gowda,32,1,A3
2361,1346,Ganesh Kumar,27,1,A1
2362,1347,Vijay Gowda,25,2,A1
2363,1348,Mahesh Nayak,41,1,A1
2364,1348,Venkatesh Reddy,35,1,A2
2365,1349,Ganesh Hegde,35,1,A1
2366,1350,Anitha Reddy,40,2,A1
2367,1350,Suresh Hegde,41,1,A2
2368,1351,Kavitha Pujari,47,1,A1
2369,1351,Kavitha Gowda,30,1,A2
2370,1351,Mahesh Patil,34,1,A3
2371,1352,Mahesh Gowda,20,1,A1
2372,1352,Lakshmi Pujari,33,1,A2
2373,1352,Sunita Pujari,47,1,A3
2374,1353,Vijay Pujari,36,2,A1
2375,1354,Lakshmi Gowda,28,2,A1
2376,1355,Vijay Rao,23,1,A1
2377,1355,Ganesh Nayak,46,2,A2
2378,1356,Venkatesh Hegde,20,1,A1
2379,1357,Mahesh Nayak,39,1,A1
2380,1357,Vijay Bhat,46,1,A2
2381,1358,Manjunath Rao,38,1,A1
2382,1358,Priya Shetty,38,1,A2
2383,1359,Kavitha Patil,26,1,A1
2384,1360,Manjunath Rao,42,1,A1
2385,1360,Vijay Bhat,38,2,A2
2386,1360,Ganesh Pujari,27,2,A3
2387,1361,Kavitha Rao,50,2,A1
2388,1362,Suresh Bhat,47,1,A1
2389,1362,Vijay Rao,45,1,A2
2390,1362,Lakshmi Rao,25,1,A3
2391,1363,Venkatesh Deshmukh,22,1,A1
2392,1364,Anitha Shetty,24,1,A1
2393,1365,Manjunath Nayak,49,1,A1
2394,1365,Mahesh Reddy,35,1,A2
2395,1365,Anitha Bhat,21,1,A3
2396,1366,Lakshmi Nayak,39,2,A1
2397,1366,Venkatesh Deshmukh,49,1,A2
2398,1367,Manjunath Bhat,45,1,A1
2399,1367,Anitha Bhat,23,2,A2
2400,1368,Manjunath Nayak,24,1,A1
2401,1368,Mahesh Shetty,20,1,A2
2402,1369,Ganesh Nayak,23,1,A1
2403,1370,Ganesh Nayak,36,1,A1
2404,1371,Priya Shetty,41,2,A1
2405,1372,Manjunath Reddy,36,1,A1
2406,1373,Priya Hegde,45,1,A1
2407,1373,Mahesh Kumar,40,2,A2
2408,1374,Lakshmi Patil,35,2,A1
2409,1374,Anitha Rao,24,1,A2
2410,1374,Lakshmi Reddy,22,1,A3
2411,1375,Ganesh Kumar,38,2,A1
2412,1375,Kavitha Rao,41,1,A2
2413,1375,Priya Kulkarni,26,1,A3
2414,1376,Suresh Reddy,20,2,A1
2415,1376,Suresh Shetty,49,1,A2
2416,1376,Kavitha Gowda,25,2,A3
2417,1377,Vijay Bhat,24,1,A1
2418,1378,Priya Kumar,30,1,A1
2419,1378,Venkatesh Hegde,21,1,A2
2420,1379,Ganesh Gowda,20,1,A1
2421,1380,Priya Gowda,32,1,A1
2422,1381,Vijay Nayak,27,1,A1
2423,1382,Suresh Bhat,49,1,A1
2424,1383,Mahesh Reddy,41,2,A1
2425,1383,Venkatesh Rao,33,1,A2
2426,1384,Anitha Rao,49,1,A1
2427,1384,Vijay Kumar,47,1,A2
2428,1384,Mahesh Hegde,25,1,A3
2429,1385,Mahesh Shetty,31,1,A1
2430,1385,Ganesh Reddy,40,2,A2
2431,1385,Kavitha Reddy,27,1,A3
2432,1386,Lakshmi Gowda,36,1,A1
2433,1387,Ramesh Gowda,35,2,A1
2434,1388,Venkatesh Deshmukh,40,1,A1
2435,1388,Ramesh Reddy,50,1,A2
2436,1389,Lakshmi Rao,24,1,A1
2437,1389,Manjunath Patil,31,1,A2
2438,1390,Priya Bhat,32,2,A1
2439,1391,Sunita Nayak,19,2,A1
2440,1392,Kavitha Gowda,31,1,A1
2441,1392,Kavitha Kulkarni,46,1,A2
2442,1393,Priya Hegde,35,1,A1
2443,1393,Lakshmi Pujari,32,2,A2
2444,1394,Venkatesh Reddy,26,1,A1
2445,1394,Sunita Patil,41,1,A2
2446,1394,Vijay Reddy,32,1,A3
2447,1395,Vijay Nayak,22,1,A1
2448,1395,Mahesh Shetty,24,1,A2
2449,1396,Priya Deshmukh,37,1,A1
2450,1396,Manjunath Pujari,27,1,A2
2451,1397,Kavitha Kumar,50,2,A1
2452,1397,Ganesh Rao,44,2,A2
2453,1397,Lakshmi Nayak,40,1,A3
2454,1398,Anitha Bhat,28,1,A1
2455,1398,Mahesh Pujari,42,1,A2
2456,1399,Vijay Rao,45,2,A1
2457,1399,Suresh Pujari,43,1,A2
2458,1400,Ganesh Bhat,37,1,A1
2459,1400,Manjunath Pujari,45,2,A2
2460,1400,Kavitha Patil,44,1,A3
2461,1401,Anitha Kulkarni,34,1,A1
2462,1401,Kavitha Pujari,40,1,A2
2463,1401,Mahesh Rao,43,1,A3
2464,1402,Kavitha Deshmukh,20,1,A1
2465,1403,Anitha Shetty,45,1,A1
2466,1403,Priya Pujari,49,1,A2
2467,1404,Lakshmi Deshmukh,35,1,A1
2468,1404,Venkatesh Nayak,22,1,A2
2469,1405,Ramesh Gowda,24,1,A1
2470,1406,Ramesh Shetty,50,1,A1
2471,1406,Ramesh Shetty,37,1,A2
2472,1407,Mahesh Bhat,37,1,A1
2473,1408,Kavitha Hegde,30,1,A1
2474,1409,Manjunath Patil,44,1,A1
2475,1410,Anitha Kulkarni,25,1,A1
2476,1410,Ganesh Kumar,42,1,A2
2477,1410,Venkatesh Gowda,39,2,A3
2478,1411,Manjunath Nayak,49,1,A1
2479,1412,Kavitha Shetty,35,1,A1
2480,1412,Priya Rao,34,1,A2
2481,1412,Suresh Reddy,34,2,A3
2482,1413,Ramesh Gowda,37,1,A1
2483,1413,Suresh Reddy,28,2,A2
2484,1413,Anitha Reddy,26,1,A3
2485,1414,Vijay Nayak,32,1,A1
2486,1415,Ramesh Kumar,25,1,A1
2487,1415,Sunita Gowda,43,1,A2
2488,1415,Sunita Nayak,35,1,A3
2489,1416,Vijay Nayak,29,1,A1
2490,1416,Suresh Kulkarni,30,2,A2
2491,1417,Lakshmi Deshmukh,28,1,A1
2492,1418,Priya Nayak,23,1,A1
2493,1419,Anitha Shetty,30,2,A1
2494,1420,Lakshmi Kulkarni,40,1,A1
2495,1421,Sunita Rao,21,1,A1
2496,1421,Vijay Shetty,30,1,A2
2497,1422,Suresh Rao,37,1,A1
2498,1422,Venkatesh Pujari,32,1,A2
2499,1423,Anitha Bhat,45,1,A1
2500,1423,Sunita Kulkarni,31,2,A2
2501,1423,Sunita Kulkarni,25,1,A3
2502,1424,Suresh Gowda,29,1,A1
2503,1424,Vijay Nayak,38,1,A2
2504,1424,Ganesh Patil,30,1,A3
2505,1425,Mahesh Hegde,43,1,A1
2506,1426,Kavitha Shetty,48,2,A1
2507,1426,Anitha Hegde,20,1,A2
2508,1427,Vijay Hegde,30,2,A1
2509,1427,Mahesh Rao,43,1,A2
2510,1428,Ganesh Kumar,49,1,A1
2511,1429,Mahesh Deshmukh,20,1,A1
2512,1429,Venkatesh Nayak,39,1,A2
2513,1430,Suresh Rao,45,1,A1
2514,1430,Anitha Patil,40,1,A2
2515,1431,Sunita Nayak,41,1,A1
2516,1431,Ganesh Patil,27,2,A2
2517,1432,Ramesh Kumar,39,1,A1
2518,1433,Mahesh Reddy,28,1,A1
2519,1433,Anitha Bhat,19,1,A2
2520,1434,Kavitha Rao,21,1,A1
2521,1434,Ganesh Pujari,22,1,A2
2522,1434,Vijay Patil,19,1,A3
2523,1435,Priya Pujari,39,1,A1
2524,1436,Venkatesh Pujari,33,1,A1
2525,1436,Sunita Kulkarni,24,1,A2
2526,1437,Manjunath Nayak,24,2,A1
2527,1438,Suresh Shetty,27,2,A1
2528,1439,Manjunath Bhat,50,1,A1
2529,1440,Priya Nayak,33,1,A1
2530,1441,Venkatesh Kulkarni,30,1,A1
2531,1442,Suresh Pujari,31,1,A1
2532,1443,Priya Bhat,25,1,A1
2533,1443,Ganesh Patil,27,1,A2
2534,1444,Manjunath Kulkarni,21,1,A1
2535,1445,Mahesh Rao,45,1,A1
2536,1445,Sunita Shetty,44,2,A2
2537,1446,Priya Reddy,37,1,A1
2538,1447,Vijay Kulkarni,21,1,A1
2539,1448,Lakshmi Bhat,50,2,A1
2540,1449,Lakshmi Bhat,42,2,A1
2541,1450,Lakshmi Rao,46,2,A1
2542,1451,Ramesh Gowda,45,2,A1
2543,1451,Mahesh Gowda,44,1,A2
2544,1452,Venkatesh Hegde,38,1,A1
2545,1453,Mahesh Gowda,34,2,A1
2546,1454,Mahesh Hegde,27,1,A1
2547,1455,Sunita Kulkarni,46,1,A1
2548,1456,Anitha Pujari,33,2,A1
2549,1457,Priya Deshmukh,38,1,A1
2550,1458,Kavitha Gowda,31,1,A1
2551,1458,Ramesh Hegde,28,2,A2
2552,1459,Lakshmi Shetty,24,2,A1
2553,1459,Manjunath Kulkarni,34,1,A2
2554,1459,Suresh Patil,28,1,A3
2555,1460,Kavitha Gowda,27,1,A1
2556,1461,Venkatesh Gowda,26,1,A1
2557,1461,Kavitha Pujari,29,1,A2
2558,1462,Manjunath Pujari,29,2,A1
2559,1463,Venkatesh Nayak,26,1,A1
2560,1464,Lakshmi Gowda,46,1,A1
2561,1465,Suresh Gowda,40,2,A1
2562,1465,Mahesh Deshmukh,45,1,A2
2563,1466,Ramesh Shetty,49,2,A1
2564,1466,Ramesh Kulkarni,33,1,A2
2565,1467,Kavitha Reddy,50,1,A1
2566,1468,Venkatesh Kumar,48,2,A1
2567,1469,Vijay Reddy,26,1,A1
2568,1469,Suresh Patil,24,1,A2
2569,1469,Ganesh Gowda,46,2,A3
2570,1470,Ramesh Gowda,50,2,A1
2571,1471,Venkatesh Rao,29,2,A1
2572,1471,Ramesh Gowda,24,2,A2
2573,1471,Mahesh Bhat,26,1,A3
2574,1472,Sunita Pujari,46,2,A1
2575,1473,Vijay Nayak,41,1,A1
2576,1473,Vijay Bhat,43,1,A2
2577,1473,Kavitha Pujari,29,1,A3
2578,1474,Suresh Kulkarni,25,1,A1
2579,1475,Priya Kumar,41,1,A1
2580,1475,Ganesh Nayak,46,2,A2
2581,1475,Sunita Shetty,29,1,A3
2582,1476,Sunita Gowda,31,1,A1
2583,1476,Kavitha Bhat,38,1,A2
2584,1476,Lakshmi Gowda,28,2,A3
2585,1477,Ramesh Gowda,37,1,A1
2586,1478,Venkatesh Kulkarni,21,1,A1
2587,1479,Suresh Pujari,21,2,A1
2588,1479,Kavitha Pujari,20,2,A2
2589,1479,Manjunath Patil,21,1,A3
2590,1480,Mahesh Hegde,32,2,A1
2591,1481,Ganesh Hegde,21,1,A1
2592,1482,Manjunath Nayak,48,1,A1
2593,1482,Mahesh Kumar,36,2,A2
2594,1483,Ramesh Kulkarni,35,2,A1
2595,1483,Lakshmi Bhat,44,2,A2
2596,1484,Sunita Hegde,22,2,A1
2597,1484,Mahesh Hegde,42,1,A2
2598,1484,Vijay Reddy,33,1,A3
2599,1485,Suresh Kumar,23,1,A1
2600,1485,Suresh Kulkarni,25,1,A2
2601,1485,Anitha Deshmukh,47,1,A3
2602,1486,Priya Kumar,25,1,A1
2603,1486,Ganesh Reddy,41,1,A2
2604,1486,Lakshmi Kulkarni,31,1,A3
2605,1487,Mahesh Patil,36,1,A1
2606,1487,Ramesh Reddy,21,2,A2
2607,1488,Lakshmi Deshmukh,37,2,A1
2608,1489,Priya Rao,30,1,A1
2609,1489,Manjunath Nayak,34,1,A2
2610,1489,Lakshmi Shetty,36,1,A3
2611,1490,Mahesh Deshmukh,22,1,A1
2612,1490,Anitha Kumar,25,1,A2
2613,1490,Suresh Kulkarni,26,1,A3
2614,1491,Priya Bhat,49,1,A1
2615,1492,Ganesh Kulkarni,37,2,A1
2616,1492,Vijay Shetty,42,2,A2
2617,1493,Ramesh Shetty,39,1,A1
2618,1493,Lakshmi Kulkarni,46,2,A2
2619,1494,Ganesh Pujari,19,2,A1
2620,1495,Mahesh Nayak,23,2,A1
2621,1495,Kavitha Kulkarni,47,2,A2
2622,1495,Vijay Kulkarni,30,2,A3
2623,1496,Priya Bhat,26,2,A1
2624,1496,Ramesh Kulkarni,25,1,A2
2625,1496,Suresh Rao,45,1,A3
2626,1497,Lakshmi Pujari,24,1,A1
2627,1498,Suresh Shetty,21,2,A1
2628,1498,Priya Bhat,41,1,A2
2629,1498,Ganesh Gowda,19,1,A3
2630,1499,Vijay Shetty,19,1,A1
2631,1499,Kavitha Bhat,23,1,A2
2632,1500,Sunita Deshmukh,20,1,A1
2633,1501,Lakshmi Nayak,22,1,A1
2634,1501,Mahesh Deshmukh,40,2,A2
2635,1501,Suresh Gowda,23,1,A3
2636,1502,Ramesh Bhat,20,1,A1
2637,1502,Suresh Gowda,33,1,A2
2638,1502,Priya Nayak,43,1,A3
2639,1503,Ganesh Pujari,39,1,A1
2640,1503,Vijay Deshmukh,23,2,A2
2641,1504,Manjunath Patil,25,1,A1
2642,1505,Mahesh Nayak,46,2,A1
2643,1505,Lakshmi Deshmukh,23,1,A2
2644,1506,Vijay Deshmukh,37,1,A1
2645,1507,Venkatesh Kumar,21,1,A1
2646,1507,Ganesh Nayak,49,1,A2
2647,1508,Priya Gowda,29,1,A1
2648,1508,Vijay Deshmukh,40,2,A2
2649,1509,Ganesh Nayak,49,1,A1
2650,1509,Anitha Reddy,50,1,A2
2651,1509,Sunita Gowda,25,1,A3
2652,1510,Vijay Kulkarni,40,1,A1
2653,1510,Sunita Bhat,50,1,A2
2654,1511,Kavitha Kumar,36,1,A1
2655,1511,Anitha Rao,30,1,A2
2656,1511,Manjunath Hegde,41,1,A3
2657,1512,Suresh Hegde,25,1,A1
2658,1513,Mahesh Shetty,44,1,A1
2659,1514,Lakshmi Pujari,35,1,A1
2660,1514,Kavitha Shetty,33,1,A2
2661,1514,Ganesh Nayak,21,1,A3
2662,1515,Anitha Shetty,43,1,A1
2663,1516,Sunita Bhat,27,1,A1
2664,1517,Venkatesh Hegde,47,1,A1
2665,1518,Ramesh Shetty,23,1,A1
2666,1519,Ramesh Pujari,31,2,A1
2667,1519,Venkatesh Reddy,29,1,A2
2668,1520,Ganesh Kulkarni,44,1,A1
2669,1520,Mahesh Reddy,39,1,A2
2670,1520,Manjunath Reddy,45,1,A3
2671,1521,Lakshmi Shetty,36,1,A1
2672,1521,Manjunath Deshmukh,25,1,A2
2673,1522,Lakshmi Kumar,33,1,A1
2674,1522,Kavitha Rao,23,2,A2
2675,1522,Vijay Deshmukh,44,1,A3
2676,1523,Venkatesh Gowda,29,1,A1
2677,1523,Vijay Hegde,44,2,A2
2678,1523,Lakshmi Patil,19,2,A3
2679,1524,Vijay Patil,45,2,A1
2680,1524,Vijay Hegde,41,1,A2
2681,1525,Vijay Rao,31,1,A1
2682,1526,Ramesh Hegde,26,1,A1
2683,1527,Anitha Deshmukh,21,1,A1
2684,1527,Ramesh Hegde,27,2,A2
2685,1527,Sunita Patil,46,1,A3
2686,1528,Lakshmi Kumar,36,2,A1
2687,1529,Ganesh Pujari,40,1,A1
2688,1530,Suresh Rao,37,2,A1
2689,1530,Priya Bhat,27,2,A2
2690,1531,Kavitha Reddy,44,2,A1
2691,1532,Manjunath Kulkarni,25,1,A1
2692,1532,Lakshmi Hegde,50,1,A2
2693,1533,Priya Pujari,38,2,A1
2694,1533,Vijay Gowda,23,1,A2
2695,1534,Anitha Bhat,22,2,A1
2696,1534,Sunita Bhat,28,1,A2
2697,1534,Suresh Nayak,24,1,A3
2698,1535,Manjunath Nayak,27,2,A1
2699,1535,Suresh Shetty,43,1,A2
2700,1536,Sunita Kumar,40,2,A1
2701,1537,Vijay Rao,24,1,A1
2702,1538,Suresh Bhat,20,1,A1
2703,1539,Priya Rao,42,1,A1
2704,1540,Suresh Patil,28,1,A1
2705,1541,Mahesh Kulkarni,43,1,A1
2706,1542,Vijay Nayak,38,2,A1
2707,1543,Suresh Nayak,39,1,A1
2708,1544,Lakshmi Kumar,40,1,A1
2709,1545,Kavitha Gowda,32,1,A1
2710,1545,Mahesh Kulkarni,49,1,A2
2711,1546,Priya Deshmukh,20,2,A1
2712,1547,Anitha Gowda,27,1,A1
2713,1548,Ramesh Patil,45,1,A1
2714,1549,Ganesh Hegde,23,1,A1
2715,1549,Ganesh Bhat,20,1,A2
2716,1550,Suresh Shetty,21,1,A1
2717,1551,Ramesh Bhat,27,1,A1
2718,1551,Manjunath Deshmukh,49,1,A2
2719,1552,Priya Gowda,38,2,A1
2720,1553,Vijay Rao,31,1,A1
2721,1553,Suresh Pujari,30,1,A2
2722,1554,Manjunath Deshmukh,41,2,A1
2723,1555,Priya Bhat,44,1,A1
2724,1555,Ganesh Gowda,41,1,A2
2725,1556,Lakshmi Patil,49,1,A1
2726,1556,Ganesh Pujari,40,2,A2
2727,1556,Kavitha Pujari,27,1,A3
2728,1557,Kavitha Bhat,25,2,A1
2729,1558,Anitha Rao,44,1,A1
2730,1559,Kavitha Reddy,32,1,A1
2731,1560,Suresh Kumar,21,1,A1
2732,1561,Vijay Patil,48,2,A1
2733,1562,Anitha Hegde,22,1,A1
2734,1563,Kavitha Kumar,43,1,A1
2735,1564,Sunita Patil,42,1,A1
2736,1565,Lakshmi Rao,30,2,A1
2737,1565,Manjunath Gowda,29,2,A2
2738,1566,Lakshmi Shetty,47,1,A1
2739,1567,Manjunath Nayak,24,2,A1
2740,1568,Anitha Kulkarni,38,1,A1
2741,1569,Priya Pujari,43,1,A1
2742,1569,Ramesh Hegde,49,1,A2
2743,1570,Sunita Kulkarni,30,2,A1
2744,1571,Ramesh Deshmukh,30,1,A1
2745,1572,Sunita Reddy,41,1,A1
2746,1572,Kavitha Shetty,30,1,A2
2747,1572,Sunita Gowda,28,1,A3
2748,1573,Vijay Shetty,45,1,A1
2749,1574,Priya Shetty,20,1,A1
2750,1574,Mahesh Kulkarni,34,1,A2
2751,1575,Vijay Kumar,34,1,A1
2752,1576,Ramesh Kumar,27,1,A1
2753,1576,Ramesh Bhat,43,1,A2
2754,1577,Ramesh Kumar,49,2,A1
2755,1578,Kavitha Shetty,39,2,A1
2756,1578,Vijay Reddy,34,1,A2
2757,1578,Sunita Kulkarni,46,1,A3
2758,1579,Sunita Reddy,44,1,A1
2759,1580,Manjunath Gowda,48,2,A1
2760,1581,Anitha Kulkarni,37,1,A1
2761,1582,Sunita Pujari,45,1,A1
2762,1582,Suresh Rao,50,2,A2
2763,1582,Priya Bhat,26,2,A3
2764,1583,Sunita Pujari,39,2,A1
2765,1583,Mahesh Kulkarni,30,2,A2
2766,1583,Ramesh Kumar,27,1,A3
2767,1584,Venkatesh Deshmukh,34,1,A1
2768,1584,Lakshmi Patil,30,1,A2
2769,1584,Vijay Nayak,50,1,A3
2770,1585,Venkatesh Shetty,44,1,A1
2771,1585,Mahesh Reddy,22,1,A2
2772,1586,Venkatesh Kulkarni,37,2,A1
2773,1586,Manjunath Nayak,31,1,A2
2774,1587,Lakshmi Pujari,29,1,A1
2775,1588,Ganesh Bhat,43,1,A1
2776,1588,Kavitha Deshmukh,20,1,A2
2777,1589,Venkatesh Reddy,46,2,A1
2778,1589,Mahesh Rao,36,1,A2
2779,1589,Manjunath Bhat,32,2,A3
2780,1590,Vijay Deshmukh,41,1,A1
2781,1591,Mahesh Reddy,41,1,A1
2782,1592,Kavitha Pujari,33,2,A1
2783,1593,Manjunath Bhat,29,1,A1
2784,1593,Priya Patil,30,1,A2
2785,1594,Lakshmi Nayak,50,1,A1
2786,1594,Priya Gowda,42,2,A2
2787,1594,Ganesh Shetty,47,2,A3
2788,1595,Sunita Nayak,38,1,A1
2789,1595,Lakshmi Shetty,19,1,A2
2790,1596,Venkatesh Deshmukh,42,1,A1
2791,1596,Suresh Gowda,27,2,A2
2792,1597,Sunita Deshmukh,48,1,A1
2793,1598,Priya Deshmukh,33,1,A1
2794,1598,Priya Shetty,25,1,A2
2795,1599,Manjunath Reddy,43,1,A1
2796,1600,Kavitha Pujari,35,2,A1
2797,1601,Manjunath Pujari,46,1,A1
2798,1601,Ramesh Hegde,41,1,A2
2799,1601,Manjunath Nayak,32,1,A3
2800,1602,Mahesh Deshmukh,22,1,A1
2801,1603,Suresh Deshmukh,34,1,A1
2802,1604,Anitha Bhat,25,2,A1
2803,1604,Venkatesh Patil,32,1,A2
2804,1605,Priya Deshmukh,43,1,A1
2805,1606,Vijay Pujari,30,1,A1
2806,1607,Venkatesh Kumar,34,1,A1
2807,1608,Manjunath Rao,45,1,A1
2808,1609,Priya Reddy,25,1,A1
2809,1609,Suresh Patil,44,1,A2
2810,1610,Manjunath Gowda,42,1,A1
2811,1610,Venkatesh Kumar,23,1,A2
2812,1610,Kavitha Gowda,39,1,A3
2813,1611,Vijay Deshmukh,24,1,A1
2814,1612,Kavitha Kulkarni,34,2,A1
2815,1613,Vijay Rao,35,1,A1
2816,1613,Lakshmi Nayak,36,1,A2
2817,1613,Sunita Patil,19,1,A3
2818,1614,Sunita Patil,40,2,A1
2819,1614,Priya Kumar,44,1,A2
2820,1614,Ramesh Kulkarni,32,1,A3
2821,1615,Kavitha Bhat,35,1,A1
2822,1615,Vijay Hegde,42,1,A2
2823,1616,Sunita Kulkarni,26,2,A1
2824,1617,Manjunath Kulkarni,25,1,A1
2825,1618,Ramesh Deshmukh,26,2,A1
2826,1618,Ganesh Reddy,37,1,A2
2827,1619,Sunita Nayak,28,1,A1
2828,1619,Suresh Nayak,22,1,A2
2829,1620,Venkatesh Bhat,41,1,A1
2830,1620,Mahesh Reddy,35,1,A2
2831,1620,Mahesh Gowda,48,2,A3
2832,1621,Manjunath Rao,47,2,A1
2833,1621,Ramesh Kulkarni,26,1,A2
2834,1622,Lakshmi Pujari,32,1,A1
2835,1623,Ganesh Rao,40,1,A1
2836,1623,Kavitha Kumar,34,1,A2
2837,1623,Mahesh Reddy,43,2,A3
2838,1624,Priya Kulkarni,32,2,A1
2839,1625,Ramesh Shetty,20,1,A1
2840,1626,Ganesh Rao,37,1,A1
2841,1626,Anitha Gowda,27,1,A2
2842,1627,Mahesh Kumar,25,2,A1
2843,1628,Ganesh Rao,49,2,A1
2844,1628,Priya Kumar,23,1,A2
2845,1628,Anitha Gowda,25,2,A3
2846,1629,Vijay Kulkarni,30,2,A1
2847,1630,Suresh Patil,36,1,A1
2848,1630,Ganesh Pujari,34,2,A2
2849,1630,Vijay Bhat,50,1,A3
2850,1631,Ganesh Pujari,24,1,A1
2851,1632,Vijay Reddy,29,1,A1
2852,1632,Lakshmi Nayak,36,2,A2
2853,1633,Priya Nayak,41,1,A1
2854,1634,Manjunath Kumar,36,1,A1
2855,1634,Kavitha Rao,40,2,A2
2856,1634,Ramesh Hegde,21,2,A3
2857,1635,Vijay Nayak,35,1,A1
2858,1636,Venkatesh Kulkarni,43,1,A1
2859,1636,Manjunath Shetty,34,1,A2
2860,1636,Suresh Kulkarni,49,1,A3
2861,1637,Ramesh Nayak,42,2,A1
2862,1638,Manjunath Patil,46,1,A1
2863,1638,Vijay Shetty,34,1,A2
2864,1639,Vijay Shetty,22,2,A1
2865,1639,Ganesh Patil,48,1,A2
2866,1639,Ramesh Gowda,35,1,A3
2867,1640,Venkatesh Reddy,24,1,A1
2868,1641,Ganesh Rao,43,1,A1
2869,1641,Suresh Gowda,25,1,A2
2870,1641,Manjunath Kumar,38,1,A3
2871,1642,Sunita Hegde,28,1,A1
2872,1642,Mahesh Hegde,46,1,A2
2873,1642,Anitha Hegde,33,1,A3
2874,1643,Mahesh Patil,23,2,A1
2875,1643,Priya Deshmukh,25,2,A2
2876,1643,Kavitha Hegde,41,1,A3
2877,1644,Priya Rao,35,2,A1
2878,1644,Sunita Deshmukh,22,2,A2
2879,1645,Vijay Kulkarni,21,1,A1
2880,1645,Lakshmi Nayak,25,2,A2
2881,1646,Ganesh Rao,48,1,A1
2882,1646,Lakshmi Shetty,37,1,A2
2883,1646,Ganesh Gowda,30,2,A3
2884,1647,Lakshmi Deshmukh,49,1,A1
2885,1647,Sunita Hegde,48,1,A2
2886,1648,Suresh Reddy,35,1,A1
2887,1649,Manjunath Patil,34,2,A1
2888,1650,Venkatesh Hegde,43,2,A1
2889,1650,Priya Rao,30,1,A2
2890,1651,Anitha Reddy,35,1,A1
2891,1651,Vijay Gowda,39,1,A2
2892,1651,Manjunath Patil,29,1,A3
2893,1652,Mahesh Rao,50,2,A1
2894,1653,Kavitha Rao,49,1,A1
2895,1654,Kavitha Hegde,21,1,A1
2896,1654,Anitha Kulkarni,32,1,A2
2897,1654,Priya Reddy,26,1,A3
2898,1655,Manjunath Rao,32,1,A1
2899,1656,Ramesh Patil,38,1,A1
2900,1656,Anitha Hegde,25,1,A2
2901,1657,Sunita Gowda,46,2,A1
2902,1658,Vijay Gowda,48,1,A1
2903,1658,Ramesh Nayak,39,2,A2
2904,1658,Vijay Bhat,22,2,A3
2905,1659,Vijay Reddy,30,2,A1
2906,1659,Vijay Nayak,27,1,A2
2907,1659,Venkatesh Gowda,48,1,A3
2908,1660,Manjunath Deshmukh,42,1,A1
2909,1661,Mahesh Kumar,27,1,A1
2910,1662,Ramesh Gowda,27,2,A1
2911,1662,Mahesh Bhat,42,1,A2
2912,1663,Ramesh Kulkarni,40,2,A1
2913,1663,Kavitha Deshmukh,38,2,A2
2914,1663,Venkatesh Kumar,41,1,A3
2915,1664,Manjunath Deshmukh,29,1,A1
2916,1665,Vijay Deshmukh,23,1,A1
2917,1666,Lakshmi Pujari,32,1,A1
2918,1667,Manjunath Reddy,31,1,A1
2919,1667,Suresh Shetty,45,1,A2
2920,1667,Vijay Shetty,35,1,A3
2921,1668,Mahesh Deshmukh,22,1,A1
2922,1669,Lakshmi Nayak,45,1,A1
2923,1669,Manjunath Hegde,36,1,A2
2924,1670,Anitha Patil,48,2,A1
2925,1671,Ganesh Kumar,27,1,A1
2926,1672,Ramesh Kulkarni,19,2,A1
2927,1673,Lakshmi Nayak,23,2,A1
2928,1673,Anitha Shetty,50,2,A2
2929,1674,Lakshmi Reddy,42,2,A1
2930,1674,Anitha Bhat,23,1,A2
2931,1675,Priya Hegde,47,1,A1
2932,1676,Sunita Patil,26,1,A1
2933,1676,Mahesh Shetty,31,1,A2
2934,1677,Ramesh Reddy,35,1,A1
2935,1678,Sunita Patil,28,1,A1
2936,1678,Manjunath Shetty,33,2,A2
2937,1678,Manjunath Pujari,48,1,A3
2938,1679,Ganesh Bhat,25,1,A1
2939,1679,Priya Shetty,33,2,A2
2940,1680,Venkatesh Kumar,44,1,A1
2941,1681,Lakshmi Deshmukh,34,2,A1
2942,1682,Sunita Hegde,37,1,A1
2943,1682,Priya Bhat,34,1,A2
2944,1682,Manjunath Reddy,43,1,A3
2945,1683,Lakshmi Gowda,20,1,A1
2946,1684,Venkatesh Patil,48,2,A1
2947,1684,Manjunath Shetty,27,1,A2
2948,1684,Sunita Kumar,33,1,A3
2949,1685,Priya Kulkarni,19,1,A1
2950,1685,Ganesh Rao,46,1,A2
2951,1685,Ramesh Deshmukh,35,1,A3
2952,1686,Mahesh Pujari,29,2,A1
2953,1686,Manjunath Patil,45,1,A2
2954,1687,Suresh Rao,39,2,A1
2955,1687,Suresh Shetty,45,2,A2
2956,1687,Sunita Gowda,19,1,A3
2957,1688,Manjunath Kumar,39,1,A1
2958,1688,Lakshmi Deshmukh,35,1,A2
2959,1688,Mahesh Kumar,37,1,A3
2960,1689,Ganesh Nayak,34,1,A1
2961,1689,Ramesh Rao,32,2,A2
2962,1690,Anitha Pujari,38,1,A1
2963,1691,Priya Rao,36,1,A1
2964,1692,Ganesh Deshmukh,41,1,A1
2965,1693,Manjunath Reddy,33,1,A1
2966,1694,Vijay Shetty,47,1,A1
2967,1694,Vijay Hegde,41,1,A2
2968,1695,Sunita Reddy,43,2,A1
2969,1696,Anitha Deshmukh,50,1,A1
2970,1696,Anitha Shetty,44,2,A2
2971,1697,Ganesh Kulkarni,39,1,A1
2972,1697,Ramesh Pujari,25,1,A2
2973,1697,Anitha Gowda,48,1,A3
2974,1698,Kavitha Shetty,33,2,A1
2975,1698,Sunita Gowda,26,2,A2
2976,1698,Vijay Reddy,32,1,A3
2977,1699,Ramesh Pujari,31,1,A1
2978,1699,Ramesh Shetty,26,2,A2
2979,1699,Suresh Gowda,40,1,A3
2980,1700,Lakshmi Rao,30,2,A1
2981,1701,Venkatesh Bhat,50,1,A1
2982,1701,Sunita Shetty,23,1,A2
2983,1701,Anitha Deshmukh,43,1,A3
2984,1702,Suresh Patil,40,2,A1
2985,1703,Ramesh Hegde,23,2,A1
2986,1704,Anitha Reddy,26,1,A1
2987,1704,Suresh Patil,45,1,A2
2988,1704,Vijay Nayak,41,1,A3
2989,1705,Priya Kumar,48,1,A1
2990,1706,Ganesh Kulkarni,41,1,A1
2991,1706,Ramesh Kumar,50,1,A2
2992,1707,Anitha Shetty,26,2,A1
2993,1708,Sunita Rao,38,1,A1
2994,1709,Ramesh Rao,39,2,A1
2995,1710,Lakshmi Gowda,40,1,A1
2996,1710,Sunita Reddy,45,1,A2
2997,1711,Vijay Shetty,29,1,A1
2998,1712,Kavitha Kulkarni,27,1,A1
2999,1713,Mahesh Patil,30,2,A1
3000,1713,Anitha Rao,44,1,A2
3001,1714,Suresh Shetty,30,1,A1
3002,1715,Vijay Rao,47,2,A1
3003,1716,Suresh Nayak,48,1,A1
3004,1717,Manjunath Kulkarni,34,1,A1
3005,1718,Priya Kulkarni,20,1,A1
3006,1719,Suresh Patil,42,2,A1
3007,1720,Kavitha Pujari,48,2,A1
3008,1721,Priya Rao,43,2,A1
3009,1721,Sunita Pujari,28,1,A2
3010,1722,Anitha Deshmukh,19,2,A1
3011,1722,Manjunath Nayak,39,1,A2
3012,1723,Lakshmi Kulkarni,28,1,A1
3013,1723,Priya Pujari,22,1,A2
3014,1723,Manjunath Pujari,26,1,A3
3015,1724,Suresh Bhat,41,1,A1
3016,1725,Priya Reddy,21,2,A1
3017,1725,Sunita Hegde,47,1,A2
3018,1725,Vijay Kulkarni,24,1,A3
3019,1726,Venkatesh Kumar,48,1,A1
3020,1727,Priya Shetty,24,1,A1
3021,1727,Manjunath Rao,47,1,A2
3022,1728,Sunita Hegde,32,2,A1
3023,1728,Suresh Gowda,38,2,A2
3024,1729,Manjunath Deshmukh,44,1,A1
3025,1729,Suresh Hegde,36,1,A2
3026,1729,Manjunath Pujari,36,1,A3
3027,1730,Vijay Rao,43,2,A1
3028,1730,Ganesh Bhat,32,2,A2
3029,1731,Ganesh Pujari,43,2,A1
3030,1731,Vijay Kumar,22,1,A2
3031,1731,Manjunath Rao,46,1,A3
3032,1732,Manjunath Shetty,30,1,A1
3033,1732,Ramesh Bhat,35,2,A2
3034,1733,Mahesh Bhat,44,1,A1
3035,1733,Ramesh Deshmukh,21,1,A2
3036,1734,Mahesh Bhat,46,2,A1
3037,1734,Manjunath Shetty,42,2,A2
3038,1735,Sunita Gowda,50,1,A1
3039,1736,Vijay Shetty,21,2,A1
3040,1737,Vijay Reddy,20,1,A1
3041,1737,Ganesh Shetty,31,1,A2
3042,1738,Lakshmi Kulkarni,46,1,A1
3043,1739,Ramesh Deshmukh,33,1,A1
3044,1739,Sunita Hegde,44,2,A2
3045,1739,Vijay Gowda,50,2,A3
3046,1740,Manjunath Gowda,45,1,A1
3047,1741,Ramesh Hegde,48,2,A1
3048,1741,Lakshmi Nayak,44,2,A2
3049,1742,Vijay Nayak,47,1,A1
3050,1743,Suresh Shetty,49,1,A1
3051,1743,Kavitha Hegde,27,1,A2
3052,1743,Ganesh Nayak,38,1,A3
3053,1744,Suresh Kumar,48,1,A1
3054,1745,Kavitha Gowda,33,2,A1
3055,1746,Venkatesh Kulkarni,50,1,A1
3056,1747,Mahesh Rao,39,2,A1
3057,1747,Mahesh Nayak,49,2,A2
3058,1747,Anitha Rao,33,2,A3
3059,1748,Manjunath Reddy,27,2,A1
3060,1748,Lakshmi Patil,32,1,A2
3061,1748,Sunita Patil,25,2,A3
3062,1749,Mahesh Reddy,20,1,A1
3063,1749,Anitha Patil,40,1,A2
3064,1749,Vijay Shetty,32,1,A3
3065,1750,Suresh Kulkarni,30,2,A1
3066,1750,Kavitha Shetty,25,2,A2
3067,1751,Venkatesh Hegde,39,1,A1
3068,1752,Manjunath Kulkarni,41,1,A1
3069,1753,Venkatesh Gowda,38,1,A1
3070,1753,Suresh Patil,40,1,A2
3071,1754,Sunita Reddy,21,1,A1
3072,1755,Ramesh Kumar,33,1,A1
3073,1755,Anitha Deshmukh,50,2,A2
3074,1755,Vijay Deshmukh,27,1,A3
3075,1756,Suresh Nayak,50,1,A1
3076,1757,Manjunath Rao,27,1,A1
3077,1757,Lakshmi Shetty,32,1,A2
3078,1758,Sunita Kulkarni,25,2,A1
3079,1759,Lakshmi Bhat,28,1,A1
3080,1760,Kavitha Deshmukh,42,2,A1
3081,1761,Lakshmi Patil,49,1,A1
3082,1761,Priya Gowda,20,1,A2
3083,1761,Kavitha Reddy,21,2,A3
3084,1762,Suresh Pujari,27,2,A1
3085,1763,Suresh Patil,24,2,A1
3086,1764,Sunita Gowda,43,1,A1
3087,1764,Vijay Gowda,34,1,A2
3088,1765,Ramesh Hegde,19,1,A1
3089,1766,Ganesh Hegde,22,1,A1
3090,1767,Mahesh Bhat,40,2,A1
3091,1767,Sunita Nayak,26,2,A2
3092,1768,Venkatesh Kumar,32,1,A1
3093,1769,Vijay Pujari,45,1,A1
3094,1770,Ganesh Pujari,20,2,A1
3095,1770,Mahesh Patil,48,1,A2
3096,1771,Ramesh Shetty,44,2,A1
3097,1772,Suresh Hegde,48,1,A1
3098,1773,Lakshmi Shetty,38,1,A1
3099,1773,Vijay Gowda,44,1,A2
3100,1773,Priya Kumar,44,1,A3
3101,1774,Priya Hegde,26,2,A1
3102,1774,Ramesh Rao,41,1,A2
3103,1775,Lakshmi Hegde,24,1,A1
3104,1775,Suresh Kulkarni,49,2,A2
3105,1776,Sunita Deshmukh,39,1,A1
3106,1777,Kavitha Pujari,27,1,A1
3107,1777,Mahesh Pujari,44,1,A2
3108,1778,Venkatesh Hegde,39,1,A1
3109,1779,Sunita Shetty,40,1,A1
3110,1779,Anitha Kulkarni,40,2,A2
3111,1780,Ganesh Bhat,27,1,A1
3112,1780,Ramesh Kumar,47,1,A2
3113,1780,Ramesh Patil,44,1,A3
3114,1781,Lakshmi Bhat,44,1,A1
3115,1781,Manjunath Gowda,46,1,A2
3116,1781,Vijay Deshmukh,28,2,A3
3117,1782,Vijay Pujari,36,1,A1
3118,1782,Ramesh Rao,42,1,A2
3119,1782,Ganesh Kulkarni,20,2,A3
3120,1783,Lakshmi Hegde,35,1,A1
3121,1783,Mahesh Pujari,32,1,A2
3122,1783,Lakshmi Hegde,40,1,A3
3123,1784,Kavitha Rao,23,1,A1
3124,1785,Priya Patil,42,1,A1
3125,1786,Suresh Patil,25,1,A1
3126,1786,Venkatesh Rao,41,1,A2
3127,1786,Lakshmi Hegde,35,2,A3
3128,1787,Sunita Rao,27,1,A1
3129,1788,Vijay Deshmukh,35,1,A1
3130,1788,Sunita Pujari,23,1,A2
3131,1789,Sunita Pujari,49,1,A1
3132,1790,Manjunath Kulkarni,23,1,A1
3133,1790,Mahesh Reddy,35,2,A2
3134,1791,Suresh Bhat,22,1,A1
3135,1792,Vijay Bhat,32,1,A1
3136,1793,Sunita Patil,23,1,A1
3137,1793,Priya Bhat,23,1,A2
3138,1793,Ramesh Kulkarni,43,1,A3
3139,1794,Venkatesh Kumar,26,1,A1
3140,1795,Suresh Pujari,41,1,A1
3141,1795,Venkatesh Bhat,41,1,A2
3142,1795,Mahesh Hegde,21,1,A3
3143,1796,Suresh Patil,41,1,A1
3144,1796,Priya Gowda,26,1,A2
3145,1797,Ramesh Reddy,25,1,A1
3146,1797,Sunita Hegde,41,1,A2
3147,1797,Manjunath Gowda,41,1,A3
3148,1798,Vijay Rao,49,1,A1
3149,1798,Venkatesh Kulkarni,34,1,A2
3150,1799,Suresh Shetty,47,2,A1
3151,1800,Kavitha Hegde,41,1,A1
3152,1801,Ramesh Kulkarni,46,1,A1
3153,1801,Mahesh Deshmukh,27,1,A2
3154,1801,Vijay Kumar,24,2,A3
3155,1802,Anitha Bhat,30,1,A1
3156,1802,Anitha Patil,31,1,A2
3157,1802,Sunita Deshmukh,27,1,A3
3158,1803,Vijay Shetty,24,1,A1
3159,1803,Sunita Kulkarni,21,1,A2
3160,1804,Manjunath Pujari,46,2,A1
3161,1804,Ganesh Bhat,23,1,A2
3162,1805,Ganesh Kulkarni,19,2,A1
3163,1806,Ramesh Deshmukh,29,1,A1
3164,1806,Suresh Gowda,49,2,A2
3165,1807,Suresh Hegde,27,1,A1
3166,1808,Ramesh Kumar,43,1,A1
3167,1808,Lakshmi Rao,46,2,A2
3168,1809,Kavitha Pujari,30,1,A1
3169,1810,Manjunath Kulkarni,24,1,A1
3170,1810,Suresh Nayak,38,1,A2
3171,1810,Suresh Rao,37,2,A3
3172,1811,Lakshmi Hegde,47,1,A1
3173,1812,Sunita Reddy,28,1,A1
3174,1813,Anitha Rao,19,2,A1
3175,1813,Sunita Reddy,33,1,A2
3176,1813,Venkatesh Kulkarni,37,1,A3
3177,1814,Manjunath Nayak,49,2,A1
3178,1815,Ramesh Bhat,45,1,A1
3179,1815,Sunita Kulkarni,29,1,A2
3180,1816,Anitha Deshmukh,31,1,A1
3181,1817,Sunita Reddy,40,1,A1
3182,1817,Kavitha Pujari,44,1,A2
3183,1817,Anitha Rao,47,1,A3
3184,1818,Lakshmi Rao,45,1,A1
3185,1818,Priya Shetty,41,1,A2
3186,1819,Vijay Pujari,49,2,A1
3187,1820,Suresh Gowda,37,1,A1
3188,1820,Mahesh Nayak,35,1,A2
3189,1821,Ramesh Shetty,25,2,A1
3190,1822,Lakshmi Deshmukh,34,1,A1
3191,1822,Kavitha Rao,34,1,A2
3192,1823,Mahesh Kulkarni,33,1,A1
3193,1823,Manjunath Gowda,48,2,A2
3194,1824,Vijay Bhat,35,1,A1
3195,1825,Suresh Hegde,26,2,A1
3196,1826,Lakshmi Shetty,34,2,A1
3197,1826,Vijay Kumar,42,2,A2
3198,1827,Kavitha Reddy,37,1,A1
3199,1827,Ganesh Bhat,31,1,A2
3200,1827,Sunita Deshmukh,37,1,A3
3201,1828,Ramesh Pujari,38,1,A1
3202,1829,Ramesh Pujari,41,2,A1
3203,1830,Sunita Rao,26,2,A1
3204,1830,Anitha Gowda,48,1,A2
3205,1831,Venkatesh Patil,28,1,A1
3206,1831,Venkatesh Reddy,39,1,A2
3207,1832,Ganesh Kulkarni,34,1,A1
3208,1832,Venkatesh Pujari,44,1,A2
3209,1832,Manjunath Shetty,47,1,A3
3210,1833,Priya Nayak,28,2,A1
3211,1834,Sunita Patil,24,1,A1
3212,1834,Vijay Kulkarni,27,1,A2
3213,1835,Priya Shetty,25,1,A1
3214,1836,Ganesh Shetty,32,1,A1
3215,1837,Manjunath Deshmukh,33,2,A1
3216,1837,Sunita Shetty,40,1,A2
3217,1838,Sunita Gowda,26,1,A1
3218,1838,Kavitha Deshmukh,21,2,A2
3219,1839,Priya Reddy,49,1,A1
3220,1839,Venkatesh Hegde,33,1,A2
3221,1839,Suresh Patil,43,1,A3
3222,1840,Priya Kulkarni,47,1,A1
3223,1840,Sunita Nayak,20,1,A2
3224,1840,Priya Kulkarni,27,1,A3
3225,1841,Venkatesh Shetty,20,1,A1
3226,1841,Priya Kulkarni,35,1,A2
3227,1842,Ramesh Hegde,20,2,A1
3228,1843,Lakshmi Shetty,41,1,A1
3229,1843,Vijay Rao,42,1,A2
3230,1843,Vijay Hegde,42,1,A3
3231,1844,Ramesh Kumar,37,1,A1
3232,1844,Vijay Kulkarni,24,1,A2
3233,1844,Ganesh Nayak,42,1,A3
3234,1845,Manjunath Gowda,35,1,A1
3235,1846,Priya Gowda,30,1,A1
3236,1847,Priya Bhat,48,1,A1
3237,1847,Anitha Gowda,44,1,A2
3238,1847,Ganesh Bhat,24,1,A3
3239,1848,Anitha Reddy,35,2,A1
3240,1848,Vijay Shetty,34,1,A2
3241,1848,Vijay Bhat,44,1,A3
3242,1849,Venkatesh Reddy,48,1,A1
3243,1849,Kavitha Reddy,31,2,A2
3244,1849,Sunita Reddy,39,1,A3
3245,1850,Ganesh Nayak,35,1,A1
3246,1850,Venkatesh Bhat,39,1,A2
3247,1851,Anitha Bhat,45,2,A1
3248,1852,Anitha Nayak,41,1,A1
3249,1852,Vijay Pujari,29,2,A2
3250,1852,Priya Nayak,33,1,A3
3251,1853,Ramesh Bhat,39,1,A1
3252,1854,Vijay Hegde,30,2,A1
3253,1854,Anitha Kulkarni,50,2,A2
3254,1855,Sunita Pujari,42,2,A1
3255,1855,Sunita Bhat,19,1,A2
3256,1856,Manjunath Kumar,24,1,A1
3257,1856,Suresh Nayak,31,1,A2
3258,1856,Priya Hegde,50,1,A3
3259,1857,Ganesh Bhat,41,1,A1
3260,1857,Kavitha Reddy,45,1,A2
3261,1858,Suresh Pujari,35,2,A1
3262,1859,Priya Kulkarni,24,1,A1
3263,1859,Suresh Nayak,30,2,A2
3264,1859,Venkatesh Patil,30,1,A3
3265,1860,Priya Kumar,41,1,A1
3266,1861,Sunita Deshmukh,40,1,A1
3267,1862,Ramesh Hegde,43,2,A1
3268,1862,Mahesh Deshmukh,37,1,A2
3269,1862,Suresh Pujari,32,1,A3
3270,1863,Mahesh Pujari,37,1,A1
3271,1864,Venkatesh Reddy,36,1,A1
3272,1865,Ganesh Shetty,29,1,A1
3273,1865,Priya Reddy,48,1,A2
3274,1865,Anitha Nayak,36,1,A3
3275,1866,Anitha Kulkarni,27,2,A1
3276,1867,Venkatesh Pujari,27,1,A1
3277,1868,Manjunath Reddy,30,2,A1
3278,1868,Ramesh Pujari,22,1,A2
3279,1869,Ganesh Kumar,49,1,A1
3280,1869,Kavitha Patil,47,1,A2
3281,1869,Venkatesh Nayak,22,1,A3
3282,1870,Mahesh Patil,40,1,A1
3283,1871,Ramesh Shetty,30,1,A1
3284,1871,Suresh Kumar,45,1,A2
3285,1871,Venkatesh Reddy,28,1,A3
3286,1872,Anitha Hegde,40,1,A1
3287,1873,Mahesh Kulkarni,35,1,A1
3288,1873,Vijay Gowda,30,1,A2
3289,1874,Suresh Patil,41,2,A1
3290,1875,Priya Reddy,31,1,A1
3291,1875,Kavitha Nayak,31,2,A2
3292,1875,Suresh Nayak,33,1,A3
3293,1876,Priya Patil,28,2,A1
3294,1876,Lakshmi Patil,39,1,A2
3295,1876,Ganesh Nayak,22,1,A3
3296,1877,Manjunath Patil,23,1,A1
3297,1878,Ramesh Shetty,31,1,A1
3298,1878,Vijay Nayak,30,1,A2
3299,1878,Venkatesh Rao,20,1,A3
3300,1879,Sunita Kulkarni,20,1,A1
3301,1879,Manjunath Pujari,50,2,A2
3302,1880,Manjunath Bhat,47,1,A1
3303,1881,Ganesh Rao,22,1,A1
3304,1881,Suresh Gowda,49,2,A2
3305,1881,Manjunath Gowda,24,1,A3
3306,1882,Anitha Kulkarni,46,1,A1
3307,1882,Sunita Gowda,36,2,A2
3308,1882,Kavitha Rao,41,1,A3
3309,1883,Sunita Kulkarni,47,1,A1
3310,1884,Sunita Bhat,43,1,A1
3311,1884,Ramesh Shetty,22,1,A2
3312,1885,Lakshmi Reddy,50,1,A1
3313,1885,Anitha Deshmukh,30,2,A2
3314,1885,Venkatesh Kumar,27,1,A3
3315,1886,Vijay Hegde,22,1,A1
3316,1886,Anitha Bhat,44,1,A2
3317,1887,Priya Hegde,20,1,A1
3318,1887,Priya Hegde,36,1,A2
3319,1887,Vijay Hegde,20,1,A3
3320,1888,Manjunath Reddy,25,1,A1
3321,1888,Ramesh Pujari,48,1,A2
3322,1889,Anitha Reddy,19,1,A1
3323,1890,Lakshmi Pujari,35,2,A1
3324,1890,Venkatesh Kumar,25,2,A2
3325,1890,Suresh Rao,49,1,A3
3326,1891,Suresh Patil,47,2,A1
3327,1891,Lakshmi Rao,41,1,A2
3328,1892,Vijay Kulkarni,24,1,A1
3329,1892,Ganesh Kumar,25,1,A2
3330,1892,Manjunath Rao,36,1,A3
3331,1893,Ganesh Hegde,32,1,A1
3332,1894,Ramesh Deshmukh,38,1,A1
3333,1895,Kavitha Rao,34,1,A1
3334,1895,Priya Gowda,38,1,A2
3335,1895,Ganesh Kumar,30,1,A3
3336,1896,Sunita Nayak,20,1,A1
3337,1897,Venkatesh Shetty,21,1,A1
3338,1898,Venkatesh Kumar,27,1,A1
3339,1898,Mahesh Patil,41,1,A2
3340,1899,Ramesh Reddy,21,1,A1
3341,1900,Venkatesh Rao,39,1,A1
3342,1900,Anitha Bhat,28,2,A2
3343,1901,Lakshmi Deshmukh,24,1,A1
3344,1902,Ramesh Rao,50,2,A1
3345,1902,Vijay Bhat,27,1,A2
3346,1902,Kavitha Kulkarni,36,1,A3
3347,1903,Ganesh Gowda,50,1,A1
3348,1903,Sunita Reddy,50,1,A2
3349,1904,Ramesh Bhat,49,1,A1
3350,1905,Anitha Hegde,40,1,A1
3351,1906,Vijay Kulkarni,23,1,A1
3352,1906,Kavitha Patil,45,1,A2
3353,1907,Venkatesh Reddy,48,1,A1
3354,1908,Mahesh Nayak,46,2,A1
3355,1908,Anitha Kulkarni,27,1,A2
3356,1909,Sunita Hegde,33,1,A1
3357,1909,Sunita Kumar,24,1,A2
3358,1910,Suresh Patil,24,1,A1
3359,1911,Vijay Kulkarni,50,1,A1
3360,1911,Venkatesh Reddy,31,1,A2
3361,1912,Venkatesh Hegde,41,1,A1
3362,1913,Priya Gowda,38,1,A1
3363,1914,Priya Reddy,37,2,A1
3364,1914,Vijay Pujari,21,1,A2
3365,1914,Kavitha Patil,41,1,A3
3366,1915,Vijay Hegde,22,1,A1
3367,1916,Ganesh Kumar,27,1,A1
3368,1916,Sunita Patil,49,1,A2
3369,1917,Priya Nayak,23,1,A1
3370,1917,Priya Pujari,34,1,A2
3371,1917,Priya Kulkarni,44,1,A3
3372,1918,Mahesh Pujari,27,1,A1
3373,1918,Priya Gowda,49,1,A2
3374,1919,Kavitha Deshmukh,44,1,A1
3375,1920,Kavitha Hegde,22,1,A1
3376,1920,Manjunath Kumar,45,1,A2
3377,1920,Suresh Shetty,22,1,A3
3378,1921,Lakshmi Kumar,22,1,A1
3379,1922,Anitha Hegde,40,1,A1
3380,1922,Sunita Shetty,48,1,A2
3381,1923,Anitha Hegde,46,1,A1
3382,1924,Sunita Shetty,44,1,A1
3383,1925,Venkatesh Bhat,38,1,A1
3384,1925,Kavitha Hegde,28,2,A2
3385,1926,Kavitha Nayak,41,1,A1
3386,1926,Ramesh Kumar,30,1,A2
3387,1926,Ganesh Pujari,29,2,A3
3388,1927,Venkatesh Shetty,20,1,A1
3389,1928,Suresh Rao,29,2,A1
3390,1929,Anitha Kumar,50,1,A1
3391,1929,Ganesh Hegde,26,1,A2
3392,1929,Manjunath Pujari,34,2,A3
3393,1930,Kavitha Patil,32,2,A1
3394,1930,Ramesh Bhat,38,1,A2
3395,1930,Suresh Gowda,43,1,A3
3396,1931,Lakshmi Gowda,22,1,A1
3397,1932,Venkatesh Bhat,34,1,A1
3398,1933,Vijay Deshmukh,36,1,A1
3399,1934,Venkatesh Hegde,41,1,A1
3400,1935,Venkatesh Rao,29,1,A1
3401,1935,Kavitha Kulkarni,38,1,A2
3402,1935,Lakshmi Shetty,35,2,A3
3403,1936,Ganesh Nayak,45,2,A1
3404,1937,Ramesh Kumar,44,2,A1
3405,1938,Ganesh Reddy,45,1,A1
3406,1938,Sunita Reddy,25,2,A2
3407,1939,Suresh Patil,29,2,A1
3408,1940,Anitha Deshmukh,38,1,A1
3409,1941,Kavitha Gowda,35,1,A1
3410,1942,Sunita Shetty,22,2,A1
3411,1942,Ganesh Bhat,29,2,A2
3412,1943,Priya Bhat,37,2,A1
3413,1944,Sunita Reddy,42,1,A1
3414,1944,Venkatesh Patil,29,1,A2
3415,1945,Ramesh Kumar,47,1,A1
3416,1946,Anitha Gowda,27,2,A1
3417,1946,Priya Nayak,19,1,A2
3418,1946,Mahesh Bhat,44,1,A3
3419,1947,Kavitha Shetty,43,1,A1
3420,1947,Ramesh Hegde,20,1,A2
3421,1947,Venkatesh Nayak,45,1,A3
3422,1948,Ganesh Hegde,28,1,A1
3423,1949,Ramesh Gowda,48,1,A1
3424,1950,Lakshmi Hegde,20,1,A1
3425,1950,Mahesh Deshmukh,39,1,A2
3426,1950,Mahesh Kulkarni,36,1,A3
3427,1951,Mahesh Kumar,38,2,A1
3428,1952,Anitha Gowda,19,1,A1
3429,1952,Priya Kumar,36,1,A2
3430,1952,Priya Nayak,23,1,A3
3431,1953,Venkatesh Nayak,21,1,A1
3432,1953,Sunita Rao,50,1,A2
3433,1953,Mahesh Kulkarni,21,1,A3
3434,1954,Kavitha Reddy,22,1,A1
3435,1955,Ramesh Rao,19,1,A1
3436,1955,Suresh Gowda,48,1,A2
3437,1955,Lakshmi Reddy,27,1,A3
3438,1956,Kavitha Hegde,34,1,A1
3439,1957,Ganesh Deshmukh,44,2,A1
3440,1958,Ramesh Deshmukh,26,1,A1
3441,1959,Sunita Kulkarni,30,2,A1
3442,1959,Vijay Hegde,36,1,A2
3443,1960,Lakshmi Kumar,30,2,A1
3444,1960,Ramesh Deshmukh,28,1,A2
3445,1960,Ganesh Shetty,50,1,A3
3446,1961,Mahesh Gowda,32,1,A1
3447,1962,Vijay Bhat,25,1,A1
3448,1963,Mahesh Hegde,49,2,A1
3449,1964,Anitha Gowda,39,1,A1
3450,1965,Ganesh Kumar,40,1,A1
3451,1966,Lakshmi Patil,37,1,A1
3452,1966,Lakshmi Shetty,42,1,A2
3453,1967,Vijay Gowda,41,2,A1
3454,1968,Mahesh Nayak,39,2,A1
3455,1969,Priya Gowda,47,1,A1
3456,1970,Sunita Rao,35,2,A1
3457,1970,Mahesh Shetty,49,1,A2
3458,1971,Suresh Gowda,19,1,A1
3459,1971,Ganesh Kulkarni,37,1,A2
3460,1972,Suresh Gowda,33,1,A1
3461,1973,Manjunath Gowda,48,2,A1
3462,1973,Ganesh Reddy,29,1,A2
3463,1973,Ganesh Pujari,41,1,A3
3464,1974,Sunita Gowda,42,1,A1
3465,1974,Ramesh Rao,20,1,A2
3466,1974,Priya Kulkarni,30,1,A3
3467,1975,Manjunath Kulkarni,22,2,A1
3468,1976,Vijay Pujari,36,1,A1
3469,1976,Sunita Kulkarni,43,1,A2
3470,1977,Suresh Deshmukh,26,1,A1
3471,1978,Ramesh Kulkarni,25,2,A1
3472,1979,Manjunath Nayak,33,1,A1
3473,1979,Ramesh Nayak,33,2,A2
3474,1980,Lakshmi Kumar,39,1,A1
3475,1981,Anitha Kulkarni,24,2,A1
3476,1981,Vijay Kumar,33,2,A2
3477,1981,Kavitha Shetty,34,1,A3
3478,1982,Anitha Rao,22,1,A1
3479,1983,Lakshmi Shetty,31,1,A1
3480,1984,Sunita Pujari,32,1,A1
3481,1984,Kavitha Pujari,45,1,A2
3482,1985,Venkatesh Shetty,42,1,A1
3483,1986,Sunita Nayak,36,1,A1
3484,1986,Suresh Shetty,47,2,A2
3485,1986,Vijay Bhat,31,1,A3
3486,1987,Manjunath Kumar,40,1,A1
3487,1987,Ganesh Pujari,37,2,A2
3488,1988,Ramesh Reddy,22,1,A1
3489,1989,Priya Deshmukh,50,1,A1
3490,1990,Lakshmi Deshmukh,31,1,A1
3491,1991,Priya Shetty,28,1,A1
3492,1992,Lakshmi Rao,46,1,A1
3493,1993,Suresh Rao,31,2,A1
3494,1993,Lakshmi Pujari,43,1,A2
3495,1994,Priya Bhat,37,1,A1
3496,1994,Manjunath Reddy,36,2,A2
3497,1995,Venkatesh Kulkarni,42,1,A1
3498,1995,Ramesh Rao,22,1,A2
3499,1996,Priya Gowda,36,1,A1
3500,1996,Priya Gowda,48,1,A2
3501,1997,Suresh Patil,48,1,A1
3502,1998,Mahesh Shetty,30,1,A1
3503,1998,Manjunath Shetty,46,2,A2
3504,1998,Lakshmi Patil,49,1,A3
3505,1999,Suresh Reddy,28,2,A1
3506,2000,Sunita Bhat,20,1,A1
3507,2000,Suresh Kumar,36,1,A2
3508,2000,Ganesh Bhat,44,2,A3
3509,2001,Ganesh Shetty,49,1,A1
3510,2001,Mahesh Rao,36,1,A2
3511,2001,Sunita Patil,22,1,A3
3512,2002,Ganesh Rao,46,1,A1
3513,2002,Sunita Bhat,48,2,A2
3514,2002,Ramesh Kumar,39,1,A3
3515,2003,Priya Bhat,33,2,A1
3516,2003,Ganesh Gowda,24,2,A2
3517,2004,Mahesh Bhat,23,1,A1
3518,2005,Vijay Bhat,44,1,A1
3519,2006,Anitha Gowda,30,1,A1
3520,2007,Ramesh Hegde,46,1,A1
3521,2007,Mahesh Reddy,38,1,A2
3522,2008,Lakshmi Kumar,28,2,A1
3523,2009,Lakshmi Patil,49,1,A1
3524,2010,Lakshmi Deshmukh,50,1,A1
3525,2010,Ganesh Kumar,36,1,A2
3526,2010,Lakshmi Kumar,36,2,A3
3527,2011,Priya Bhat,50,1,A1
3528,2011,Ramesh Shetty,49,1,A2
3529,2012,Kavitha Hegde,28,1,A1
3530,2012,Vijay Deshmukh,38,2,A2
3531,2013,Sunita Kumar,31,2,A1
3532,2014,Ramesh Bhat,24,1,A1
3533,2014,Lakshmi Shetty,20,1,A2
3534,2014,Priya Rao,49,1,A3
3535,2015,Ramesh Pujari,29,1,A1
3536,2016,Ramesh Kulkarni,44,1,A1
3537,2017,Kavitha Gowda,50,1,A1
3538,2018,Suresh Rao,44,1,A1
3539,2018,Kavitha Kulkarni,27,1,A2
3540,2018,Suresh Reddy,21,1,A3
3541,2019,Priya Patil,28,1,A1
3542,2020,Vijay Nayak,43,1,A1
3543,2021,Sunita Rao,33,1,A1
3544,2021,Ganesh Kulkarni,21,2,A2
3545,2022,Anitha Pujari,40,1,A1
3546,2023,Kavitha Patil,49,1,A1
3547,2024,Suresh Patil,40,1,A1
3548,2024,Kavitha Kumar,31,2,A2
3549,2024,Lakshmi Shetty,26,1,A3
3550,2025,Priya Gowda,20,2,A1
3551,2025,Vijay Rao,48,2,A2
3552,2026,Kavitha Hegde,40,1,A1
3553,2027,Sunita Bhat,25,1,A1
3554,2027,Suresh Deshmukh,29,2,A2
3555,2027,Anitha Kumar,30,1,A3
3556,2028,Ganesh Gowda,33,1,A1
3557,2029,Manjunath Pujari,37,1,A1
3558,2029,Sunita Reddy,41,2,A2
3559,2029,Vijay Bhat,29,1,A3
3560,2030,Suresh Kumar,29,1,A1
3561,2030,Priya Reddy,37,1,A2
3562,2031,Kavitha Gowda,42,1,A1
3563,2032,Venkatesh Hegde,37,1,A1
3564,2032,Venkatesh Nayak,50,1,A2
3565,2032,Venkatesh Kulkarni,40,1,A3
3566,2033,Venkatesh Bhat,42,1,A1
3567,2034,Venkatesh Nayak,23,2,A1
3568,2034,Kavitha Hegde,49,2,A2
3569,2034,Lakshmi Shetty,32,1,A3
3570,2035,Kavitha Bhat,31,2,A1
3571,2036,Venkatesh Kulkarni,23,1,A1
3572,2036,Lakshmi Gowda,28,1,A2
3573,2037,Vijay Nayak,23,1,A1
3574,2037,Mahesh Patil,33,2,A2
3575,2037,Ramesh Rao,35,2,A3
3576,2038,Lakshmi Nayak,22,2,A1
3577,2039,Manjunath Reddy,30,2,A1
3578,2040,Priya Deshmukh,50,1,A1
3579,2041,Priya Kumar,29,1,A1
3580,2041,Venkatesh Nayak,49,1,A2
3581,2042,Manjunath Nayak,24,2,A1
3582,2042,Ramesh Pujari,50,2,A2
3583,2042,Venkatesh Hegde,40,1,A3
3584,2043,Ramesh Gowda,22,1,A1
3585,2043,Lakshmi Patil,35,2,A2
3586,2043,Vijay Patil,45,2,A3
3587,2044,Ramesh Patil,21,2,A1
3588,2044,Priya Rao,38,2,A2
3589,2045,Mahesh Kulkarni,46,1,A1
3590,2045,Suresh Shetty,38,1,A2
3591,2046,Ganesh Kulkarni,48,1,A1
3592,2047,Lakshmi Kulkarni,27,1,A1
3593,2047,Suresh Kulkarni,39,1,A2
3594,2048,Suresh Kulkarni,32,1,A1
3595,2048,Priya Reddy,42,1,A2
3596,2049,Kavitha Kumar,23,1,A1
3597,2050,Ganesh Patil,47,1,A1
3598,2050,Ramesh Kulkarni,20,1,A2
3599,2050,Sunita Kulkarni,42,2,A3
3600,2051,Mahesh Reddy,33,1,A1
3601,2052,Anitha Kulkarni,27,1,A1
3602,2052,Venkatesh Kumar,48,1,A2
3603,2053,Anitha Rao,48,1,A1
3604,2053,Mahesh Kulkarni,36,1,A2
3605,2053,Suresh Reddy,24,1,A3
3606,2054,Lakshmi Nayak,48,1,A1
3607,2055,Vijay Kulkarni,46,2,A1
3608,2056,Anitha Shetty,45,1,A1
3609,2056,Anitha Reddy,30,2,A2
3610,2056,Priya Gowda,45,1,A3
3611,2057,Manjunath Deshmukh,29,1,A1
3612,2057,Suresh Gowda,36,1,A2
3613,2058,Venkatesh Nayak,31,2,A1
3614,2058,Priya Hegde,31,1,A2
3615,2058,Lakshmi Shetty,46,1,A3
3616,2059,Venkatesh Nayak,46,1,A1
3617,2060,Suresh Patil,21,1,A1
3618,2061,Lakshmi Nayak,21,1,A1
3619,2061,Ramesh Nayak,50,2,A2
3620,2061,Priya Hegde,27,2,A3
3621,2062,Kavitha Patil,27,1,A1
3622,2062,Vijay Patil,45,1,A2
3623,2063,Ganesh Bhat,50,2,A1
3624,2064,Kavitha Bhat,26,1,A1
3625,2064,Anitha Pujari,22,1,A2
3626,2064,Manjunath Shetty,24,1,A3
3627,2065,Vijay Nayak,24,1,A1
3628,2065,Mahesh Hegde,29,1,A2
3629,2066,Suresh Pujari,50,1,A1
3630,2066,Suresh Kulkarni,49,1,A2
3631,2066,Priya Rao,28,1,A3
3632,2067,Manjunath Nayak,27,1,A1
3633,2067,Ramesh Deshmukh,49,1,A2
3634,2067,Venkatesh Pujari,24,2,A3
3635,2068,Priya Hegde,34,2,A1
3636,2069,Mahesh Hegde,27,1,A1
3637,2069,Anitha Pujari,29,1,A2
3638,2070,Sunita Hegde,47,1,A1
3639,2070,Vijay Rao,26,1,A2
3640,2071,Priya Patil,29,2,A1
3641,2072,Ramesh Bhat,30,2,A1
3642,2073,Ramesh Deshmukh,40,2,A1
3643,2073,Mahesh Deshmukh,28,1,A2
3644,2073,Anitha Nayak,31,2,A3
3645,2074,Kavitha Pujari,30,1,A1
3646,2075,Lakshmi Pujari,24,1,A1
3647,2076,Venkatesh Hegde,41,2,A1
3648,2076,Sunita Nayak,28,2,A2
3649,2077,Suresh Bhat,31,1,A1
3650,2078,Lakshmi Kumar,27,1,A1
3651,2079,Kavitha Pujari,47,1,A1
3652,2080,Kavitha Reddy,22,1,A1
3653,2080,Venkatesh Pujari,46,1,A2
3654,2081,Mahesh Reddy,34,1,A1
3655,2082,Mahesh Patil,37,2,A1
3656,2083,Sunita Deshmukh,30,1,A1
3657,2084,Ramesh Nayak,34,2,A1
3658,2085,Vijay Shetty,25,1,A1
3659,2086,Sunita Shetty,35,1,A1
3660,2086,Anitha Patil,43,1,A2
3661,2087,Kavitha Kulkarni,34,1,A1
3662,2087,Vijay Reddy,36,1,A2
3663,2087,Ganesh Patil,46,1,A3
3664,2088,Suresh Kumar,39,1,A1
3665,2089,Venkatesh Kumar,43,1,A1
3666,2090,Mahesh Patil,19,2,A1
3667,2091,Venkatesh Kumar,41,1,A1
3668,2092,Ganesh Nayak,35,1,A1
3669,2092,Kavitha Gowda,29,1,A2
3670,2092,Lakshmi Rao,30,1,A3
3671,2093,Anitha Deshmukh,44,1,A1
3672,2094,Anitha Shetty,40,1,A1
3673,2094,Mahesh Reddy,41,1,A2
3674,2094,Mahesh Pujari,45,1,A3
3675,2095,Anitha Kumar,31,1,A1
3676,2096,Kavitha Bhat,43,1,A1
3677,2096,Ramesh Kulkarni,45,1,A2
3678,2096,Lakshmi Deshmukh,48,1,A3
3679,2097,Mahesh Pujari,41,1,A1
3680,2098,Sunita Bhat,34,1,A1
3681,2098,Ramesh Pujari,26,1,A2
3682,2099,Ramesh Kulkarni,43,1,A1
3683,2100,Priya Hegde,50,1,A1
3684,2101,Kavitha Bhat,43,1,A1
3685,2102,Kavitha Pujari,48,1,A1
3686,2102,Venkatesh Kulkarni,43,2,A2
3687,2102,Anitha Gowda,32,1,A3
3688,2103,Mahesh Gowda,39,1,A1
3689,2104,Venkatesh Shetty,42,2,A1
3690,2105,Priya Pujari,44,1,A1
3691,2105,Suresh Reddy,35,1,A2
3692,2105,Suresh Shetty,42,1,A3
3693,2106,Suresh Patil,42,1,A1
3694,2106,Manjunath Patil,40,1,A2
3695,2106,Kavitha Deshmukh,49,2,A3
3696,2107,Kavitha Rao,39,1,A1
3697,2108,Suresh Patil,42,1,A1
3698,2108,Lakshmi Hegde,41,1,A2
3699,2108,Suresh Patil,20,2,A3
3700,2109,Manjunath Pujari,19,1,A1
3701,2109,Priya Deshmukh,36,2,A2
3702,2110,Lakshmi Pujari,40,1,A1
3703,2110,Ramesh Nayak,37,1,A2
3704,2111,Suresh Nayak,42,2,A1
3705,2112,Kavitha Deshmukh,49,1,A1
3706,2113,Kavitha Kulkarni,40,2,A1
3707,2113,Kavitha Kulkarni,21,2,A2
3708,2113,Venkatesh Nayak,29,1,A3
3709,2114,Vijay Deshmukh,39,1,A1
3710,2114,Lakshmi Rao,21,1,A2
3711,2114,Priya Kulkarni,20,1,A3
3712,2115,Priya Kulkarni,34,1,A1
3713,2115,Anitha Rao,36,1,A2
3714,2115,Mahesh Shetty,46,2,A3
3715,2116,Suresh Hegde,38,1,A1
3716,2117,Vijay Nayak,23,1,A1
3717,2118,Ganesh Hegde,44,1,A1
3718,2118,Sunita Rao,38,1,A2
3719,2118,Lakshmi Nayak,46,1,A3
3720,2119,Suresh Reddy,25,1,A1
3721,2120,Suresh Deshmukh,48,1,A1
3722,2120,Manjunath Nayak,37,1,A2
3723,2121,Sunita Nayak,43,1,A1
3724,2122,Ganesh Hegde,27,1,A1
3725,2123,Anitha Kumar,42,1,A1
3726,2123,Vijay Reddy,45,1,A2
3727,2124,Kavitha Patil,50,1,A1
3728,2124,Sunita Kulkarni,46,2,A2
3729,2125,Ramesh Hegde,40,1,A1
3730,2125,Ganesh Kulkarni,34,2,A2
3731,2126,Sunita Rao,35,1,A1
3732,2127,Lakshmi Deshmukh,30,1,A1
3733,2128,Anitha Kumar,19,1,A1
3734,2129,Ramesh Rao,43,2,A1
3735,2130,Kavitha Kumar,45,1,A1
3736,2131,Mahesh Gowda,27,1,A1
3737,2132,Suresh Pujari,22,1,A1
3738,2133,Kavitha Patil,44,2,A1
3739,2133,Ganesh Pujari,36,1,A2
3740,2134,Ramesh Hegde,27,1,A1
3741,2134,Venkatesh Deshmukh,41,1,A2
3742,2135,Manjunath Bhat,49,1,A1
3743,2135,Sunita Bhat,27,2,A2
3744,2135,Sunita Gowda,36,1,A3
3745,2136,Sunita Kumar,25,2,A1
3746,2136,Lakshmi Kumar,39,1,A2
3747,2137,Suresh Reddy,32,1,A1
3748,2137,Ganesh Bhat,22,1,A2
3749,2137,Ramesh Gowda,25,1,A3
3750,2138,Priya Pujari,19,1,A1
3751,2139,Suresh Pujari,27,1,A1
3752,2140,Ganesh Gowda,45,1,A1
3753,2140,Sunita Deshmukh,21,1,A2
3754,2140,Ganesh Kumar,49,1,A3
3755,2141,Anitha Nayak,21,2,A1
3756,2141,Sunita Kulkarni,46,1,A2
3757,2141,Sunita Deshmukh,46,1,A3
3758,2142,Manjunath Hegde,48,2,A1
3759,2142,Manjunath Gowda,49,1,A2
3760,2143,Mahesh Pujari,37,1,A1
3761,2143,Sunita Gowda,44,2,A2
3762,2144,Mahesh Shetty,28,1,A1
3763,2144,Vijay Patil,34,1,A2
3764,2145,Sunita Bhat,38,1,A1
3765,2146,Kavitha Bhat,45,2,A1
3766,2147,Suresh Reddy,30,1,A1
3767,2148,Mahesh Pujari,19,1,A1
3768,2148,Vijay Kulkarni,29,2,A2
3769,2149,Sunita Deshmukh,21,1,A1
3770,2149,Lakshmi Bhat,37,1,A2
3771,2150,Ramesh Gowda,32,1,A1
3772,2151,Venkatesh Hegde,36,1,A1
3773,2151,Venkatesh Shetty,45,1,A2
3774,2152,Suresh Deshmukh,49,1,A1
3775,2152,Suresh Gowda,47,1,A2
3776,2153,Manjunath Rao,40,1,A1
3777,2154,Ganesh Bhat,35,2,A1
3778,2155,Vijay Reddy,50,1,A1
3779,2156,Lakshmi Bhat,46,1,A1
3780,2156,Sunita Nayak,23,1,A2
3781,2157,Venkatesh Shetty,43,2,A1
3782,2158,Mahesh Bhat,36,1,A1
3783,2159,Kavitha Nayak,33,1,A1
3784,2159,Priya Nayak,46,2,A2
3785,2159,Mahesh Pujari,45,1,A3
3786,2160,Priya Nayak,48,1,A1
3787,2160,Mahesh Hegde,37,1,A2
3788,2161,Mahesh Rao,46,1,A1
3789,2161,Lakshmi Patil,28,1,A2
3790,2161,Priya Rao,31,1,A3
3791,2162,Kavitha Pujari,42,1,A1
3792,2162,Mahesh Shetty,22,1,A2
3793,2162,Lakshmi Pujari,26,1,A3
3794,2163,Vijay Shetty,27,2,A1
3795,2163,Suresh Bhat,50,2,A2
3796,2163,Vijay Reddy,37,1,A3
3797,2164,Ramesh Patil,41,1,A1
3798,2164,Vijay Gowda,45,1,A2
3799,2165,Mahesh Shetty,28,1,A1
3800,2165,Venkatesh Gowda,21,1,A2
3801,2166,Vijay Nayak,23,1,A1
3802,2166,Vijay Kumar,50,1,A2
3803,2166,Lakshmi Hegde,23,2,A3
3804,2167,Ramesh Pujari,32,1,A1
3805,2168,Suresh Hegde,32,1,A1
3806,2168,Anitha Hegde,35,1,A2
3807,2169,Sunita Kumar,42,1,A1
3808,2169,Mahesh Shetty,22,1,A2
3809,2170,Vijay Hegde,45,1,A1
3810,2171,Vijay Kumar,36,1,A1
3811,2171,Vijay Pujari,50,1,A2
3812,2171,Sunita Rao,36,1,A3
3813,2172,Ganesh Hegde,22,1,A1
3814,2172,Kavitha Shetty,50,1,A2
3815,2173,Venkatesh Gowda,21,1,A1
3816,2174,Sunita Reddy,40,1,A1
3817,2175,Kavitha Gowda,34,1,A1
3818,2176,Mahesh Kulkarni,48,2,A1
3819,2176,Vijay Gowda,39,1,A2
3820,2176,Venkatesh Nayak,38,1,A3
3821,2177,Ramesh Kumar,35,1,A1
3822,2178,Sunita Patil,36,2,A1
3823,2178,Anitha Hegde,49,1,A2
3824,2178,Ganesh Deshmukh,23,1,A3
3825,2179,Manjunath Reddy,33,1,A1
3826,2179,Venkatesh Rao,42,1,A2
3827,2179,Ramesh Reddy,26,1,A3
3828,2180,Priya Pujari,19,1,A1
3829,2181,Sunita Pujari,49,1,A1
3830,2181,Sunita Reddy,38,1,A2
3831,2181,Sunita Kulkarni,36,1,A3
3832,2182,Mahesh Pujari,19,1,A1
3833,2183,Vijay Gowda,30,1,A1
3834,2183,Ramesh Patil,50,1,A2
3835,2184,Ramesh Rao,19,1,A1
3836,2185,Anitha Rao,40,1,A1
3837,2185,Kavitha Nayak,24,1,A2
3838,2185,Ramesh Kulkarni,46,1,A3
3839,2186,Kavitha Rao,45,2,A1
3840,2187,Ganesh Patil,45,2,A1
3841,2187,Suresh Bhat,49,1,A2
3842,2187,Lakshmi Bhat,37,1,A3
3843,2188,Manjunath Kumar,22,2,A1
3844,2188,Priya Nayak,27,1,A2
3845,2189,Venkatesh Patil,44,2,A1
3846,2190,Vijay Bhat,27,2,A1
3847,2190,Manjunath Kulkarni,50,1,A2
3848,2191,Vijay Kumar,22,2,A1
3849,2192,Priya Kulkarni,38,1,A1
3850,2193,Suresh Patil,40,1,A1
3851,2194,Kavitha Patil,25,2,A1
3852,2194,Mahesh Shetty,42,1,A2
3853,2195,Ramesh Deshmukh,38,1,A1
3854,2196,Priya Hegde,19,1,A1
3855,2197,Anitha Kumar,20,1,A1
3856,2198,Vijay Hegde,21,1,A1
3857,2198,Lakshmi Kumar,29,1,A2
3858,2199,Mahesh Kumar,42,2,A1
3859,2200,Kavitha Rao,45,1,A1
3860,2201,Ramesh Reddy,44,1,A1
3861,2201,Sunita Shetty,37,1,A2
3862,2202,Manjunath Rao,46,1,A1
3863,2203,Vijay Reddy,24,1,A1
3864,2204,Vijay Reddy,34,2,A1
3865,2204,Sunita Rao,42,1,A2
3866,2204,Sunita Shetty,46,2,A3
3867,2205,Ramesh Kumar,43,1,A1
3868,2205,Ganesh Gowda,47,1,A2
3869,2205,Mahesh Nayak,25,1,A3
3870,2206,Sunita Shetty,23,1,A1
3871,2207,Mahesh Hegde,38,1,A1
3872,2207,Sunita Kumar,23,1,A2
3873,2208,Lakshmi Rao,25,1,A1
3874,2209,Ganesh Pujari,24,1,A1
3875,2210,Mahesh Hegde,19,1,A1
3876,2210,Suresh Bhat,37,1,A2
3877,2211,Priya Pujari,43,1,A1
3878,2212,Venkatesh Patil,28,1,A1
3879,2212,Suresh Shetty,33,1,A2
3880,2212,Lakshmi Rao,46,1,A3
3881,2213,Lakshmi Nayak,26,1,A1
3882,2213,Manjunath Shetty,49,1,A2
3883,2214,Sunita Bhat,42,1,A1
3884,2214,Suresh Deshmukh,30,1,A2
3885,2214,Ramesh Deshmukh,45,1,A3
3886,2215,Lakshmi Reddy,43,2,A1
3887,2215,Lakshmi Gowda,38,2,A2
3888,2215,Lakshmi Kulkarni,26,1,A3
3889,2216,Manjunath Reddy,20,1,A1
3890,2216,Sunita Patil,32,1,A2
3891,2216,Ganesh Shetty,30,1,A3
3892,2217,Priya Kulkarni,40,2,A1
3893,2217,Sunita Bhat,36,1,A2
3894,2217,Kavitha Kulkarni,29,2,A3
3895,2218,Suresh Hegde,49,2,A1
3896,2218,Venkatesh Pujari,25,1,A2
3897,2218,Venkatesh Kulkarni,45,2,A3
3898,2219,Venkatesh Kulkarni,46,2,A1
3899,2220,Priya Gowda,19,2,A1
3900,2221,Kavitha Kulkarni,30,1,A1
3901,2222,Manjunath Nayak,28,1,A1
3902,2222,Kavitha Patil,24,1,A2
3903,2222,Manjunath Kumar,44,1,A3
3904,2223,Anitha Shetty,47,1,A1
3905,2223,Priya Pujari,30,1,A2
3906,2223,Ramesh Shetty,21,1,A3
3907,2224,Ramesh Shetty,49,1,A1
3908,2224,Anitha Rao,29,1,A2
3909,2224,Suresh Kumar,42,1,A3
3910,2225,Ramesh Patil,35,1,A1
3911,2226,Ganesh Hegde,34,1,A1
3912,2227,Priya Gowda,47,1,A1
3913,2227,Sunita Patil,43,2,A2
3914,2228,Ramesh Kulkarni,22,1,A1
3915,2229,Vijay Deshmukh,26,1,A1
3916,2229,Kavitha Reddy,49,1,A2
3917,2230,Sunita Shetty,48,1,A1
3918,2230,Kavitha Reddy,37,1,A2
3919,2230,Manjunath Deshmukh,35,1,A3
3920,2231,Suresh Pujari,19,2,A1
3921,2231,Ramesh Deshmukh,20,1,A2
3922,2232,Ramesh Bhat,50,1,A1
3923,2232,Anitha Shetty,30,1,A2
3924,2233,Venkatesh Patil,48,1,A1
3925,2233,Priya Gowda,25,2,A2
3926,2233,Priya Deshmukh,38,1,A3
3927,2234,Venkatesh Gowda,36,1,A1
3928,2235,Vijay Pujari,40,1,A1
3929,2235,Kavitha Nayak,31,1,A2
3930,2236,Manjunath Pujari,26,1,A1
3931,2237,Kavitha Patil,34,2,A1
3932,2238,Priya Reddy,21,1,A1
3933,2239,Anitha Pujari,23,1,A1
3934,2240,Mahesh Hegde,21,1,A1
3935,2241,Suresh Kumar,22,1,A1
3936,2241,Kavitha Kumar,25,1,A2
3937,2242,Lakshmi Nayak,36,1,A1
3938,2243,Ramesh Shetty,23,2,A1
3939,2243,Vijay Hegde,28,1,A2
3940,2244,Lakshmi Patil,19,1,A1
3941,2245,Lakshmi Nayak,31,2,A1
3942,2245,Mahesh Shetty,47,1,A2
3943,2245,Ramesh Kulkarni,30,1,A3
3944,2246,Suresh Kumar,22,2,A1
3945,2247,Mahesh Shetty,41,1,A1
3946,2248,Lakshmi Rao,45,1,A1
3947,2249,Venkatesh Rao,42,1,A1
3948,2250,Ramesh Shetty,48,1,A1
3949,2250,Ramesh Pujari,29,1,A2
3950,2251,Lakshmi Bhat,25,1,A1
3951,2251,Sunita Bhat,38,1,A2
3952,2251,Vijay Rao,45,1,A3
3953,2252,Sunita Rao,31,1,A1
3954,2252,Vijay Patil,22,1,A2
3955,2252,Manjunath Shetty,41,1,A3
3956,2253,Mahesh Deshmukh,22,1,A1
3957,2254,Ganesh Bhat,35,2,A1
3958,2255,Ganesh Rao,45,1,A1
3959,2256,Suresh Kumar,36,1,A1
3960,2256,Vijay Gowda,35,1,A2
3961,2257,Anitha Rao,22,1,A1
3962,2258,Kavitha Kumar,34,1,A1
3963,2259,Priya Patil,35,1,A1
3964,2259,Anitha Kumar,38,2,A2
3965,2260,Kavitha Nayak,43,1,A1
3966,2261,Vijay Reddy,23,1,A1
3967,2262,Manjunath Nayak,31,1,A1
3968,2262,Kavitha Kulkarni,36,1,A2
3969,2262,Priya Shetty,37,1,A3
3970,2263,Anitha Kulkarni,25,1,A1
3971,2263,Anitha Patil,34,1,A2
3972,2263,Vijay Pujari,22,1,A3
3973,2264,Priya Kumar,38,1,A1
3974,2264,Vijay Shetty,43,1,A2
3975,2265,Ramesh Patil,32,1,A1
3976,2266,Kavitha Pujari,46,1,A1
3977,2266,Kavitha Patil,50,1,A2
3978,2267,Sunita Kulkarni,50,1,A1
3979,2267,Ramesh Reddy,49,1,A2
3980,2268,Ganesh Reddy,44,1,A1
3981,2268,Venkatesh Kumar,41,2,A2
3982,2268,Sunita Shetty,19,2,A3
3983,2269,Ramesh Bhat,49,1,A1
3984,2269,Sunita Gowda,50,2,A2
3985,2270,Suresh Deshmukh,19,2,A1
3986,2271,Mahesh Shetty,23,2,A1
3987,2271,Anitha Pujari,25,1,A2
3988,2271,Suresh Reddy,26,1,A3
3989,2272,Priya Gowda,31,1,A1
3990,2272,Anitha Rao,33,1,A2
3991,2272,Anitha Bhat,42,2,A3
3992,2273,Priya Kumar,20,1,A1
3993,2274,Lakshmi Gowda,44,2,A1
3994,2275,Mahesh Kumar,50,1,A1
3995,2276,Mahesh Reddy,27,1,A1
3996,2277,Venkatesh Deshmukh,21,1,A1
3997,2278,Mahesh Pujari,30,1,A1
3998,2278,Priya Hegde,46,1,A2
3999,2278,Kavitha Nayak,33,2,A3
4000,2279,Ganesh Shetty,40,1,A1
4001,2279,Sunita Bhat,41,2,A2
4002,2280,Venkatesh Kumar,20,1,A1
4003,2281,Manjunath Shetty,36,1,A1
4004,2282,Venkatesh Hegde,48,1,A1
4005,2282,Vijay Reddy,36,1,A2
4006,2283,Ramesh Shetty,38,2,A1
4007,2284,Mahesh Gowda,50,1,A1
4008,2284,Lakshmi Pujari,23,1,A2
4009,2285,Kavitha Rao,25,1,A1
4010,2285,Priya Reddy,36,1,A2
4011,2286,Ramesh Hegde,31,1,A1
4012,2286,Sunita Patil,21,1,A2
4013,2286,Venkatesh Kulkarni,42,1,A3
4014,2287,Kavitha Patil,30,1,A1
4015,2287,Suresh Pujari,28,1,A2
4016,2288,Ganesh Gowda,20,1,A1
4017,2288,Ganesh Pujari,36,1,A2
4018,2288,Sunita Hegde,29,2,A3
4019,2289,Ramesh Pujari,45,1,A1
4020,2289,Ramesh Patil,45,1,A2
4021,2290,Ganesh Hegde,42,1,A1
4022,2290,Venkatesh Kumar,26,1,A2
4023,2291,Manjunath Kumar,50,1,A1
4024,2292,Priya Pujari,39,1,A1
4025,2292,Manjunath Shetty,36,1,A2
4026,2292,Venkatesh Bhat,34,1,A3
4027,2293,Mahesh Deshmukh,34,1,A1
4028,2294,Lakshmi Gowda,28,1,A1
4029,2295,Lakshmi Gowda,33,1,A1
4030,2295,Vijay Reddy,46,1,A2
4031,2296,Sunita Hegde,37,1,A1
4032,2296,Kavitha Patil,41,1,A2
4033,2296,Anitha Nayak,29,2,A3
4034,2297,Suresh Deshmukh,29,1,A1
4035,2298,Priya Kumar,21,2,A1
4036,2299,Manjunath Reddy,32,1,A1
4037,2300,Priya Nayak,42,2,A1
4038,2300,Manjunath Kulkarni,20,2,A2
4039,2300,Ramesh Rao,28,1,A3
4040,2301,Venkatesh Bhat,25,2,A1
4041,2302,Anitha Nayak,49,1,A1
4042,2303,Ramesh Shetty,50,1,A1
4043,2303,Sunita Reddy,40,1,A2
4044,2303,Ramesh Bhat,46,1,A3
4045,2304,Mahesh Rao,24,1,A1
4046,2305,Kavitha Rao,34,1,A1
4047,2305,Priya Patil,21,1,A2
4048,2305,Manjunath Bhat,38,2,A3
4049,2306,Anitha Hegde,48,1,A1
4050,2306,Venkatesh Rao,25,1,A2
4051,2307,Venkatesh Kulkarni,39,1,A1
4052,2308,Mahesh Rao,34,1,A1
4053,2309,Mahesh Pujari,25,1,A1
4054,2309,Lakshmi Hegde,48,1,A2
4055,2309,Ganesh Nayak,26,1,A3
4056,2310,Lakshmi Patil,22,1,A1
4057,2310,Venkatesh Nayak,48,2,A2
4058,2310,Vijay Pujari,45,1,A3
4059,2311,Priya Pujari,32,1,A1
4060,2311,Kavitha Bhat,27,2,A2
4061,2312,Suresh Reddy,49,1,A1
4062,2313,Lakshmi Reddy,20,1,A1
4063,2313,Priya Reddy,47,1,A2
4064,2314,Vijay Nayak,46,1,A1
4065,2315,Ganesh Shetty,48,1,A1
4066,2315,Mahesh Deshmukh,50,2,A2
4067,2316,Mahesh Gowda,45,1,A1
4068,2317,Anitha Hegde,33,1,A1
4069,2318,Ganesh Reddy,46,2,A1
4070,2319,Ramesh Gowda,20,1,A1
4071,2319,Mahesh Kulkarni,35,1,A2
4072,2320,Anitha Rao,23,2,A1
4073,2320,Mahesh Patil,37,1,A2
4074,2321,Suresh Nayak,25,1,A1
4075,2322,Suresh Shetty,40,2,A1
4076,2322,Mahesh Hegde,34,1,A2
4077,2323,Lakshmi Nayak,48,2,A1
4078,2324,Vijay Reddy,41,1,A1
4079,2324,Mahesh Gowda,31,1,A2
4080,2324,Venkatesh Rao,37,1,A3
4081,2325,Ganesh Reddy,38,1,A1
4082,2326,Anitha Reddy,31,1,A1
4083,2326,Suresh Hegde,31,1,A2
4084,2326,Manjunath Rao,48,1,A3
4085,2327,Mahesh Rao,38,1,A1
4086,2327,Anitha Nayak,46,1,A2
4087,2327,Mahesh Hegde,27,1,A3
4088,2328,Lakshmi Gowda,36,2,A1
4089,2329,Kavitha Bhat,24,1,A1
4090,2330,Kavitha Bhat,21,2,A1
4091,2330,Ramesh Kulkarni,43,1,A2
4092,2331,Kavitha Shetty,24,1,A1
4093,2331,Priya Kumar,43,1,A2
4094,2332,Manjunath Pujari,37,1,A1
4095,2332,Anitha Gowda,49,1,A2
4096,2333,Manjunath Gowda,27,1,A1
4097,2334,Vijay Shetty,33,1,A1
4098,2335,Suresh Deshmukh,40,1,A1
4099,2336,Anitha Rao,41,2,A1
4100,2337,Mahesh Kumar,33,1,A1
4101,2338,Ramesh Deshmukh,21,1,A1
4102,2338,Manjunath Nayak,50,1,A2
4103,2339,Priya Shetty,25,1,A1
4104,2339,Anitha Deshmukh,42,1,A2
4105,2340,Venkatesh Shetty,31,1,A1
4106,2340,Suresh Rao,23,1,A2
4107,2340,Sunita Hegde,41,1,A3
4108,2341,Sunita Reddy,31,1,A1
4109,2341,Lakshmi Kulkarni,38,1,A2
4110,2342,Suresh Bhat,19,2,A1
4111,2343,Kavitha Kulkarni,26,1,A1
4112,2344,Vijay Hegde,42,2,A1
4113,2345,Suresh Kumar,47,1,A1
4114,2345,Manjunath Pujari,31,1,A2
4115,2345,Anitha Pujari,46,1,A3
4116,2346,Lakshmi Shetty,45,2,A1
4117,2347,Manjunath Hegde,49,1,A1
4118,2347,Priya Kumar,33,2,A2
4119,2347,Priya Deshmukh,37,1,A3
4120,2348,Mahesh Rao,37,1,A1
4121,2348,Ramesh Gowda,32,1,A2
4122,2349,Sunita Patil,27,1,A1
4123,2350,Ganesh Shetty,31,1,A1
4124,2351,Sunita Nayak,26,1,A1
4125,2351,Priya Gowda,47,1,A2
4126,2351,Manjunath Gowda,30,2,A3
4127,2352,Anitha Bhat,20,1,A1
4128,2352,Mahesh Gowda,30,1,A2
4129,2353,Suresh Hegde,42,2,A1
4130,2353,Manjunath Deshmukh,39,2,A2
4131,2354,Ganesh Reddy,42,1,A1
4132,2354,Anitha Hegde,39,1,A2
4133,2354,Venkatesh Pujari,39,1,A3
4134,2355,Kavitha Deshmukh,32,2,A1
4135,2356,Manjunath Kulkarni,25,1,A1
4136,2356,Kavitha Bhat,41,1,A2
4137,2356,Suresh Patil,23,1,A3
4138,2357,Suresh Pujari,45,2,A1
4139,2357,Mahesh Rao,28,1,A2
4140,2358,Suresh Nayak,37,2,A1
4141,2359,Venkatesh Hegde,36,1,A1
4142,2359,Venkatesh Patil,35,1,A2
4143,2360,Venkatesh Kumar,49,1,A1
4144,2360,Mahesh Deshmukh,50,2,A2
4145,2360,Sunita Pujari,24,2,A3
4146,2361,Anitha Shetty,26,1,A1
4147,2361,Mahesh Deshmukh,45,1,A2
4148,2361,Suresh Hegde,44,1,A3
4149,2362,Anitha Reddy,38,2,A1
4150,2363,Anitha Kumar,26,2,A1
4151,2364,Sunita Bhat,34,2,A1
4152,2365,Priya Patil,32,1,A1
4153,2365,Vijay Patil,23,1,A2
4154,2365,Ramesh Deshmukh,24,2,A3
4155,2366,Manjunath Nayak,46,1,A1
4156,2366,Sunita Reddy,21,1,A2
4157,2366,Mahesh Rao,42,1,A3
4158,2367,Venkatesh Reddy,33,1,A1
4159,2367,Anitha Nayak,46,1,A2
4160,2367,Anitha Gowda,47,2,A3
4161,2368,Kavitha Rao,42,1,A1
4162,2369,Ganesh Kumar,41,1,A1
4163,2369,Mahesh Bhat,31,1,A2
4164,2370,Priya Gowda,41,1,A1
4165,2370,Lakshmi Hegde,19,1,A2
4166,2370,Manjunath Kulkarni,28,1,A3
4167,2371,Venkatesh Kumar,39,1,A1
4168,2371,Priya Hegde,26,1,A2
4169,2371,Sunita Kulkarni,30,1,A3
4170,2372,Ramesh Bhat,40,1,A1
4171,2372,Vijay Deshmukh,35,1,A2
4172,2373,Venkatesh Nayak,43,1,A1
4173,2374,Priya Pujari,19,1,A1
4174,2374,Lakshmi Kumar,45,1,A2
4175,2375,Vijay Kumar,27,1,A1
4176,2376,Suresh Gowda,41,1,A1
4177,2377,Suresh Bhat,30,1,A1
4178,2378,Anitha Patil,32,1,A1
4179,2378,Suresh Bhat,45,1,A2
4180,2378,Ganesh Reddy,23,1,A3
4181,2379,Sunita Gowda,28,1,A1
4182,2380,Vijay Nayak,28,2,A1
4183,2381,Sunita Reddy,24,1,A1
4184,2381,Lakshmi Hegde,19,2,A2
4185,2382,Priya Deshmukh,44,1,A1
4186,2382,Kavitha Kumar,21,1,A2
4187,2383,Sunita Deshmukh,45,1,A1
4188,2384,Suresh Shetty,31,1,A1
4189,2385,Vijay Nayak,44,1,A1
4190,2386,Mahesh Hegde,50,1,A1
4191,2386,Venkatesh Kulkarni,21,2,A2
4192,2386,Manjunath Kumar,40,1,A3
4193,2387,Ganesh Nayak,33,1,A1
4194,2388,Kavitha Rao,32,1,A1
4195,2389,Venkatesh Hegde,27,1,A1
4196,2390,Suresh Hegde,34,2,A1
4197,2390,Suresh Deshmukh,25,1,A2
4198,2390,Suresh Reddy,42,2,A3
4199,2391,Priya Bhat,37,1,A1
4200,2392,Lakshmi Kumar,23,1,A1
4201,2392,Mahesh Patil,32,1,A2
4202,2392,Mahesh Kumar,50,1,A3
4203,2393,Ramesh Patil,32,1,A1
4204,2394,Kavitha Bhat,49,1,A1
4205,2395,Venkatesh Hegde,22,1,A1
4206,2396,Sunita Pujari,36,1,A1
4207,2396,Suresh Rao,35,1,A2
4208,2396,Ramesh Gowda,26,1,A3
4209,2397,Manjunath Nayak,30,1,A1
4210,2397,Suresh Hegde,19,1,A2
4211,2397,Suresh Deshmukh,19,1,A3
4212,2398,Kavitha Patil,41,1,A1
4213,2399,Venkatesh Rao,50,1,A1
4214,2400,Venkatesh Patil,39,1,A1
4215,2401,Ramesh Kulkarni,24,1,A1
4216,2401,Kavitha Pujari,40,2,A2
4217,2401,Lakshmi Bhat,29,2,A3
4218,2402,Mahesh Kumar,42,1,A1
4219,2402,Sunita Kulkarni,20,1,A2
4220,2403,Anitha Rao,46,2,A1
4221,2404,Mahesh Deshmukh,25,1,A1
4222,2404,Kavitha Reddy,40,2,A2
4223,2405,Mahesh Hegde,27,2,A1
4224,2406,Sunita Rao,22,1,A1
4225,2406,Kavitha Reddy,38,2,A2
4226,2406,Vijay Rao,36,2,A3
4227,2407,Lakshmi Deshmukh,49,1,A1
4228,2407,Ramesh Hegde,47,1,A2
4229,2408,Lakshmi Nayak,22,2,A1
4230,2408,Ganesh Kulkarni,48,2,A2
4231,2408,Sunita Pujari,45,1,A3
4232,2409,Ganesh Pujari,49,1,A1
4233,2409,Vijay Gowda,24,1,A2
4234,2409,Sunita Kulkarni,39,1,A3
4235,2410,Lakshmi Gowda,46,2,A1
4236,2411,Suresh Pujari,27,1,A1
4237,2411,Ganesh Patil,37,1,A2
4238,2411,Kavitha Gowda,45,2,A3
4239,2412,Manjunath Rao,20,1,A1
4240,2413,Anitha Bhat,44,1,A1
4241,2414,Kavitha Pujari,38,2,A1
4242,2415,Vijay Kulkarni,42,1,A1
4243,2416,Manjunath Rao,39,2,A1
4244,2417,Mahesh Kumar,26,2,A1
4245,2417,Lakshmi Reddy,28,1,A2
4246,2418,Manjunath Kumar,49,2,A1
4247,2419,Lakshmi Gowda,50,1,A1
4248,2419,Ramesh Pujari,45,1,A2
4249,2420,Suresh Patil,36,1,A1
4250,2421,Sunita Kumar,33,1,A1
4251,2421,Manjunath Kulkarni,33,1,A2
4252,2422,Anitha Rao,29,2,A1
4253,2423,Suresh Gowda,23,1,A1
4254,2424,Ramesh Shetty,40,1,A1
4255,2424,Anitha Nayak,42,1,A2
4256,2425,Suresh Rao,36,1,A1
4257,2426,Mahesh Gowda,44,1,A1
4258,2427,Manjunath Pujari,32,1,A1
4259,2427,Mahesh Deshmukh,28,1,A2
4260,2428,Kavitha Shetty,29,1,A1
4261,2429,Priya Gowda,48,1,A1
4262,2430,Ramesh Gowda,39,2,A1
4263,2430,Kavitha Bhat,24,1,A2
4264,2431,Priya Nayak,49,1,A1
4265,2432,Ramesh Kumar,50,1,A1
4266,2433,Vijay Patil,36,1,A1
4267,2433,Kavitha Deshmukh,24,1,A2
4268,2434,Manjunath Kumar,19,1,A1
4269,2435,Priya Rao,30,1,A1
4270,2436,Lakshmi Deshmukh,33,1,A1
4271,2437,Vijay Hegde,45,2,A1
4272,2438,Priya Gowda,47,1,A1
4273,2439,Lakshmi Kulkarni,26,1,A1
4274,2439,Mahesh Rao,23,1,A2
4275,2439,Suresh Nayak,34,2,A3
4276,2440,Vijay Rao,19,1,A1
4277,2440,Mahesh Hegde,27,1,A2
4278,2440,Sunita Bhat,39,1,A3
4279,2441,Mahesh Bhat,50,1,A1
4280,2442,Anitha Rao,29,2,A1
4281,2443,Anitha Kumar,36,1,A1
4282,2443,Suresh Bhat,42,1,A2
4283,2444,Sunita Gowda,22,1,A1
4284,2445,Lakshmi Pujari,42,1,A1
4285,2446,Vijay Rao,48,1,A1
4286,2446,Anitha Kumar,34,1,A2
4287,2446,Ganesh Kumar,36,1,A3
4288,2447,Anitha Pujari,30,1,A1
4289,2448,Ganesh Nayak,39,2,A1
4290,2449,Manjunath Reddy,41,2,A1
4291,2449,Priya Patil,24,1,A2
4292,2449,Ramesh Rao,47,2,A3
4293,2450,Ganesh Kulkarni,19,1,A1
4294,2451,Sunita Deshmukh,42,1,A1
4295,2452,Priya Gowda,37,2,A1
4296,2453,Venkatesh Shetty,40,1,A1
4297,2454,Lakshmi Shetty,47,1,A1
4298,2455,Mahesh Gowda,36,2,A1
4299,2456,Manjunath Hegde,38,1,A1
4300,2456,Ramesh Pujari,36,2,A2
4301,2457,Sunita Rao,19,1,A1
4302,2457,Kavitha Kulkarni,36,1,A2
4303,2457,Ramesh Pujari,29,1,A3
4304,2458,Suresh Rao,49,1,A1
4305,2458,Anitha Nayak,23,2,A2
4306,2459,Lakshmi Kumar,39,1,A1
4307,2460,Lakshmi Bhat,24,1,A1
4308,2461,Sunita Bhat,50,1,A1
4309,2461,Suresh Reddy,38,1,A2
4310,2461,Venkatesh Bhat,27,1,A3
4311,2462,Priya Patil,50,1,A1
4312,2463,Vijay Rao,22,2,A1
4313,2464,Venkatesh Kumar,48,1,A1
4314,2465,Ganesh Gowda,47,2,A1
4315,2465,Vijay Kulkarni,46,2,A2
4316,2465,Lakshmi Patil,49,1,A3
4317,2466,Kavitha Patil,40,1,A1
4318,2467,Sunita Gowda,28,2,A1
4319,2467,Ganesh Rao,25,2,A2
4320,2467,Mahesh Gowda,39,1,A3
4321,2468,Kavitha Gowda,30,2,A1
4322,2468,Mahesh Kulkarni,21,1,A2
4323,2469,Venkatesh Reddy,36,1,A1
4324,2469,Manjunath Rao,48,2,A2
4325,2469,Kavitha Reddy,50,2,A3
4326,2470,Ramesh Rao,49,2,A1
4327,2471,Kavitha Rao,41,1,A1
4328,2472,Mahesh Patil,19,2,A1
4329,2472,Sunita Shetty,32,1,A2
4330,2472,Kavitha Deshmukh,22,2,A3
4331,2473,Manjunath Pujari,49,2,A1
4332,2474,Sunita Deshmukh,50,1,A1
4333,2475,Suresh Gowda,46,1,A1
4334,2476,Ramesh Kumar,41,1,A1
4335,2477,Ramesh Bhat,23,1,A1
4336,2477,Lakshmi Nayak,33,1,A2
4337,2477,Ganesh Deshmukh,29,1,A3
4338,2478,Suresh Shetty,34,1,A1
4339,2479,Manjunath Kumar,46,2,A1
4340,2480,Ramesh Bhat,41,2,A1
4341,2481,Kavitha Shetty,29,1,A1
4342,2481,Sunita Deshmukh,22,1,A2
4343,2482,Venkatesh Reddy,42,1,A1
4344,2482,Sunita Nayak,50,1,A2
4345,2483,Lakshmi Patil,36,1,A1
4346,2483,Kavitha Pujari,37,1,A2
4347,2484,Venkatesh Gowda,26,1,A1
4348,2484,Mahesh Shetty,32,1,A2
4349,2484,Anitha Gowda,19,1,A3
4350,2485,Sunita Kumar,33,1,A1
4351,2485,Venkatesh Rao,31,1,A2
4352,2486,Ramesh Kulkarni,22,1,A1
4353,2487,Mahesh Kumar,39,2,A1
4354,2488,Venkatesh Pujari,32,2,A1
4355,2488,Lakshmi Pujari,46,1,A2
4356,2488,Venkatesh Pujari,42,1,A3
4357,2489,Manjunath Kulkarni,26,1,A1
4358,2489,Anitha Reddy,43,2,A2
4359,2490,Priya Kulkarni,47,1,A1
4360,2490,Manjunath Kulkarni,39,2,A2
4361,2490,Mahesh Kulkarni,50,1,A3
4362,2491,Lakshmi Kulkarni,42,1,A1
4363,2492,Mahesh Kumar,49,1,A1
4364,2492,Venkatesh Deshmukh,30,1,A2
4365,2492,Ganesh Rao,36,1,A3
4366,2493,Manjunath Deshmukh,21,1,A1
4367,2494,Mahesh Nayak,41,2,A1
4368,2495,Sunita Rao,34,2,A1
4369,2496,Sunita Kulkarni,50,1,A1
4370,2497,Vijay Shetty,22,2,A1
4371,2498,Manjunath Reddy,48,1,A1
4372,2498,Priya Kulkarni,50,1,A2
4373,2498,Anitha Hegde,22,1,A3
4374,2499,Priya Shetty,28,1,A1
4375,2499,Mahesh Kulkarni,45,1,A2
4376,2500,Suresh Hegde,26,1,A1
4377,2500,Anitha Kulkarni,20,2,A2
4378,2500,Ramesh Hegde,32,1,A3
4379,2501,Kavitha Hegde,36,1,A1
4380,2501,Suresh Shetty,43,1,A2
4381,2501,Vijay Kumar,26,1,A3
4382,2502,Anitha Kumar,38,1,A1
4383,2502,Lakshmi Shetty,38,2,A2
4384,2502,Vijay Pujari,31,2,A3
4385,2503,Sunita Gowda,46,2,A1
4386,2503,Priya Hegde,32,2,A2
4387,2504,Venkatesh Deshmukh,44,2,A1
4388,2504,Anitha Reddy,46,1,A2
4389,2505,Ganesh Reddy,30,1,A1
4390,2505,Anitha Rao,19,1,A2
4391,2506,Venkatesh Reddy,40,1,A1
4392,2506,Ramesh Kumar,34,2,A2
4393,2506,Manjunath Shetty,49,1,A3
4394,2507,Lakshmi Kumar,42,1,A1
4395,2508,Priya Deshmukh,19,1,A1
4396,2509,Vijay Kumar,21,1,A1
4397,2510,Lakshmi Bhat,26,1,A1
4398,2510,Mahesh Bhat,30,1,A2
4399,2510,Mahesh Pujari,40,1,A3
4400,2511,Ramesh Deshmukh,45,2,A1
4401,2511,Anitha Shetty,42,1,A2
4402,2511,Sunita Rao,24,1,A3
4403,2512,Mahesh Reddy,26,1,A1
4404,2513,Kavitha Deshmukh,19,1,A1
4405,2513,Mahesh Nayak,24,1,A2
4406,2514,Ganesh Reddy,47,1,A1
4407,2515,Mahesh Pujari,44,2,A1
4408,2516,Ramesh Hegde,33,1,A1
4409,2517,Suresh Kulkarni,26,1,A1
4410,2517,Ganesh Nayak,26,1,A2
4411,2518,Sunita Kulkarni,20,2,A1
4412,2518,Anitha Kumar,23,2,A2
4413,2519,Suresh Patil,43,1,A1
4414,2519,Vijay Reddy,34,1,A2
4415,2519,Anitha Patil,48,2,A3
4416,2520,Sunita Kulkarni,47,1,A1
4417,2520,Mahesh Hegde,19,1,A2
4418,2520,Sunita Pujari,31,1,A3
4419,2521,Manjunath Bhat,25,1,A1
4420,2522,Mahesh Nayak,33,2,A1
4421,2522,Ramesh Nayak,43,1,A2
4422,2522,Anitha Shetty,49,1,A3
4423,2523,Venkatesh Pujari,48,2,A1
4424,2524,Mahesh Nayak,19,1,A1
4425,2525,Kavitha Shetty,27,1,A1
4426,2525,Manjunath Bhat,48,1,A2
4427,2526,Manjunath Deshmukh,19,1,A1
4428,2526,Ramesh Patil,34,1,A2
4429,2527,Sunita Kumar,21,2,A1
4430,2528,Lakshmi Deshmukh,26,2,A1
4431,2528,Priya Pujari,47,1,A2
4432,2528,Suresh Deshmukh,35,1,A3
4433,2529,Sunita Gowda,30,1,A1
4434,2529,Vijay Gowda,34,1,A2
4435,2530,Anitha Rao,35,2,A1
4436,2530,Lakshmi Kumar,30,1,A2
4437,2530,Ramesh Kulkarni,50,1,A3
4438,2531,Venkatesh Hegde,41,1,A1
4439,2531,Suresh Rao,31,1,A2
4440,2532,Anitha Nayak,38,2,A1
4441,2532,Venkatesh Hegde,21,1,A2
4442,2532,Anitha Nayak,44,1,A3
4443,2533,Suresh Deshmukh,28,1,A1
4444,2533,Suresh Rao,30,1,A2
4445,2534,Ramesh Kumar,20,1,A1
4446,2535,Lakshmi Reddy,48,1,A1
4447,2536,Manjunath Shetty,40,1,A1
4448,2536,Manjunath Rao,35,2,A2
4449,2537,Priya Rao,26,2,A1
4450,2537,Vijay Rao,39,1,A2
4451,2537,Venkatesh Nayak,19,1,A3
4452,2538,Ramesh Rao,38,2,A1
4453,2538,Suresh Reddy,26,1,A2
4454,2539,Priya Gowda,48,1,A1
4455,2539,Priya Reddy,32,1,A2
4456,2540,Anitha Reddy,41,1,A1
4457,2540,Manjunath Kumar,41,1,A2
4458,2540,Sunita Patil,24,1,A3
4459,2541,Mahesh Kulkarni,42,1,A1
4460,2542,Priya Hegde,33,2,A1
4461,2543,Sunita Hegde,20,1,A1
4462,2543,Ramesh Kulkarni,20,1,A2
4463,2543,Venkatesh Kumar,33,2,A3
4464,2544,Vijay Pujari,41,1,A1
4465,2544,Suresh Pujari,47,1,A2
4466,2544,Priya Kulkarni,36,1,A3
4467,2545,Ganesh Gowda,21,1,A1
4468,2545,Kavitha Rao,32,1,A2
4469,2545,Ganesh Bhat,39,1,A3
4470,2546,Sunita Deshmukh,41,1,A1
4471,2547,Ramesh Hegde,35,1,A1
4472,2547,Manjunath Nayak,46,1,A2
4473,2548,Kavitha Kulkarni,46,1,A1
4474,2549,Vijay Reddy,47,1,A1
4475,2549,Sunita Kumar,36,1,A2
4476,2550,Sunita Shetty,23,2,A1
4477,2550,Vijay Bhat,20,1,A2
4478,2551,Manjunath Pujari,21,1,A1
4479,2551,Ganesh Reddy,39,1,A2
4480,2552,Suresh Nayak,42,1,A1
4481,2552,Anitha Kulkarni,50,1,A2
4482,2552,Suresh Nayak,33,1,A3
4483,2553,Anitha Gowda,23,2,A1
4484,2554,Kavitha Reddy,24,1,A1
4485,2555,Sunita Nayak,50,1,A1
4486,2556,Venkatesh Deshmukh,37,1,A1
4487,2557,Sunita Shetty,42,1,A1
4488,2557,Ramesh Nayak,48,1,A2
4489,2558,Vijay Kumar,41,1,A1
4490,2559,Ganesh Nayak,22,1,A1
4491,2559,Priya Kulkarni,41,1,A2
4492,2560,Manjunath Gowda,45,1,A1
4493,2561,Suresh Kulkarni,23,1,A1
4494,2562,Anitha Nayak,36,1,A1
4495,2562,Lakshmi Nayak,44,1,A2
4496,2562,Ramesh Gowda,33,2,A3
4497,2563,Ramesh Patil,50,1,A1
4498,2563,Anitha Reddy,22,2,A2
4499,2563,Ganesh Rao,25,1,A3
4500,2564,Kavitha Reddy,23,1,A1
4501,2564,Anitha Reddy,39,1,A2
4502,2565,Lakshmi Patil,36,1,A1
4503,2565,Sunita Bhat,19,2,A2
4504,2566,Ganesh Nayak,21,1,A1
4505,2566,Ramesh Gowda,29,2,A2
4506,2567,Suresh Rao,27,1,A1
4507,2567,Suresh Patil,41,1,A2
4508,2567,Sunita Kumar,24,2,A3
4509,2568,Mahesh Rao,46,1,A1
4510,2569,Suresh Shetty,29,2,A1
4511,2570,Mahesh Hegde,34,1,A1
4512,2570,Sunita Kulkarni,36,2,A2
4513,2570,Vijay Patil,36,1,A3
4514,2571,Suresh Shetty,42,2,A1
4515,2571,Ramesh Deshmukh,43,1,A2
4516,2571,Kavitha Rao,42,1,A3
4517,2572,Priya Deshmukh,48,1,A1
4518,2573,Lakshmi Bhat,44,2,A1
4519,2573,Kavitha Hegde,31,1,A2
4520,2574,Anitha Pujari,50,1,A1
4521,2575,Manjunath Reddy,27,2,A1
4522,2575,Mahesh Kulkarni,25,2,A2
4523,2575,Ramesh Nayak,20,1,A3
4524,2576,Sunita Kumar,23,2,A1
4525,2577,Kavitha Kumar,38,1,A1
4526,2577,Lakshmi Bhat,25,1,A2
4527,2577,Suresh Pujari,40,2,A3
4528,2578,Kavitha Hegde,46,1,A1
4529,2578,Manjunath Patil,25,2,A2
4530,2579,Priya Kumar,50,2,A1
4531,2580,Priya Reddy,33,1,A1
4532,2580,Venkatesh Pujari,36,1,A2
4533,2580,Ramesh Reddy,24,1,A3
4534,2581,Manjunath Deshmukh,45,1,A1
4535,2581,Lakshmi Nayak,37,1,A2
4536,2581,Lakshmi Kumar,40,1,A3
4537,2582,Venkatesh Patil,27,1,A1
4538,2582,Vijay Kulkarni,48,1,A2
4539,2582,Suresh Reddy,23,1,A3
4540,2583,Kavitha Shetty,28,1,A1
4541,2583,Kavitha Bhat,48,2,A2
4542,2584,Kavitha Pujari,40,1,A1
4543,2584,Anitha Shetty,44,2,A2
4544,2585,Mahesh Rao,28,1,A1
4545,2586,Ramesh Kumar,30,1,A1
4546,2586,Mahesh Rao,24,1,A2
4547,2586,Vijay Deshmukh,21,1,A3
4548,2587,Vijay Rao,40,1,A1
4549,2588,Ramesh Hegde,40,2,A1
4550,2588,Kavitha Kulkarni,50,2,A2
4551,2588,Suresh Rao,43,1,A3
4552,2589,Manjunath Rao,48,1,A1
4553,2589,Suresh Rao,50,2,A2
4554,2590,Sunita Bhat,36,2,A1
4555,2590,Venkatesh Pujari,20,1,A2
4556,2591,Suresh Nayak,37,1,A1
4557,2591,Kavitha Hegde,20,2,A2
4558,2591,Anitha Bhat,49,2,A3
4559,2592,Vijay Reddy,24,1,A1
4560,2592,Lakshmi Patil,20,1,A2
4561,2593,Ganesh Rao,50,1,A1
4562,2593,Manjunath Kumar,46,1,A2
4563,2593,Ganesh Kumar,19,1,A3
4564,2594,Anitha Kulkarni,23,2,A1
4565,2595,Anitha Pujari,42,2,A1
4566,2596,Suresh Gowda,25,2,A1
4567,2596,Priya Rao,44,1,A2
4568,2596,Manjunath Bhat,26,1,A3
4569,2597,Suresh Bhat,48,1,A1
4570,2598,Ramesh Gowda,32,1,A1
4571,2598,Suresh Rao,25,1,A2
4572,2598,Ganesh Kulkarni,24,2,A3
4573,2599,Mahesh Pujari,23,1,A1
4574,2600,Mahesh Patil,29,1,A1
4575,2601,Mahesh Patil,42,1,A1
4576,2601,Sunita Patil,35,2,A2
4577,2602,Lakshmi Rao,19,1,A1
4578,2602,Manjunath Patil,48,1,A2
4579,2602,Anitha Shetty,50,1,A3
4580,2603,Ramesh Gowda,49,1,A1
4581,2603,Mahesh Shetty,43,1,A2
4582,2603,Kavitha Rao,23,2,A3
4583,2604,Venkatesh Kumar,27,2,A1
4584,2604,Ramesh Shetty,26,1,A2
4585,2604,Ramesh Gowda,50,1,A3
4586,2605,Sunita Reddy,19,1,A1
4587,2606,Suresh Kumar,30,1,A1
4588,2607,Mahesh Shetty,29,1,A1
4589,2608,Lakshmi Kulkarni,27,1,A1
4590,2608,Ganesh Rao,26,1,A2
4591,2609,Vijay Patil,39,1,A1
4592,2609,Lakshmi Nayak,33,1,A2
4593,2609,Ramesh Gowda,40,2,A3
4594,2610,Ganesh Reddy,38,1,A1
4595,2611,Lakshmi Kumar,48,2,A1
4596,2611,Kavitha Rao,21,2,A2
4597,2612,Priya Patil,39,1,A1
4598,2613,Suresh Gowda,45,1,A1
4599,2614,Lakshmi Patil,40,1,A1
4600,2615,Sunita Kulkarni,35,1,A1
4601,2616,Venkatesh Deshmukh,50,1,A1
4602,2616,Priya Bhat,27,2,A2
4603,2616,Ganesh Rao,35,2,A3
4604,2617,Sunita Rao,32,1,A1
4605,2618,Priya Nayak,43,1,A1
4606,2619,Ramesh Gowda,22,2,A1
4607,2619,Lakshmi Shetty,32,1,A2
4608,2620,Ganesh Shetty,49,1,A1
4609,2621,Vijay Reddy,44,2,A1
4610,2622,Kavitha Nayak,22,1,A1
4611,2623,Kavitha Gowda,39,2,A1
4612,2624,Mahesh Nayak,24,1,A1
4613,2624,Anitha Gowda,19,2,A2
4614,2624,Sunita Kumar,23,1,A3
4615,2625,Vijay Patil,49,2,A1
4616,2626,Lakshmi Kumar,23,1,A1
4617,2627,Suresh Kumar,33,1,A1
4618,2628,Suresh Bhat,39,2,A1
4619,2629,Lakshmi Gowda,37,2,A1
4620,2629,Vijay Kumar,35,1,A2
4621,2629,Priya Kumar,25,1,A3
4622,2630,Ganesh Shetty,34,1,A1
4623,2630,Anitha Pujari,29,1,A2
4624,2630,Manjunath Reddy,22,1,A3
4625,2631,Priya Gowda,35,1,A1
4626,2631,Suresh Kumar,36,1,A2
4627,2631,Anitha Patil,39,1,A3
4628,2632,Lakshmi Shetty,32,1,A1
4629,2633,Venkatesh Reddy,45,2,A1
4630,2633,Lakshmi Rao,48,1,A2
4631,2634,Venkatesh Deshmukh,33,1,A1
4632,2634,Mahesh Nayak,36,1,A2
4633,2634,Priya Rao,22,1,A3
4634,2635,Ramesh Kumar,39,1,A1
4635,2635,Priya Shetty,19,1,A2
4636,2636,Suresh Shetty,30,1,A1
4637,2637,Kavitha Reddy,45,1,A1
4638,2637,Anitha Rao,46,2,A2
4639,2637,Anitha Nayak,31,1,A3
4640,2638,Suresh Rao,38,1,A1
4641,2638,Kavitha Reddy,44,1,A2
4642,2639,Ramesh Reddy,37,1,A1
4643,2640,Manjunath Deshmukh,38,1,A1
4644,2640,Venkatesh Gowda,42,1,A2
4645,2640,Ganesh Shetty,27,1,A3
4646,2641,Mahesh Patil,41,1,A1
4647,2641,Sunita Hegde,44,2,A2
4648,2642,Ramesh Nayak,28,2,A1
4649,2642,Sunita Nayak,50,2,A2
4650,2642,Lakshmi Shetty,30,1,A3
4651,2643,Lakshmi Nayak,25,1,A1
4652,2644,Kavitha Reddy,49,1,A1
4653,2645,Priya Kulkarni,36,1,A1
4654,2646,Sunita Nayak,31,1,A1
4655,2647,Priya Nayak,19,1,A1
4656,2648,Kavitha Nayak,44,2,A1
4657,2649,Mahesh Deshmukh,35,2,A1
4658,2649,Mahesh Reddy,19,1,A2
4659,2649,Kavitha Bhat,37,1,A3
4660,2650,Venkatesh Pujari,30,2,A1
4661,2650,Lakshmi Reddy,29,1,A2
4662,2651,Priya Deshmukh,22,2,A1
4663,2651,Kavitha Gowda,38,2,A2
4664,2651,Suresh Shetty,31,1,A3
4665,2652,Suresh Nayak,46,1,A1
4666,2652,Priya Pujari,42,1,A2
4667,2653,Vijay Shetty,29,2,A1
4668,2654,Venkatesh Bhat,28,1,A1
4669,2655,Venkatesh Deshmukh,38,1,A1
4670,2656,Ramesh Kulkarni,31,2,A1
4671,2656,Mahesh Hegde,25,1,A2
4672,2657,Suresh Kulkarni,38,2,A1
4673,2658,Priya Gowda,28,1,A1
4674,2659,Mahesh Hegde,32,1,A1
4675,2660,Kavitha Nayak,38,1,A1
4676,2660,Manjunath Bhat,30,1,A2
4677,2661,Mahesh Hegde,21,1,A1
4678,2661,Kavitha Gowda,42,2,A2
4679,2661,Kavitha Gowda,37,2,A3
4680,2662,Lakshmi Nayak,31,1,A1
4681,2662,Manjunath Gowda,24,1,A2
4682,2663,Ramesh Hegde,48,1,A1
4683,2663,Ramesh Reddy,20,1,A2
4684,2663,Ramesh Patil,43,2,A3
4685,2664,Priya Deshmukh,33,1,A1
4686,2664,Manjunath Deshmukh,36,1,A2
4687,2664,Mahesh Nayak,43,1,A3
4688,2665,Venkatesh Hegde,47,1,A1
4689,2666,Lakshmi Shetty,49,1,A1
4690,2666,Manjunath Gowda,29,1,A2
4691,2666,Sunita Rao,32,1,A3
4692,2667,Anitha Bhat,27,1,A1
4693,2667,Ganesh Pujari,36,2,A2
4694,2667,Vijay Hegde,42,1,A3
4695,2668,Venkatesh Reddy,20,1,A1
4696,2669,Ramesh Bhat,47,1,A1
4697,2670,Priya Deshmukh,33,1,A1
4698,2670,Kavitha Hegde,27,1,A2
4699,2670,Ramesh Shetty,33,1,A3
4700,2671,Sunita Pujari,40,1,A1
4701,2671,Sunita Gowda,44,1,A2
4702,2672,Kavitha Bhat,37,1,A1
4703,2673,Manjunath Gowda,46,1,A1
4704,2674,Vijay Rao,40,1,A1
4705,2674,Ganesh Deshmukh,47,1,A2
4706,2674,Kavitha Bhat,38,2,A3
4707,2675,Kavitha Kulkarni,44,2,A1
4708,2675,Priya Kumar,48,1,A2
4709,2676,Sunita Shetty,46,1,A1
4710,2677,Mahesh Patil,40,2,A1
4711,2678,Vijay Bhat,38,1,A1
4712,2679,Anitha Shetty,32,2,A1
4713,2679,Lakshmi Hegde,39,1,A2
4714,2679,Lakshmi Deshmukh,48,1,A3
4715,2680,Sunita Kulkarni,25,1,A1
4716,2681,Mahesh Gowda,30,2,A1
4717,2682,Sunita Kulkarni,45,1,A1
4718,2683,Manjunath Patil,44,1,A1
4719,2683,Priya Pujari,50,1,A2
4720,2684,Suresh Gowda,27,2,A1
4721,2684,Venkatesh Rao,44,2,A2
4722,2684,Manjunath Rao,28,1,A3
4723,2685,Ganesh Hegde,46,1,A1
4724,2685,Priya Kumar,38,1,A2
4725,2686,Lakshmi Bhat,36,1,A1
4726,2686,Ramesh Hegde,30,1,A2
4727,2686,Suresh Kumar,47,2,A3
4728,2687,Ganesh Kumar,46,1,A1
4729,2687,Vijay Patil,34,2,A2
4730,2688,Manjunath Reddy,23,1,A1
4731,2688,Manjunath Patil,31,2,A2
4732,2688,Lakshmi Gowda,45,2,A3
4733,2689,Anitha Pujari,49,1,A1
4734,2689,Ganesh Kulkarni,36,2,A2
4735,2690,Venkatesh Rao,34,1,A1
4736,2691,Ramesh Pujari,49,1,A1
4737,2692,Sunita Hegde,24,2,A1
4738,2693,Sunita Hegde,35,1,A1
4739,2693,Priya Reddy,30,1,A2
4740,2694,Ganesh Kumar,21,1,A1
4741,2695,Anitha Reddy,31,1,A1
4742,2696,Vijay Nayak,27,1,A1
4743,2696,Sunita Kulkarni,36,1,A2
4744,2696,Venkatesh Rao,40,1,A3
4745,2697,Kavitha Kumar,48,2,A1
4746,2697,Vijay Gowda,32,2,A2
4747,2697,Kavitha Kulkarni,27,1,A3
4748,2698,Sunita Nayak,49,1,A1
4749,2698,Kavitha Gowda,27,1,A2
4750,2699,Vijay Reddy,31,1,A1
4751,2700,Sunita Pujari,47,1,A1
4752,2701,Lakshmi Kulkarni,19,1,A1
4753,2701,Manjunath Kulkarni,25,1,A2
4754,2701,Vijay Reddy,50,1,A3
4755,2702,Venkatesh Deshmukh,22,2,A1
4756,2703,Kavitha Nayak,41,2,A1
4757,2704,Kavitha Kumar,34,2,A1
4758,2704,Ramesh Hegde,47,1,A2
4759,2705,Manjunath Gowda,45,1,A1
4760,2706,Vijay Kulkarni,24,2,A1
4761,2706,Ganesh Gowda,39,1,A2
4762,2706,Sunita Shetty,43,1,A3
4763,2707,Venkatesh Bhat,25,1,A1
4764,2707,Ramesh Kulkarni,50,1,A2
4765,2707,Anitha Bhat,34,1,A3
4766,2708,Manjunath Hegde,28,1,A1
4767,2708,Manjunath Bhat,33,2,A2
4768,2708,Ganesh Patil,24,1,A3
4769,2709,Venkatesh Reddy,28,1,A1
4770,2710,Manjunath Nayak,49,1,A1
4771,2711,Lakshmi Pujari,29,1,A1
4772,2711,Vijay Rao,25,2,A2
4773,2711,Lakshmi Kumar,41,1,A3
4774,2712,Anitha Patil,50,1,A1
4775,2712,Anitha Bhat,41,1,A2
4776,2713,Anitha Bhat,42,1,A1
4777,2713,Mahesh Shetty,46,1,A2
4778,2714,Ganesh Deshmukh,38,1,A1
4779,2714,Lakshmi Gowda,39,1,A2
4780,2715,Priya Reddy,39,2,A1
4781,2716,Lakshmi Deshmukh,50,1,A1
4782,2717,Vijay Pujari,19,1,A1
4783,2717,Ganesh Deshmukh,23,1,A2
4784,2717,Lakshmi Nayak,29,1,A3
4785,2718,Manjunath Patil,35,1,A1
4786,2718,Lakshmi Rao,23,1,A2
4787,2718,Mahesh Gowda,22,2,A3
4788,2719,Lakshmi Pujari,41,1,A1
4789,2719,Lakshmi Patil,39,1,A2
4790,2719,Vijay Rao,45,1,A3
4791,2720,Suresh Pujari,21,1,A1
4792,2720,Manjunath Deshmukh,21,1,A2
4793,2720,Manjunath Nayak,28,1,A3
4794,2721,Kavitha Nayak,23,1,A1
4795,2722,Sunita Kumar,49,1,A1
4796,2723,Ganesh Shetty,49,2,A1
4797,2724,Suresh Kulkarni,33,1,A1
4798,2724,Mahesh Gowda,35,1,A2
4799,2724,Vijay Shetty,24,2,A3
4800,2725,Lakshmi Bhat,45,1,A1
4801,2725,Kavitha Nayak,38,1,A2
4802,2725,Kavitha Shetty,30,1,A3
4803,2726,Mahesh Shetty,26,1,A1
4804,2727,Priya Bhat,48,2,A1
4805,2728,Sunita Kulkarni,21,1,A1
4806,2729,Sunita Gowda,33,1,A1
4807,2729,Manjunath Patil,42,2,A2
4808,2729,Ganesh Kumar,35,1,A3
4809,2730,Lakshmi Rao,50,1,A1
4810,2730,Ganesh Kulkarni,29,2,A2
4811,2731,Manjunath Patil,41,1,A1
4812,2731,Ganesh Kumar,30,1,A2
4813,2731,Venkatesh Gowda,37,1,A3
4814,2732,Mahesh Pujari,43,1,A1
4815,2733,Suresh Reddy,44,2,A1
4816,2733,Suresh Kulkarni,47,1,A2
4817,2733,Kavitha Kumar,30,1,A3
4818,2734,Lakshmi Hegde,30,1,A1
4819,2735,Anitha Hegde,23,2,A1
4820,2735,Anitha Kumar,45,2,A2
4821,2736,Ramesh Bhat,37,2,A1
4822,2736,Ganesh Pujari,40,2,A2
4823,2736,Manjunath Deshmukh,46,1,A3
4824,2737,Sunita Kumar,50,1,A1
4825,2737,Suresh Rao,50,1,A2
4826,2737,Anitha Bhat,44,2,A3
4827,2738,Lakshmi Patil,33,1,A1
4828,2739,Kavitha Reddy,29,2,A1
4829,2740,Suresh Pujari,19,2,A1
4830,2740,Ramesh Bhat,48,2,A2
4831,2740,Priya Reddy,45,2,A3
4832,2741,Ramesh Patil,46,2,A1
4833,2741,Suresh Deshmukh,50,1,A2
4834,2742,Manjunath Reddy,44,2,A1
4835,2743,Ramesh Kumar,25,2,A1
4836,2743,Lakshmi Hegde,28,2,A2
4837,2744,Manjunath Nayak,45,1,A1
4838,2744,Anitha Gowda,21,1,A2
4839,2745,Mahesh Nayak,35,1,A1
4840,2745,Priya Kulkarni,43,1,A2
4841,2745,Anitha Patil,22,1,A3
4842,2746,Ramesh Rao,33,1,A1
4843,2746,Priya Patil,33,1,A2
4844,2746,Ganesh Deshmukh,46,2,A3
4845,2747,Ganesh Kulkarni,45,1,A1
4846,2747,Sunita Kumar,19,1,A2
4847,2748,Manjunath Hegde,22,2,A1
4848,2748,Ramesh Shetty,41,1,A2
4849,2748,Venkatesh Deshmukh,37,1,A3
4850,2749,Venkatesh Deshmukh,36,1,A1
4851,2749,Manjunath Rao,25,2,A2
4852,2750,Priya Rao,40,1,A1
4853,2750,Mahesh Pujari,33,1,A2
4854,2751,Mahesh Kumar,23,2,A1
4855,2751,Manjunath Shetty,19,1,A2
4856,2752,Venkatesh Bhat,24,1,A1
4857,2753,Priya Bhat,24,1,A1
4858,2753,Priya Kulkarni,48,1,A2
4859,2753,Sunita Bhat,38,1,A3
4860,2754,Lakshmi Pujari,43,2,A1
4861,2755,Anitha Bhat,39,1,A1
4862,2756,Anitha Nayak,21,1,A1
4863,2756,Priya Gowda,29,1,A2
4864,2756,Ganesh Bhat,28,1,A3
4865,2757,Vijay Hegde,19,1,A1
4866,2758,Venkatesh Patil,44,1,A1
4867,2759,Ganesh Bhat,31,2,A1
4868,2759,Vijay Deshmukh,27,1,A2
4869,2760,Lakshmi Rao,30,2,A1
4870,2760,Sunita Reddy,33,1,A2
4871,2761,Ganesh Pujari,42,1,A1
4872,2761,Ramesh Hegde,19,1,A2
4873,2762,Ganesh Kulkarni,45,1,A1
4874,2762,Lakshmi Kulkarni,47,1,A2
4875,2763,Mahesh Shetty,41,1,A1
4876,2763,Vijay Kumar,42,2,A2
4877,2763,Ganesh Shetty,41,1,A3
4878,2764,Venkatesh Kulkarni,43,1,A1
4879,2764,Vijay Kumar,23,2,A2
4880,2764,Ramesh Shetty,46,1,A3
4881,2765,Venkatesh Reddy,37,2,A1
4882,2765,Sunita Patil,32,1,A2
4883,2765,Anitha Shetty,30,2,A3
4884,2766,Manjunath Pujari,25,1,A1
4885,2766,Anitha Hegde,39,1,A2
4886,2767,Lakshmi Pujari,27,2,A1
4887,2768,Suresh Patil,20,1,A1
4888,2768,Manjunath Bhat,24,1,A2
4889,2768,Vijay Nayak,50,1,A3
4890,2769,Ramesh Kumar,34,1,A1
4891,2769,Suresh Bhat,46,2,A2
4892,2769,Kavitha Rao,44,1,A3
4893,2770,Kavitha Gowda,32,2,A1
4894,2771,Sunita Deshmukh,26,1,A1
4895,2772,Mahesh Deshmukh,35,1,A1
4896,2773,Lakshmi Shetty,38,1,A1
4897,2773,Vijay Kulkarni,37,1,A2
4898,2773,Sunita Deshmukh,40,1,A3
4899,2774,Lakshmi Patil,31,2,A1
4900,2775,Suresh Rao,28,1,A1
4901,2776,Priya Nayak,48,1,A1
4902,2777,Kavitha Gowda,21,1,A1
4903,2777,Vijay Kumar,49,2,A2
4904,2777,Sunita Deshmukh,26,2,A3
4905,2778,Ramesh Shetty,35,1,A1
4906,2779,Kavitha Reddy,25,1,A1
4907,2780,Lakshmi Kulkarni,30,1,A1
4908,2780,Mahesh Pujari,45,2,A2
4909,2781,Sunita Patil,38,1,A1
4910,2781,Priya Rao,21,1,A2
4911,2782,Venkatesh Rao,36,1,A1
4912,2782,Venkatesh Reddy,33,2,A2
4913,2782,Lakshmi Rao,46,1,A3
4914,2783,Vijay Rao,35,1,A1
4915,2783,Anitha Shetty,47,2,A2
4916,2783,Suresh Rao,43,1,A3
4917,2784,Manjunath Shetty,23,1,A1
4918,2785,Vijay Reddy,25,2,A1
4919,2785,Vijay Nayak,25,1,A2
4920,2786,Ganesh Bhat,46,1,A1
4921,2786,Suresh Pujari,32,1,A2
4922,2786,Kavitha Shetty,37,1,A3
4923,2787,Mahesh Pujari,33,2,A1
4924,2788,Ramesh Nayak,48,2,A1
4925,2789,Suresh Gowda,42,1,A1
4926,2790,Suresh Shetty,28,2,A1
4927,2791,Kavitha Hegde,30,1,A1
4928,2792,Suresh Kumar,26,1,A1
4929,2792,Kavitha Gowda,40,1,A2
4930,2793,Vijay Pujari,34,1,A1
4931,2793,Suresh Nayak,23,2,A2
4932,2793,Venkatesh Pujari,25,1,A3
4933,2794,Priya Hegde,22,1,A1
4934,2794,Kavitha Nayak,24,1,A2
4935,2794,Suresh Nayak,49,1,A3
4936,2795,Ganesh Nayak,35,1,A1
4937,2795,Priya Bhat,38,1,A2
4938,2795,Sunita Deshmukh,32,2,A3
4939,2796,Priya Deshmukh,22,2,A1
4940,2797,Lakshmi Kumar,47,1,A1
4941,2797,Lakshmi Hegde,25,2,A2
4942,2798,Ganesh Bhat,44,1,A1
4943,2798,Vijay Bhat,29,1,A2
4944,2798,Vijay Rao,33,1,A3
4945,2799,Venkatesh Nayak,32,1,A1
4946,2799,Ganesh Bhat,48,1,A2
4947,2800,Sunita Reddy,20,1,A1
4948,2800,Priya Rao,23,1,A2
4949,2800,Sunita Hegde,19,2,A3
4950,2801,Ganesh Patil,30,1,A1
4951,2801,Ganesh Patil,44,1,A2
4952,2801,Manjunath Nayak,23,1,A3
4953,2802,Ramesh Rao,36,2,A1
4954,2803,Manjunath Patil,25,1,A1
4955,2804,Manjunath Gowda,38,1,A1
4956,2805,Ramesh Pujari,42,1,A1
4957,2805,Mahesh Reddy,44,2,A2
4958,2806,Kavitha Rao,47,1,A1
4959,2807,Anitha Deshmukh,34,1,A1
4960,2807,Priya Gowda,38,1,A2
4961,2807,Priya Kumar,35,1,A3
4962,2808,Suresh Patil,30,1,A1
4963,2808,Venkatesh Bhat,25,2,A2
4964,2808,Priya Patil,27,1,A3
4965,2809,Ramesh Kulkarni,40,1,A1
4966,2810,Lakshmi Gowda,31,1,A1
4967,2810,Sunita Kulkarni,39,1,A2
4968,2811,Mahesh Nayak,40,1,A1
4969,2812,Ramesh Rao,45,1,A1
4970,2812,Suresh Kulkarni,48,1,A2
4971,2812,Ganesh Reddy,46,2,A3
4972,2813,Ramesh Kumar,47,1,A1
4973,2814,Manjunath Pujari,50,1,A1
4974,2815,Manjunath Hegde,25,1,A1
4975,2815,Manjunath Kulkarni,22,1,A2
4976,2816,Vijay Kumar,37,2,A1
4977,2817,Vijay Patil,50,1,A1
4978,2817,Mahesh Pujari,50,1,A2
4979,2817,Venkatesh Pujari,21,1,A3
4980,2818,Suresh Nayak,20,2,A1
4981,2818,Venkatesh Gowda,21,2,A2
4982,2818,Kavitha Rao,35,2,A3
4983,2819,Anitha Bhat,49,2,A1
4984,2820,Vijay Bhat,40,1,A1
4985,2821,Kavitha Rao,48,1,A1
4986,2821,Vijay Patil,23,1,A2
4987,2822,Kavitha Bhat,48,1,A1
4988,2822,Sunita Patil,45,1,A2
4989,2823,Mahesh Rao,40,1,A1
4990,2823,Suresh Pujari,48,2,A2
4991,2823,Manjunath Kulkarni,39,1,A3
4992,2824,Mahesh Rao,49,2,A1
4993,2824,Suresh Deshmukh,48,1,A2
4994,2825,Venkatesh Pujari,44,1,A1
4995,2825,Venkatesh Kumar,21,1,A2
4996,2825,Ganesh Nayak,43,1,A3
4997,2826,Priya Hegde,33,1,A1
4998,2826,Lakshmi Patil,47,1,A2
4999,2827,Ramesh Bhat,41,2,A1
5000,2828,Priya Kumar,26,1,A1
5001,2828,Mahesh Nayak,36,1,A2
5002,2829,Venkatesh Reddy,21,1,A1
5003,2830,Suresh Bhat,26,1,A1
5004,2831,Vijay Hegde,49,1,A1
5005,2832,Kavitha Shetty,33,2,A1
5006,2832,Priya Nayak,26,1,A2
5007,2832,Lakshmi Reddy,23,1,A3
5008,2833,Manjunath Nayak,49,1,A1
5009,2834,Suresh Nayak,32,1,A1
5010,2835,Vijay Pujari,42,2,A1
5011,2835,Kavitha Pujari,41,1,A2
5012,2835,Ganesh Pujari,36,1,A3
5013,2836,Sunita Rao,27,1,A1
5014,2837,Suresh Kumar,37,2,A1
5015,2838,Anitha Kulkarni,34,2,A1
5016,2838,Suresh Rao,22,1,A2
5017,2839,Lakshmi Reddy,22,1,A1
5018,2839,Venkatesh Hegde,42,1,A2
5019,2840,Kavitha Rao,24,1,A1
5020,2840,Vijay Patil,43,2,A2
5021,2840,Venkatesh Pujari,29,1,A3
5022,2841,Mahesh Bhat,23,1,A1
5023,2842,Ramesh Kumar,35,1,A1
5024,2842,Anitha Gowda,34,1,A2
5025,2842,Priya Shetty,29,1,A3
5026,2843,Priya Reddy,39,1,A1
5027,2844,Ramesh Nayak,32,1,A1
5028,2845,Vijay Reddy,44,1,A1
5029,2846,Manjunath Hegde,23,1,A1
5030,2847,Venkatesh Kumar,22,1,A1
5031,2847,Sunita Kulkarni,33,1,A2
5032,2848,Suresh Deshmukh,49,1,A1
5033,2848,Mahesh Hegde,32,1,A2
5034,2849,Ganesh Deshmukh,31,1,A1
5035,2850,Lakshmi Kumar,21,1,A1
5036,2851,Lakshmi Shetty,28,1,A1
5037,2852,Suresh Hegde,43,1,A1
5038,2853,Anitha Deshmukh,30,1,A1
5039,2854,Ganesh Gowda,24,1,A1
5040,2854,Sunita Gowda,33,1,A2
5041,2854,Suresh Hegde,32,1,A3
5042,2855,Kavitha Nayak,35,1,A1
5043,2856,Anitha Kumar,21,1,A1
5044,2857,Mahesh Kumar,36,1,A1
5045,2857,Priya Patil,43,1,A2
5046,2858,Vijay Bhat,32,1,A1
5047,2859,Vijay Bhat,45,1,A1
5048,2859,Mahesh Rao,40,1,A2
5049,2859,Ganesh Rao,27,1,A3
5050,2860,Manjunath Shetty,48,1,A1
5051,2860,Sunita Nayak,22,1,A2
5052,2860,Ramesh Shetty,35,1,A3
5053,2861,Priya Nayak,31,2,A1
5054,2862,Anitha Shetty,47,1,A1
5055,2863,Kavitha Hegde,22,1,A1
5056,2863,Kavitha Nayak,32,2,A2
5057,2864,Ganesh Patil,20,1,A1
5058,2865,Mahesh Hegde,36,1,A1
5059,2866,Suresh Patil,36,2,A1
5060,2866,Kavitha Kumar,21,1,A2
5061,2866,Lakshmi Hegde,21,1,A3
5062,2867,Kavitha Kulkarni,22,1,A1
5063,2867,Sunita Shetty,28,2,A2
5064,2868,Priya Pujari,24,1,A1
5065,2868,Mahesh Rao,29,1,A2
5066,2869,Manjunath Hegde,35,1,A1
5067,2870,Vijay Nayak,34,2,A1
5068,2871,Suresh Reddy,22,2,A1
5069,2871,Lakshmi Gowda,37,1,A2
5070,2871,Lakshmi Deshmukh,20,1,A3
5071,2872,Ganesh Patil,30,1,A1
5072,2872,Ramesh Pujari,31,1,A2
5073,2873,Sunita Hegde,25,1,A1
5074,2873,Venkatesh Rao,26,1,A2
5075,2874,Vijay Kulkarni,42,2,A1
5076,2874,Vijay Bhat,23,1,A2
5077,2874,Ganesh Gowda,41,1,A3
5078,2875,Anitha Nayak,27,1,A1
5079,2876,Mahesh Deshmukh,32,2,A1
5080,2876,Kavitha Hegde,50,1,A2
5081,2877,Sunita Rao,49,1,A1
5082,2877,Lakshmi Nayak,44,2,A2
5083,2878,Priya Deshmukh,37,1,A1
5084,2878,Vijay Bhat,31,1,A2
5085,2879,Suresh Gowda,26,1,A1
5086,2879,Kavitha Reddy,46,1,A2
5087,2880,Vijay Deshmukh,46,1,A1
5088,2881,Lakshmi Bhat,42,2,A1
5089,2881,Priya Shetty,26,2,A2
5090,2882,Venkatesh Shetty,38,2,A1
5091,2882,Venkatesh Bhat,50,1,A2
5092,2882,Manjunath Nayak,42,1,A3
5093,2883,Priya Nayak,28,1,A1
5094,2883,Kavitha Deshmukh,32,2,A2
5095,2883,Mahesh Bhat,22,1,A3
5096,2884,Sunita Hegde,43,1,A1
5097,2884,Lakshmi Rao,32,1,A2
5098,2885,Sunita Bhat,38,1,A1
5099,2885,Suresh Gowda,35,1,A2
5100,2886,Suresh Nayak,25,1,A1
5101,2886,Venkatesh Gowda,25,1,A2
5102,2886,Vijay Kumar,27,2,A3
5103,2887,Manjunath Nayak,50,1,A1
5104,2887,Sunita Bhat,21,1,A2
5105,2888,Lakshmi Bhat,44,1,A1
5106,2888,Priya Patil,47,2,A2
5107,2888,Mahesh Kulkarni,43,2,A3
5108,2889,Priya Shetty,48,1,A1
5109,2889,Kavitha Pujari,42,1,A2
5110,2889,Suresh Deshmukh,28,1,A3
5111,2890,Ramesh Hegde,48,1,A1
5112,2891,Priya Nayak,21,1,A1
5113,2891,Ganesh Kulkarni,43,2,A2
5114,2891,Vijay Pujari,45,2,A3
5115,2892,Priya Hegde,32,1,A1
5116,2893,Lakshmi Reddy,25,1,A1
5117,2893,Sunita Deshmukh,39,1,A2
5118,2894,Anitha Gowda,34,1,A1
5119,2895,Manjunath Shetty,50,1,A1
5120,2895,Mahesh Pujari,44,2,A2
5121,2895,Sunita Patil,22,2,A3
5122,2896,Suresh Shetty,32,1,A1
5123,2897,Ganesh Pujari,19,2,A1
5124,2898,Mahesh Kulkarni,50,1,A1
5125,2899,Vijay Patil,37,2,A1
5126,2900,Kavitha Shetty,47,1,A1
5127,2901,Sunita Bhat,31,1,A1
5128,2901,Kavitha Bhat,50,1,A2
5129,2902,Ramesh Patil,32,1,A1
5130,2902,Vijay Shetty,32,1,A2
5131,2903,Ramesh Patil,34,1,A1
5132,2904,Mahesh Patil,31,2,A1
5133,2904,Venkatesh Gowda,27,2,A2
5134,2904,Lakshmi Patil,49,1,A3
5135,2905,Venkatesh Nayak,30,2,A1
5136,2906,Manjunath Hegde,43,1,A1
5137,2906,Manjunath Pujari,31,1,A2
5138,2907,Kavitha Pujari,36,1,A1
5139,2907,Priya Hegde,32,1,A2
5140,2908,Sunita Patil,22,1,A1
5141,2909,Venkatesh Bhat,34,1,A1
5142,2910,Suresh Kumar,44,1,A1
5143,2910,Vijay Kulkarni,26,2,A2
5144,2911,Mahesh Pujari,23,1,A1
5145,2912,Ramesh Kumar,42,1,A1
5146,2912,Ganesh Kulkarni,36,2,A2
5147,2913,Vijay Patil,44,1,A1
5148,2914,Manjunath Reddy,46,1,A1
5149,2914,Mahesh Kumar,32,2,A2
5150,2915,Sunita Rao,26,1,A1
5151,2915,Manjunath Pujari,47,1,A2
5152,2915,Kavitha Reddy,30,1,A3
5153,2916,Ramesh Nayak,19,2,A1
5154,2916,Suresh Gowda,33,1,A2
5155,2917,Anitha Rao,23,2,A1
5156,2918,Sunita Nayak,28,1,A1
5157,2919,Manjunath Rao,19,1,A1
5158,2919,Priya Nayak,29,1,A2
5159,2920,Suresh Shetty,35,1,A1
5160,2921,Mahesh Pujari,20,1,A1
5161,2922,Ramesh Kulkarni,49,1,A1
5162,2922,Mahesh Kumar,49,2,A2
5163,2923,Lakshmi Shetty,28,1,A1
5164,2924,Anitha Nayak,32,1,A1
5165,2925,Ramesh Nayak,26,1,A1
5166,2926,Priya Rao,25,1,A1
5167,2926,Kavitha Reddy,48,1,A2
5168,2926,Lakshmi Gowda,48,2,A3
5169,2927,Priya Reddy,43,1,A1
5170,2927,Suresh Bhat,38,2,A2
5171,2927,Ganesh Deshmukh,32,2,A3
5172,2928,Priya Reddy,21,1,A1
5173,2928,Mahesh Nayak,27,1,A2
5174,2928,Suresh Shetty,40,1,A3
5175,2929,Anitha Shetty,47,1,A1
5176,2930,Ganesh Gowda,26,2,A1
5177,2930,Suresh Kumar,20,1,A2
5178,2930,Venkatesh Shetty,39,1,A3
5179,2931,Venkatesh Kumar,43,1,A1
5180,2931,Priya Gowda,30,1,A2
5181,2932,Ganesh Kulkarni,28,1,A1
5182,2933,Venkatesh Hegde,36,1,A1
5183,2934,Sunita Kumar,19,1,A1
5184,2935,Anitha Shetty,48,1,A1
5185,2936,Kavitha Hegde,29,1,A1
5186,2937,Venkatesh Kulkarni,38,1,A1
5187,2938,Ganesh Kulkarni,44,1,A1
5188,2938,Venkatesh Nayak,23,1,A2
5189,2938,Suresh Deshmukh,45,2,A3
5190,2939,Venkatesh Deshmukh,34,1,A1
5191,2939,Ramesh Patil,36,1,A2
5192,2940,Sunita Kulkarni,39,1,A1
5193,2941,Suresh Pujari,34,2,A1
5194,2941,Mahesh Gowda,46,1,A2
5195,2941,Lakshmi Kumar,49,2,A3
5196,2942,Ganesh Kulkarni,40,2,A1
5197,2942,Lakshmi Shetty,23,1,A2
5198,2943,Sunita Patil,22,1,A1
5199,2944,Sunita Gowda,34,2,A1
5200,2945,Vijay Reddy,24,1,A1
5201,2945,Lakshmi Rao,29,1,A2
5202,2946,Priya Nayak,42,1,A1
5203,2947,Anitha Pujari,31,2,A1
5204,2948,Manjunath Hegde,22,1,A1
5205,2949,Priya Kumar,27,1,A1
5206,2949,Ganesh Hegde,27,1,A2
5207,2950,Vijay Deshmukh,36,1,A1
5208,2950,Mahesh Deshmukh,42,1,A2
5209,2950,Lakshmi Pujari,46,1,A3
5210,2951,Lakshmi Nayak,36,1,A1
5211,2951,Ramesh Rao,26,1,A2
5212,2952,Ramesh Shetty,41,1,A1
5213,2953,Ganesh Kulkarni,36,1,A1
5214,2954,Mahesh Kumar,40,1,A1
5215,2955,Ganesh Deshmukh,46,2,A1
5216,2956,Anitha Pujari,28,1,A1
5217,2956,Manjunath Deshmukh,21,2,A2
5218,2957,Venkatesh Nayak,44,1,A1
5219,2957,Anitha Bhat,35,1,A2
5220,2957,Suresh Hegde,39,1,A3
5221,2958,Sunita Deshmukh,21,1,A1
5222,2959,Vijay Patil,33,2,A1
5223,2960,Anitha Rao,44,1,A1
5224,2960,Priya Nayak,33,1,A2
5225,2960,Suresh Shetty,31,2,A3
5226,2961,Mahesh Pujari,44,1,A1
5227,2961,Priya Pujari,20,1,A2
5228,2962,Anitha Reddy,27,1,A1
5229,2962,Vijay Kumar,23,1,A2
5230,2963,Ramesh Gowda,35,2,A1
5231,2963,Anitha Gowda,29,1,A2
5232,2963,Priya Patil,21,1,A3
5233,2964,Venkatesh Nayak,47,1,A1
5234,2964,Ramesh Kulkarni,46,2,A2
5235,2965,Anitha Kulkarni,47,2,A1
5236,2965,Mahesh Rao,46,2,A2
5237,2966,Ramesh Deshmukh,43,1,A1
5238,2966,Kavitha Bhat,29,1,A2
5239,2966,Priya Pujari,41,2,A3
5240,2967,Manjunath Bhat,41,1,A1
5241,2968,Lakshmi Bhat,28,1,A1
5242,2968,Ganesh Patil,24,1,A2
5243,2969,Ramesh Pujari,33,1,A1
5244,2969,Anitha Hegde,27,1,A2
5245,2969,Venkatesh Patil,39,1,A3
5246,2970,Suresh Hegde,42,2,A1
5247,2970,Ganesh Rao,45,1,A2
5248,2971,Vijay Hegde,31,1,A1
5249,2971,Anitha Pujari,21,1,A2
5250,2971,Suresh Reddy,20,1,A3
5251,2972,Ramesh Gowda,39,1,A1
5252,2973,Ganesh Kulkarni,38,1,A1
5253,2973,Suresh Shetty,29,2,A2
5254,2974,Venkatesh Deshmukh,31,2,A1
5255,2974,Anitha Kumar,36,1,A2
5256,2975,Suresh Kulkarni,20,1,A1
5257,2975,Lakshmi Deshmukh,49,1,A2
5258,2975,Ganesh Hegde,33,1,A3
5259,2976,Vijay Shetty,35,1,A1
5260,2977,Vijay Nayak,23,1,A1
5261,2977,Lakshmi Reddy,23,1,A2
5262,2978,Kavitha Nayak,21,1,A1
5263,2978,Manjunath Pujari,48,1,A2
5264,2979,Anitha Hegde,20,1,A1
5265,2980,Manjunath Hegde,36,1,A1
5266,2981,Ramesh Bhat,29,1,A1
5267,2981,Kavitha Gowda,35,1,A2
5268,2981,Venkatesh Nayak,22,1,A3
5269,2982,Manjunath Nayak,19,1,A1
5270,2982,Kavitha Pujari,27,1,A2
5271,2983,Sunita Nayak,40,1,A1
5272,2983,Suresh Gowda,20,1,A2
5273,2983,Vijay Hegde,20,1,A3
5274,2984,Anitha Pujari,31,1,A1
5275,2984,Vijay Patil,36,2,A2
5276,2984,Ganesh Rao,38,1,A3
5277,2985,Vijay Bhat,50,1,A1
5278,2986,Vijay Rao,37,2,A1
5279,2986,Mahesh Deshmukh,38,1,A2
5280,2987,Lakshmi Rao,43,2,A1
5281,2987,Lakshmi Nayak,48,1,A2
5282,2988,Lakshmi Reddy,35,1,A1
5283,2988,Manjunath Kumar,29,2,A2
5284,2989,Sunita Shetty,28,1,A1
5285,2989,Ramesh Kulkarni,24,1,A2
5286,2989,Mahesh Hegde,26,2,A3
5287,2990,Venkatesh Nayak,32,1,A1
5288,2991,Venkatesh Rao,40,1,A1
5289,2991,Lakshmi Patil,39,1,A2
5290,2992,Sunita Nayak,20,1,A1
5291,2993,Ramesh Kumar,26,1,A1
5292,2993,Sunita Pujari,39,1,A2
5293,2993,Priya Nayak,45,1,A3
5294,2994,Priya Patil,43,1,A1
5295,2995,Ganesh Kumar,38,1,A1
5296,2995,Vijay Kumar,24,1,A2
5297,2995,Mahesh Reddy,41,1,A3
5298,2996,Kavitha Pujari,25,2,A1
5299,2996,Lakshmi Rao,50,1,A2
5300,2996,Priya Gowda,47,2,A3
5301,2997,Ganesh Rao,42,1,A1
5302,2997,Ganesh Rao,29,1,A2
5303,2997,Suresh Kumar,50,1,A3
5304,2998,Lakshmi Kulkarni,27,2,A1
5305,2998,Priya Reddy,23,1,A2
5306,2998,Vijay Gowda,46,1,A3
5307,2999,Mahesh Pujari,46,1,A1
5308,2999,Vijay Pujari,45,1,A2
5309,3000,Vijay Gowda,24,1,A1
5310,3001,Kavitha Bhat,50,1,A1
5311,3001,Sunita Hegde,42,1,A2
5312,3001,Manjunath Reddy,34,1,A3
5313,3002,Kavitha Hegde,23,2,A1
5314,3002,Ganesh Patil,49,1,A2
5315,3002,Ramesh Nayak,30,1,A3
5316,3003,Ramesh Pujari,40,1,A1
5317,3003,Venkatesh Deshmukh,30,2,A2
