CaseMasterID,ActID,SectionID,ActOrderID,SectionOrderID
1,POCSO,392,1,1
1,IT_ACT,392,1,2
2,IPC,379,1,1
2,NDPS,392,1,2
2,NDPS,66C,1,3
3,POCSO,66C,1,1
3,POCSO,457,1,2
4,NDPS,457,1,1
4,IT_ACT,457,1,2
4,IT_ACT,457,1,3
5,IPC,302,1,1
5,IPC,457,1,2
6,IT_ACT,302,1,1
7,IPC,20,1,1
7,POCSO,66C,1,2
7,IPC,457,1,3
8,NDPS,302,1,1
8,POCSO,66C,1,2
9,NDPS,66C,1,1
10,NDPS,66D,1,1
10,IT_ACT,392,1,2
10,POCSO,66D,1,3
11,POCSO,66C,1,1
11,POCSO,457,1,2
11,IT_ACT,20,1,3
12,NDPS,66C,1,1
12,NDPS,66C,1,2
13,NDPS,457,1,1
14,NDPS,66D,1,1
14,POCSO,302,1,2
15,NDPS,66D,1,1
16,IPC,379,1,1
17,NDPS,379,1,1
17,IT_ACT,392,1,2
18,NDPS,66C,1,1
18,NDPS,66C,1,2
19,IT_ACT,457,1,1
19,IT_ACT,66D,1,2
19,POCSO,66D,1,3
20,IPC,20,1,1
20,POCSO,379,1,2
20,IPC,457,1,3
21,NDPS,302,1,1
22,NDPS,66C,1,1
22,IT_ACT,457,1,2
23,IPC,302,1,1
23,IPC,379,1,2
23,NDPS,66C,1,3
24,POCSO,302,1,1
24,NDPS,66D,1,2
25,NDPS,457,1,1
26,IT_ACT,66C,1,1
26,IT_ACT,20,1,2
27,NDPS,66C,1,1
27,NDPS,302,1,2
27,IT_ACT,20,1,3
28,POCSO,392,1,1
28,IT_ACT,20,1,2
28,IPC,66D,1,3
29,NDPS,379,1,1
29,IPC,379,1,2
29,IPC,457,1,3
30,IPC,302,1,1
30,IT_ACT,457,1,2
30,NDPS,66D,1,3
31,NDPS,66D,1,1
31,IT_ACT,457,1,2
32,NDPS,457,1,1
32,IPC,392,1,2
32,NDPS,379,1,3
33,NDPS,302,1,1
34,IT_ACT,66C,1,1
34,IT_ACT,379,1,2
35,NDPS,457,1,1
36,POCSO,457,1,1
37,NDPS,302,1,1
37,POCSO,392,1,2
38,NDPS,457,1,1
39,IPC,20,1,1
39,IPC,302,1,2
39,IPC,66D,1,3
40,IT_ACT,379,1,1
41,IPC,392,1,1
42,POCSO,457,1,1
42,NDPS,66C,1,2
42,IPC,457,1,3
43,IPC,20,1,1
43,NDPS,457,1,2
44,IPC,379,1,1
44,NDPS,302,1,2
44,POCSO,66D,1,3
45,POCSO,392,1,1
46,POCSO,457,1,1
46,NDPS,66C,1,2
47,POCSO,66C,1,1
48,IPC,457,1,1
48,POCSO,66C,1,2
49,IPC,302,1,1
49,IPC,20,1,2
49,IT_ACT,392,1,3
50,IT_ACT,457,1,1
51,POCSO,66D,1,1
51,NDPS,66C,1,2
51,NDPS,66C,1,3
52,POCSO,66D,1,1
53,NDPS,66D,1,1
54,POCSO,392,1,1
55,IPC,392,1,1
56,POCSO,392,1,1
57,IPC,302,1,1
57,NDPS,66D,1,2
58,NDPS,302,1,1
58,POCSO,66D,1,2
58,IT_ACT,66D,1,3
59,NDPS,457,1,1
60,NDPS,392,1,1
60,POCSO,457,1,2
60,NDPS,302,1,3
61,IT_ACT,392,1,1
61,IT_ACT,302,1,2
61,NDPS,457,1,3
62,IT_ACT,20,1,1
62,IPC,66C,1,2
63,IPC,457,1,1
63,NDPS,379,1,2
63,NDPS,302,1,3
64,IT_ACT,66D,1,1
65,IT_ACT,392,1,1
65,POCSO,66D,1,2
66,NDPS,66C,1,1
67,NDPS,457,1,1
67,NDPS,457,1,2
67,POCSO,379,1,3
68,IT_ACT,66C,1,1
68,POCSO,392,1,2
68,POCSO,302,1,3
69,IPC,379,1,1
70,IPC,379,1,1
71,NDPS,457,1,1
72,IT_ACT,302,1,1
73,NDPS,302,1,1
73,NDPS,457,1,2
73,IPC,66C,1,3
74,IPC,379,1,1
74,POCSO,302,1,2
74,NDPS,392,1,3
75,POCSO,302,1,1
75,POCSO,379,1,2
75,POCSO,66C,1,3
76,NDPS,379,1,1
77,IPC,457,1,1
78,NDPS,392,1,1
78,POCSO,392,1,2
79,IPC,66D,1,1
79,POCSO,457,1,2
79,POCSO,66D,1,3
80,IPC,66C,1,1
80,IPC,66C,1,2
80,POCSO,302,1,3
81,NDPS,392,1,1
82,NDPS,66D,1,1
83,POCSO,392,1,1
84,IT_ACT,392,1,1
84,IT_ACT,392,1,2
84,NDPS,20,1,3
85,IT_ACT,302,1,1
85,NDPS,66C,1,2
85,IPC,66D,1,3
86,IPC,20,1,1
86,POCSO,457,1,2
87,POCSO,66C,1,1
88,IT_ACT,66C,1,1
88,IT_ACT,302,1,2
89,NDPS,379,1,1
90,IPC,457,1,1
91,IT_ACT,66D,1,1
91,NDPS,20,1,2
91,POCSO,20,1,3
92,IT_ACT,20,1,1
92,NDPS,379,1,2
93,NDPS,457,1,1
93,POCSO,20,1,2
94,NDPS,379,1,1
94,IT_ACT,302,1,2
94,POCSO,392,1,3
95,POCSO,379,1,1
95,NDPS,66D,1,2
95,IPC,302,1,3
96,POCSO,302,1,1
97,POCSO,392,1,1
97,IT_ACT,66D,1,2
97,POCSO,392,1,3
98,NDPS,379,1,1
98,NDPS,302,1,2
98,NDPS,20,1,3
99,POCSO,20,1,1
100,POCSO,392,1,1
100,IPC,66D,1,2
100,IPC,302,1,3
101,IT_ACT,66D,1,1
101,POCSO,379,1,2
102,IT_ACT,66C,1,1
102,POCSO,66C,1,2
103,NDPS,392,1,1
104,NDPS,392,1,1
104,IPC,20,1,2
105,POCSO,379,1,1
106,IPC,66C,1,1
106,POCSO,302,1,2
107,POCSO,66D,1,1
107,NDPS,302,1,2
108,NDPS,457,1,1
109,NDPS,302,1,1
109,NDPS,66C,1,2
109,IPC,392,1,3
110,IT_ACT,20,1,1
110,IT_ACT,379,1,2
110,IT_ACT,392,1,3
111,IPC,66D,1,1
111,IT_ACT,302,1,2
111,NDPS,392,1,3
112,IT_ACT,66C,1,1
113,IT_ACT,20,1,1
114,IT_ACT,457,1,1
114,NDPS,302,1,2
115,POCSO,66C,1,1
115,IPC,20,1,2
115,POCSO,392,1,3
116,NDPS,392,1,1
116,POCSO,66D,1,2
116,IPC,20,1,3
117,NDPS,20,1,1
117,IT_ACT,20,1,2
117,POCSO,392,1,3
118,NDPS,379,1,1
118,IT_ACT,66D,1,2
119,NDPS,66C,1,1
119,IPC,379,1,2
120,IT_ACT,20,1,1
120,POCSO,66C,1,2
120,POCSO,66C,1,3
121,IPC,302,1,1
122,POCSO,66C,1,1
122,IPC,66C,1,2
122,POCSO,66C,1,3
123,POCSO,379,1,1
123,NDPS,392,1,2
123,POCSO,302,1,3
124,IPC,457,1,1
125,IT_ACT,392,1,1
126,NDPS,457,1,1
126,POCSO,20,1,2
126,POCSO,66C,1,3
127,NDPS,392,1,1
128,IT_ACT,66D,1,1
128,IPC,20,1,2
129,IPC,66C,1,1
129,POCSO,302,1,2
130,IT_ACT,66C,1,1
130,NDPS,66D,1,2
131,IPC,66D,1,1
131,NDPS,302,1,2
132,IT_ACT,66D,1,1
132,POCSO,66C,1,2
132,IPC,392,1,3
133,IPC,66D,1,1
134,IPC,66C,1,1
135,POCSO,457,1,1
135,IT_ACT,392,1,2
136,POCSO,66D,1,1
136,IT_ACT,20,1,2
137,POCSO,20,1,1
138,NDPS,66D,1,1
138,IPC,457,1,2
138,POCSO,302,1,3
139,IT_ACT,457,1,1
139,IT_ACT,457,1,2
139,NDPS,66D,1,3
140,NDPS,66C,1,1
140,IPC,302,1,2
140,IT_ACT,302,1,3
141,POCSO,20,1,1
141,NDPS,392,1,2
141,NDPS,457,1,3
142,IT_ACT,20,1,1
142,POCSO,457,1,2
142,IPC,379,1,3
143,IT_ACT,66C,1,1
143,POCSO,20,1,2
144,POCSO,66C,1,1
144,IPC,457,1,2
145,IPC,20,1,1
146,IT_ACT,66D,1,1
147,IPC,392,1,1
147,POCSO,20,1,2
148,NDPS,392,1,1
148,IPC,392,1,2
149,POCSO,20,1,1
149,IT_ACT,457,1,2
149,IPC,392,1,3
150,POCSO,302,1,1
151,POCSO,302,1,1
152,NDPS,302,1,1
153,POCSO,302,1,1
153,NDPS,20,1,2
154,IPC,66C,1,1
154,POCSO,20,1,2
154,NDPS,392,1,3
155,POCSO,20,1,1
155,POCSO,392,1,2
155,IPC,66C,1,3
156,POCSO,66C,1,1
156,IPC,379,1,2
157,NDPS,66C,1,1
157,POCSO,392,1,2
158,POCSO,379,1,1
158,NDPS,379,1,2
158,POCSO,66D,1,3
159,IT_ACT,457,1,1
160,IT_ACT,302,1,1
160,IT_ACT,302,1,2
161,IPC,302,1,1
162,IPC,379,1,1
162,POCSO,457,1,2
163,NDPS,66C,1,1
163,NDPS,457,1,2
164,NDPS,66D,1,1
165,IT_ACT,66D,1,1
165,IPC,379,1,2
165,POCSO,457,1,3
166,POCSO,20,1,1
167,IPC,392,1,1
167,IT_ACT,379,1,2
168,POCSO,66C,1,1
168,IT_ACT,20,1,2
169,IT_ACT,302,1,1
170,NDPS,457,1,1
171,IT_ACT,457,1,1
171,IT_ACT,20,1,2
172,NDPS,66C,1,1
173,POCSO,379,1,1
174,IT_ACT,66C,1,1
175,NDPS,20,1,1
175,IPC,392,1,2
175,NDPS,66C,1,3
176,POCSO,66D,1,1
177,POCSO,20,1,1
178,POCSO,20,1,1
179,IT_ACT,457,1,1
180,IPC,66D,1,1
180,NDPS,20,1,2
180,IT_ACT,66D,1,3
181,IPC,20,1,1
181,POCSO,66D,1,2
182,IT_ACT,457,1,1
183,IT_ACT,66C,1,1
183,POCSO,66C,1,2
183,IPC,457,1,3
184,NDPS,302,1,1
184,IT_ACT,379,1,2
185,NDPS,457,1,1
185,NDPS,457,1,2
186,POCSO,379,1,1
186,NDPS,66C,1,2
186,POCSO,66D,1,3
187,POCSO,392,1,1
187,IT_ACT,20,1,2
187,IPC,302,1,3
188,NDPS,302,1,1
188,IT_ACT,66D,1,2
188,IT_ACT,379,1,3
189,NDPS,20,1,1
190,IT_ACT,379,1,1
190,IPC,20,1,2
191,POCSO,457,1,1
191,NDPS,302,1,2
191,POCSO,379,1,3
192,POCSO,66C,1,1
192,IT_ACT,457,1,2
192,IT_ACT,392,1,3
193,NDPS,379,1,1
193,IPC,457,1,2
194,NDPS,392,1,1
195,NDPS,457,1,1
196,IPC,457,1,1
197,POCSO,20,1,1
197,NDPS,66D,1,2
197,NDPS,20,1,3
198,NDPS,392,1,1
198,IT_ACT,392,1,2
198,POCSO,302,1,3
199,IPC,66C,1,1
199,IT_ACT,66C,1,2
200,IPC,66D,1,1
201,IT_ACT,66C,1,1
201,NDPS,392,1,2
201,IPC,379,1,3
202,IPC,66D,1,1
202,IT_ACT,20,1,2
203,IT_ACT,457,1,1
203,NDPS,302,1,2
203,IPC,392,1,3
204,IT_ACT,66D,1,1
204,IT_ACT,20,1,2
205,IPC,20,1,1
205,IT_ACT,20,1,2
205,POCSO,457,1,3
206,IPC,66C,1,1
206,NDPS,457,1,2
207,IPC,302,1,1
208,IPC,379,1,1
208,NDPS,66C,1,2
208,POCSO,302,1,3
209,NDPS,392,1,1
210,IPC,66D,1,1
210,NDPS,392,1,2
211,IT_ACT,302,1,1
212,POCSO,457,1,1
212,IT_ACT,20,1,2
212,IPC,457,1,3
213,IPC,457,1,1
213,POCSO,392,1,2
214,IT_ACT,66C,1,1
214,IPC,66D,1,2
215,IT_ACT,457,1,1
215,POCSO,66C,1,2
216,NDPS,457,1,1
216,IPC,392,1,2
217,NDPS,66C,1,1
218,POCSO,457,1,1
219,NDPS,392,1,1
219,POCSO,20,1,2
219,IPC,66D,1,3
220,POCSO,66D,1,1
220,IT_ACT,66C,1,2
220,IT_ACT,66C,1,3
221,IT_ACT,379,1,1
221,POCSO,302,1,2
222,IPC,66C,1,1
222,POCSO,392,1,2
222,IT_ACT,66D,1,3
223,IPC,457,1,1
223,IPC,302,1,2
223,IT_ACT,457,1,3
224,NDPS,66C,1,1
224,POCSO,66D,1,2
224,NDPS,392,1,3
225,IPC,392,1,1
226,NDPS,20,1,1
227,IT_ACT,66D,1,1
228,IPC,66D,1,1
228,IT_ACT,20,1,2
228,POCSO,66D,1,3
229,IT_ACT,302,1,1
229,NDPS,66C,1,2
229,IPC,392,1,3
230,IT_ACT,392,1,1
231,IT_ACT,392,1,1
231,POCSO,66D,1,2
232,POCSO,379,1,1
232,IT_ACT,457,1,2
233,POCSO,392,1,1
233,POCSO,66C,1,2
234,IT_ACT,457,1,1
235,NDPS,66D,1,1
235,IT_ACT,66D,1,2
235,POCSO,66C,1,3
236,POCSO,379,1,1
237,POCSO,302,1,1
238,POCSO,66D,1,1
239,IT_ACT,66C,1,1
240,POCSO,66D,1,1
240,IT_ACT,392,1,2
240,IPC,66C,1,3
241,NDPS,379,1,1
241,IT_ACT,66D,1,2
241,IPC,302,1,3
242,NDPS,302,1,1
242,IT_ACT,379,1,2
242,POCSO,66C,1,3
243,IPC,457,1,1
243,POCSO,302,1,2
243,IPC,66C,1,3
244,POCSO,392,1,1
245,IT_ACT,457,1,1
245,IT_ACT,66C,1,2
245,IT_ACT,66D,1,3
246,NDPS,302,1,1
246,NDPS,302,1,2
247,POCSO,457,1,1
248,POCSO,66C,1,1
249,POCSO,66C,1,1
249,IPC,392,1,2
249,IPC,20,1,3
250,NDPS,20,1,1
250,IT_ACT,66D,1,2
251,IT_ACT,302,1,1
251,IT_ACT,20,1,2
252,IPC,457,1,1
253,NDPS,379,1,1
253,IPC,66C,1,2
253,IT_ACT,302,1,3
254,POCSO,457,1,1
254,POCSO,20,1,2
254,POCSO,457,1,3
255,IPC,20,1,1
256,IT_ACT,302,1,1
256,IT_ACT,20,1,2
257,IT_ACT,379,1,1
257,POCSO,20,1,2
257,IPC,20,1,3
258,POCSO,20,1,1
258,NDPS,20,1,2
258,NDPS,66C,1,3
259,NDPS,457,1,1
259,IT_ACT,392,1,2
260,POCSO,392,1,1
260,IT_ACT,66C,1,2
260,IT_ACT,302,1,3
261,NDPS,66D,1,1
261,IPC,66D,1,2
261,POCSO,379,1,3
262,IPC,66C,1,1
262,POCSO,302,1,2
263,POCSO,457,1,1
263,IPC,66C,1,2
264,POCSO,457,1,1
264,NDPS,457,1,2
265,IT_ACT,66D,1,1
265,IT_ACT,66C,1,2
266,IT_ACT,457,1,1
267,NDPS,302,1,1
267,POCSO,379,1,2
267,NDPS,379,1,3
268,POCSO,457,1,1
268,NDPS,392,1,2
269,POCSO,66D,1,1
269,IPC,457,1,2
270,IT_ACT,302,1,1
270,IPC,66C,1,2
270,IT_ACT,66D,1,3
271,POCSO,457,1,1
271,POCSO,20,1,2
272,IT_ACT,457,1,1
272,IPC,457,1,2
272,POCSO,457,1,3
273,POCSO,302,1,1
273,POCSO,66C,1,2
273,IT_ACT,457,1,3
274,POCSO,66C,1,1
274,NDPS,457,1,2
274,IT_ACT,66C,1,3
275,IT_ACT,66C,1,1
275,POCSO,302,1,2
275,POCSO,20,1,3
276,IT_ACT,392,1,1
276,NDPS,457,1,2
276,IPC,379,1,3
277,POCSO,20,1,1
277,IPC,66D,1,2
277,IPC,457,1,3
278,NDPS,302,1,1
278,IPC,457,1,2
278,IPC,20,1,3
279,IPC,379,1,1
280,IT_ACT,302,1,1
281,IT_ACT,379,1,1
281,POCSO,20,1,2
282,NDPS,20,1,1
282,IT_ACT,20,1,2
282,NDPS,20,1,3
283,IPC,66D,1,1
283,IPC,20,1,2
283,POCSO,457,1,3
284,POCSO,392,1,1
284,POCSO,66C,1,2
285,IT_ACT,66C,1,1
286,POCSO,392,1,1
286,NDPS,392,1,2
287,IPC,66D,1,1
287,IT_ACT,66D,1,2
288,IPC,392,1,1
289,POCSO,457,1,1
290,NDPS,379,1,1
291,IPC,66D,1,1
292,IT_ACT,392,1,1
293,IPC,302,1,1
293,IPC,20,1,2
293,POCSO,457,1,3
294,IPC,457,1,1
294,NDPS,392,1,2
294,IPC,302,1,3
295,IT_ACT,379,1,1
296,IT_ACT,66D,1,1
296,POCSO,20,1,2
297,POCSO,457,1,1
297,IPC,379,1,2
297,POCSO,457,1,3
298,POCSO,392,1,1
298,NDPS,379,1,2
299,NDPS,379,1,1
299,NDPS,302,1,2
300,IT_ACT,392,1,1
300,IPC,66C,1,2
300,NDPS,457,1,3
301,IPC,302,1,1
302,NDPS,302,1,1
302,POCSO,392,1,2
302,NDPS,379,1,3
303,IPC,302,1,1
304,IT_ACT,457,1,1
304,POCSO,379,1,2
304,IT_ACT,66D,1,3
305,NDPS,379,1,1
305,POCSO,20,1,2
305,IPC,66D,1,3
306,IT_ACT,66D,1,1
306,IPC,379,1,2
307,POCSO,66C,1,1
307,NDPS,457,1,2
308,IPC,379,1,1
308,IPC,379,1,2
308,NDPS,66D,1,3
309,POCSO,20,1,1
309,POCSO,66C,1,2
310,IPC,66D,1,1
310,POCSO,302,1,2
310,POCSO,457,1,3
311,IT_ACT,392,1,1
311,IPC,379,1,2
312,NDPS,392,1,1
313,POCSO,302,1,1
314,NDPS,66C,1,1
314,IPC,66D,1,2
314,IT_ACT,392,1,3
315,NDPS,20,1,1
316,NDPS,392,1,1
317,POCSO,302,1,1
317,POCSO,20,1,2
317,POCSO,66C,1,3
318,NDPS,66D,1,1
318,POCSO,66D,1,2
318,POCSO,20,1,3
319,NDPS,457,1,1
320,POCSO,302,1,1
320,POCSO,392,1,2
321,IT_ACT,457,1,1
321,IPC,379,1,2
322,IPC,302,1,1
323,IPC,379,1,1
324,IPC,379,1,1
325,POCSO,457,1,1
326,IT_ACT,379,1,1
326,NDPS,66C,1,2
326,NDPS,302,1,3
327,IT_ACT,20,1,1
327,IT_ACT,379,1,2
327,IT_ACT,457,1,3
328,IPC,392,1,1
329,IT_ACT,66D,1,1
329,IPC,302,1,2
330,POCSO,66D,1,1
330,NDPS,302,1,2
331,IPC,457,1,1
332,NDPS,457,1,1
333,IT_ACT,66D,1,1
333,POCSO,302,1,2
333,POCSO,66D,1,3
334,IPC,457,1,1
335,NDPS,66D,1,1
335,POCSO,302,1,2
336,IPC,66D,1,1
336,POCSO,66C,1,2
336,IPC,20,1,3
337,IT_ACT,20,1,1
337,POCSO,392,1,2
337,IT_ACT,392,1,3
338,NDPS,302,1,1
338,IT_ACT,20,1,2
339,IT_ACT,302,1,1
340,POCSO,457,1,1
340,IT_ACT,66D,1,2
341,NDPS,302,1,1
341,IT_ACT,302,1,2
342,IT_ACT,20,1,1
342,POCSO,302,1,2
343,IPC,379,1,1
343,NDPS,20,1,2
344,NDPS,457,1,1
344,NDPS,302,1,2
344,IT_ACT,20,1,3
345,IT_ACT,66D,1,1
346,IT_ACT,302,1,1
346,NDPS,66C,1,2
347,IT_ACT,66D,1,1
347,NDPS,66D,1,2
348,IT_ACT,392,1,1
348,NDPS,66C,1,2
348,POCSO,392,1,3
349,NDPS,457,1,1
349,IPC,66C,1,2
349,NDPS,457,1,3
350,NDPS,20,1,1
350,POCSO,302,1,2
350,NDPS,392,1,3
351,NDPS,457,1,1
351,IPC,66C,1,2
351,POCSO,379,1,3
352,NDPS,379,1,1
352,POCSO,302,1,2
353,IT_ACT,457,1,1
353,IT_ACT,20,1,2
353,IT_ACT,20,1,3
354,NDPS,66D,1,1
354,IPC,379,1,2
355,NDPS,457,1,1
355,IT_ACT,302,1,2
355,IT_ACT,66D,1,3
356,IPC,20,1,1
356,IPC,379,1,2
356,IT_ACT,379,1,3
357,NDPS,66D,1,1
357,POCSO,457,1,2
357,POCSO,20,1,3
358,IT_ACT,302,1,1
358,POCSO,66D,1,2
359,POCSO,457,1,1
360,NDPS,20,1,1
360,IT_ACT,457,1,2
361,IPC,457,1,1
361,NDPS,66C,1,2
361,IPC,20,1,3
362,POCSO,66C,1,1
362,POCSO,392,1,2
363,IPC,392,1,1
363,POCSO,66C,1,2
363,IT_ACT,392,1,3
364,IPC,392,1,1
364,IT_ACT,66C,1,2
364,POCSO,66C,1,3
365,IT_ACT,66C,1,1
366,IT_ACT,392,1,1
366,NDPS,302,1,2
366,NDPS,302,1,3
367,POCSO,457,1,1
368,POCSO,457,1,1
368,NDPS,392,1,2
369,IT_ACT,66D,1,1
369,IPC,457,1,2
369,NDPS,302,1,3
370,IPC,66C,1,1
370,POCSO,457,1,2
370,NDPS,66D,1,3
371,IT_ACT,392,1,1
371,IPC,302,1,2
372,IT_ACT,66D,1,1
372,NDPS,20,1,2
373,NDPS,20,1,1
373,IPC,20,1,2
373,IPC,392,1,3
374,NDPS,20,1,1
374,IT_ACT,66D,1,2
375,NDPS,457,1,1
375,IPC,379,1,2
375,NDPS,379,1,3
376,IT_ACT,66D,1,1
376,POCSO,302,1,2
377,IT_ACT,66C,1,1
377,IPC,379,1,2
377,IT_ACT,379,1,3
378,IPC,392,1,1
378,IPC,302,1,2
379,NDPS,66C,1,1
379,NDPS,66C,1,2
380,IT_ACT,66C,1,1
380,IPC,379,1,2
381,POCSO,457,1,1
382,NDPS,392,1,1
382,IT_ACT,66D,1,2
383,IT_ACT,302,1,1
383,NDPS,392,1,2
384,IT_ACT,379,1,1
384,NDPS,20,1,2
385,IPC,302,1,1
385,IPC,392,1,2
386,IT_ACT,457,1,1
386,POCSO,379,1,2
387,POCSO,66C,1,1
387,IT_ACT,379,1,2
387,POCSO,66C,1,3
388,IPC,20,1,1
388,NDPS,20,1,2
388,NDPS,379,1,3
389,IPC,457,1,1
389,POCSO,379,1,2
389,IPC,302,1,3
390,POCSO,457,1,1
390,IPC,66C,1,2
391,IT_ACT,66C,1,1
391,IT_ACT,392,1,2
392,IPC,392,1,1
392,IPC,457,1,2
392,NDPS,20,1,3
393,NDPS,379,1,1
393,IT_ACT,457,1,2
394,IT_ACT,20,1,1
394,NDPS,457,1,2
395,POCSO,20,1,1
396,NDPS,379,1,1
396,POCSO,457,1,2
397,NDPS,379,1,1
398,NDPS,66D,1,1
398,IPC,20,1,2
399,POCSO,66C,1,1
399,IT_ACT,379,1,2
399,IT_ACT,302,1,3
400,NDPS,457,1,1
400,IPC,302,1,2
401,POCSO,66D,1,1
402,IPC,66D,1,1
403,NDPS,457,1,1
403,POCSO,457,1,2
403,IT_ACT,20,1,3
404,IT_ACT,66D,1,1
404,NDPS,457,1,2
405,NDPS,66D,1,1
406,NDPS,20,1,1
407,IT_ACT,66C,1,1
408,IPC,392,1,1
409,NDPS,66D,1,1
410,IT_ACT,392,1,1
411,NDPS,66C,1,1
411,POCSO,66C,1,2
412,IPC,66D,1,1
412,IT_ACT,20,1,2
413,POCSO,66C,1,1
414,IT_ACT,66C,1,1
414,NDPS,392,1,2
415,IT_ACT,392,1,1
416,IT_ACT,66C,1,1
417,NDPS,379,1,1
417,IPC,392,1,2
417,IT_ACT,457,1,3
418,IPC,302,1,1
418,IT_ACT,379,1,2
418,IT_ACT,66C,1,3
419,IT_ACT,66C,1,1
419,POCSO,457,1,2
419,POCSO,66D,1,3
420,IT_ACT,66C,1,1
420,NDPS,457,1,2
420,IPC,392,1,3
421,NDPS,392,1,1
422,IPC,66C,1,1
422,NDPS,66C,1,2
423,NDPS,302,1,1
423,POCSO,302,1,2
424,IT_ACT,379,1,1
425,NDPS,392,1,1
425,IPC,20,1,2
426,IT_ACT,302,1,1
426,IT_ACT,379,1,2
426,IPC,392,1,3
427,POCSO,66C,1,1
427,POCSO,66C,1,2
428,NDPS,20,1,1
428,NDPS,379,1,2
428,IPC,66D,1,3
429,IPC,20,1,1
429,IPC,302,1,2
430,NDPS,302,1,1
430,POCSO,457,1,2
430,NDPS,457,1,3
431,IT_ACT,457,1,1
432,POCSO,457,1,1
432,NDPS,392,1,2
433,NDPS,66D,1,1
433,IT_ACT,302,1,2
433,POCSO,457,1,3
434,POCSO,66D,1,1
435,NDPS,66D,1,1
435,IPC,302,1,2
436,IPC,379,1,1
436,IT_ACT,66D,1,2
436,IPC,66D,1,3
437,IPC,457,1,1
437,IT_ACT,20,1,2
437,IT_ACT,66C,1,3
438,IT_ACT,379,1,1
438,IT_ACT,66C,1,2
438,IPC,457,1,3
439,IPC,457,1,1
439,IT_ACT,392,1,2
439,IT_ACT,392,1,3
440,IPC,379,1,1
440,IT_ACT,66C,1,2
441,NDPS,457,1,1
442,IT_ACT,20,1,1
443,POCSO,392,1,1
444,NDPS,457,1,1
444,POCSO,66D,1,2
444,POCSO,392,1,3
445,NDPS,392,1,1
446,POCSO,392,1,1
446,IT_ACT,66C,1,2
447,NDPS,392,1,1
447,NDPS,302,1,2
448,IT_ACT,20,1,1
449,IPC,392,1,1
449,IPC,20,1,2
450,POCSO,66D,1,1
450,POCSO,379,1,2
451,NDPS,457,1,1
451,IT_ACT,379,1,2
451,NDPS,457,1,3
452,NDPS,379,1,1
452,IT_ACT,392,1,2
452,IT_ACT,392,1,3
453,POCSO,66D,1,1
454,IPC,302,1,1
454,IT_ACT,66C,1,2
455,IT_ACT,379,1,1
456,NDPS,20,1,1
456,IPC,66C,1,2
457,IPC,379,1,1
457,NDPS,66D,1,2
457,IPC,457,1,3
458,NDPS,457,1,1
458,NDPS,66C,1,2
459,NDPS,66D,1,1
459,IPC,392,1,2
460,POCSO,457,1,1
460,IT_ACT,379,1,2
461,NDPS,392,1,1
462,POCSO,457,1,1
462,NDPS,66C,1,2
463,POCSO,302,1,1
463,IPC,302,1,2
464,NDPS,379,1,1
464,IPC,20,1,2
464,POCSO,20,1,3
465,IPC,20,1,1
465,POCSO,457,1,2
465,IPC,20,1,3
466,POCSO,66C,1,1
467,NDPS,392,1,1
467,IPC,66D,1,2
468,POCSO,392,1,1
469,IPC,66D,1,1
469,IPC,20,1,2
470,POCSO,379,1,1
470,IPC,392,1,2
470,IT_ACT,66C,1,3
471,POCSO,66D,1,1
472,IT_ACT,392,1,1
473,IPC,457,1,1
474,IPC,457,1,1
474,POCSO,457,1,2
475,NDPS,66D,1,1
476,IPC,392,1,1
477,NDPS,66C,1,1
478,POCSO,66D,1,1
478,POCSO,66D,1,2
479,NDPS,20,1,1
479,IT_ACT,302,1,2
480,IT_ACT,392,1,1
480,IPC,457,1,2
480,IPC,66D,1,3
481,NDPS,66C,1,1
481,IPC,392,1,2
481,POCSO,20,1,3
482,IT_ACT,392,1,1
483,NDPS,66D,1,1
484,POCSO,379,1,1
484,POCSO,302,1,2
485,IT_ACT,392,1,1
486,IT_ACT,457,1,1
486,POCSO,457,1,2
486,POCSO,66C,1,3
487,NDPS,392,1,1
487,POCSO,379,1,2
487,IPC,66D,1,3
488,NDPS,392,1,1
488,IPC,20,1,2
489,IT_ACT,302,1,1
490,POCSO,20,1,1
490,IT_ACT,302,1,2
490,POCSO,302,1,3
491,POCSO,302,1,1
491,POCSO,379,1,2
491,POCSO,20,1,3
492,IT_ACT,392,1,1
493,IT_ACT,379,1,1
493,IPC,66D,1,2
493,IPC,457,1,3
494,IPC,392,1,1
495,IPC,20,1,1
496,NDPS,302,1,1
496,IPC,66D,1,2
496,IT_ACT,392,1,3
497,IT_ACT,457,1,1
497,NDPS,302,1,2
498,POCSO,457,1,1
499,IPC,66C,1,1
499,IT_ACT,379,1,2
499,POCSO,66C,1,3
500,NDPS,379,1,1
501,NDPS,392,1,1
501,IPC,66D,1,2
501,IT_ACT,392,1,3
502,POCSO,379,1,1
502,IT_ACT,66D,1,2
502,POCSO,66C,1,3
503,IT_ACT,302,1,1
503,POCSO,379,1,2
504,NDPS,302,1,1
504,IT_ACT,379,1,2
505,IT_ACT,302,1,1
505,NDPS,302,1,2
505,NDPS,20,1,3
506,NDPS,66D,1,1
506,IT_ACT,392,1,2
507,IT_ACT,302,1,1
507,NDPS,66D,1,2
508,IPC,66D,1,1
508,IT_ACT,379,1,2
508,POCSO,302,1,3
509,IT_ACT,66D,1,1
509,IPC,20,1,2
510,POCSO,392,1,1
510,IT_ACT,66D,1,2
510,IT_ACT,457,1,3
511,NDPS,457,1,1
511,NDPS,379,1,2
511,NDPS,392,1,3
512,IT_ACT,392,1,1
513,IT_ACT,20,1,1
513,IT_ACT,392,1,2
514,IT_ACT,457,1,1
514,POCSO,392,1,2
514,POCSO,379,1,3
515,POCSO,302,1,1
515,NDPS,457,1,2
515,NDPS,379,1,3
516,NDPS,457,1,1
516,IPC,66D,1,2
517,IPC,379,1,1
518,NDPS,457,1,1
518,POCSO,20,1,2
519,IPC,457,1,1
519,IT_ACT,66C,1,2
520,NDPS,302,1,1
520,NDPS,457,1,2
520,NDPS,66D,1,3
521,NDPS,302,1,1
521,IPC,379,1,2
521,NDPS,66C,1,3
522,NDPS,66C,1,1
523,POCSO,457,1,1
524,NDPS,379,1,1
525,NDPS,457,1,1
525,IPC,392,1,2
526,POCSO,66D,1,1
526,POCSO,66C,1,2
527,IT_ACT,392,1,1
527,IT_ACT,392,1,2
527,NDPS,302,1,3
528,IPC,66D,1,1
529,NDPS,457,1,1
529,IT_ACT,302,1,2
529,IPC,379,1,3
530,POCSO,66D,1,1
530,POCSO,66C,1,2
531,POCSO,66C,1,1
532,NDPS,392,1,1
532,POCSO,457,1,2
533,IT_ACT,457,1,1
534,IT_ACT,66D,1,1
534,IT_ACT,66C,1,2
535,POCSO,66D,1,1
535,IT_ACT,379,1,2
535,IT_ACT,379,1,3
536,NDPS,66D,1,1
536,IPC,379,1,2
537,IPC,20,1,1
538,NDPS,66D,1,1
538,POCSO,66C,1,2
539,NDPS,20,1,1
539,IT_ACT,457,1,2
539,POCSO,20,1,3
540,NDPS,66D,1,1
540,IPC,379,1,2
541,NDPS,302,1,1
542,POCSO,302,1,1
542,IT_ACT,457,1,2
542,NDPS,66C,1,3
543,POCSO,20,1,1
543,NDPS,392,1,2
543,POCSO,20,1,3
544,POCSO,392,1,1
545,IT_ACT,66C,1,1
546,IPC,379,1,1
547,NDPS,302,1,1
547,IPC,457,1,2
548,POCSO,379,1,1
549,NDPS,302,1,1
549,IPC,66C,1,2
550,NDPS,20,1,1
550,IPC,66C,1,2
551,IPC,379,1,1
551,NDPS,66D,1,2
552,IPC,20,1,1
552,NDPS,457,1,2
552,NDPS,392,1,3
553,POCSO,66D,1,1
554,IPC,302,1,1
554,POCSO,20,1,2
555,NDPS,392,1,1
556,IPC,302,1,1
556,POCSO,20,1,2
556,NDPS,20,1,3
557,NDPS,66D,1,1
557,IT_ACT,457,1,2
558,IT_ACT,457,1,1
558,POCSO,392,1,2
559,IPC,379,1,1
559,POCSO,20,1,2
560,IPC,457,1,1
560,IT_ACT,20,1,2
561,POCSO,379,1,1
562,POCSO,457,1,1
562,NDPS,66D,1,2
562,NDPS,302,1,3
563,POCSO,457,1,1
563,IT_ACT,457,1,2
563,NDPS,392,1,3
564,IPC,66C,1,1
564,POCSO,66D,1,2
564,IT_ACT,379,1,3
565,POCSO,66D,1,1
565,NDPS,379,1,2
565,IPC,20,1,3
566,IT_ACT,66D,1,1
567,IT_ACT,379,1,1
568,POCSO,457,1,1
569,POCSO,392,1,1
569,IT_ACT,457,1,2
569,POCSO,302,1,3
570,POCSO,20,1,1
570,NDPS,457,1,2
571,IT_ACT,392,1,1
572,IPC,302,1,1
573,POCSO,66C,1,1
574,IPC,457,1,1
574,IT_ACT,66C,1,2
575,POCSO,392,1,1
575,IT_ACT,379,1,2
576,IPC,379,1,1
576,IPC,66C,1,2
576,IPC,66D,1,3
577,IT_ACT,66C,1,1
578,NDPS,457,1,1
578,POCSO,457,1,2
579,NDPS,20,1,1
580,IPC,457,1,1
580,IT_ACT,379,1,2
580,IPC,457,1,3
581,POCSO,379,1,1
581,IT_ACT,302,1,2
582,NDPS,20,1,1
582,IPC,392,1,2
582,IT_ACT,20,1,3
583,IT_ACT,457,1,1
583,IT_ACT,66D,1,2
583,POCSO,20,1,3
584,NDPS,302,1,1
584,POCSO,20,1,2
585,NDPS,302,1,1
586,IPC,457,1,1
586,POCSO,66D,1,2
586,NDPS,302,1,3
587,POCSO,66C,1,1
588,NDPS,457,1,1
589,IPC,457,1,1
590,IT_ACT,392,1,1
591,IT_ACT,392,1,1
591,IT_ACT,457,1,2
591,NDPS,66D,1,3
592,IT_ACT,379,1,1
592,IPC,379,1,2
592,POCSO,379,1,3
593,IT_ACT,379,1,1
593,POCSO,379,1,2
594,NDPS,379,1,1
595,POCSO,20,1,1
596,IPC,302,1,1
596,IT_ACT,302,1,2
596,IT_ACT,302,1,3
597,IT_ACT,392,1,1
597,NDPS,379,1,2
597,IPC,457,1,3
598,IT_ACT,379,1,1
599,IT_ACT,379,1,1
599,POCSO,302,1,2
600,NDPS,392,1,1
600,NDPS,20,1,2
601,IT_ACT,379,1,1
601,IT_ACT,66C,1,2
602,NDPS,379,1,1
602,IT_ACT,66D,1,2
603,IPC,379,1,1
603,IT_ACT,66D,1,2
603,IT_ACT,379,1,3
604,IT_ACT,20,1,1
605,POCSO,20,1,1
606,IPC,302,1,1
606,IT_ACT,379,1,2
607,NDPS,66C,1,1
608,POCSO,20,1,1
609,IT_ACT,66C,1,1
609,NDPS,66D,1,2
610,IPC,379,1,1
611,IPC,66D,1,1
611,IPC,379,1,2
611,IPC,66C,1,3
612,NDPS,457,1,1
613,IT_ACT,66D,1,1
614,NDPS,66C,1,1
615,IT_ACT,66D,1,1
616,IT_ACT,379,1,1
616,IPC,302,1,2
616,NDPS,66D,1,3
617,NDPS,392,1,1
618,IPC,302,1,1
618,IT_ACT,66D,1,2
618,IT_ACT,66D,1,3
619,POCSO,20,1,1
620,IT_ACT,392,1,1
621,IPC,20,1,1
622,IPC,66D,1,1
623,POCSO,457,1,1
623,IT_ACT,66D,1,2
624,POCSO,457,1,1
625,POCSO,379,1,1
625,IPC,66C,1,2
626,IPC,66C,1,1
627,IT_ACT,302,1,1
628,POCSO,392,1,1
628,POCSO,302,1,2
629,POCSO,457,1,1
629,IT_ACT,20,1,2
630,IT_ACT,66D,1,1
630,IT_ACT,20,1,2
630,NDPS,66C,1,3
631,POCSO,302,1,1
632,IPC,379,1,1
633,NDPS,379,1,1
633,IT_ACT,20,1,2
634,IT_ACT,379,1,1
634,NDPS,66D,1,2
635,IPC,379,1,1
635,IPC,392,1,2
636,IPC,379,1,1
636,IT_ACT,66D,1,2
637,NDPS,379,1,1
637,NDPS,66D,1,2
637,NDPS,302,1,3
638,POCSO,20,1,1
639,IT_ACT,379,1,1
639,IT_ACT,302,1,2
640,IPC,302,1,1
640,NDPS,302,1,2
641,POCSO,302,1,1
641,IPC,379,1,2
642,IT_ACT,302,1,1
642,IT_ACT,66C,1,2
642,IT_ACT,66C,1,3
643,POCSO,457,1,1
644,IT_ACT,20,1,1
644,IT_ACT,457,1,2
645,NDPS,457,1,1
646,IPC,379,1,1
647,IPC,302,1,1
647,IPC,457,1,2
648,POCSO,20,1,1
649,IPC,20,1,1
649,NDPS,66C,1,2
649,POCSO,302,1,3
650,IPC,457,1,1
650,IT_ACT,392,1,2
650,IPC,302,1,3
651,POCSO,66C,1,1
651,IT_ACT,302,1,2
652,IPC,302,1,1
652,NDPS,379,1,2
653,NDPS,20,1,1
654,IT_ACT,379,1,1
654,POCSO,20,1,2
655,NDPS,457,1,1
655,NDPS,457,1,2
655,IPC,66C,1,3
656,POCSO,20,1,1
656,IPC,66C,1,2
657,POCSO,66D,1,1
657,IPC,457,1,2
657,IPC,66D,1,3
658,NDPS,66D,1,1
658,IPC,302,1,2
659,IT_ACT,20,1,1
659,IPC,379,1,2
660,POCSO,392,1,1
660,IPC,20,1,2
661,POCSO,457,1,1
662,POCSO,20,1,1
663,IT_ACT,66C,1,1
663,IT_ACT,20,1,2
663,IT_ACT,379,1,3
664,IPC,379,1,1
664,POCSO,66C,1,2
665,IPC,302,1,1
666,POCSO,20,1,1
666,POCSO,66D,1,2
667,NDPS,20,1,1
667,IT_ACT,66D,1,2
667,IT_ACT,20,1,3
668,IT_ACT,20,1,1
668,IPC,66C,1,2
669,POCSO,66D,1,1
670,IT_ACT,379,1,1
670,IPC,457,1,2
671,IPC,457,1,1
671,IPC,457,1,2
671,IT_ACT,66D,1,3
672,POCSO,20,1,1
673,IT_ACT,379,1,1
673,IT_ACT,392,1,2
674,NDPS,66C,1,1
674,POCSO,379,1,2
674,IT_ACT,392,1,3
675,POCSO,20,1,1
676,IPC,20,1,1
677,POCSO,66C,1,1
678,IPC,302,1,1
679,POCSO,457,1,1
679,POCSO,379,1,2
679,IPC,457,1,3
680,IPC,457,1,1
680,IPC,66C,1,2
680,NDPS,379,1,3
681,IT_ACT,379,1,1
682,POCSO,457,1,1
682,POCSO,20,1,2
683,IPC,302,1,1
684,IT_ACT,66C,1,1
685,IT_ACT,379,1,1
686,IT_ACT,392,1,1
686,IT_ACT,457,1,2
686,NDPS,457,1,3
687,POCSO,302,1,1
687,POCSO,457,1,2
688,NDPS,66C,1,1
688,POCSO,66C,1,2
688,POCSO,302,1,3
689,POCSO,66C,1,1
690,IPC,20,1,1
691,IPC,392,1,1
692,POCSO,379,1,1
692,IT_ACT,66C,1,2
693,IT_ACT,66D,1,1
694,IPC,66D,1,1
694,POCSO,457,1,2
695,IT_ACT,392,1,1
696,IT_ACT,379,1,1
697,POCSO,66D,1,1
698,IT_ACT,457,1,1
698,POCSO,302,1,2
699,IT_ACT,66D,1,1
700,NDPS,302,1,1
700,NDPS,379,1,2
700,IPC,66C,1,3
701,IT_ACT,392,1,1
701,POCSO,20,1,2
702,IT_ACT,20,1,1
703,POCSO,457,1,1
703,IPC,20,1,2
703,POCSO,66D,1,3
704,POCSO,457,1,1
704,POCSO,392,1,2
705,IPC,20,1,1
706,IT_ACT,66D,1,1
707,IPC,457,1,1
708,IPC,66D,1,1
709,NDPS,379,1,1
709,IT_ACT,392,1,2
709,IPC,392,1,3
710,NDPS,379,1,1
710,IPC,457,1,2
710,IT_ACT,457,1,3
711,IT_ACT,66C,1,1
711,IPC,66D,1,2
712,IT_ACT,66D,1,1
712,IT_ACT,302,1,2
713,IT_ACT,302,1,1
713,POCSO,66D,1,2
714,NDPS,392,1,1
714,POCSO,457,1,2
714,POCSO,392,1,3
715,IPC,392,1,1
715,NDPS,392,1,2
716,IT_ACT,379,1,1
716,IT_ACT,66C,1,2
716,POCSO,20,1,3
717,POCSO,457,1,1
718,POCSO,457,1,1
719,IT_ACT,457,1,1
720,IT_ACT,379,1,1
721,POCSO,66C,1,1
722,IPC,392,1,1
722,NDPS,379,1,2
722,IT_ACT,457,1,3
723,NDPS,302,1,1
723,IT_ACT,66C,1,2
723,NDPS,392,1,3
724,POCSO,379,1,1
724,NDPS,457,1,2
725,POCSO,66C,1,1
726,IT_ACT,20,1,1
726,POCSO,379,1,2
727,IT_ACT,20,1,1
728,IT_ACT,20,1,1
729,POCSO,20,1,1
730,POCSO,66D,1,1
730,IT_ACT,66C,1,2
731,NDPS,66C,1,1
731,POCSO,20,1,2
731,POCSO,379,1,3
732,NDPS,457,1,1
732,IPC,457,1,2
732,IPC,379,1,3
733,IT_ACT,66C,1,1
733,IT_ACT,457,1,2
734,IT_ACT,379,1,1
735,IPC,392,1,1
736,POCSO,302,1,1
737,NDPS,302,1,1
737,IT_ACT,392,1,2
738,POCSO,302,1,1
738,NDPS,302,1,2
738,POCSO,379,1,3
739,IT_ACT,302,1,1
740,IT_ACT,379,1,1
740,IT_ACT,66D,1,2
741,IPC,392,1,1
741,IPC,20,1,2
741,NDPS,20,1,3
742,IPC,379,1,1
743,POCSO,392,1,1
743,IPC,457,1,2
744,IPC,66D,1,1
744,IPC,66D,1,2
745,NDPS,66D,1,1
746,POCSO,20,1,1
746,NDPS,379,1,2
746,NDPS,66C,1,3
747,IPC,66C,1,1
748,NDPS,457,1,1
749,IPC,66C,1,1
749,NDPS,379,1,2
750,IPC,457,1,1
751,POCSO,66C,1,1
752,NDPS,66C,1,1
752,NDPS,457,1,2
752,NDPS,66D,1,3
753,POCSO,457,1,1
753,POCSO,302,1,2
754,IT_ACT,302,1,1
755,IT_ACT,392,1,1
755,IT_ACT,302,1,2
755,POCSO,457,1,3
756,NDPS,20,1,1
756,IT_ACT,392,1,2
756,NDPS,66C,1,3
757,IPC,20,1,1
757,IPC,379,1,2
758,IT_ACT,66C,1,1
758,IPC,457,1,2
758,IT_ACT,66D,1,3
759,NDPS,379,1,1
759,IT_ACT,457,1,2
760,NDPS,457,1,1
760,IPC,66C,1,2
761,IT_ACT,66C,1,1
761,POCSO,379,1,2
761,POCSO,66C,1,3
762,NDPS,302,1,1
763,IT_ACT,392,1,1
763,IT_ACT,302,1,2
763,IT_ACT,392,1,3
764,POCSO,392,1,1
765,IPC,66D,1,1
765,POCSO,457,1,2
765,NDPS,66D,1,3
766,POCSO,457,1,1
767,POCSO,302,1,1
767,IT_ACT,20,1,2
767,NDPS,392,1,3
768,NDPS,392,1,1
768,IT_ACT,379,1,2
769,NDPS,20,1,1
769,IT_ACT,66D,1,2
769,IT_ACT,66C,1,3
770,NDPS,457,1,1
770,IPC,379,1,2
770,IT_ACT,66D,1,3
771,IPC,302,1,1
772,NDPS,66C,1,1
772,IPC,20,1,2
772,IPC,379,1,3
773,IPC,66C,1,1
773,POCSO,66D,1,2
774,IT_ACT,379,1,1
774,IPC,302,1,2
775,POCSO,302,1,1
775,IT_ACT,457,1,2
775,NDPS,379,1,3
776,POCSO,392,1,1
777,IT_ACT,379,1,1
777,NDPS,66D,1,2
777,IPC,457,1,3
778,IPC,66D,1,1
778,POCSO,20,1,2
778,IPC,392,1,3
779,IPC,66C,1,1
780,POCSO,457,1,1
781,IPC,392,1,1
782,IT_ACT,392,1,1
782,IPC,302,1,2
782,NDPS,379,1,3
783,IT_ACT,20,1,1
783,IPC,66C,1,2
784,IPC,66D,1,1
784,IPC,66D,1,2
784,IPC,66C,1,3
785,IPC,379,1,1
786,POCSO,302,1,1
786,IPC,302,1,2
787,NDPS,392,1,1
788,IT_ACT,66C,1,1
788,IPC,392,1,2
788,POCSO,20,1,3
789,IT_ACT,302,1,1
789,IT_ACT,392,1,2
789,POCSO,20,1,3
790,IPC,66D,1,1
791,IPC,20,1,1
791,IT_ACT,379,1,2
792,POCSO,457,1,1
792,POCSO,392,1,2
793,NDPS,66D,1,1
793,IT_ACT,302,1,2
793,IPC,392,1,3
794,IT_ACT,379,1,1
794,NDPS,66D,1,2
794,IPC,20,1,3
795,IT_ACT,66D,1,1
795,NDPS,379,1,2
795,NDPS,20,1,3
796,IT_ACT,20,1,1
796,IPC,66D,1,2
796,NDPS,66D,1,3
797,IPC,302,1,1
797,NDPS,379,1,2
797,IPC,20,1,3
798,POCSO,302,1,1
798,IPC,392,1,2
798,NDPS,302,1,3
799,POCSO,66C,1,1
799,POCSO,392,1,2
800,NDPS,457,1,1
800,NDPS,302,1,2
800,IT_ACT,302,1,3
801,IPC,20,1,1
801,NDPS,66C,1,2
802,IT_ACT,392,1,1
802,POCSO,20,1,2
802,NDPS,20,1,3
803,IPC,302,1,1
803,NDPS,302,1,2
804,IPC,302,1,1
804,IPC,379,1,2
804,IT_ACT,66C,1,3
805,NDPS,66D,1,1
805,IPC,302,1,2
805,POCSO,20,1,3
806,POCSO,20,1,1
807,POCSO,302,1,1
807,IPC,379,1,2
807,IT_ACT,392,1,3
808,POCSO,66C,1,1
808,IT_ACT,66C,1,2
808,IPC,66C,1,3
809,NDPS,302,1,1
809,IT_ACT,66D,1,2
810,IT_ACT,66D,1,1
810,IT_ACT,20,1,2
811,IT_ACT,66C,1,1
812,IT_ACT,379,1,1
812,NDPS,392,1,2
812,IPC,66D,1,3
813,POCSO,457,1,1
813,POCSO,20,1,2
814,POCSO,379,1,1
814,IPC,66C,1,2
815,POCSO,66D,1,1
816,IPC,379,1,1
816,IPC,457,1,2
816,IT_ACT,66D,1,3
817,NDPS,457,1,1
818,POCSO,392,1,1
818,IT_ACT,392,1,2
819,IPC,66D,1,1
820,POCSO,379,1,1
820,IT_ACT,20,1,2
821,NDPS,66C,1,1
822,NDPS,66D,1,1
822,POCSO,66D,1,2
822,IT_ACT,66C,1,3
823,NDPS,20,1,1
823,POCSO,457,1,2
824,IPC,66C,1,1
825,NDPS,302,1,1
825,IT_ACT,457,1,2
826,POCSO,302,1,1
826,IPC,457,1,2
826,NDPS,379,1,3
827,NDPS,392,1,1
827,IT_ACT,66C,1,2
828,POCSO,302,1,1
828,NDPS,379,1,2
829,IT_ACT,392,1,1
829,POCSO,379,1,2
830,IT_ACT,302,1,1
830,IT_ACT,302,1,2
830,POCSO,66D,1,3
831,POCSO,302,1,1
831,NDPS,457,1,2
831,IT_ACT,379,1,3
832,IT_ACT,302,1,1
832,IT_ACT,66C,1,2
833,POCSO,20,1,1
834,IT_ACT,392,1,1
835,POCSO,20,1,1
836,POCSO,379,1,1
836,POCSO,379,1,2
836,IT_ACT,66C,1,3
837,IPC,66D,1,1
838,IPC,379,1,1
839,POCSO,392,1,1
840,IT_ACT,302,1,1
841,NDPS,20,1,1
841,NDPS,379,1,2
842,NDPS,20,1,1
842,IPC,20,1,2
842,NDPS,302,1,3
843,NDPS,457,1,1
843,IT_ACT,66C,1,2
843,POCSO,379,1,3
844,IPC,379,1,1
844,IT_ACT,379,1,2
844,IPC,20,1,3
845,POCSO,457,1,1
845,IPC,302,1,2
846,NDPS,379,1,1
847,NDPS,66D,1,1
847,POCSO,66C,1,2
847,IT_ACT,457,1,3
848,POCSO,379,1,1
848,POCSO,392,1,2
849,IT_ACT,20,1,1
849,IT_ACT,66D,1,2
849,POCSO,457,1,3
850,POCSO,66D,1,1
850,IT_ACT,66C,1,2
851,IT_ACT,379,1,1
851,IT_ACT,302,1,2
852,POCSO,66C,1,1
853,NDPS,66D,1,1
853,IT_ACT,66D,1,2
853,IPC,457,1,3
854,POCSO,392,1,1
855,POCSO,302,1,1
856,NDPS,457,1,1
856,POCSO,302,1,2
857,IPC,66D,1,1
857,IPC,302,1,2
858,IPC,302,1,1
858,NDPS,20,1,2
858,POCSO,457,1,3
859,IPC,66C,1,1
859,IT_ACT,66D,1,2
860,IPC,379,1,1
860,IT_ACT,392,1,2
861,IPC,66C,1,1
861,POCSO,20,1,2
862,NDPS,66C,1,1
862,IPC,66C,1,2
862,IPC,392,1,3
863,IPC,20,1,1
863,IT_ACT,20,1,2
864,NDPS,66D,1,1
865,IT_ACT,66C,1,1
866,NDPS,302,1,1
866,IPC,302,1,2
867,IPC,392,1,1
867,IT_ACT,457,1,2
867,POCSO,20,1,3
868,NDPS,392,1,1
868,NDPS,66D,1,2
869,IPC,392,1,1
869,IPC,66D,1,2
869,IPC,20,1,3
870,IPC,379,1,1
871,POCSO,20,1,1
871,NDPS,66C,1,2
872,POCSO,457,1,1
872,IT_ACT,392,1,2
873,IPC,379,1,1
874,POCSO,302,1,1
874,POCSO,392,1,2
874,IT_ACT,66C,1,3
875,POCSO,66C,1,1
875,IPC,379,1,2
876,POCSO,66D,1,1
876,IPC,66D,1,2
876,POCSO,379,1,3
877,NDPS,20,1,1
877,POCSO,457,1,2
877,POCSO,379,1,3
878,POCSO,66D,1,1
878,POCSO,20,1,2
878,IPC,66C,1,3
879,POCSO,66C,1,1
879,POCSO,66D,1,2
879,NDPS,66C,1,3
880,IT_ACT,20,1,1
881,IPC,392,1,1
882,IT_ACT,66D,1,1
883,IPC,66C,1,1
884,POCSO,457,1,1
884,IT_ACT,66D,1,2
884,NDPS,302,1,3
885,POCSO,302,1,1
885,IT_ACT,20,1,2
886,IPC,392,1,1
886,NDPS,302,1,2
886,IT_ACT,457,1,3
887,IT_ACT,392,1,1
887,NDPS,457,1,2
888,IPC,302,1,1
888,POCSO,379,1,2
888,NDPS,66C,1,3
889,IPC,66C,1,1
889,IPC,66C,1,2
890,NDPS,379,1,1
890,IPC,66C,1,2
890,POCSO,66C,1,3
891,POCSO,66D,1,1
891,NDPS,302,1,2
891,IT_ACT,379,1,3
892,NDPS,302,1,1
892,IPC,302,1,2
893,NDPS,379,1,1
893,IT_ACT,379,1,2
893,POCSO,66D,1,3
894,POCSO,379,1,1
894,IT_ACT,379,1,2
894,NDPS,302,1,3
895,IT_ACT,66D,1,1
895,POCSO,20,1,2
896,NDPS,66C,1,1
896,POCSO,302,1,2
897,POCSO,392,1,1
897,POCSO,457,1,2
898,IT_ACT,392,1,1
899,NDPS,66C,1,1
900,IT_ACT,20,1,1
900,POCSO,66D,1,2
901,IPC,392,1,1
901,IT_ACT,302,1,2
901,IT_ACT,66C,1,3
902,IT_ACT,66C,1,1
903,IPC,302,1,1
903,IT_ACT,379,1,2
903,IT_ACT,66D,1,3
904,IT_ACT,66D,1,1
905,POCSO,66C,1,1
905,NDPS,302,1,2
905,NDPS,20,1,3
906,NDPS,457,1,1
906,POCSO,302,1,2
907,NDPS,66D,1,1
908,POCSO,66D,1,1
909,IT_ACT,392,1,1
909,POCSO,20,1,2
910,POCSO,392,1,1
910,IPC,20,1,2
911,IPC,379,1,1
911,IPC,392,1,2
911,IPC,379,1,3
912,IT_ACT,66C,1,1
912,IPC,379,1,2
912,POCSO,302,1,3
913,IPC,66D,1,1
914,NDPS,302,1,1
915,IT_ACT,20,1,1
915,IPC,457,1,2
916,NDPS,379,1,1
917,NDPS,302,1,1
917,IT_ACT,66D,1,2
918,POCSO,392,1,1
918,IT_ACT,20,1,2
919,IT_ACT,379,1,1
920,IT_ACT,66D,1,1
920,IPC,66D,1,2
921,POCSO,379,1,1
921,IT_ACT,457,1,2
921,IT_ACT,302,1,3
922,NDPS,302,1,1
922,IT_ACT,20,1,2
922,NDPS,392,1,3
923,POCSO,379,1,1
923,NDPS,20,1,2
924,IT_ACT,66D,1,1
924,POCSO,20,1,2
924,IT_ACT,66D,1,3
925,NDPS,20,1,1
926,POCSO,379,1,1
927,IT_ACT,392,1,1
927,IT_ACT,392,1,2
928,IT_ACT,66C,1,1
928,POCSO,379,1,2
929,POCSO,302,1,1
930,IPC,20,1,1
930,IPC,457,1,2
930,NDPS,20,1,3
931,NDPS,457,1,1
931,POCSO,66D,1,2
931,IT_ACT,66D,1,3
932,POCSO,392,1,1
932,POCSO,302,1,2
932,POCSO,20,1,3
933,IPC,302,1,1
934,NDPS,66C,1,1
934,IT_ACT,302,1,2
935,IT_ACT,379,1,1
936,POCSO,66D,1,1
937,POCSO,20,1,1
937,IT_ACT,66C,1,2
938,POCSO,20,1,1
938,IPC,379,1,2
939,NDPS,66D,1,1
939,NDPS,20,1,2
939,POCSO,20,1,3
940,IPC,457,1,1
941,POCSO,392,1,1
942,IT_ACT,379,1,1
943,NDPS,457,1,1
943,NDPS,457,1,2
943,IPC,20,1,3
944,NDPS,20,1,1
944,NDPS,379,1,2
945,IT_ACT,379,1,1
945,IPC,379,1,2
946,IPC,66D,1,1
946,POCSO,392,1,2
946,NDPS,392,1,3
947,IT_ACT,66C,1,1
947,NDPS,20,1,2
947,NDPS,66D,1,3
948,NDPS,66D,1,1
948,IT_ACT,302,1,2
949,POCSO,66D,1,1
949,NDPS,66D,1,2
950,IPC,20,1,1
950,NDPS,20,1,2
950,NDPS,457,1,3
951,NDPS,66C,1,1
951,POCSO,392,1,2
952,POCSO,20,1,1
953,POCSO,392,1,1
953,IPC,66D,1,2
954,IPC,66C,1,1
954,IT_ACT,457,1,2
955,IT_ACT,379,1,1
955,IPC,20,1,2
956,NDPS,66D,1,1
956,IPC,66C,1,2
956,IT_ACT,379,1,3
957,IT_ACT,392,1,1
958,NDPS,457,1,1
958,NDPS,66C,1,2
959,IPC,66C,1,1
960,IPC,66C,1,1
960,IT_ACT,392,1,2
960,IT_ACT,66C,1,3
961,IT_ACT,66C,1,1
962,IT_ACT,66D,1,1
962,NDPS,379,1,2
963,IPC,379,1,1
963,POCSO,379,1,2
963,POCSO,20,1,3
964,POCSO,302,1,1
964,POCSO,302,1,2
964,IPC,379,1,3
965,IT_ACT,392,1,1
966,NDPS,379,1,1
967,IT_ACT,457,1,1
967,NDPS,20,1,2
968,NDPS,457,1,1
968,IT_ACT,66D,1,2
968,NDPS,457,1,3
969,POCSO,20,1,1
970,IT_ACT,20,1,1
971,NDPS,379,1,1
971,POCSO,302,1,2
971,IPC,392,1,3
972,IPC,66C,1,1
973,IPC,392,1,1
974,IT_ACT,66D,1,1
974,NDPS,66D,1,2
975,NDPS,302,1,1
975,NDPS,457,1,2
976,POCSO,379,1,1
976,NDPS,392,1,2
977,IT_ACT,457,1,1
977,NDPS,392,1,2
978,IPC,20,1,1
978,IT_ACT,20,1,2
979,NDPS,392,1,1
979,IPC,457,1,2
979,POCSO,66D,1,3
980,IPC,20,1,1
980,IT_ACT,302,1,2
980,IT_ACT,457,1,3
981,POCSO,20,1,1
981,POCSO,302,1,2
982,POCSO,392,1,1
982,NDPS,379,1,2
982,POCSO,457,1,3
983,IT_ACT,392,1,1
984,NDPS,379,1,1
984,NDPS,66C,1,2
984,POCSO,302,1,3
985,NDPS,66C,1,1
986,NDPS,66D,1,1
986,POCSO,66D,1,2
987,IPC,66C,1,1
988,NDPS,379,1,1
989,POCSO,392,1,1
989,NDPS,392,1,2
989,IT_ACT,20,1,3
990,IPC,457,1,1
990,POCSO,66C,1,2
991,IPC,66D,1,1
991,IPC,457,1,2
991,NDPS,379,1,3
992,NDPS,66C,1,1
993,POCSO,302,1,1
993,POCSO,66D,1,2
994,POCSO,20,1,1
994,IT_ACT,379,1,2
995,IT_ACT,392,1,1
995,POCSO,66D,1,2
995,IPC,379,1,3
996,IT_ACT,302,1,1
996,IT_ACT,66C,1,2
996,IPC,20,1,3
997,IT_ACT,66D,1,1
998,NDPS,66C,1,1
999,POCSO,66C,1,1
999,POCSO,20,1,2
999,IPC,379,1,3
1000,POCSO,457,1,1
1000,IT_ACT,302,1,2
1001,POCSO,66D,1,1
1001,POCSO,66C,1,2
1002,NDPS,457,1,1
1003,IT_ACT,66C,1,1
1004,NDPS,302,1,1
1004,POCSO,379,1,2
1005,POCSO,66C,1,1
1006,IPC,379,1,1
1006,POCSO,66C,1,2
1006,IPC,379,1,3
1007,NDPS,392,1,1
1007,IPC,66C,1,2
1008,IT_ACT,457,1,1
1008,POCSO,66C,1,2
1008,IT_ACT,66D,1,3
1009,POCSO,457,1,1
1010,IT_ACT,457,1,1
1011,IT_ACT,379,1,1
1011,IT_ACT,379,1,2
1011,IPC,66D,1,3
1012,POCSO,392,1,1
1013,IPC,302,1,1
1013,POCSO,20,1,2
1014,IT_ACT,457,1,1
1015,IPC,392,1,1
1015,IPC,392,1,2
1016,NDPS,66C,1,1
1016,IT_ACT,20,1,2
1017,IT_ACT,66D,1,1
1017,IPC,66D,1,2
1017,POCSO,66C,1,3
1018,IT_ACT,457,1,1
1018,POCSO,302,1,2
1018,IT_ACT,457,1,3
1019,IT_ACT,457,1,1
1019,IT_ACT,379,1,2
1019,IT_ACT,66D,1,3
1020,NDPS,20,1,1
1021,POCSO,66C,1,1
1021,IPC,20,1,2
1021,NDPS,392,1,3
1022,NDPS,302,1,1
1022,IT_ACT,392,1,2
1022,IT_ACT,66D,1,3
1023,POCSO,66D,1,1
1024,IPC,66C,1,1
1024,POCSO,20,1,2
1025,POCSO,302,1,1
1025,IPC,66D,1,2
1026,NDPS,66D,1,1
1026,IPC,379,1,2
1027,POCSO,66D,1,1
1027,NDPS,457,1,2
1028,IPC,66D,1,1
1028,POCSO,66C,1,2
1029,IPC,379,1,1
1030,POCSO,457,1,1
1031,NDPS,392,1,1
1031,NDPS,20,1,2
1031,NDPS,66D,1,3
1032,IPC,66D,1,1
1032,IT_ACT,379,1,2
1033,IT_ACT,20,1,1
1033,POCSO,392,1,2
1034,IPC,302,1,1
1034,IT_ACT,302,1,2
1035,IPC,457,1,1
1035,POCSO,20,1,2
1036,IPC,379,1,1
1036,POCSO,66C,1,2
1036,IPC,66D,1,3
1037,IT_ACT,66C,1,1
1037,IT_ACT,392,1,2
1037,NDPS,392,1,3
1038,POCSO,302,1,1
1038,POCSO,20,1,2
1039,POCSO,457,1,1
1039,IPC,302,1,2
1039,NDPS,302,1,3
1040,IT_ACT,392,1,1
1040,POCSO,66C,1,2
1040,NDPS,66D,1,3
1041,POCSO,20,1,1
1041,POCSO,66C,1,2
1041,NDPS,379,1,3
1042,IT_ACT,457,1,1
1043,IPC,20,1,1
1043,IPC,66C,1,2
1044,IPC,66C,1,1
1044,IT_ACT,379,1,2
1045,IT_ACT,392,1,1
1045,NDPS,379,1,2
1046,IT_ACT,302,1,1
1046,IT_ACT,66C,1,2
1047,IPC,302,1,1
1047,IPC,66D,1,2
1048,NDPS,379,1,1
1048,NDPS,302,1,2
1049,IPC,302,1,1
1049,NDPS,66D,1,2
1050,IPC,302,1,1
1050,IT_ACT,302,1,2
1050,IPC,392,1,3
1051,NDPS,379,1,1
1051,IT_ACT,379,1,2
1051,IPC,457,1,3
1052,POCSO,457,1,1
1052,IT_ACT,302,1,2
1052,IT_ACT,392,1,3
1053,NDPS,302,1,1
1053,IT_ACT,302,1,2
1054,POCSO,392,1,1
1055,NDPS,66C,1,1
1055,IT_ACT,457,1,2
1055,IT_ACT,302,1,3
1056,IT_ACT,392,1,1
1056,POCSO,20,1,2
1057,POCSO,20,1,1
1057,NDPS,457,1,2
1057,IT_ACT,66D,1,3
1058,POCSO,392,1,1
1058,IPC,66C,1,2
1059,IT_ACT,302,1,1
1059,NDPS,379,1,2
1059,NDPS,379,1,3
1060,NDPS,66D,1,1
1061,IPC,66C,1,1
1061,POCSO,302,1,2
1061,NDPS,66D,1,3
1062,IPC,379,1,1
1062,IPC,302,1,2
1063,NDPS,457,1,1
1063,IPC,302,1,2
1063,NDPS,379,1,3
1064,IPC,302,1,1
1065,POCSO,66D,1,1
1066,IT_ACT,302,1,1
1066,IPC,379,1,2
1067,IT_ACT,302,1,1
1068,NDPS,457,1,1
1069,IT_ACT,66C,1,1
1069,IPC,66D,1,2
1070,NDPS,457,1,1
1071,IPC,302,1,1
1072,POCSO,302,1,1
1073,NDPS,20,1,1
1073,IPC,66D,1,2
1073,POCSO,302,1,3
1074,IT_ACT,392,1,1
1074,IT_ACT,379,1,2
1074,POCSO,392,1,3
1075,NDPS,379,1,1
1076,POCSO,457,1,1
1076,NDPS,392,1,2
1076,NDPS,392,1,3
1077,NDPS,20,1,1
1077,IT_ACT,302,1,2
1078,IT_ACT,20,1,1
1078,NDPS,392,1,2
1079,IT_ACT,457,1,1
1079,IPC,20,1,2
1079,POCSO,302,1,3
1080,POCSO,66D,1,1
1080,POCSO,66C,1,2
1081,NDPS,379,1,1
1081,POCSO,457,1,2
1081,NDPS,20,1,3
1082,IPC,302,1,1
1083,IT_ACT,379,1,1
1083,POCSO,20,1,2
1084,POCSO,20,1,1
1085,NDPS,302,1,1
1086,NDPS,66D,1,1
1086,NDPS,457,1,2
1086,POCSO,457,1,3
1087,IT_ACT,457,1,1
1087,NDPS,66D,1,2
1087,POCSO,457,1,3
1088,NDPS,66C,1,1
1089,IT_ACT,66C,1,1
1090,IPC,302,1,1
1091,POCSO,392,1,1
1091,IPC,66D,1,2
1091,IPC,66C,1,3
1092,IT_ACT,20,1,1
1092,IPC,392,1,2
1093,IPC,66D,1,1
1094,IPC,302,1,1
1094,IT_ACT,302,1,2
1095,NDPS,302,1,1
1095,POCSO,302,1,2
1096,IPC,392,1,1
1096,IPC,302,1,2
1097,NDPS,20,1,1
1098,IPC,66D,1,1
1098,IT_ACT,66C,1,2
1099,POCSO,20,1,1
1099,NDPS,66C,1,2
1099,IT_ACT,392,1,3
1100,IPC,66C,1,1
1100,POCSO,457,1,2
1100,POCSO,66D,1,3
1101,IPC,66C,1,1
1102,IT_ACT,20,1,1
1102,IPC,66D,1,2
1103,NDPS,392,1,1
1103,NDPS,457,1,2
1104,IPC,457,1,1
1104,POCSO,457,1,2
1104,POCSO,392,1,3
1105,POCSO,66C,1,1
1106,POCSO,66C,1,1
1107,NDPS,302,1,1
1108,IPC,379,1,1
1108,NDPS,66C,1,2
1108,POCSO,392,1,3
1109,IT_ACT,66D,1,1
1110,NDPS,302,1,1
1110,IPC,66C,1,2
1110,NDPS,379,1,3
1111,IPC,379,1,1
1112,IPC,379,1,1
1112,IT_ACT,392,1,2
1113,NDPS,66D,1,1
1113,NDPS,66C,1,2
1114,IPC,457,1,1
1114,IT_ACT,66D,1,2
1114,IT_ACT,379,1,3
1115,POCSO,379,1,1
1116,IPC,302,1,1
1117,IPC,457,1,1
1118,POCSO,66C,1,1
1118,NDPS,379,1,2
1118,POCSO,20,1,3
1119,IPC,66C,1,1
1119,NDPS,20,1,2
1120,NDPS,20,1,1
1121,POCSO,457,1,1
1121,IT_ACT,20,1,2
1122,IT_ACT,457,1,1
1122,POCSO,20,1,2
1123,IT_ACT,392,1,1
1123,IT_ACT,20,1,2
1123,IPC,66D,1,3
1124,NDPS,457,1,1
1125,IT_ACT,302,1,1
1125,NDPS,302,1,2
1126,IT_ACT,379,1,1
1127,IT_ACT,66D,1,1
1127,NDPS,392,1,2
1127,NDPS,66C,1,3
1128,IPC,392,1,1
1129,POCSO,302,1,1
1129,IPC,20,1,2
1130,IPC,302,1,1
1131,IPC,66D,1,1
1132,NDPS,302,1,1
1133,IPC,66C,1,1
1134,IPC,20,1,1
1135,IT_ACT,66D,1,1
1135,NDPS,379,1,2
1136,POCSO,302,1,1
1137,IT_ACT,20,1,1
1137,POCSO,392,1,2
1138,IT_ACT,392,1,1
1139,NDPS,302,1,1
1139,NDPS,302,1,2
1140,NDPS,66D,1,1
1140,POCSO,66D,1,2
1141,IT_ACT,20,1,1
1142,NDPS,66C,1,1
1143,NDPS,379,1,1
1144,NDPS,66D,1,1
1145,POCSO,66D,1,1
1145,NDPS,457,1,2
1146,NDPS,392,1,1
1146,IPC,392,1,2
1147,IT_ACT,392,1,1
1147,POCSO,457,1,2
1147,IT_ACT,20,1,3
1148,IPC,457,1,1
1148,NDPS,302,1,2
1149,IPC,66D,1,1
1149,POCSO,392,1,2
1149,IPC,392,1,3
1150,POCSO,302,1,1
1151,IT_ACT,392,1,1
1151,NDPS,379,1,2
1152,IT_ACT,302,1,1
1153,IPC,392,1,1
1153,IPC,20,1,2
1154,POCSO,457,1,1
1155,NDPS,66C,1,1
1155,NDPS,20,1,2
1155,NDPS,392,1,3
1156,IT_ACT,66C,1,1
1156,IPC,66C,1,2
1157,POCSO,457,1,1
1158,NDPS,20,1,1
1158,IT_ACT,392,1,2
1158,POCSO,379,1,3
1159,IT_ACT,457,1,1
1159,IT_ACT,392,1,2
1160,IT_ACT,379,1,1
1160,POCSO,66C,1,2
1161,IPC,66C,1,1
1162,IPC,302,1,1
1162,NDPS,392,1,2
1163,IT_ACT,66D,1,1
1163,NDPS,302,1,2
1164,POCSO,379,1,1
1164,POCSO,392,1,2
1165,IPC,66C,1,1
1165,IPC,20,1,2
1166,IT_ACT,302,1,1
1166,POCSO,302,1,2
1167,POCSO,379,1,1
1167,NDPS,392,1,2
1167,NDPS,457,1,3
1168,POCSO,66C,1,1
1168,IT_ACT,379,1,2
1169,IPC,302,1,1
1170,IPC,302,1,1
1171,IPC,20,1,1
1171,POCSO,66C,1,2
1172,IT_ACT,66D,1,1
1172,NDPS,66D,1,2
1173,IT_ACT,379,1,1
1173,POCSO,66D,1,2
1174,NDPS,66D,1,1
1175,IT_ACT,302,1,1
1175,POCSO,66D,1,2
1176,POCSO,457,1,1
1176,IPC,379,1,2
1176,NDPS,379,1,3
1177,POCSO,392,1,1
1177,POCSO,392,1,2
1177,IPC,392,1,3
1178,NDPS,457,1,1
1178,POCSO,302,1,2
1178,IPC,20,1,3
1179,NDPS,302,1,1
1179,POCSO,379,1,2
1179,IPC,66C,1,3
1180,NDPS,20,1,1
1181,IT_ACT,379,1,1
1181,IPC,66C,1,2
1181,IPC,457,1,3
1182,POCSO,302,1,1
1182,IT_ACT,379,1,2
1183,IPC,66C,1,1
1184,NDPS,302,1,1
1185,NDPS,302,1,1
1185,IT_ACT,302,1,2
1186,IT_ACT,457,1,1
1187,IT_ACT,20,1,1
1188,NDPS,66C,1,1
1188,NDPS,20,1,2
1189,POCSO,302,1,1
1189,IPC,302,1,2
1189,IPC,392,1,3
1190,NDPS,66C,1,1
1190,IPC,457,1,2
1191,IT_ACT,20,1,1
1192,IT_ACT,457,1,1
1192,IPC,392,1,2
1192,IT_ACT,302,1,3
1193,IPC,66D,1,1
1193,POCSO,302,1,2
1194,IPC,20,1,1
1195,IPC,302,1,1
1195,POCSO,302,1,2
1196,IT_ACT,457,1,1
1196,NDPS,457,1,2
1196,IT_ACT,66D,1,3
1197,NDPS,379,1,1
1198,NDPS,20,1,1
1198,NDPS,379,1,2
1199,POCSO,66C,1,1
1200,NDPS,379,1,1
1200,NDPS,66D,1,2
1201,POCSO,20,1,1
1202,POCSO,379,1,1
1203,POCSO,66D,1,1
1203,NDPS,379,1,2
1204,IT_ACT,66C,1,1
1205,POCSO,66D,1,1
1205,IPC,20,1,2
1205,POCSO,379,1,3
1206,NDPS,457,1,1
1206,IT_ACT,457,1,2
1207,IT_ACT,66D,1,1
1207,NDPS,66D,1,2
1208,NDPS,66C,1,1
1208,IPC,379,1,2
1208,NDPS,66D,1,3
1209,IPC,66C,1,1
1210,IT_ACT,302,1,1
1210,IPC,392,1,2
1210,POCSO,20,1,3
1211,IPC,20,1,1
1212,POCSO,392,1,1
1212,NDPS,457,1,2
1213,IPC,302,1,1
1213,IPC,66C,1,2
1214,NDPS,379,1,1
1214,POCSO,457,1,2
1214,POCSO,457,1,3
1215,POCSO,66C,1,1
1215,IPC,379,1,2
1215,POCSO,302,1,3
1216,NDPS,379,1,1
1216,IPC,20,1,2
1217,IT_ACT,66D,1,1
1217,NDPS,20,1,2
1217,NDPS,66C,1,3
1218,IT_ACT,392,1,1
1218,NDPS,392,1,2
1219,NDPS,66C,1,1
1219,IPC,392,1,2
1220,POCSO,20,1,1
1220,IPC,457,1,2
1221,IT_ACT,302,1,1
1221,POCSO,66C,1,2
1222,NDPS,457,1,1
1222,IT_ACT,20,1,2
1222,NDPS,302,1,3
1223,POCSO,66C,1,1
1223,POCSO,379,1,2
1223,POCSO,20,1,3
1224,IT_ACT,66C,1,1
1224,IPC,457,1,2
1225,IT_ACT,302,1,1
1225,NDPS,302,1,2
1225,POCSO,392,1,3
1226,IPC,379,1,1
1226,IPC,302,1,2
1227,POCSO,66C,1,1
1227,IT_ACT,392,1,2
1227,POCSO,20,1,3
1228,POCSO,66C,1,1
1228,IT_ACT,457,1,2
1228,IPC,379,1,3
1229,IPC,457,1,1
1230,POCSO,20,1,1
1230,POCSO,379,1,2
1231,NDPS,66D,1,1
1231,IT_ACT,66C,1,2
1231,IPC,302,1,3
1232,IPC,66C,1,1
1232,IT_ACT,379,1,2
1233,POCSO,392,1,1
1233,NDPS,379,1,2
1234,IT_ACT,302,1,1
1234,POCSO,379,1,2
1235,POCSO,66C,1,1
1235,POCSO,66C,1,2
1235,NDPS,379,1,3
1236,NDPS,302,1,1
1236,IPC,302,1,2
1237,IT_ACT,302,1,1
1237,IT_ACT,457,1,2
1238,POCSO,392,1,1
1238,IPC,66D,1,2
1238,NDPS,457,1,3
1239,POCSO,379,1,1
1239,POCSO,66C,1,2
1239,IT_ACT,66C,1,3
1240,IPC,457,1,1
1241,POCSO,66D,1,1
1241,IT_ACT,66C,1,2
1241,NDPS,20,1,3
1242,IPC,457,1,1
1242,POCSO,66C,1,2
1242,IPC,379,1,3
1243,POCSO,66D,1,1
1244,IPC,379,1,1
1245,IPC,66D,1,1
1245,POCSO,66D,1,2
1246,IPC,66C,1,1
1246,IT_ACT,66D,1,2
1247,IPC,392,1,1
1247,IT_ACT,20,1,2
1247,NDPS,379,1,3
1248,POCSO,392,1,1
1248,POCSO,392,1,2
1248,NDPS,66C,1,3
1249,NDPS,457,1,1
1250,IT_ACT,392,1,1
1250,NDPS,20,1,2
1251,NDPS,379,1,1
1252,IPC,66C,1,1
1252,POCSO,20,1,2
1252,IPC,392,1,3
1253,IT_ACT,66D,1,1
1254,POCSO,457,1,1
1254,POCSO,302,1,2
1254,POCSO,457,1,3
1255,NDPS,379,1,1
1255,POCSO,457,1,2
1255,POCSO,379,1,3
1256,NDPS,66D,1,1
1256,IT_ACT,66C,1,2
1257,POCSO,66D,1,1
1257,POCSO,66C,1,2
1258,POCSO,392,1,1
1259,IT_ACT,20,1,1
1259,IPC,20,1,2
1259,POCSO,379,1,3
1260,IT_ACT,457,1,1
1261,IT_ACT,66D,1,1
1261,IT_ACT,20,1,2
1261,NDPS,20,1,3
1262,NDPS,379,1,1
1262,POCSO,392,1,2
1263,IT_ACT,66C,1,1
1264,POCSO,302,1,1
1264,POCSO,392,1,2
1265,IPC,379,1,1
1265,NDPS,379,1,2
1265,POCSO,20,1,3
1266,IPC,457,1,1
1266,POCSO,302,1,2
1266,POCSO,457,1,3
1267,NDPS,302,1,1
1267,NDPS,379,1,2
1268,IT_ACT,392,1,1
1269,POCSO,379,1,1
1270,IT_ACT,392,1,1
1271,IT_ACT,379,1,1
1272,POCSO,302,1,1
1272,NDPS,379,1,2
1273,IPC,457,1,1
1273,NDPS,66D,1,2
1274,NDPS,302,1,1
1274,IPC,20,1,2
1274,NDPS,379,1,3
1275,NDPS,457,1,1
1275,IPC,392,1,2
1275,POCSO,66C,1,3
1276,POCSO,457,1,1
1277,IT_ACT,392,1,1
1277,POCSO,302,1,2
1278,IT_ACT,66C,1,1
1278,NDPS,66C,1,2
1279,IT_ACT,392,1,1
1279,IPC,457,1,2
1279,IT_ACT,20,1,3
1280,POCSO,457,1,1
1280,NDPS,66C,1,2
1281,NDPS,66D,1,1
1281,POCSO,392,1,2
1282,POCSO,66D,1,1
1283,POCSO,20,1,1
1283,IPC,20,1,2
1283,IPC,66C,1,3
1284,NDPS,457,1,1
1284,NDPS,457,1,2
1284,IPC,392,1,3
1285,POCSO,66C,1,1
1286,IT_ACT,66D,1,1
1286,NDPS,302,1,2
1286,IT_ACT,66D,1,3
1287,POCSO,379,1,1
1287,IT_ACT,20,1,2
1287,POCSO,379,1,3
1288,IT_ACT,20,1,1
1289,IT_ACT,66C,1,1
1290,IPC,20,1,1
1290,NDPS,392,1,2
1291,POCSO,379,1,1
1291,IT_ACT,379,1,2
1292,IT_ACT,457,1,1
1292,POCSO,379,1,2
1292,IT_ACT,66C,1,3
1293,POCSO,379,1,1
1294,POCSO,66D,1,1
1294,NDPS,66C,1,2
1295,IPC,302,1,1
1295,NDPS,457,1,2
1296,IT_ACT,302,1,1
1297,IPC,66D,1,1
1298,NDPS,392,1,1
1298,POCSO,302,1,2
1299,IT_ACT,302,1,1
1299,NDPS,20,1,2
1300,POCSO,457,1,1
1301,POCSO,392,1,1
1302,IT_ACT,302,1,1
1302,IT_ACT,392,1,2
1303,IPC,457,1,1
1303,NDPS,66D,1,2
1303,NDPS,457,1,3
1304,IT_ACT,392,1,1
1304,NDPS,302,1,2
1305,POCSO,457,1,1
1305,NDPS,379,1,2
1306,POCSO,66D,1,1
1307,IT_ACT,457,1,1
1307,NDPS,392,1,2
1307,IT_ACT,392,1,3
1308,IPC,302,1,1
1308,POCSO,66D,1,2
1308,IT_ACT,66D,1,3
1309,IT_ACT,66D,1,1
1309,IT_ACT,457,1,2
1310,NDPS,457,1,1
1310,IT_ACT,302,1,2
1310,IPC,302,1,3
1311,POCSO,379,1,1
1311,NDPS,392,1,2
1312,IPC,457,1,1
1312,IPC,392,1,2
1313,IPC,392,1,1
1313,IT_ACT,66D,1,2
1314,NDPS,457,1,1
1314,NDPS,20,1,2
1315,NDPS,20,1,1
1316,IPC,66D,1,1
1316,POCSO,302,1,2
1316,IPC,379,1,3
1317,POCSO,379,1,1
1317,POCSO,379,1,2
1317,IPC,379,1,3
1318,IT_ACT,20,1,1
1318,NDPS,379,1,2
1319,POCSO,302,1,1
1319,NDPS,66C,1,2
1320,IPC,302,1,1
1320,IT_ACT,20,1,2
1321,POCSO,66D,1,1
1321,IT_ACT,66C,1,2
1322,IPC,66C,1,1
1322,NDPS,20,1,2
1323,IT_ACT,20,1,1
1324,POCSO,379,1,1
1324,IPC,66C,1,2
1325,NDPS,392,1,1
1325,POCSO,20,1,2
1326,IT_ACT,20,1,1
1327,POCSO,66D,1,1
1327,NDPS,457,1,2
1328,IT_ACT,20,1,1
1328,IT_ACT,302,1,2
1328,POCSO,66D,1,3
1329,IT_ACT,457,1,1
1330,NDPS,20,1,1
1330,IPC,457,1,2
1330,NDPS,66C,1,3
1331,IPC,20,1,1
1331,NDPS,392,1,2
1331,POCSO,66D,1,3
1332,IT_ACT,20,1,1
1332,IPC,302,1,2
1333,POCSO,20,1,1
1333,NDPS,379,1,2
1333,POCSO,66C,1,3
1334,NDPS,379,1,1
1334,IT_ACT,457,1,2
1334,NDPS,302,1,3
1335,IPC,66C,1,1
1335,IPC,457,1,2
1335,NDPS,457,1,3
1336,IT_ACT,20,1,1
1337,IT_ACT,392,1,1
1337,NDPS,392,1,2
1338,POCSO,302,1,1
1339,IT_ACT,66D,1,1
1339,IT_ACT,457,1,2
1340,NDPS,392,1,1
1340,IPC,20,1,2
1341,IPC,457,1,1
1342,IT_ACT,379,1,1
1343,NDPS,392,1,1
1344,NDPS,302,1,1
1345,IPC,392,1,1
1345,IT_ACT,302,1,2
1345,IPC,66C,1,3
1346,NDPS,66C,1,1
1346,POCSO,392,1,2
1347,IPC,457,1,1
1347,IT_ACT,457,1,2
1348,IPC,66C,1,1
1349,POCSO,302,1,1
1350,POCSO,20,1,1
1350,POCSO,66D,1,2
1350,NDPS,392,1,3
1351,POCSO,302,1,1
1352,NDPS,302,1,1
1352,IT_ACT,379,1,2
1353,NDPS,66C,1,1
1353,IT_ACT,66D,1,2
1354,IPC,20,1,1
1354,POCSO,302,1,2
1354,IPC,66C,1,3
1355,IT_ACT,302,1,1
1355,NDPS,457,1,2
1356,IPC,379,1,1
1356,IPC,66D,1,2
1356,IPC,457,1,3
1357,IT_ACT,379,1,1
1358,IT_ACT,66C,1,1
1358,POCSO,66D,1,2
1359,POCSO,379,1,1
1359,IT_ACT,302,1,2
1360,NDPS,20,1,1
1360,IPC,457,1,2
1361,IPC,66C,1,1
1361,POCSO,457,1,2
1361,NDPS,66C,1,3
1362,POCSO,20,1,1
1363,NDPS,66C,1,1
1364,POCSO,66D,1,1
1365,IPC,66D,1,1
1365,POCSO,20,1,2
1365,POCSO,20,1,3
1366,POCSO,302,1,1
1367,IT_ACT,457,1,1
1367,IPC,457,1,2
1367,IT_ACT,302,1,3
1368,NDPS,66D,1,1
1368,IT_ACT,66D,1,2
1368,NDPS,457,1,3
1369,IPC,392,1,1
1369,POCSO,457,1,2
1369,IT_ACT,457,1,3
1370,IT_ACT,66D,1,1
1371,IPC,20,1,1
1371,NDPS,20,1,2
1372,IT_ACT,66D,1,1
1372,IPC,302,1,2
1373,NDPS,66C,1,1
1373,POCSO,20,1,2
1373,POCSO,66D,1,3
1374,IT_ACT,457,1,1
1375,POCSO,66C,1,1
1375,NDPS,66D,1,2
1375,NDPS,66C,1,3
1376,POCSO,392,1,1
1376,IT_ACT,457,1,2
1376,IT_ACT,379,1,3
1377,NDPS,66C,1,1
1377,POCSO,457,1,2
1377,NDPS,20,1,3
1378,POCSO,457,1,1
1378,IT_ACT,20,1,2
1379,IT_ACT,66C,1,1
1379,IPC,302,1,2
1380,IT_ACT,66D,1,1
1380,IT_ACT,66C,1,2
1380,POCSO,457,1,3
1381,NDPS,302,1,1
1381,NDPS,20,1,2
1381,IPC,457,1,3
1382,POCSO,392,1,1
1383,POCSO,457,1,1
1384,IPC,379,1,1
1384,POCSO,379,1,2
1384,IPC,20,1,3
1385,POCSO,20,1,1
1385,IT_ACT,66D,1,2
1385,POCSO,66D,1,3
1386,POCSO,379,1,1
1387,IT_ACT,66D,1,1
1388,NDPS,66C,1,1
1388,POCSO,20,1,2
1388,NDPS,66D,1,3
1389,IT_ACT,379,1,1
1389,NDPS,457,1,2
1389,NDPS,379,1,3
1390,IPC,302,1,1
1390,NDPS,302,1,2
1391,NDPS,20,1,1
1391,NDPS,379,1,2
1392,POCSO,302,1,1
1392,POCSO,66C,1,2
1392,POCSO,66D,1,3
1393,POCSO,392,1,1
1393,IPC,66D,1,2
1394,NDPS,302,1,1
1394,IPC,379,1,2
1394,NDPS,457,1,3
1395,NDPS,302,1,1
1395,IPC,392,1,2
1396,NDPS,66D,1,1
1397,IT_ACT,379,1,1
1397,IT_ACT,392,1,2
1398,IPC,20,1,1
1399,IT_ACT,66C,1,1
1399,POCSO,379,1,2
1400,NDPS,20,1,1
1400,IPC,457,1,2
1400,IPC,20,1,3
1401,IPC,66D,1,1
1401,IT_ACT,392,1,2
1401,IT_ACT,379,1,3
1402,NDPS,392,1,1
1402,IT_ACT,20,1,2
1402,IPC,66C,1,3
1403,IT_ACT,66D,1,1
1403,IPC,66C,1,2
1404,POCSO,66C,1,1
1405,IPC,457,1,1
1406,IPC,379,1,1
1406,POCSO,20,1,2
1407,NDPS,66D,1,1
1407,POCSO,302,1,2
1408,NDPS,302,1,1
1409,IT_ACT,379,1,1
1409,NDPS,392,1,2
1409,POCSO,392,1,3
1410,IPC,392,1,1
1411,NDPS,20,1,1
1412,IPC,66C,1,1
1412,POCSO,457,1,2
1413,POCSO,66C,1,1
1414,IPC,457,1,1
1414,NDPS,66C,1,2
1415,POCSO,457,1,1
1415,POCSO,379,1,2
1415,NDPS,66C,1,3
1416,POCSO,66D,1,1
1417,POCSO,392,1,1
1417,NDPS,392,1,2
1418,POCSO,302,1,1
1418,IPC,66D,1,2
1419,POCSO,392,1,1
1420,POCSO,20,1,1
1421,POCSO,392,1,1
1422,POCSO,457,1,1
1422,POCSO,457,1,2
1423,POCSO,457,1,1
1424,IT_ACT,20,1,1
1424,IPC,20,1,2
1425,NDPS,302,1,1
1426,IPC,379,1,1
1426,POCSO,66D,1,2
1426,NDPS,302,1,3
1427,POCSO,66D,1,1
1428,POCSO,20,1,1
1428,NDPS,66C,1,2
1429,IT_ACT,392,1,1
1429,IPC,392,1,2
1429,NDPS,457,1,3
1430,IPC,20,1,1
1431,NDPS,457,1,1
1432,POCSO,66D,1,1
1432,IT_ACT,379,1,2
1433,NDPS,302,1,1
1433,NDPS,457,1,2
1433,IPC,20,1,3
1434,NDPS,379,1,1
1435,IT_ACT,457,1,1
1435,IPC,66D,1,2
1436,IT_ACT,66D,1,1
1436,NDPS,66C,1,2
1436,NDPS,20,1,3
1437,IT_ACT,392,1,1
1437,IT_ACT,66D,1,2
1438,IPC,20,1,1
1438,IPC,392,1,2
1439,IPC,20,1,1
1440,NDPS,392,1,1
1440,NDPS,392,1,2
1440,IT_ACT,457,1,3
1441,IPC,302,1,1
1442,NDPS,379,1,1
1443,IT_ACT,379,1,1
1444,IPC,66D,1,1
1444,POCSO,66D,1,2
1444,NDPS,379,1,3
1445,POCSO,20,1,1
1445,IT_ACT,20,1,2
1446,IPC,20,1,1
1446,POCSO,66C,1,2
1447,POCSO,457,1,1
1447,POCSO,20,1,2
1448,POCSO,66C,1,1
1449,NDPS,66C,1,1
1450,NDPS,379,1,1
1451,NDPS,66D,1,1
1451,IPC,302,1,2
1452,IPC,457,1,1
1452,NDPS,392,1,2
1453,IT_ACT,66C,1,1
1454,NDPS,457,1,1
1454,NDPS,20,1,2
1455,IPC,379,1,1
1455,IPC,20,1,2
1456,NDPS,457,1,1
1456,IPC,379,1,2
1457,POCSO,20,1,1
1458,IT_ACT,66C,1,1
1458,POCSO,302,1,2
1458,IPC,379,1,3
1459,NDPS,20,1,1
1459,NDPS,457,1,2
1460,IT_ACT,66C,1,1
1460,IPC,457,1,2
1461,POCSO,379,1,1
1462,POCSO,20,1,1
1462,POCSO,392,1,2
1463,NDPS,66C,1,1
1463,IT_ACT,66C,1,2
1463,POCSO,66D,1,3
1464,IT_ACT,66C,1,1
1464,IPC,302,1,2
1465,POCSO,66C,1,1
1465,POCSO,66D,1,2
1465,NDPS,457,1,3
1466,IT_ACT,20,1,1
1466,NDPS,66C,1,2
1467,IPC,66C,1,1
1467,NDPS,66C,1,2
1467,POCSO,66C,1,3
1468,IT_ACT,379,1,1
1469,IPC,66C,1,1
1469,NDPS,302,1,2
1470,POCSO,379,1,1
1470,IT_ACT,66C,1,2
1470,NDPS,379,1,3
1471,NDPS,66D,1,1
1471,IT_ACT,392,1,2
1472,NDPS,379,1,1
1472,POCSO,66D,1,2
1472,IT_ACT,457,1,3
1473,IT_ACT,20,1,1
1473,IPC,66C,1,2
1473,POCSO,457,1,3
1474,POCSO,66C,1,1
1474,POCSO,66D,1,2
1475,NDPS,457,1,1
1475,IT_ACT,457,1,2
1475,IT_ACT,457,1,3
1476,NDPS,392,1,1
1476,IPC,66C,1,2
1477,NDPS,66D,1,1
1477,IPC,379,1,2
1477,POCSO,457,1,3
1478,IPC,392,1,1
1479,IT_ACT,20,1,1
1480,IPC,66C,1,1
1480,POCSO,457,1,2
1480,POCSO,20,1,3
1481,NDPS,392,1,1
1481,IPC,20,1,2
1482,POCSO,302,1,1
1482,IT_ACT,20,1,2
1482,IT_ACT,20,1,3
1483,NDPS,66D,1,1
1483,IT_ACT,457,1,2
1484,IT_ACT,457,1,1
1485,IT_ACT,20,1,1
1486,IT_ACT,379,1,1
1486,NDPS,302,1,2
1486,POCSO,66D,1,3
1487,IT_ACT,66D,1,1
1487,IPC,457,1,2
1488,IT_ACT,302,1,1
1488,POCSO,302,1,2
1488,IPC,392,1,3
1489,IT_ACT,66D,1,1
1489,NDPS,66D,1,2
1489,NDPS,457,1,3
1490,NDPS,66C,1,1
1490,POCSO,379,1,2
1490,IPC,379,1,3
1491,IPC,66D,1,1
1491,POCSO,379,1,2
1491,NDPS,392,1,3
1492,POCSO,302,1,1
1493,NDPS,379,1,1
1494,IT_ACT,302,1,1
1495,IT_ACT,20,1,1
1496,IT_ACT,66D,1,1
1496,NDPS,66D,1,2
1497,IPC,392,1,1
1497,IT_ACT,20,1,2
1498,IPC,66C,1,1
1499,NDPS,392,1,1
1500,IT_ACT,302,1,1
1500,IPC,20,1,2
1500,NDPS,392,1,3
1501,POCSO,20,1,1
1501,POCSO,392,1,2
1501,IPC,457,1,3
1502,NDPS,392,1,1
1502,POCSO,392,1,2
1502,IT_ACT,302,1,3
1503,IPC,392,1,1
1504,IPC,66C,1,1
1505,IT_ACT,66D,1,1
1505,NDPS,302,1,2
1505,NDPS,302,1,3
1506,IPC,20,1,1
1506,NDPS,302,1,2
1507,IPC,20,1,1
1508,NDPS,66C,1,1
1508,NDPS,302,1,2
1509,NDPS,457,1,1
1509,IT_ACT,66D,1,2
1509,IPC,20,1,3
1510,POCSO,379,1,1
1511,IPC,457,1,1
1511,POCSO,66D,1,2
1512,NDPS,66D,1,1
1512,IT_ACT,302,1,2
1513,POCSO,392,1,1
1513,POCSO,302,1,2
1513,POCSO,66C,1,3
1514,NDPS,302,1,1
1515,POCSO,457,1,1
1516,NDPS,379,1,1
1516,IPC,66C,1,2
1517,POCSO,302,1,1
1518,IPC,20,1,1
1518,POCSO,20,1,2
1518,IPC,379,1,3
1519,IT_ACT,20,1,1
1519,POCSO,66D,1,2
1519,IPC,379,1,3
1520,IPC,379,1,1
1520,POCSO,20,1,2
1520,IPC,20,1,3
1521,IT_ACT,66C,1,1
1522,NDPS,66C,1,1
1522,IT_ACT,379,1,2
1523,IPC,66C,1,1
1523,IT_ACT,66D,1,2
1523,IT_ACT,66C,1,3
1524,IPC,66C,1,1
1524,POCSO,66D,1,2
1524,NDPS,66C,1,3
1525,POCSO,392,1,1
1525,POCSO,66D,1,2
1526,IT_ACT,392,1,1
1526,IPC,379,1,2
1526,IPC,20,1,3
1527,NDPS,66D,1,1
1528,IPC,66C,1,1
1528,IT_ACT,302,1,2
1529,POCSO,66D,1,1
1530,POCSO,379,1,1
1530,POCSO,20,1,2
1530,NDPS,302,1,3
1531,IPC,457,1,1
1532,IPC,66C,1,1
1532,IT_ACT,379,1,2
1533,POCSO,392,1,1
1534,IPC,66D,1,1
1534,IT_ACT,302,1,2
1534,IT_ACT,302,1,3
1535,IPC,66D,1,1
1535,IT_ACT,20,1,2
1536,IPC,457,1,1
1536,POCSO,66D,1,2
1536,NDPS,20,1,3
1537,IT_ACT,392,1,1
1537,IPC,66D,1,2
1537,IPC,392,1,3
1538,IPC,379,1,1
1539,NDPS,379,1,1
1540,IT_ACT,379,1,1
1540,POCSO,457,1,2
1540,IT_ACT,66C,1,3
1541,IT_ACT,302,1,1
1542,POCSO,457,1,1
1542,IPC,302,1,2
1542,IT_ACT,392,1,3
1543,IPC,379,1,1
1543,POCSO,66D,1,2
1543,NDPS,66D,1,3
1544,POCSO,20,1,1
1544,POCSO,66D,1,2
1544,POCSO,66C,1,3
1545,IT_ACT,457,1,1
1545,IT_ACT,66D,1,2
1546,NDPS,379,1,1
1546,IPC,302,1,2
1547,IT_ACT,457,1,1
1548,IPC,392,1,1
1548,IT_ACT,20,1,2
1548,IPC,20,1,3
1549,IPC,379,1,1
1550,IPC,379,1,1
1550,POCSO,66C,1,2
1550,IPC,392,1,3
1551,IT_ACT,66D,1,1
1552,NDPS,66C,1,1
1552,IT_ACT,392,1,2
1552,NDPS,379,1,3
1553,IPC,66D,1,1
1554,NDPS,66C,1,1
1554,IPC,20,1,2
1555,IPC,457,1,1
1555,IPC,66D,1,2
1555,IPC,379,1,3
1556,IT_ACT,379,1,1
1557,POCSO,457,1,1
1557,IT_ACT,20,1,2
1558,IT_ACT,66D,1,1
1558,IT_ACT,379,1,2
1559,IPC,20,1,1
1560,IPC,20,1,1
1560,POCSO,66C,1,2
1561,IPC,302,1,1
1561,IT_ACT,302,1,2
1562,IT_ACT,20,1,1
1563,POCSO,457,1,1
1563,IPC,302,1,2
1564,IT_ACT,66D,1,1
1565,IT_ACT,66D,1,1
1566,NDPS,302,1,1
1566,IT_ACT,66D,1,2
1566,IPC,66D,1,3
1567,NDPS,66C,1,1
1568,NDPS,66C,1,1
1569,IT_ACT,457,1,1
1569,POCSO,302,1,2
1570,IPC,66D,1,1
1570,IT_ACT,457,1,2
1570,IPC,66D,1,3
1571,IT_ACT,66C,1,1
1571,POCSO,392,1,2
1571,IPC,457,1,3
1572,IPC,392,1,1
1572,IPC,302,1,2
1572,NDPS,66C,1,3
1573,IPC,66D,1,1
1573,IPC,457,1,2
1573,NDPS,66D,1,3
1574,NDPS,379,1,1
1574,POCSO,20,1,2
1574,NDPS,379,1,3
1575,IT_ACT,66C,1,1
1576,NDPS,66D,1,1
1576,IT_ACT,66D,1,2
1576,IT_ACT,20,1,3
1577,NDPS,66D,1,1
1578,IPC,392,1,1
1578,IPC,302,1,2
1578,NDPS,66C,1,3
1579,NDPS,457,1,1
1580,IPC,392,1,1
1580,IPC,20,1,2
1581,POCSO,20,1,1
1581,IPC,20,1,2
1581,IPC,457,1,3
1582,POCSO,66D,1,1
1583,IPC,20,1,1
1583,IPC,457,1,2
1583,POCSO,302,1,3
1584,IPC,457,1,1
1584,POCSO,392,1,2
1584,NDPS,302,1,3
1585,NDPS,457,1,1
1585,NDPS,66C,1,2
1586,IT_ACT,392,1,1
1586,IPC,302,1,2
1587,NDPS,302,1,1
1587,POCSO,302,1,2
1588,NDPS,66D,1,1
1589,POCSO,66D,1,1
1590,IT_ACT,66C,1,1
1591,NDPS,20,1,1
1591,NDPS,457,1,2
1591,IT_ACT,392,1,3
1592,IPC,392,1,1
1593,IPC,20,1,1
1593,NDPS,457,1,2
1593,NDPS,66D,1,3
1594,IT_ACT,66C,1,1
1594,IPC,302,1,2
1594,NDPS,457,1,3
1595,POCSO,379,1,1
1596,IPC,392,1,1
1596,NDPS,302,1,2
1597,NDPS,66D,1,1
1598,NDPS,66C,1,1
1598,NDPS,379,1,2
1598,IT_ACT,66D,1,3
1599,POCSO,20,1,1
1599,IPC,66D,1,2
1599,POCSO,302,1,3
1600,POCSO,379,1,1
1600,POCSO,457,1,2
1600,IT_ACT,379,1,3
1601,POCSO,379,1,1
1601,POCSO,66D,1,2
1602,IPC,392,1,1
1602,NDPS,20,1,2
1602,NDPS,379,1,3
1603,NDPS,392,1,1
1603,IPC,66D,1,2
1604,POCSO,379,1,1
1605,POCSO,379,1,1
1606,IT_ACT,392,1,1
1606,POCSO,20,1,2
1606,NDPS,66C,1,3
1607,POCSO,379,1,1
1608,IT_ACT,302,1,1
1608,IT_ACT,20,1,2
1609,POCSO,66D,1,1
1610,POCSO,379,1,1
1610,IT_ACT,457,1,2
1610,POCSO,66C,1,3
1611,IT_ACT,457,1,1
1611,IPC,457,1,2
1612,IPC,457,1,1
1613,IPC,457,1,1
1613,IT_ACT,457,1,2
1614,IPC,392,1,1
1614,IPC,457,1,2
1615,NDPS,457,1,1
1615,IPC,66D,1,2
1616,POCSO,20,1,1
1616,IPC,66C,1,2
1617,POCSO,302,1,1
1618,IPC,66C,1,1
1618,NDPS,20,1,2
1618,POCSO,66C,1,3
1619,IPC,302,1,1
1620,IT_ACT,66D,1,1
1620,POCSO,66C,1,2
1621,IT_ACT,66C,1,1
1622,POCSO,66D,1,1
1623,IPC,66D,1,1
1623,NDPS,457,1,2
1624,IT_ACT,66D,1,1
1624,NDPS,392,1,2
1625,POCSO,66C,1,1
1625,IT_ACT,66C,1,2
1625,IPC,20,1,3
1626,IT_ACT,392,1,1
1626,NDPS,379,1,2
1627,IT_ACT,392,1,1
1627,IT_ACT,457,1,2
1628,IT_ACT,457,1,1
1628,IPC,302,1,2
1628,IPC,457,1,3
1629,POCSO,302,1,1
1629,POCSO,66D,1,2
1630,POCSO,457,1,1
1630,POCSO,66D,1,2
1630,IT_ACT,392,1,3
1631,POCSO,66D,1,1
1632,NDPS,20,1,1
1633,IPC,392,1,1
1634,NDPS,302,1,1
1634,IT_ACT,66C,1,2
1635,POCSO,302,1,1
1636,NDPS,379,1,1
1636,NDPS,392,1,2
1637,IPC,66C,1,1
1637,IT_ACT,20,1,2
1638,POCSO,20,1,1
1638,POCSO,392,1,2
1638,IPC,392,1,3
1639,NDPS,20,1,1
1639,IT_ACT,66D,1,2
1639,IPC,392,1,3
1640,IT_ACT,66C,1,1
1640,POCSO,392,1,2
1640,POCSO,457,1,3
1641,IPC,66C,1,1
1642,IT_ACT,66D,1,1
1642,IPC,392,1,2
1643,POCSO,392,1,1
1643,NDPS,379,1,2
1644,NDPS,379,1,1
1644,NDPS,379,1,2
1644,POCSO,457,1,3
1645,IT_ACT,66D,1,1
1645,POCSO,66C,1,2
1645,NDPS,379,1,3
1646,IPC,66D,1,1
1647,IPC,66C,1,1
1647,IT_ACT,392,1,2
1647,IT_ACT,302,1,3
1648,POCSO,302,1,1
1649,POCSO,457,1,1
1649,IT_ACT,457,1,2
1649,NDPS,379,1,3
1650,IT_ACT,379,1,1
1650,NDPS,379,1,2
1651,IPC,66C,1,1
1652,NDPS,379,1,1
1652,IT_ACT,302,1,2
1653,POCSO,20,1,1
1654,POCSO,20,1,1
1654,IPC,66C,1,2
1654,IPC,392,1,3
1655,IT_ACT,66C,1,1
1655,IPC,379,1,2
1655,POCSO,302,1,3
1656,IT_ACT,66C,1,1
1656,IPC,66C,1,2
1656,NDPS,392,1,3
1657,POCSO,457,1,1
1657,NDPS,379,1,2
1658,POCSO,66C,1,1
1658,NDPS,66D,1,2
1658,NDPS,457,1,3
1659,IT_ACT,20,1,1
1660,POCSO,20,1,1
1661,NDPS,66D,1,1
1662,NDPS,457,1,1
1662,IT_ACT,20,1,2
1663,IT_ACT,457,1,1
1664,POCSO,302,1,1
1664,IPC,66C,1,2
1664,POCSO,20,1,3
1665,IPC,379,1,1
1665,IT_ACT,379,1,2
1665,IT_ACT,66C,1,3
1666,NDPS,302,1,1
1666,NDPS,66D,1,2
1667,IT_ACT,379,1,1
1667,IT_ACT,392,1,2
1668,IPC,66D,1,1
1668,IT_ACT,392,1,2
1668,POCSO,302,1,3
1669,POCSO,379,1,1
1669,NDPS,379,1,2
1670,NDPS,66D,1,1
1670,POCSO,66D,1,2
1671,POCSO,379,1,1
1672,NDPS,20,1,1
1673,NDPS,66C,1,1
1673,NDPS,379,1,2
1674,IT_ACT,457,1,1
1674,IPC,66D,1,2
1674,IPC,379,1,3
1675,POCSO,457,1,1
1676,NDPS,66D,1,1
1677,NDPS,66D,1,1
1677,IT_ACT,392,1,2
1678,NDPS,457,1,1
1679,NDPS,457,1,1
1680,IPC,66C,1,1
1681,IT_ACT,379,1,1
1681,IPC,302,1,2
1682,POCSO,379,1,1
1682,NDPS,379,1,2
1683,NDPS,392,1,1
1683,IPC,379,1,2
1684,POCSO,20,1,1
1685,IT_ACT,66C,1,1
1686,IPC,392,1,1
1686,IPC,66D,1,2
1687,POCSO,66C,1,1
1687,IT_ACT,457,1,2
1687,IPC,457,1,3
1688,POCSO,457,1,1
1688,NDPS,20,1,2
1689,IPC,379,1,1
1689,IPC,302,1,2
1689,POCSO,66D,1,3
1690,NDPS,66D,1,1
1690,NDPS,66C,1,2
1691,IPC,302,1,1
1692,POCSO,379,1,1
1693,NDPS,20,1,1
1694,IT_ACT,379,1,1
1695,NDPS,20,1,1
1695,IPC,302,1,2
1696,IPC,66D,1,1
1697,IPC,392,1,1
1697,IT_ACT,20,1,2
1697,NDPS,66D,1,3
1698,POCSO,20,1,1
1699,POCSO,66C,1,1
1699,POCSO,302,1,2
1699,IT_ACT,20,1,3
1700,IPC,66C,1,1
1701,NDPS,20,1,1
1701,NDPS,379,1,2
1701,POCSO,66C,1,3
1702,IT_ACT,20,1,1
1702,NDPS,66C,1,2
1702,IPC,379,1,3
1703,IT_ACT,457,1,1
1704,IPC,379,1,1
1705,POCSO,20,1,1
1705,POCSO,302,1,2
1706,POCSO,302,1,1
1706,POCSO,457,1,2
1706,IPC,302,1,3
1707,POCSO,379,1,1
1707,NDPS,302,1,2
1707,POCSO,457,1,3
1708,POCSO,379,1,1
1708,POCSO,66D,1,2
1708,IPC,66D,1,3
1709,IT_ACT,457,1,1
1709,NDPS,457,1,2
1710,IPC,66D,1,1
1710,NDPS,379,1,2
1710,IT_ACT,457,1,3
1711,IT_ACT,66C,1,1
1712,POCSO,302,1,1
1713,NDPS,392,1,1
1713,NDPS,302,1,2
1714,NDPS,457,1,1
1714,NDPS,457,1,2
1714,IT_ACT,392,1,3
1715,NDPS,302,1,1
1715,POCSO,302,1,2
1715,POCSO,379,1,3
1716,NDPS,66D,1,1
1716,IT_ACT,302,1,2
1716,IPC,302,1,3
1717,POCSO,66C,1,1
1717,POCSO,66D,1,2
1717,IPC,302,1,3
1718,NDPS,457,1,1
1718,NDPS,379,1,2
1718,IPC,392,1,3
1719,NDPS,66C,1,1
1719,POCSO,302,1,2
1719,POCSO,66D,1,3
1720,POCSO,66D,1,1
1721,IPC,302,1,1
1721,IT_ACT,392,1,2
1722,IPC,66D,1,1
1723,IT_ACT,66D,1,1
1724,IT_ACT,66D,1,1
1724,IT_ACT,392,1,2
1724,NDPS,392,1,3
1725,IPC,392,1,1
1725,IT_ACT,379,1,2
1725,IT_ACT,457,1,3
1726,IPC,457,1,1
1726,POCSO,457,1,2
1726,NDPS,66C,1,3
1727,IT_ACT,379,1,1
1727,POCSO,302,1,2
1727,IPC,379,1,3
1728,POCSO,457,1,1
1729,IPC,379,1,1
1729,POCSO,302,1,2
1729,IPC,392,1,3
1730,POCSO,20,1,1
1730,NDPS,66D,1,2
1731,POCSO,66D,1,1
1731,IT_ACT,66C,1,2
1731,NDPS,457,1,3
1732,NDPS,20,1,1
1732,IPC,66C,1,2
1733,IT_ACT,66D,1,1
1733,IT_ACT,379,1,2
1734,NDPS,302,1,1
1734,POCSO,20,1,2
1735,IT_ACT,302,1,1
1735,POCSO,457,1,2
1735,IT_ACT,20,1,3
1736,IT_ACT,302,1,1
1736,POCSO,392,1,2
1736,IPC,379,1,3
1737,POCSO,457,1,1
1738,NDPS,392,1,1
1739,POCSO,302,1,1
1740,IPC,66D,1,1
1740,IT_ACT,20,1,2
1740,NDPS,20,1,3
1741,POCSO,457,1,1
1742,IPC,379,1,1
1742,IT_ACT,66D,1,2
1742,IPC,457,1,3
1743,POCSO,66C,1,1
1743,IPC,66D,1,2
1744,NDPS,66C,1,1
1744,IT_ACT,392,1,2
1744,IT_ACT,20,1,3
1745,POCSO,302,1,1
1745,POCSO,392,1,2
1746,IPC,379,1,1
1747,IT_ACT,66C,1,1
1748,NDPS,379,1,1
1749,POCSO,66C,1,1
1749,IT_ACT,302,1,2
1749,NDPS,66C,1,3
1750,NDPS,20,1,1
1750,NDPS,20,1,2
1751,IPC,392,1,1
1751,NDPS,302,1,2
1752,IPC,457,1,1
1752,IPC,392,1,2
1753,POCSO,302,1,1
1753,IPC,20,1,2
1753,POCSO,66C,1,3
1754,IT_ACT,379,1,1
1754,POCSO,302,1,2
1754,NDPS,302,1,3
1755,POCSO,66D,1,1
1755,NDPS,457,1,2
1756,NDPS,457,1,1
1756,POCSO,379,1,2
1756,IPC,379,1,3
1757,IT_ACT,302,1,1
1757,IT_ACT,66C,1,2
1757,NDPS,392,1,3
1758,NDPS,392,1,1
1758,POCSO,457,1,2
1759,POCSO,392,1,1
1759,IPC,457,1,2
1760,NDPS,457,1,1
1760,IT_ACT,302,1,2
1760,POCSO,20,1,3
1761,NDPS,66C,1,1
1762,IT_ACT,66C,1,1
1763,IT_ACT,302,1,1
1763,IT_ACT,20,1,2
1764,POCSO,392,1,1
1764,NDPS,66C,1,2
1765,NDPS,392,1,1
1765,NDPS,379,1,2
1766,IT_ACT,66D,1,1
1767,NDPS,457,1,1
1768,POCSO,392,1,1
1768,POCSO,20,1,2
1769,POCSO,66C,1,1
1770,NDPS,302,1,1
1771,NDPS,66C,1,1
1771,POCSO,302,1,2
1771,NDPS,457,1,3
1772,POCSO,66C,1,1
1772,POCSO,66C,1,2
1773,IT_ACT,457,1,1
1773,IT_ACT,392,1,2
1774,IPC,457,1,1
1774,IPC,379,1,2
1775,NDPS,457,1,1
1775,IT_ACT,302,1,2
1775,POCSO,379,1,3
1776,POCSO,20,1,1
1776,IT_ACT,392,1,2
1777,NDPS,302,1,1
1777,POCSO,379,1,2
1777,IT_ACT,66C,1,3
1778,IPC,66D,1,1
1778,POCSO,379,1,2
1778,POCSO,457,1,3
1779,IT_ACT,66C,1,1
1780,IPC,20,1,1
1781,IPC,20,1,1
1781,POCSO,66D,1,2
1781,POCSO,302,1,3
1782,IT_ACT,379,1,1
1782,POCSO,392,1,2
1783,IPC,20,1,1
1783,IT_ACT,20,1,2
1784,IT_ACT,66C,1,1
1784,IT_ACT,66D,1,2
1785,NDPS,379,1,1
1785,IPC,457,1,2
1786,IT_ACT,392,1,1
1787,IT_ACT,457,1,1
1787,POCSO,302,1,2
1788,IT_ACT,392,1,1
1788,NDPS,66C,1,2
1789,IT_ACT,457,1,1
1790,IPC,302,1,1
1790,POCSO,379,1,2
1790,IT_ACT,66D,1,3
1791,NDPS,379,1,1
1791,IT_ACT,302,1,2
1791,POCSO,20,1,3
1792,IT_ACT,392,1,1
1792,NDPS,302,1,2
1793,NDPS,20,1,1
1793,IT_ACT,457,1,2
1794,IPC,302,1,1
1794,IT_ACT,20,1,2
1794,IT_ACT,66D,1,3
1795,IT_ACT,392,1,1
1796,POCSO,66D,1,1
1796,POCSO,302,1,2
1797,IPC,379,1,1
1797,IT_ACT,302,1,2
1797,IPC,66D,1,3
1798,IT_ACT,392,1,1
1799,IT_ACT,379,1,1
1799,IT_ACT,66C,1,2
1799,IT_ACT,379,1,3
1800,IT_ACT,66D,1,1
1801,IT_ACT,66C,1,1
1801,IPC,379,1,2
1801,IPC,457,1,3
1802,POCSO,20,1,1
1803,POCSO,379,1,1
1804,IPC,302,1,1
1805,NDPS,20,1,1
1805,IPC,66C,1,2
1806,IT_ACT,20,1,1
1806,POCSO,66C,1,2
1807,NDPS,66C,1,1
1807,POCSO,457,1,2
1808,NDPS,66C,1,1
1808,NDPS,20,1,2
1809,POCSO,392,1,1
1810,POCSO,20,1,1
1811,IT_ACT,66C,1,1
1811,NDPS,66C,1,2
1812,IT_ACT,66D,1,1
1812,NDPS,302,1,2
1812,IPC,66C,1,3
1813,IT_ACT,66D,1,1
1813,POCSO,20,1,2
1814,IT_ACT,379,1,1
1815,IPC,302,1,1
1816,IT_ACT,66C,1,1
1817,POCSO,20,1,1
1817,IPC,66D,1,2
1818,IPC,20,1,1
1819,POCSO,392,1,1
1819,IT_ACT,66C,1,2
1819,IPC,66D,1,3
1820,IT_ACT,20,1,1
1820,IPC,66C,1,2
1820,IT_ACT,302,1,3
1821,POCSO,302,1,1
1821,NDPS,66C,1,2
1822,POCSO,66C,1,1
1822,NDPS,20,1,2
1823,IT_ACT,66D,1,1
1823,IPC,302,1,2
1824,POCSO,302,1,1
1825,IT_ACT,379,1,1
1826,IPC,66D,1,1
1826,POCSO,457,1,2
1827,POCSO,379,1,1
1827,NDPS,457,1,2
1828,IT_ACT,66D,1,1
1829,IT_ACT,457,1,1
1829,IPC,20,1,2
1829,IPC,20,1,3
1830,IPC,302,1,1
1831,POCSO,302,1,1
1831,NDPS,20,1,2
1832,POCSO,20,1,1
1833,NDPS,457,1,1
1834,IT_ACT,66C,1,1
1835,IPC,66C,1,1
1836,POCSO,392,1,1
1837,NDPS,379,1,1
1837,IPC,20,1,2
1837,POCSO,66D,1,3
1838,IT_ACT,392,1,1
1839,NDPS,66D,1,1
1840,IT_ACT,457,1,1
1840,POCSO,20,1,2
1841,IT_ACT,20,1,1
1841,IPC,392,1,2
1842,IPC,379,1,1
1842,NDPS,392,1,2
1843,IT_ACT,457,1,1
1843,NDPS,379,1,2
1844,IPC,66D,1,1
1844,IPC,302,1,2
1844,IT_ACT,66C,1,3
1845,IPC,20,1,1
1845,IPC,66C,1,2
1845,POCSO,457,1,3
1846,IPC,457,1,1
1846,IT_ACT,66C,1,2
1846,IPC,66D,1,3
1847,POCSO,457,1,1
1848,IPC,66D,1,1
1849,IT_ACT,392,1,1
1849,IPC,392,1,2
1849,NDPS,457,1,3
1850,IT_ACT,302,1,1
1850,IPC,66C,1,2
1850,POCSO,20,1,3
1851,IPC,66D,1,1
1851,NDPS,379,1,2
1852,IT_ACT,379,1,1
1853,POCSO,20,1,1
1853,NDPS,392,1,2
1853,POCSO,20,1,3
1854,POCSO,457,1,1
1854,IPC,392,1,2
1854,IPC,457,1,3
1855,POCSO,392,1,1
1855,POCSO,457,1,2
1856,IT_ACT,302,1,1
1856,POCSO,66D,1,2
1856,IPC,392,1,3
1857,IT_ACT,379,1,1
1858,NDPS,392,1,1
1859,NDPS,66C,1,1
1859,NDPS,457,1,2
1859,IT_ACT,392,1,3
1860,POCSO,66D,1,1
1860,POCSO,379,1,2
1860,IPC,20,1,3
1861,NDPS,66D,1,1
1862,NDPS,20,1,1
1862,NDPS,20,1,2
1863,IPC,66C,1,1
1864,NDPS,66C,1,1
1864,IPC,457,1,2
1865,IPC,457,1,1
1865,NDPS,20,1,2
1866,POCSO,392,1,1
1866,IPC,302,1,2
1867,NDPS,302,1,1
1867,IPC,66D,1,2
1868,IPC,457,1,1
1869,NDPS,66D,1,1
1870,IT_ACT,379,1,1
1870,NDPS,302,1,2
1870,IT_ACT,392,1,3
1871,IT_ACT,66D,1,1
1871,IPC,302,1,2
1872,NDPS,457,1,1
1873,POCSO,302,1,1
1873,NDPS,66C,1,2
1873,IPC,66D,1,3
1874,IPC,66C,1,1
1875,POCSO,457,1,1
1875,IPC,20,1,2
1875,NDPS,302,1,3
1876,IPC,457,1,1
1876,POCSO,457,1,2
1877,IT_ACT,20,1,1
1878,NDPS,20,1,1
1879,NDPS,302,1,1
1879,POCSO,66C,1,2
1879,IT_ACT,379,1,3
1880,IPC,392,1,1
1881,IPC,66C,1,1
1881,IPC,457,1,2
1882,NDPS,66D,1,1
1883,POCSO,379,1,1
1883,NDPS,392,1,2
1884,IPC,457,1,1
1884,IPC,457,1,2
1884,NDPS,66D,1,3
1885,POCSO,392,1,1
1885,IPC,20,1,2
1886,NDPS,392,1,1
1886,NDPS,457,1,2
1887,NDPS,457,1,1
1888,NDPS,66D,1,1
1888,IT_ACT,379,1,2
1888,POCSO,20,1,3
1889,IPC,392,1,1
1889,POCSO,66C,1,2
1890,IPC,302,1,1
1890,IT_ACT,66D,1,2
1891,IPC,20,1,1
1891,IT_ACT,66D,1,2
1892,IPC,66D,1,1
1892,IT_ACT,392,1,2
1893,NDPS,302,1,1
1894,IT_ACT,392,1,1
1894,IT_ACT,457,1,2
1895,IPC,66C,1,1
1895,IPC,379,1,2
1895,IPC,20,1,3
1896,NDPS,66C,1,1
1896,IT_ACT,392,1,2
1897,POCSO,302,1,1
1897,NDPS,379,1,2
1897,IPC,457,1,3
1898,IT_ACT,392,1,1
1898,IPC,457,1,2
1899,NDPS,302,1,1
1900,IPC,20,1,1
1900,POCSO,66D,1,2
1900,NDPS,302,1,3
1901,IT_ACT,392,1,1
1902,IT_ACT,302,1,1
1902,POCSO,66D,1,2
1903,NDPS,457,1,1
1903,IT_ACT,20,1,2
1903,IT_ACT,66C,1,3
1904,IT_ACT,379,1,1
1904,POCSO,457,1,2
1905,IPC,379,1,1
1905,POCSO,66D,1,2
1906,POCSO,302,1,1
1906,IPC,379,1,2
1907,POCSO,457,1,1
1907,POCSO,66C,1,2
1908,NDPS,457,1,1
1909,POCSO,66C,1,1
1910,NDPS,20,1,1
1910,IPC,66D,1,2
1911,IPC,66C,1,1
1911,NDPS,66C,1,2
1912,NDPS,302,1,1
1913,IT_ACT,302,1,1
1914,IT_ACT,66D,1,1
1914,NDPS,20,1,2
1915,NDPS,20,1,1
1915,POCSO,20,1,2
1915,POCSO,66D,1,3
1916,POCSO,20,1,1
1916,POCSO,379,1,2
1916,IPC,302,1,3
1917,NDPS,66C,1,1
1918,IT_ACT,379,1,1
1918,NDPS,302,1,2
1918,POCSO,66D,1,3
1919,IPC,302,1,1
1919,NDPS,457,1,2
1919,IT_ACT,20,1,3
1920,IT_ACT,379,1,1
1921,IT_ACT,379,1,1
1921,POCSO,302,1,2
1921,IPC,66C,1,3
1922,POCSO,20,1,1
1923,IPC,302,1,1
1924,IT_ACT,302,1,1
1924,IT_ACT,302,1,2
1924,IT_ACT,457,1,3
1925,IT_ACT,379,1,1
1925,NDPS,379,1,2
1926,IPC,392,1,1
1926,IPC,20,1,2
1927,IPC,20,1,1
1927,IT_ACT,302,1,2
1927,POCSO,66C,1,3
1928,IPC,66D,1,1
1929,NDPS,457,1,1
1929,IT_ACT,379,1,2
1930,NDPS,392,1,1
1930,IT_ACT,457,1,2
1931,POCSO,66C,1,1
1932,IT_ACT,20,1,1
1932,IT_ACT,379,1,2
1932,IPC,457,1,3
1933,POCSO,66C,1,1
1933,NDPS,302,1,2
1934,POCSO,66C,1,1
1935,NDPS,457,1,1
1935,NDPS,392,1,2
1935,IT_ACT,302,1,3
1936,NDPS,66C,1,1
1936,IPC,379,1,2
1936,IT_ACT,379,1,3
1937,NDPS,66C,1,1
1937,POCSO,379,1,2
1938,POCSO,457,1,1
1938,IPC,302,1,2
1939,NDPS,302,1,1
1939,IT_ACT,379,1,2
1939,POCSO,20,1,3
1940,IT_ACT,66C,1,1
1941,POCSO,379,1,1
1942,IPC,302,1,1
1942,IT_ACT,66D,1,2
1942,NDPS,392,1,3
1943,IPC,20,1,1
1943,POCSO,20,1,2
1943,POCSO,379,1,3
1944,IT_ACT,302,1,1
1944,POCSO,379,1,2
1944,IPC,302,1,3
1945,NDPS,302,1,1
1945,IPC,302,1,2
1945,IT_ACT,392,1,3
1946,POCSO,379,1,1
1947,POCSO,392,1,1
1947,IT_ACT,66C,1,2
1947,IT_ACT,66C,1,3
1948,NDPS,379,1,1
1948,IT_ACT,379,1,2
1948,POCSO,66C,1,3
1949,NDPS,379,1,1
1950,IT_ACT,20,1,1
1950,IT_ACT,66D,1,2
1950,NDPS,457,1,3
1951,POCSO,66C,1,1
1951,IT_ACT,392,1,2
1951,IT_ACT,66C,1,3
1952,IT_ACT,379,1,1
1953,IPC,302,1,1
1953,IT_ACT,66C,1,2
1954,NDPS,392,1,1
1954,IT_ACT,457,1,2
1954,POCSO,302,1,3
1955,IPC,66D,1,1
1955,IPC,457,1,2
1955,NDPS,392,1,3
1956,IPC,66C,1,1
1956,IPC,20,1,2
1956,IPC,379,1,3
1957,IT_ACT,20,1,1
1958,IPC,20,1,1
1959,IPC,66C,1,1
1959,IPC,379,1,2
1960,NDPS,457,1,1
1960,IT_ACT,66C,1,2
1960,NDPS,457,1,3
1961,IT_ACT,392,1,1
1962,NDPS,457,1,1
1962,NDPS,66C,1,2
1962,POCSO,20,1,3
1963,NDPS,66C,1,1
1964,IT_ACT,457,1,1
1964,NDPS,457,1,2
1965,POCSO,379,1,1
1965,IT_ACT,66D,1,2
1966,NDPS,379,1,1
1966,IT_ACT,457,1,2
1966,IT_ACT,457,1,3
1967,IPC,302,1,1
1968,POCSO,379,1,1
1968,IT_ACT,66C,1,2
1968,IPC,20,1,3
1969,IPC,66D,1,1
1969,IT_ACT,66C,1,2
1970,POCSO,66D,1,1
1971,POCSO,457,1,1
1971,POCSO,392,1,2
1972,IPC,379,1,1
1972,IT_ACT,20,1,2
1973,IPC,20,1,1
1974,IT_ACT,20,1,1
1975,POCSO,457,1,1
1975,IT_ACT,457,1,2
1976,POCSO,392,1,1
1976,IPC,392,1,2
1976,IPC,457,1,3
1977,IPC,20,1,1
1977,POCSO,457,1,2
1977,NDPS,392,1,3
1978,IT_ACT,66D,1,1
1978,POCSO,302,1,2
1978,IPC,66C,1,3
1979,IPC,392,1,1
1980,POCSO,392,1,1
1980,IT_ACT,66C,1,2
1981,NDPS,20,1,1
1981,POCSO,302,1,2
1981,IPC,392,1,3
1982,NDPS,302,1,1
1982,IT_ACT,392,1,2
1982,NDPS,302,1,3
1983,IPC,20,1,1
1983,IPC,302,1,2
1983,POCSO,457,1,3
1984,IT_ACT,20,1,1
1985,NDPS,457,1,1
1985,IPC,457,1,2
1985,IT_ACT,392,1,3
1986,IT_ACT,457,1,1
1987,IPC,66D,1,1
1988,IT_ACT,302,1,1
1989,POCSO,392,1,1
1990,IPC,66C,1,1
1991,POCSO,20,1,1
1992,IPC,302,1,1
1992,POCSO,66C,1,2
1992,NDPS,66C,1,3
1993,POCSO,20,1,1
1993,IT_ACT,392,1,2
1993,IT_ACT,20,1,3
1994,IT_ACT,392,1,1
1994,NDPS,302,1,2
1994,IT_ACT,66C,1,3
1995,IT_ACT,302,1,1
1995,POCSO,302,1,2
1996,IPC,379,1,1
1996,IT_ACT,20,1,2
1996,POCSO,66C,1,3
1997,POCSO,20,1,1
1997,NDPS,20,1,2
1997,IPC,66D,1,3
1998,NDPS,392,1,1
1998,IPC,66D,1,2
1999,NDPS,66C,1,1
1999,IPC,392,1,2
2000,POCSO,20,1,1
2000,POCSO,66C,1,2
2001,POCSO,66D,1,1
2001,NDPS,379,1,2
2001,POCSO,379,1,3
2002,IPC,379,1,1
2002,IPC,66D,1,2
2002,NDPS,379,1,3
2003,IT_ACT,302,1,1
2003,IT_ACT,66D,1,2
2003,IT_ACT,66D,1,3
2004,IT_ACT,457,1,1
2004,POCSO,66C,1,2
2004,IPC,66C,1,3
2005,NDPS,66D,1,1
2005,IPC,20,1,2
2005,IT_ACT,302,1,3
2006,IT_ACT,457,1,1
2006,IT_ACT,20,1,2
2007,IT_ACT,66C,1,1
2007,POCSO,379,1,2
2008,POCSO,457,1,1
2008,NDPS,392,1,2
2009,IT_ACT,66D,1,1
2010,POCSO,457,1,1
2011,POCSO,66C,1,1
2012,IPC,302,1,1
2012,NDPS,66D,1,2
2012,IPC,379,1,3
2013,IPC,457,1,1
2013,POCSO,379,1,2
2013,IPC,66C,1,3
2014,IPC,457,1,1
2014,NDPS,20,1,2
2015,NDPS,20,1,1
2016,POCSO,66D,1,1
2016,NDPS,457,1,2
2017,IT_ACT,379,1,1
2017,POCSO,392,1,2
2018,NDPS,66D,1,1
2019,IPC,457,1,1
2020,NDPS,66C,1,1
2020,IPC,302,1,2
2021,IPC,392,1,1
2021,IPC,66D,1,2
2021,IT_ACT,379,1,3
2022,IPC,457,1,1
2022,NDPS,66D,1,2
2023,POCSO,302,1,1
2024,POCSO,457,1,1
2024,NDPS,20,1,2
2024,IPC,66C,1,3
2025,IT_ACT,302,1,1
2025,POCSO,379,1,2
2026,IT_ACT,20,1,1
2026,IPC,20,1,2
2026,NDPS,66D,1,3
2027,NDPS,457,1,1
2027,POCSO,457,1,2
2027,IPC,302,1,3
2028,NDPS,379,1,1
2029,IT_ACT,392,1,1
2030,NDPS,392,1,1
2030,POCSO,66C,1,2
2031,IPC,20,1,1
2031,IT_ACT,379,1,2
2031,IPC,20,1,3
2032,POCSO,457,1,1
2032,IT_ACT,66C,1,2
2033,IPC,392,1,1
2033,POCSO,66C,1,2
2034,NDPS,66D,1,1
2034,IPC,392,1,2
2035,POCSO,392,1,1
2036,NDPS,379,1,1
2036,NDPS,20,1,2
2037,IPC,379,1,1
2038,IT_ACT,302,1,1
2039,IPC,379,1,1
2039,POCSO,66C,1,2
2039,IT_ACT,20,1,3
2040,IPC,457,1,1
2040,POCSO,66D,1,2
2040,IT_ACT,379,1,3
2041,POCSO,392,1,1
2041,IT_ACT,457,1,2
2041,IT_ACT,302,1,3
2042,IPC,302,1,1
2043,IT_ACT,20,1,1
2043,IT_ACT,20,1,2
2043,IPC,302,1,3
2044,POCSO,66C,1,1
2044,POCSO,66D,1,2
2044,IT_ACT,66C,1,3
2045,POCSO,66C,1,1
2045,IT_ACT,457,1,2
2045,IPC,379,1,3
2046,NDPS,20,1,1
2046,POCSO,66C,1,2
2047,IT_ACT,66C,1,1
2047,IT_ACT,302,1,2
2047,POCSO,66D,1,3
2048,IPC,392,1,1
2048,NDPS,66D,1,2
2049,POCSO,302,1,1
2049,POCSO,379,1,2
2049,NDPS,66C,1,3
2050,IT_ACT,302,1,1
2050,IT_ACT,302,1,2
2051,NDPS,457,1,1
2052,IT_ACT,66D,1,1
2052,POCSO,66D,1,2
2052,IT_ACT,20,1,3
2053,POCSO,302,1,1
2054,NDPS,66C,1,1
2055,IPC,66C,1,1
2055,IPC,379,1,2
2055,IT_ACT,302,1,3
2056,IPC,66C,1,1
2056,POCSO,392,1,2
2057,POCSO,66D,1,1
2057,IT_ACT,392,1,2
2058,POCSO,66C,1,1
2059,NDPS,457,1,1
2059,IT_ACT,379,1,2
2059,IT_ACT,66C,1,3
2060,IPC,20,1,1
2060,POCSO,379,1,2
2061,NDPS,20,1,1
2061,IPC,302,1,2
2061,NDPS,302,1,3
2062,NDPS,302,1,1
2062,IPC,457,1,2
2063,NDPS,66C,1,1
2064,IPC,379,1,1
2064,IT_ACT,457,1,2
2065,NDPS,379,1,1
2065,NDPS,392,1,2
2065,IPC,302,1,3
2066,POCSO,20,1,1
2066,IT_ACT,379,1,2
2066,IPC,392,1,3
2067,POCSO,66D,1,1
2068,IT_ACT,392,1,1
2068,NDPS,457,1,2
2068,NDPS,379,1,3
2069,IPC,302,1,1
2069,IT_ACT,392,1,2
2069,IPC,302,1,3
2070,IPC,379,1,1
2070,NDPS,457,1,2
2071,IPC,457,1,1
2072,NDPS,302,1,1
2073,NDPS,379,1,1
2073,IT_ACT,392,1,2
2074,NDPS,302,1,1
2074,IT_ACT,392,1,2
2074,NDPS,379,1,3
2075,IT_ACT,302,1,1
2075,IT_ACT,457,1,2
2076,IT_ACT,379,1,1
2076,IPC,392,1,2
2076,POCSO,379,1,3
2077,NDPS,379,1,1
2077,IT_ACT,302,1,2
2077,POCSO,392,1,3
2078,POCSO,66C,1,1
2078,NDPS,302,1,2
2079,IT_ACT,392,1,1
2080,NDPS,20,1,1
2081,NDPS,457,1,1
2082,POCSO,20,1,1
2082,IPC,66D,1,2
2082,POCSO,457,1,3
2083,POCSO,302,1,1
2083,POCSO,379,1,2
2084,NDPS,457,1,1
2084,NDPS,392,1,2
2085,POCSO,66D,1,1
2085,IT_ACT,457,1,2
2085,IT_ACT,20,1,3
2086,POCSO,66C,1,1
2086,IPC,66C,1,2
2086,NDPS,379,1,3
2087,IPC,20,1,1
2087,IPC,379,1,2
2088,IT_ACT,379,1,1
2088,NDPS,392,1,2
2089,NDPS,457,1,1
2089,IT_ACT,66D,1,2
2089,IPC,66C,1,3
2090,IT_ACT,457,1,1
2090,IT_ACT,66D,1,2
2090,NDPS,20,1,3
2091,NDPS,66D,1,1
2091,IT_ACT,457,1,2
2091,NDPS,392,1,3
2092,POCSO,20,1,1
2093,NDPS,457,1,1
2094,IPC,66C,1,1
2094,IPC,457,1,2
2094,NDPS,392,1,3
2095,POCSO,392,1,1
2096,IPC,20,1,1
2097,IPC,66C,1,1
2097,IPC,392,1,2
2098,IPC,379,1,1
2098,NDPS,302,1,2
2098,IPC,457,1,3
2099,IT_ACT,379,1,1
2100,NDPS,392,1,1
2100,NDPS,457,1,2
2101,POCSO,379,1,1
2101,POCSO,379,1,2
2102,IT_ACT,392,1,1
2102,IPC,392,1,2
2103,IT_ACT,66D,1,1
2103,POCSO,457,1,2
2103,NDPS,302,1,3
2104,IT_ACT,392,1,1
2104,POCSO,457,1,2
2104,IPC,457,1,3
2105,POCSO,379,1,1
2105,IPC,302,1,2
2105,IT_ACT,392,1,3
2106,POCSO,20,1,1
2106,IPC,66D,1,2
2106,NDPS,457,1,3
2107,NDPS,66C,1,1
2108,IT_ACT,302,1,1
2109,IT_ACT,66D,1,1
2109,IPC,66D,1,2
2110,NDPS,392,1,1
2111,IPC,66C,1,1
2112,IT_ACT,392,1,1
2113,POCSO,20,1,1
2113,IT_ACT,20,1,2
2114,IT_ACT,66C,1,1
2114,IT_ACT,379,1,2
2115,IT_ACT,379,1,1
2115,NDPS,302,1,2
2116,POCSO,302,1,1
2116,IPC,379,1,2
2117,IPC,379,1,1
2118,POCSO,66D,1,1
2118,POCSO,392,1,2
2119,IT_ACT,20,1,1
2119,IPC,20,1,2
2120,IPC,392,1,1
2120,IT_ACT,20,1,2
2121,POCSO,66D,1,1
2121,IPC,66D,1,2
2122,IPC,457,1,1
2123,NDPS,66D,1,1
2123,IPC,20,1,2
2123,IPC,66C,1,3
2124,IT_ACT,66D,1,1
2124,IT_ACT,20,1,2
2125,NDPS,302,1,1
2125,IPC,379,1,2
2125,IT_ACT,392,1,3
2126,IPC,457,1,1
2127,IPC,66C,1,1
2127,POCSO,66C,1,2
2128,POCSO,20,1,1
2128,POCSO,66C,1,2
2129,IPC,20,1,1
2129,IPC,20,1,2
2129,IPC,392,1,3
2130,IT_ACT,392,1,1
2131,NDPS,20,1,1
2131,POCSO,392,1,2
2131,POCSO,302,1,3
2132,IPC,20,1,1
2132,NDPS,379,1,2
2132,IT_ACT,457,1,3
2133,IT_ACT,392,1,1
2133,NDPS,392,1,2
2133,IPC,66D,1,3
2134,NDPS,379,1,1
2134,NDPS,457,1,2
2135,IT_ACT,302,1,1
2135,IPC,20,1,2
2135,POCSO,457,1,3
2136,POCSO,392,1,1
2136,IT_ACT,66C,1,2
2136,POCSO,392,1,3
2137,POCSO,457,1,1
2137,IT_ACT,379,1,2
2138,POCSO,457,1,1
2138,NDPS,379,1,2
2139,POCSO,66D,1,1
2139,IPC,66C,1,2
2140,NDPS,457,1,1
2140,IPC,66C,1,2
2140,IPC,302,1,3
2141,IPC,20,1,1
2141,NDPS,392,1,2
2142,IT_ACT,20,1,1
2142,IPC,66D,1,2
2142,POCSO,20,1,3
2143,IPC,457,1,1
2143,IT_ACT,302,1,2
2144,NDPS,66C,1,1
2144,POCSO,379,1,2
2145,IT_ACT,392,1,1
2146,IPC,302,1,1
2147,IPC,302,1,1
2148,NDPS,302,1,1
2149,IPC,457,1,1
2150,NDPS,457,1,1
2151,IT_ACT,379,1,1
2151,NDPS,66D,1,2
2151,IPC,392,1,3
2152,POCSO,66C,1,1
2152,NDPS,379,1,2
2152,POCSO,20,1,3
2153,NDPS,457,1,1
2153,IT_ACT,66C,1,2
2154,IT_ACT,392,1,1
2155,NDPS,66C,1,1
2155,NDPS,457,1,2
2155,IPC,379,1,3
2156,POCSO,302,1,1
2156,IPC,379,1,2
2156,IPC,379,1,3
2157,IPC,457,1,1
2157,POCSO,379,1,2
2158,IPC,392,1,1
2158,IT_ACT,392,1,2
2159,IPC,379,1,1
2159,IPC,20,1,2
2160,POCSO,457,1,1
2161,NDPS,392,1,1
2162,IT_ACT,379,1,1
2162,NDPS,66C,1,2
2163,IPC,379,1,1
2163,IT_ACT,66C,1,2
2164,NDPS,20,1,1
2165,POCSO,457,1,1
2166,NDPS,20,1,1
2166,IT_ACT,457,1,2
2166,POCSO,66C,1,3
2167,NDPS,20,1,1
2167,IPC,302,1,2
2168,IPC,379,1,1
2169,NDPS,379,1,1
2170,POCSO,302,1,1
2171,NDPS,66D,1,1
2172,IPC,20,1,1
2173,NDPS,20,1,1
2174,IT_ACT,392,1,1
2175,POCSO,392,1,1
2175,POCSO,302,1,2
2175,POCSO,66C,1,3
2176,POCSO,392,1,1
2176,POCSO,457,1,2
2176,IT_ACT,379,1,3
2177,IT_ACT,66D,1,1
2178,IT_ACT,392,1,1
2179,NDPS,379,1,1
2180,POCSO,379,1,1
2180,NDPS,302,1,2
2181,NDPS,20,1,1
2181,POCSO,379,1,2
2182,NDPS,66D,1,1
2182,IT_ACT,302,1,2
2183,IPC,66D,1,1
2184,NDPS,20,1,1
2184,IT_ACT,379,1,2
2184,IT_ACT,66D,1,3
2185,IPC,20,1,1
2185,IPC,379,1,2
2186,IT_ACT,66D,1,1
2186,NDPS,392,1,2
2187,IPC,302,1,1
2188,NDPS,379,1,1
2189,NDPS,20,1,1
2190,NDPS,379,1,1
2190,IPC,392,1,2
2191,IPC,20,1,1
2191,POCSO,392,1,2
2191,POCSO,302,1,3
2192,POCSO,66D,1,1
2192,IT_ACT,302,1,2
2192,NDPS,20,1,3
2193,IPC,66C,1,1
2193,IT_ACT,20,1,2
2194,IPC,392,1,1
2194,POCSO,379,1,2
2194,IPC,66C,1,3
2195,IPC,302,1,1
2195,POCSO,302,1,2
2195,NDPS,302,1,3
2196,NDPS,302,1,1
2196,IPC,20,1,2
2197,POCSO,392,1,1
2197,NDPS,20,1,2
2198,POCSO,302,1,1
2199,IPC,379,1,1
2199,IPC,379,1,2
2200,IT_ACT,66D,1,1
2200,IPC,392,1,2
2200,NDPS,302,1,3
2201,IPC,302,1,1
2202,POCSO,20,1,1
2202,POCSO,457,1,2
2203,IPC,302,1,1
2203,NDPS,66C,1,2
2203,NDPS,379,1,3
2204,POCSO,302,1,1
2204,NDPS,302,1,2
2205,POCSO,66D,1,1
2206,POCSO,457,1,1
2206,POCSO,379,1,2
2206,POCSO,66C,1,3
2207,POCSO,302,1,1
2207,POCSO,392,1,2
2207,IPC,20,1,3
2208,NDPS,379,1,1
2208,POCSO,457,1,2
2208,IPC,379,1,3
2209,POCSO,66D,1,1
2209,POCSO,379,1,2
2209,POCSO,66C,1,3
2210,IPC,66D,1,1
2210,POCSO,302,1,2
2211,POCSO,66D,1,1
2212,POCSO,457,1,1
2212,IPC,20,1,2
2212,IPC,20,1,3
2213,IPC,379,1,1
2214,POCSO,457,1,1
2214,IPC,392,1,2
2215,NDPS,392,1,1
2215,POCSO,379,1,2
2216,IT_ACT,66D,1,1
2216,IPC,66C,1,2
2217,IT_ACT,392,1,1
2217,IPC,66D,1,2
2218,IPC,392,1,1
2219,NDPS,20,1,1
2220,IPC,66C,1,1
2220,POCSO,302,1,2
2220,IPC,379,1,3
2221,IPC,379,1,1
2221,IT_ACT,66D,1,2
2222,POCSO,392,1,1
2223,IPC,66D,1,1
2223,IPC,66D,1,2
2224,POCSO,379,1,1
2224,NDPS,302,1,2
2225,IPC,379,1,1
2225,NDPS,457,1,2
2226,IPC,392,1,1
2226,IT_ACT,20,1,2
2226,POCSO,392,1,3
2227,NDPS,66C,1,1
2228,NDPS,457,1,1
2228,IPC,66C,1,2
2229,IPC,66C,1,1
2229,POCSO,66C,1,2
2229,NDPS,379,1,3
2230,NDPS,392,1,1
2231,IT_ACT,457,1,1
2231,IPC,302,1,2
2232,IT_ACT,20,1,1
2232,IPC,66D,1,2
2232,POCSO,379,1,3
2233,IPC,66C,1,1
2234,NDPS,379,1,1
2235,NDPS,392,1,1
2235,IT_ACT,379,1,2
2235,IT_ACT,392,1,3
2236,IPC,379,1,1
2237,NDPS,302,1,1
2237,IPC,20,1,2
2237,IPC,66C,1,3
2238,IPC,392,1,1
2238,IT_ACT,302,1,2
2239,NDPS,20,1,1
2240,NDPS,66D,1,1
2240,NDPS,457,1,2
2240,IT_ACT,20,1,3
2241,IPC,66C,1,1
2241,IPC,457,1,2
2241,IPC,66D,1,3
2242,IPC,392,1,1
2243,IT_ACT,379,1,1
2244,NDPS,379,1,1
2244,IPC,379,1,2
2245,NDPS,457,1,1
2246,NDPS,302,1,1
2246,NDPS,379,1,2
2247,IPC,66D,1,1
2248,POCSO,302,1,1
2248,POCSO,66C,1,2
2249,IPC,457,1,1
2249,IT_ACT,392,1,2
2249,IT_ACT,20,1,3
2250,IPC,66D,1,1
2250,NDPS,457,1,2
2251,IPC,66D,1,1
2251,POCSO,379,1,2
2251,NDPS,457,1,3
2252,IPC,379,1,1
2252,NDPS,302,1,2
2253,NDPS,66D,1,1
2253,IPC,302,1,2
2254,IT_ACT,66D,1,1
2254,IPC,302,1,2
2254,POCSO,457,1,3
2255,IT_ACT,302,1,1
2256,NDPS,66C,1,1
2256,IT_ACT,379,1,2
2256,IT_ACT,392,1,3
2257,IT_ACT,66C,1,1
2257,IT_ACT,379,1,2
2257,IT_ACT,392,1,3
2258,NDPS,66D,1,1
2258,POCSO,66C,1,2
2258,NDPS,20,1,3
2259,POCSO,379,1,1
2259,IT_ACT,379,1,2
2259,POCSO,457,1,3
2260,NDPS,66D,1,1
2260,IPC,379,1,2
2260,NDPS,66C,1,3
2261,POCSO,457,1,1
2262,IT_ACT,379,1,1
2262,IT_ACT,66C,1,2
2262,NDPS,392,1,3
2263,IPC,302,1,1
2263,NDPS,66C,1,2
2264,IT_ACT,20,1,1
2264,NDPS,457,1,2
2265,POCSO,302,1,1
2266,NDPS,379,1,1
2266,NDPS,392,1,2
2267,NDPS,66C,1,1
2268,IPC,20,1,1
2268,POCSO,392,1,2
2268,POCSO,66C,1,3
2269,NDPS,20,1,1
2269,IT_ACT,66D,1,2
2269,IT_ACT,379,1,3
2270,POCSO,302,1,1
2270,NDPS,379,1,2
2270,IT_ACT,392,1,3
2271,IT_ACT,20,1,1
2271,NDPS,66D,1,2
2271,IT_ACT,392,1,3
2272,POCSO,457,1,1
2272,NDPS,457,1,2
2273,IT_ACT,457,1,1
2273,NDPS,392,1,2
2274,NDPS,392,1,1
2274,POCSO,20,1,2
2274,POCSO,66D,1,3
2275,IPC,379,1,1
2275,IT_ACT,457,1,2
2276,POCSO,379,1,1
2276,IPC,66D,1,2
2276,POCSO,20,1,3
2277,POCSO,457,1,1
2277,IPC,457,1,2
2278,POCSO,20,1,1
2278,IT_ACT,20,1,2
2279,IT_ACT,457,1,1
2279,POCSO,457,1,2
2279,NDPS,20,1,3
2280,NDPS,392,1,1
2281,POCSO,66D,1,1
2281,IPC,66D,1,2
2281,NDPS,392,1,3
2282,IPC,392,1,1
2282,POCSO,302,1,2
2282,POCSO,302,1,3
2283,POCSO,20,1,1
2284,IT_ACT,379,1,1
2285,NDPS,392,1,1
2285,IPC,20,1,2
2285,NDPS,392,1,3
2286,NDPS,392,1,1
2286,POCSO,379,1,2
2287,IT_ACT,66C,1,1
2288,IPC,457,1,1
2288,NDPS,302,1,2
2289,NDPS,379,1,1
2289,NDPS,392,1,2
2290,NDPS,392,1,1
2290,IT_ACT,379,1,2
2290,NDPS,379,1,3
2291,IPC,392,1,1
2292,NDPS,392,1,1
2292,POCSO,20,1,2
2292,NDPS,457,1,3
2293,IPC,66C,1,1
2293,POCSO,457,1,2
2294,NDPS,457,1,1
2294,IT_ACT,66D,1,2
2294,POCSO,379,1,3
2295,NDPS,66D,1,1
2296,IT_ACT,302,1,1
2297,POCSO,392,1,1
2297,IT_ACT,457,1,2
2297,IPC,302,1,3
2298,IPC,302,1,1
2298,POCSO,302,1,2
2298,POCSO,392,1,3
2299,IPC,379,1,1
2300,IPC,302,1,1
2300,POCSO,379,1,2
2301,IPC,302,1,1
2302,NDPS,392,1,1
2302,IPC,457,1,2
2302,IT_ACT,457,1,3
2303,IT_ACT,457,1,1
2304,IPC,379,1,1
2304,NDPS,20,1,2
2305,IT_ACT,66C,1,1
2305,NDPS,392,1,2
2305,POCSO,302,1,3
2306,IPC,392,1,1
2307,IT_ACT,302,1,1
2307,IPC,66D,1,2
2307,IPC,66D,1,3
2308,IPC,66C,1,1
2308,IPC,66D,1,2
2308,NDPS,20,1,3
2309,IPC,302,1,1
2309,NDPS,66D,1,2
2309,IPC,457,1,3
2310,IT_ACT,66D,1,1
2311,IPC,379,1,1
2311,IPC,302,1,2
2312,IPC,379,1,1
2313,NDPS,457,1,1
2313,NDPS,20,1,2
2314,POCSO,392,1,1
2315,NDPS,66C,1,1
2316,IPC,392,1,1
2316,POCSO,392,1,2
2316,IPC,20,1,3
2317,IPC,66C,1,1
2318,NDPS,392,1,1
2319,IT_ACT,20,1,1
2319,NDPS,20,1,2
2320,NDPS,66C,1,1
2321,NDPS,302,1,1
2322,IPC,66C,1,1
2322,IPC,302,1,2
2322,IT_ACT,66C,1,3
2323,POCSO,66D,1,1
2324,POCSO,20,1,1
2324,IT_ACT,20,1,2
2324,IT_ACT,302,1,3
2325,IT_ACT,379,1,1
2325,NDPS,457,1,2
2325,POCSO,20,1,3
2326,IPC,379,1,1
2326,POCSO,66C,1,2
2327,NDPS,20,1,1
2327,IT_ACT,392,1,2
2328,NDPS,379,1,1
2329,POCSO,302,1,1
2330,IT_ACT,457,1,1
2331,IT_ACT,457,1,1
2332,POCSO,66C,1,1
2332,NDPS,66D,1,2
2333,IPC,66C,1,1
2334,IPC,392,1,1
2334,IPC,66D,1,2
2334,POCSO,392,1,3
2335,IPC,66C,1,1
2335,POCSO,392,1,2
2335,POCSO,302,1,3
2336,IPC,302,1,1
2336,NDPS,379,1,2
2336,IPC,392,1,3
2337,IT_ACT,66D,1,1
2337,NDPS,20,1,2
2338,IT_ACT,20,1,1
2338,POCSO,379,1,2
2339,POCSO,392,1,1
2339,NDPS,457,1,2
2339,IPC,66C,1,3
2340,IT_ACT,392,1,1
2341,IPC,20,1,1
2341,IPC,392,1,2
2341,NDPS,66C,1,3
2342,IT_ACT,66C,1,1
2342,NDPS,66D,1,2
2342,POCSO,457,1,3
2343,IT_ACT,302,1,1
2343,NDPS,66D,1,2
2344,NDPS,66C,1,1
2344,POCSO,302,1,2
2344,IT_ACT,66D,1,3
2345,POCSO,20,1,1
2345,IT_ACT,392,1,2
2345,POCSO,66D,1,3
2346,IT_ACT,20,1,1
2346,IT_ACT,66C,1,2
2346,IPC,20,1,3
2347,POCSO,392,1,1
2347,NDPS,302,1,2
2347,IT_ACT,392,1,3
2348,POCSO,66C,1,1
2349,IPC,66C,1,1
2349,IT_ACT,20,1,2
2350,NDPS,20,1,1
2350,POCSO,20,1,2
2350,NDPS,457,1,3
2351,IPC,392,1,1
2351,IT_ACT,392,1,2
2352,POCSO,66D,1,1
2352,POCSO,20,1,2
2352,NDPS,66D,1,3
2353,NDPS,66D,1,1
2354,NDPS,457,1,1
2355,NDPS,457,1,1
2355,NDPS,392,1,2
2355,IT_ACT,392,1,3
2356,IT_ACT,66D,1,1
2356,NDPS,379,1,2
2356,IPC,66C,1,3
2357,NDPS,66D,1,1
2357,IPC,302,1,2
2358,NDPS,457,1,1
2359,IT_ACT,20,1,1
2359,NDPS,20,1,2
2359,POCSO,392,1,3
2360,NDPS,66C,1,1
2361,POCSO,66D,1,1
2361,NDPS,66C,1,2
2362,NDPS,457,1,1
2362,IPC,457,1,2
2363,POCSO,457,1,1
2363,IT_ACT,66D,1,2
2364,NDPS,302,1,1
2365,IT_ACT,66C,1,1
2365,IPC,302,1,2
2366,IPC,392,1,1
2366,NDPS,457,1,2
2366,POCSO,379,1,3
2367,IT_ACT,457,1,1
2368,IPC,379,1,1
2369,NDPS,392,1,1
2369,NDPS,66C,1,2
2369,POCSO,302,1,3
2370,IPC,392,1,1
2370,NDPS,66C,1,2
2371,IT_ACT,66D,1,1
2371,POCSO,302,1,2
2372,IT_ACT,392,1,1
2372,NDPS,66C,1,2
2372,NDPS,379,1,3
2373,POCSO,20,1,1
2373,IPC,379,1,2
2374,NDPS,379,1,1
2374,IPC,379,1,2
2374,IPC,457,1,3
2375,IT_ACT,379,1,1
2375,NDPS,66C,1,2
2375,NDPS,379,1,3
2376,NDPS,66C,1,1
2377,IPC,457,1,1
2378,IT_ACT,392,1,1
2378,IT_ACT,302,1,2
2378,IT_ACT,379,1,3
2379,IT_ACT,392,1,1
2379,NDPS,392,1,2
2380,POCSO,66C,1,1
2381,POCSO,20,1,1
2381,NDPS,457,1,2
2382,NDPS,379,1,1
2382,NDPS,302,1,2
2383,POCSO,457,1,1
2383,IPC,66D,1,2
2384,IPC,20,1,1
2384,IPC,66C,1,2
2385,POCSO,20,1,1
2386,IPC,20,1,1
2386,IPC,20,1,2
2387,POCSO,20,1,1
2387,POCSO,66C,1,2
2387,POCSO,379,1,3
2388,IT_ACT,379,1,1
2388,IT_ACT,66C,1,2
2389,POCSO,66C,1,1
2389,IPC,66D,1,2
2389,POCSO,457,1,3
2390,POCSO,302,1,1
2391,NDPS,20,1,1
2392,POCSO,20,1,1
2392,IPC,66C,1,2
2392,IT_ACT,379,1,3
2393,IPC,392,1,1
2393,IT_ACT,457,1,2
2393,IPC,20,1,3
2394,IPC,66D,1,1
2394,IPC,66D,1,2
2394,IPC,302,1,3
2395,IT_ACT,66D,1,1
2395,IPC,20,1,2
2395,POCSO,302,1,3
2396,IPC,302,1,1
2396,NDPS,457,1,2
2396,IT_ACT,20,1,3
2397,POCSO,66C,1,1
2397,POCSO,392,1,2
2397,POCSO,20,1,3
2398,IPC,20,1,1
2399,IPC,392,1,1
2399,IT_ACT,66D,1,2
2399,IT_ACT,392,1,3
2400,IPC,379,1,1
2401,IPC,66C,1,1
2402,IPC,66C,1,1
2402,NDPS,20,1,2
2402,POCSO,392,1,3
2403,IT_ACT,392,1,1
2403,IT_ACT,66C,1,2
2403,NDPS,379,1,3
2404,POCSO,302,1,1
2404,IT_ACT,20,1,2
2405,IPC,66D,1,1
2406,IPC,457,1,1
2406,POCSO,457,1,2
2406,NDPS,379,1,3
2407,IT_ACT,457,1,1
2407,POCSO,302,1,2
2407,IT_ACT,20,1,3
2408,POCSO,20,1,1
2408,NDPS,457,1,2
2409,IT_ACT,379,1,1
2410,POCSO,392,1,1
2410,NDPS,302,1,2
2411,NDPS,392,1,1
2411,IPC,379,1,2
2412,POCSO,66D,1,1
2413,NDPS,20,1,1
2414,IT_ACT,20,1,1
2414,IT_ACT,457,1,2
2415,NDPS,379,1,1
2415,IPC,457,1,2
2416,POCSO,392,1,1
2416,IT_ACT,457,1,2
2416,IPC,302,1,3
2417,POCSO,392,1,1
2417,NDPS,392,1,2
2417,POCSO,392,1,3
2418,IPC,20,1,1
2418,POCSO,66D,1,2
2419,POCSO,392,1,1
2419,NDPS,379,1,2
2419,IPC,302,1,3
2420,IT_ACT,379,1,1
2420,IT_ACT,66C,1,2
2420,POCSO,379,1,3
2421,IPC,379,1,1
2421,POCSO,457,1,2
2422,IPC,66D,1,1
2422,POCSO,392,1,2
2422,POCSO,379,1,3
2423,IPC,302,1,1
2424,IT_ACT,392,1,1
2425,IPC,66C,1,1
2426,IT_ACT,20,1,1
2426,IPC,379,1,2
2426,NDPS,457,1,3
2427,POCSO,66C,1,1
2428,IPC,66C,1,1
2428,NDPS,20,1,2
2429,POCSO,457,1,1
2430,IT_ACT,20,1,1
2430,IPC,379,1,2
2431,POCSO,66C,1,1
2431,IT_ACT,302,1,2
2431,POCSO,379,1,3
2432,NDPS,302,1,1
2432,IPC,392,1,2
2432,IPC,379,1,3
2433,NDPS,66C,1,1
2433,POCSO,379,1,2
2433,IT_ACT,457,1,3
2434,IT_ACT,302,1,1
2435,POCSO,392,1,1
2436,IT_ACT,66D,1,1
2436,IPC,392,1,2
2437,POCSO,66C,1,1
2437,IT_ACT,302,1,2
2438,IT_ACT,302,1,1
2439,POCSO,66D,1,1
2440,IT_ACT,302,1,1
2440,POCSO,457,1,2
2440,NDPS,457,1,3
2441,IPC,457,1,1
2442,POCSO,66C,1,1
2443,IPC,392,1,1
2443,IT_ACT,379,1,2
2443,NDPS,302,1,3
2444,NDPS,457,1,1
2445,NDPS,379,1,1
2445,NDPS,20,1,2
2446,NDPS,457,1,1
2446,POCSO,66C,1,2
2446,NDPS,457,1,3
2447,POCSO,457,1,1
2448,POCSO,457,1,1
2448,NDPS,457,1,2
2449,IT_ACT,392,1,1
2449,IT_ACT,20,1,2
2449,IT_ACT,392,1,3
2450,IPC,379,1,1
2450,IPC,379,1,2
2451,IT_ACT,379,1,1
2451,IT_ACT,457,1,2
2451,NDPS,66D,1,3
2452,IPC,379,1,1
2452,NDPS,379,1,2
2453,IT_ACT,66D,1,1
2454,IPC,302,1,1
2455,IPC,379,1,1
2455,NDPS,66C,1,2
2456,NDPS,66C,1,1
2456,NDPS,379,1,2
2457,IPC,457,1,1
2457,IPC,392,1,2
2457,POCSO,379,1,3
2458,NDPS,66C,1,1
2459,NDPS,379,1,1
2460,IPC,20,1,1
2461,NDPS,302,1,1
2461,IPC,392,1,2
2461,POCSO,392,1,3
2462,POCSO,457,1,1
2462,IT_ACT,66D,1,2
2463,IPC,302,1,1
2464,NDPS,457,1,1
2464,IPC,379,1,2
2464,IPC,66D,1,3
2465,IT_ACT,66C,1,1
2466,NDPS,302,1,1
2466,IPC,66C,1,2
2467,IPC,379,1,1
2467,IPC,379,1,2
2468,IT_ACT,66C,1,1
2469,IT_ACT,379,1,1
2469,IT_ACT,66D,1,2
2470,IT_ACT,66D,1,1
2471,NDPS,379,1,1
2471,NDPS,379,1,2
2471,POCSO,20,1,3
2472,IPC,302,1,1
2473,NDPS,379,1,1
2474,POCSO,302,1,1
2474,IT_ACT,302,1,2
2475,NDPS,20,1,1
2475,IT_ACT,302,1,2
2475,POCSO,20,1,3
2476,IT_ACT,66C,1,1
2476,POCSO,457,1,2
2476,IPC,66C,1,3
2477,POCSO,66C,1,1
2478,IPC,302,1,1
2478,POCSO,392,1,2
2478,IPC,457,1,3
2479,POCSO,66C,1,1
2480,NDPS,379,1,1
2480,POCSO,457,1,2
2481,IT_ACT,20,1,1
2481,POCSO,20,1,2
2481,NDPS,457,1,3
2482,POCSO,379,1,1
2483,POCSO,457,1,1
2484,NDPS,66C,1,1
2485,IT_ACT,302,1,1
2485,POCSO,66C,1,2
2485,IPC,66C,1,3
2486,IPC,379,1,1
2486,NDPS,379,1,2
2487,IPC,66D,1,1
2488,NDPS,66C,1,1
2488,POCSO,66D,1,2
2489,POCSO,392,1,1
2489,NDPS,66C,1,2
2490,IPC,457,1,1
2490,NDPS,302,1,2
2491,POCSO,379,1,1
2491,IT_ACT,66D,1,2
2492,IPC,457,1,1
2493,IT_ACT,379,1,1
2493,POCSO,302,1,2
2493,POCSO,457,1,3
2494,POCSO,20,1,1
2494,IPC,302,1,2
2494,POCSO,457,1,3
2495,NDPS,392,1,1
2496,POCSO,66C,1,1
2496,IT_ACT,66D,1,2
2497,POCSO,457,1,1
2497,IT_ACT,66D,1,2
2497,NDPS,66D,1,3
2498,POCSO,457,1,1
2499,IT_ACT,379,1,1
2499,IT_ACT,392,1,2
2499,NDPS,20,1,3
2500,IT_ACT,379,1,1
2500,IT_ACT,457,1,2
2500,NDPS,20,1,3
2501,IPC,20,1,1
2502,IT_ACT,302,1,1
2502,IPC,66C,1,2
2502,IPC,66D,1,3
2503,IPC,392,1,1
2503,POCSO,66C,1,2
2503,IPC,457,1,3
2504,IPC,20,1,1
2504,IT_ACT,66D,1,2
2505,POCSO,302,1,1
2505,NDPS,302,1,2
2506,POCSO,392,1,1
2506,POCSO,457,1,2
2507,IPC,379,1,1
2508,IT_ACT,379,1,1
2508,NDPS,66D,1,2
2509,POCSO,302,1,1
2510,IPC,66D,1,1
2510,POCSO,392,1,2
2511,IT_ACT,392,1,1
2512,NDPS,392,1,1
2513,NDPS,457,1,1
2514,IT_ACT,20,1,1
2514,NDPS,457,1,2
2514,POCSO,392,1,3
2515,IPC,302,1,1
2516,IT_ACT,20,1,1
2516,NDPS,20,1,2
2517,IT_ACT,302,1,1
2517,POCSO,457,1,2
2517,NDPS,302,1,3
2518,NDPS,20,1,1
2518,IPC,20,1,2
2519,POCSO,302,1,1
2519,IT_ACT,20,1,2
2520,NDPS,20,1,1
2520,IT_ACT,66C,1,2
2520,IT_ACT,66C,1,3
2521,POCSO,20,1,1
2522,NDPS,392,1,1
2523,IPC,66D,1,1
2523,NDPS,457,1,2
2523,IT_ACT,379,1,3
2524,POCSO,379,1,1
2524,IPC,379,1,2
2524,IPC,20,1,3
2525,NDPS,66D,1,1
2526,POCSO,66C,1,1
2526,IPC,457,1,2
2526,IT_ACT,66D,1,3
2527,IPC,66C,1,1
2528,IT_ACT,66D,1,1
2528,IPC,392,1,2
2528,NDPS,392,1,3
2529,IPC,392,1,1
2529,IT_ACT,379,1,2
2530,POCSO,457,1,1
2530,IPC,20,1,2
2531,IPC,20,1,1
2532,IT_ACT,379,1,1
2532,POCSO,392,1,2
2533,NDPS,457,1,1
2533,POCSO,20,1,2
2534,NDPS,457,1,1
2534,NDPS,66C,1,2
2535,IT_ACT,379,1,1
2535,IT_ACT,66D,1,2
2536,POCSO,20,1,1
2536,POCSO,302,1,2
2536,NDPS,66C,1,3
2537,NDPS,457,1,1
2537,IT_ACT,302,1,2
2537,IT_ACT,66D,1,3
2538,NDPS,66C,1,1
2538,IT_ACT,66D,1,2
2539,IT_ACT,66C,1,1
2540,NDPS,20,1,1
2540,POCSO,392,1,2
2540,NDPS,302,1,3
2541,NDPS,66D,1,1
2542,IPC,20,1,1
2543,POCSO,66D,1,1
2543,NDPS,66C,1,2
2543,IT_ACT,302,1,3
2544,NDPS,66D,1,1
2544,NDPS,66C,1,2
2545,NDPS,457,1,1
2546,POCSO,20,1,1
2546,IPC,302,1,2
2546,NDPS,66C,1,3
2547,IT_ACT,66C,1,1
2548,POCSO,457,1,1
2549,NDPS,66D,1,1
2549,POCSO,66D,1,2
2549,NDPS,20,1,3
2550,NDPS,392,1,1
2551,IT_ACT,66C,1,1
2552,IT_ACT,66C,1,1
2552,POCSO,379,1,2
2552,NDPS,392,1,3
2553,POCSO,66C,1,1
2553,NDPS,66D,1,2
2553,IT_ACT,302,1,3
2554,NDPS,379,1,1
2554,IT_ACT,392,1,2
2555,IPC,66D,1,1
2556,IT_ACT,392,1,1
2556,POCSO,66C,1,2
2557,IT_ACT,66D,1,1
2558,POCSO,20,1,1
2558,POCSO,66C,1,2
2558,IPC,66C,1,3
2559,IT_ACT,302,1,1
2559,POCSO,66D,1,2
2560,POCSO,66D,1,1
2560,NDPS,66D,1,2
2561,IT_ACT,392,1,1
2561,IT_ACT,66C,1,2
2561,NDPS,20,1,3
2562,NDPS,66D,1,1
2562,NDPS,457,1,2
2563,IPC,392,1,1
2563,POCSO,66D,1,2
2564,NDPS,457,1,1
2564,IPC,66D,1,2
2564,NDPS,392,1,3
2565,IT_ACT,66D,1,1
2565,IPC,66C,1,2
2565,POCSO,457,1,3
2566,IT_ACT,66D,1,1
2567,IPC,20,1,1
2567,POCSO,66C,1,2
2568,POCSO,302,1,1
2568,NDPS,20,1,2
2568,IPC,66C,1,3
2569,POCSO,302,1,1
2569,IT_ACT,379,1,2
2570,IT_ACT,457,1,1
2570,NDPS,392,1,2
2571,IPC,66D,1,1
2571,IT_ACT,66C,1,2
2571,IT_ACT,379,1,3
2572,NDPS,457,1,1
2573,IT_ACT,457,1,1
2574,IPC,66D,1,1
2574,IPC,20,1,2
2575,NDPS,379,1,1
2576,POCSO,66D,1,1
2577,NDPS,457,1,1
2578,IT_ACT,66D,1,1
2578,IPC,20,1,2
2578,POCSO,66C,1,3
2579,NDPS,379,1,1
2579,IT_ACT,302,1,2
2580,NDPS,392,1,1
2580,IPC,66D,1,2
2580,POCSO,302,1,3
2581,IT_ACT,457,1,1
2581,IPC,66D,1,2
2581,NDPS,66D,1,3
2582,NDPS,20,1,1
2582,POCSO,392,1,2
2583,POCSO,302,1,1
2583,IT_ACT,392,1,2
2584,POCSO,20,1,1
2584,IT_ACT,66C,1,2
2585,IT_ACT,66C,1,1
2585,IT_ACT,379,1,2
2585,NDPS,302,1,3
2586,NDPS,20,1,1
2586,IT_ACT,302,1,2
2587,NDPS,302,1,1
2588,IPC,20,1,1
2589,IT_ACT,66D,1,1
2590,IT_ACT,457,1,1
2591,NDPS,457,1,1
2591,POCSO,66D,1,2
2592,IPC,20,1,1
2592,POCSO,66D,1,2
2593,IT_ACT,302,1,1
2594,IPC,392,1,1
2595,NDPS,20,1,1
2596,POCSO,392,1,1
2596,IPC,66C,1,2
2597,NDPS,66D,1,1
2598,POCSO,302,1,1
2598,NDPS,20,1,2
2599,IPC,66C,1,1
2600,IPC,20,1,1
2601,POCSO,66D,1,1
2602,POCSO,66C,1,1
2602,POCSO,302,1,2
2603,IT_ACT,20,1,1
2603,POCSO,302,1,2
2604,IPC,457,1,1
2605,IT_ACT,66C,1,1
2606,POCSO,457,1,1
2607,IT_ACT,20,1,1
2607,POCSO,66C,1,2
2608,POCSO,66C,1,1
2609,IPC,457,1,1
2609,IPC,20,1,2
2610,IT_ACT,20,1,1
2610,IT_ACT,392,1,2
2611,IT_ACT,20,1,1
2611,NDPS,66D,1,2
2612,IPC,66C,1,1
2613,IT_ACT,20,1,1
2613,NDPS,302,1,2
2613,IPC,302,1,3
2614,IPC,66C,1,1
2614,IPC,392,1,2
2614,IT_ACT,66C,1,3
2615,POCSO,302,1,1
2616,NDPS,66C,1,1
2617,NDPS,66C,1,1
2617,POCSO,20,1,2
2618,IT_ACT,457,1,1
2619,POCSO,457,1,1
2620,IT_ACT,379,1,1
2620,IPC,66C,1,2
2621,IT_ACT,379,1,1
2621,POCSO,66D,1,2
2622,POCSO,302,1,1
2622,NDPS,379,1,2
2623,NDPS,457,1,1
2623,IT_ACT,457,1,2
2624,IPC,20,1,1
2624,POCSO,66C,1,2
2624,IT_ACT,66C,1,3
2625,IPC,66C,1,1
2625,NDPS,66D,1,2
2625,POCSO,392,1,3
2626,IT_ACT,20,1,1
2626,POCSO,457,1,2
2626,IT_ACT,392,1,3
2627,POCSO,457,1,1
2628,NDPS,379,1,1
2629,IT_ACT,20,1,1
2629,IPC,66C,1,2
2629,IPC,20,1,3
2630,NDPS,302,1,1
2631,POCSO,66D,1,1
2631,POCSO,20,1,2
2632,NDPS,20,1,1
2632,POCSO,302,1,2
2632,POCSO,66D,1,3
2633,POCSO,20,1,1
2633,IPC,392,1,2
2633,POCSO,20,1,3
2634,IT_ACT,66D,1,1
2635,IT_ACT,20,1,1
2635,NDPS,20,1,2
2635,POCSO,66C,1,3
2636,NDPS,66D,1,1
2636,IPC,379,1,2
2636,IT_ACT,392,1,3
2637,NDPS,457,1,1
2638,NDPS,66D,1,1
2638,POCSO,392,1,2
2638,IPC,392,1,3
2639,IT_ACT,66D,1,1
2639,IPC,20,1,2
2640,IPC,66C,1,1
2641,IT_ACT,66C,1,1
2641,IPC,66C,1,2
2642,NDPS,66D,1,1
2642,IT_ACT,302,1,2
2642,NDPS,392,1,3
2643,IT_ACT,66D,1,1
2643,IPC,66C,1,2
2643,NDPS,302,1,3
2644,NDPS,457,1,1
2645,IPC,392,1,1
2646,IPC,302,1,1
2646,IT_ACT,392,1,2
2647,NDPS,302,1,1
2648,POCSO,379,1,1
2648,IPC,457,1,2
2649,POCSO,20,1,1
2650,IPC,302,1,1
2650,NDPS,66C,1,2
2650,NDPS,66D,1,3
2651,IPC,66D,1,1
2651,POCSO,66D,1,2
2651,POCSO,66D,1,3
2652,IPC,66C,1,1
2653,NDPS,20,1,1
2653,POCSO,66C,1,2
2654,IPC,20,1,1
2654,IPC,392,1,2
2655,NDPS,379,1,1
2656,IPC,392,1,1
2657,NDPS,302,1,1
2657,IPC,20,1,2
2657,POCSO,20,1,3
2658,POCSO,20,1,1
2658,IPC,302,1,2
2659,IPC,379,1,1
2659,NDPS,302,1,2
2660,NDPS,379,1,1
2660,IT_ACT,392,1,2
2660,POCSO,379,1,3
2661,IT_ACT,66D,1,1
2661,IT_ACT,66D,1,2
2662,POCSO,66D,1,1
2662,IT_ACT,392,1,2
2662,IPC,457,1,3
2663,NDPS,66D,1,1
2664,IT_ACT,457,1,1
2665,IPC,20,1,1
2666,IT_ACT,302,1,1
2666,IPC,457,1,2
2667,IT_ACT,20,1,1
2667,POCSO,457,1,2
2668,NDPS,457,1,1
2669,POCSO,392,1,1
2670,IT_ACT,66D,1,1
2670,POCSO,392,1,2
2670,NDPS,392,1,3
2671,NDPS,20,1,1
2671,IT_ACT,66C,1,2
2672,IPC,66C,1,1
2672,IT_ACT,302,1,2
2673,NDPS,66C,1,1
2674,IT_ACT,302,1,1
2674,IT_ACT,20,1,2
2674,IT_ACT,457,1,3
2675,POCSO,20,1,1
2675,POCSO,379,1,2
2675,IPC,66D,1,3
2676,POCSO,392,1,1
2676,NDPS,66C,1,2
2676,IPC,302,1,3
2677,IT_ACT,20,1,1
2677,POCSO,379,1,2
2678,NDPS,66C,1,1
2678,NDPS,20,1,2
2679,IPC,302,1,1
2679,IPC,66D,1,2
2680,NDPS,379,1,1
2680,POCSO,66C,1,2
2681,IPC,20,1,1
2682,POCSO,457,1,1
2682,NDPS,20,1,2
2682,IT_ACT,379,1,3
2683,IT_ACT,66C,1,1
2683,NDPS,392,1,2
2683,IPC,302,1,3
2684,NDPS,392,1,1
2684,IT_ACT,392,1,2
2684,NDPS,392,1,3
2685,POCSO,66D,1,1
2685,IPC,302,1,2
2685,IT_ACT,66D,1,3
2686,IT_ACT,379,1,1
2687,IPC,379,1,1
2687,NDPS,302,1,2
2687,NDPS,392,1,3
2688,POCSO,66D,1,1
2688,POCSO,302,1,2
2688,IPC,457,1,3
2689,IT_ACT,66C,1,1
2689,POCSO,392,1,2
2689,IT_ACT,302,1,3
2690,IT_ACT,20,1,1
2690,NDPS,66C,1,2
2690,NDPS,379,1,3
2691,IPC,379,1,1
2691,POCSO,302,1,2
2692,IT_ACT,457,1,1
2692,NDPS,457,1,2
2692,IT_ACT,20,1,3
2693,NDPS,66C,1,1
2693,IPC,392,1,2
2694,IT_ACT,66D,1,1
2694,NDPS,20,1,2
2695,IPC,379,1,1
2695,IPC,66C,1,2
2696,IPC,302,1,1
2697,POCSO,66D,1,1
2698,IT_ACT,20,1,1
2698,POCSO,302,1,2
2699,IT_ACT,379,1,1
2699,IPC,302,1,2
2699,POCSO,66D,1,3
2700,IPC,379,1,1
2701,NDPS,457,1,1
2701,POCSO,20,1,2
2702,POCSO,392,1,1
2703,POCSO,379,1,1
2704,IT_ACT,392,1,1
2704,NDPS,379,1,2
2704,IT_ACT,302,1,3
2705,NDPS,457,1,1
2705,POCSO,20,1,2
2706,NDPS,302,1,1
2706,NDPS,379,1,2
2707,IT_ACT,66C,1,1
2707,IT_ACT,20,1,2
2708,POCSO,302,1,1
2708,POCSO,392,1,2
2708,POCSO,392,1,3
2709,IT_ACT,20,1,1
2709,NDPS,392,1,2
2709,IPC,20,1,3
2710,IPC,66D,1,1
2710,NDPS,20,1,2
2711,NDPS,302,1,1
2711,NDPS,457,1,2
2712,POCSO,457,1,1
2712,NDPS,66D,1,2
2712,IT_ACT,20,1,3
2713,NDPS,457,1,1
2713,IPC,302,1,2
2713,NDPS,457,1,3
2714,POCSO,392,1,1
2714,NDPS,302,1,2
2715,IT_ACT,392,1,1
2715,NDPS,392,1,2
2716,NDPS,392,1,1
2716,IPC,302,1,2
2717,IT_ACT,66C,1,1
2717,IPC,302,1,2
2718,NDPS,66D,1,1
2718,NDPS,379,1,2
2719,POCSO,66C,1,1
2720,IPC,20,1,1
2720,POCSO,392,1,2
2721,IPC,457,1,1
2722,NDPS,457,1,1
2722,POCSO,302,1,2
2723,NDPS,392,1,1
2723,POCSO,302,1,2
2724,NDPS,66C,1,1
2724,IT_ACT,20,1,2
2724,IPC,66C,1,3
2725,IT_ACT,66D,1,1
2725,NDPS,302,1,2
2725,NDPS,457,1,3
2726,IT_ACT,392,1,1
2727,NDPS,302,1,1
2727,IPC,66D,1,2
2727,POCSO,66D,1,3
2728,IT_ACT,66C,1,1
2728,NDPS,392,1,2
2728,IT_ACT,302,1,3
2729,NDPS,379,1,1
2729,POCSO,66C,1,2
2730,IPC,457,1,1
2730,IPC,302,1,2
2731,NDPS,392,1,1
2731,NDPS,302,1,2
2732,POCSO,302,1,1
2733,POCSO,457,1,1
2733,IPC,457,1,2
2734,POCSO,457,1,1
2734,POCSO,379,1,2
2734,IT_ACT,20,1,3
2735,POCSO,457,1,1
2735,IT_ACT,66C,1,2
2735,POCSO,379,1,3
2736,NDPS,302,1,1
2736,IT_ACT,20,1,2
2737,POCSO,392,1,1
2738,IPC,302,1,1
2738,IPC,392,1,2
2738,IPC,392,1,3
2739,IPC,392,1,1
2740,POCSO,302,1,1
2740,POCSO,302,1,2
2740,IT_ACT,66D,1,3
2741,IPC,392,1,1
2742,IPC,392,1,1
2742,IPC,302,1,2
2742,POCSO,379,1,3
2743,NDPS,20,1,1
2744,IT_ACT,457,1,1
2745,IPC,20,1,1
2746,IPC,20,1,1
2747,POCSO,392,1,1
2747,NDPS,379,1,2
2748,IPC,20,1,1
2749,IT_ACT,457,1,1
2750,POCSO,379,1,1
2751,POCSO,302,1,1
2751,IT_ACT,302,1,2
2752,IT_ACT,20,1,1
2752,IPC,457,1,2
2752,IT_ACT,379,1,3
2753,IPC,457,1,1
2754,POCSO,302,1,1
2754,NDPS,302,1,2
2754,NDPS,379,1,3
2755,POCSO,392,1,1
2755,IT_ACT,302,1,2
2755,POCSO,66C,1,3
2756,IPC,20,1,1
2756,IPC,66D,1,2
2756,IT_ACT,66D,1,3
2757,POCSO,66C,1,1
2757,IPC,20,1,2
2757,NDPS,302,1,3
2758,POCSO,66C,1,1
2759,IT_ACT,302,1,1
2759,IT_ACT,66C,1,2
2760,POCSO,20,1,1
2760,POCSO,20,1,2
2760,POCSO,302,1,3
2761,POCSO,379,1,1
2762,IT_ACT,392,1,1
2762,POCSO,392,1,2
2762,POCSO,66C,1,3
2763,NDPS,392,1,1
2764,POCSO,392,1,1
2765,IT_ACT,457,1,1
2765,POCSO,66D,1,2
2765,IT_ACT,302,1,3
2766,IPC,379,1,1
2766,IT_ACT,66C,1,2
2767,POCSO,457,1,1
2767,IT_ACT,66D,1,2
2767,POCSO,66D,1,3
2768,POCSO,392,1,1
2768,IT_ACT,66D,1,2
2769,POCSO,392,1,1
2769,IT_ACT,20,1,2
2770,IPC,66D,1,1
2770,NDPS,392,1,2
2770,IT_ACT,379,1,3
2771,NDPS,379,1,1
2771,IT_ACT,302,1,2
2771,IPC,392,1,3
2772,IPC,379,1,1
2772,NDPS,457,1,2
2772,NDPS,457,1,3
2773,IPC,379,1,1
2773,IPC,392,1,2
2774,IT_ACT,66C,1,1
2774,IT_ACT,302,1,2
2774,IPC,66D,1,3
2775,IT_ACT,302,1,1
2776,IPC,66D,1,1
2777,POCSO,66C,1,1
2777,IPC,66C,1,2
2777,NDPS,20,1,3
2778,IPC,379,1,1
2778,IT_ACT,302,1,2
2778,IPC,20,1,3
2779,NDPS,20,1,1
2780,NDPS,66D,1,1
2781,IT_ACT,392,1,1
2782,POCSO,20,1,1
2782,IPC,379,1,2
2783,IT_ACT,392,1,1
2783,IT_ACT,457,1,2
2783,IPC,392,1,3
2784,IPC,302,1,1
2785,IT_ACT,66D,1,1
2786,POCSO,20,1,1
2787,NDPS,66C,1,1
2787,POCSO,302,1,2
2787,IT_ACT,302,1,3
2788,NDPS,302,1,1
2789,IT_ACT,379,1,1
2790,IT_ACT,66C,1,1
2791,POCSO,457,1,1
2791,POCSO,392,1,2
2792,NDPS,20,1,1
2792,IT_ACT,66C,1,2
2793,IT_ACT,457,1,1
2793,POCSO,457,1,2
2793,POCSO,66C,1,3
2794,IPC,66C,1,1
2795,POCSO,392,1,1
2795,IT_ACT,66D,1,2
2795,POCSO,392,1,3
2796,POCSO,66D,1,1
2796,POCSO,379,1,2
2797,POCSO,66D,1,1
2797,IPC,66C,1,2
2797,NDPS,392,1,3
2798,POCSO,379,1,1
2799,IT_ACT,66C,1,1
2799,POCSO,379,1,2
2800,NDPS,20,1,1
2800,IT_ACT,379,1,2
2800,POCSO,379,1,3
2801,POCSO,457,1,1
2802,IT_ACT,392,1,1
2802,IT_ACT,66D,1,2
2803,IPC,20,1,1
2803,IPC,392,1,2
2804,IT_ACT,392,1,1
2804,NDPS,379,1,2
2804,IPC,379,1,3
2805,IT_ACT,20,1,1
2805,IT_ACT,457,1,2
2805,POCSO,66D,1,3
2806,IPC,457,1,1
2807,NDPS,66D,1,1
2808,POCSO,20,1,1
2809,IPC,379,1,1
2809,POCSO,302,1,2
2809,POCSO,66C,1,3
2810,POCSO,302,1,1
2810,NDPS,20,1,2
2810,POCSO,66C,1,3
2811,NDPS,20,1,1
2811,POCSO,302,1,2
2812,IPC,66C,1,1
2813,IT_ACT,457,1,1
2813,IPC,66C,1,2
2814,IPC,66D,1,1
2814,NDPS,20,1,2
2815,NDPS,392,1,1
2816,IPC,66C,1,1
2816,POCSO,302,1,2
2817,POCSO,20,1,1
2817,IT_ACT,66C,1,2
2817,POCSO,302,1,3
2818,IT_ACT,379,1,1
2818,IT_ACT,20,1,2
2818,NDPS,20,1,3
2819,NDPS,457,1,1
2819,IT_ACT,379,1,2
2819,IT_ACT,457,1,3
2820,IPC,20,1,1
2820,NDPS,379,1,2
2820,IPC,392,1,3
2821,IPC,20,1,1
2821,IT_ACT,392,1,2
2821,POCSO,66C,1,3
2822,IT_ACT,457,1,1
2823,POCSO,457,1,1
2824,IT_ACT,66D,1,1
2824,IT_ACT,66D,1,2
2824,IT_ACT,392,1,3
2825,IPC,302,1,1
2825,IPC,66D,1,2
2826,POCSO,20,1,1
2826,POCSO,392,1,2
2826,NDPS,20,1,3
2827,NDPS,457,1,1
2828,IPC,379,1,1
2828,NDPS,20,1,2
2829,POCSO,20,1,1
2829,IPC,66C,1,2
2829,NDPS,392,1,3
2830,IT_ACT,20,1,1
2830,POCSO,302,1,2
2831,NDPS,66C,1,1
2831,NDPS,392,1,2
2831,IT_ACT,457,1,3
2832,IPC,66C,1,1
2833,NDPS,66D,1,1
2834,POCSO,66D,1,1
2834,POCSO,66D,1,2
2835,IPC,379,1,1
2835,POCSO,66D,1,2
2836,IT_ACT,379,1,1
2836,POCSO,20,1,2
2837,IT_ACT,66C,1,1
2837,IPC,20,1,2
2837,NDPS,66C,1,3
2838,IPC,66D,1,1
2838,IPC,66D,1,2
2839,NDPS,66D,1,1
2840,POCSO,457,1,1
2840,NDPS,66D,1,2
2840,IPC,66D,1,3
2841,IT_ACT,379,1,1
2841,POCSO,392,1,2
2842,IT_ACT,66C,1,1
2843,POCSO,20,1,1
2843,POCSO,392,1,2
2844,IPC,457,1,1
2844,POCSO,457,1,2
2845,IPC,66D,1,1
2845,IT_ACT,379,1,2
2846,POCSO,392,1,1
2847,IPC,302,1,1
2847,IPC,457,1,2
2848,IPC,66D,1,1
2849,POCSO,20,1,1
2849,IT_ACT,392,1,2
2850,IPC,20,1,1
2850,IPC,20,1,2
2850,IT_ACT,20,1,3
2851,IPC,457,1,1
2852,IT_ACT,302,1,1
2852,NDPS,20,1,2
2853,NDPS,302,1,1
2853,IT_ACT,302,1,2
2854,POCSO,379,1,1
2854,IT_ACT,379,1,2
2855,IT_ACT,20,1,1
2855,IPC,457,1,2
2855,IPC,457,1,3
2856,IPC,302,1,1
2856,POCSO,302,1,2
2857,IPC,379,1,1
2857,NDPS,379,1,2
2858,IT_ACT,66D,1,1
2858,POCSO,392,1,2
2858,NDPS,66D,1,3
2859,POCSO,379,1,1
2859,IPC,392,1,2
2859,NDPS,302,1,3
2860,NDPS,66D,1,1
2861,IT_ACT,392,1,1
2861,NDPS,457,1,2
2862,IPC,66D,1,1
2862,IPC,66C,1,2
2863,NDPS,20,1,1
2863,POCSO,20,1,2
2863,POCSO,379,1,3
2864,NDPS,20,1,1
2864,IPC,302,1,2
2864,POCSO,379,1,3
2865,IT_ACT,457,1,1
2866,IPC,302,1,1
2867,IT_ACT,392,1,1
2867,NDPS,20,1,2
2868,IPC,379,1,1
2868,POCSO,66D,1,2
2869,POCSO,379,1,1
2869,POCSO,66C,1,2
2870,POCSO,302,1,1
2870,IT_ACT,302,1,2
2870,NDPS,20,1,3
2871,IPC,20,1,1
2872,POCSO,20,1,1
2873,IPC,457,1,1
2874,IPC,379,1,1
2875,IT_ACT,392,1,1
2875,IT_ACT,20,1,2
2875,NDPS,392,1,3
2876,IT_ACT,457,1,1
2877,POCSO,392,1,1
2878,IPC,66C,1,1
2878,IT_ACT,457,1,2
2879,POCSO,379,1,1
2879,IT_ACT,66D,1,2
2879,NDPS,457,1,3
2880,POCSO,66C,1,1
2881,POCSO,379,1,1
2881,NDPS,66C,1,2
2882,IPC,66D,1,1
2883,IT_ACT,66C,1,1
2884,IPC,66C,1,1
2884,IPC,66D,1,2
2884,IPC,66D,1,3
2885,IT_ACT,66C,1,1
2885,IPC,392,1,2
2886,IT_ACT,66C,1,1
2886,IPC,392,1,2
2887,IT_ACT,66C,1,1
2887,IT_ACT,66C,1,2
2888,IT_ACT,379,1,1
2889,POCSO,66C,1,1
2889,IT_ACT,379,1,2
2890,IT_ACT,66D,1,1
2890,IPC,66C,1,2
2890,POCSO,302,1,3
2891,IT_ACT,392,1,1
2891,IPC,457,1,2
2892,POCSO,66D,1,1
2893,IT_ACT,302,1,1
2893,IT_ACT,66D,1,2
2893,POCSO,20,1,3
2894,POCSO,66C,1,1
2895,POCSO,66D,1,1
2896,IPC,66D,1,1
2897,NDPS,457,1,1
2897,IT_ACT,457,1,2
2898,IPC,66C,1,1
2898,IPC,302,1,2
2898,POCSO,392,1,3
2899,NDPS,20,1,1
2900,IT_ACT,457,1,1
2901,IT_ACT,392,1,1
2901,IPC,302,1,2
2902,NDPS,302,1,1
2903,IPC,66C,1,1
2903,IT_ACT,392,1,2
2903,IT_ACT,20,1,3
2904,IT_ACT,302,1,1
2904,IT_ACT,457,1,2
2904,NDPS,379,1,3
2905,NDPS,392,1,1
2905,IPC,302,1,2
2905,POCSO,66C,1,3
2906,IPC,20,1,1
2906,IT_ACT,392,1,2
2907,IT_ACT,392,1,1
2907,NDPS,66D,1,2
2908,IT_ACT,302,1,1
2908,IPC,302,1,2
2909,IPC,66C,1,1
2909,NDPS,379,1,2
2909,IT_ACT,379,1,3
2910,POCSO,20,1,1
2910,POCSO,66D,1,2
2910,IPC,66C,1,3
2911,IT_ACT,66C,1,1
2911,NDPS,457,1,2
2912,IPC,379,1,1
2912,NDPS,66D,1,2
2912,NDPS,20,1,3
2913,IT_ACT,392,1,1
2913,NDPS,392,1,2
2914,IT_ACT,66D,1,1
2915,IT_ACT,66D,1,1
2915,NDPS,379,1,2
2915,POCSO,379,1,3
2916,IPC,302,1,1
2916,NDPS,20,1,2
2917,NDPS,302,1,1
2918,POCSO,457,1,1
2919,POCSO,20,1,1
2919,IPC,66D,1,2
2920,POCSO,392,1,1
2921,POCSO,302,1,1
2922,NDPS,302,1,1
2923,IT_ACT,66C,1,1
2923,POCSO,66C,1,2
2924,POCSO,379,1,1
2924,IPC,66C,1,2
2925,IPC,302,1,1
2925,IT_ACT,392,1,2
2926,POCSO,379,1,1
2926,POCSO,302,1,2
2926,NDPS,392,1,3
2927,IPC,457,1,1
2928,NDPS,457,1,1
2928,POCSO,66C,1,2
2929,IPC,66D,1,1
2929,IT_ACT,457,1,2
2929,POCSO,392,1,3
2930,NDPS,392,1,1
2931,POCSO,379,1,1
2931,IPC,392,1,2
2932,IPC,66C,1,1
2932,IT_ACT,379,1,2
2932,POCSO,66D,1,3
2933,IPC,66D,1,1
2933,POCSO,20,1,2
2933,IPC,66C,1,3
2934,IPC,379,1,1
2935,IPC,66D,1,1
2935,POCSO,66D,1,2
2935,NDPS,457,1,3
2936,NDPS,302,1,1
2937,IT_ACT,66C,1,1
2937,POCSO,302,1,2
2938,NDPS,66C,1,1
2939,NDPS,66C,1,1
2939,POCSO,379,1,2
2940,POCSO,66D,1,1
2940,POCSO,20,1,2
2941,IT_ACT,20,1,1
2941,IPC,302,1,2
2941,IPC,379,1,3
2942,POCSO,457,1,1
2942,POCSO,457,1,2
2942,IPC,66C,1,3
2943,POCSO,20,1,1
2944,IT_ACT,66C,1,1
2945,NDPS,66C,1,1
2945,POCSO,392,1,2
2946,IT_ACT,392,1,1
2946,POCSO,379,1,2
2946,POCSO,20,1,3
2947,POCSO,66D,1,1
2947,NDPS,392,1,2
2947,NDPS,392,1,3
2948,IT_ACT,379,1,1
2948,IPC,379,1,2
2948,IT_ACT,66C,1,3
2949,NDPS,302,1,1
2949,POCSO,302,1,2
2950,POCSO,66C,1,1
2950,IT_ACT,20,1,2
2951,IPC,457,1,1
2952,POCSO,379,1,1
2952,NDPS,302,1,2
2952,POCSO,66C,1,3
2953,IPC,392,1,1
2953,POCSO,66D,1,2
2954,NDPS,457,1,1
2955,IT_ACT,457,1,1
2956,IPC,20,1,1
2957,NDPS,379,1,1
2958,IPC,66C,1,1
2959,NDPS,20,1,1
2960,IPC,302,1,1
2960,IPC,66C,1,2
2961,IPC,379,1,1
2962,NDPS,392,1,1
2963,IT_ACT,302,1,1
2964,POCSO,392,1,1
2964,POCSO,302,1,2
2965,IT_ACT,392,1,1
2965,NDPS,457,1,2
2966,IT_ACT,379,1,1
2967,POCSO,379,1,1
2968,NDPS,66D,1,1
2969,POCSO,392,1,1
2969,NDPS,20,1,2
2970,IT_ACT,20,1,1
2970,NDPS,66C,1,2
2971,POCSO,457,1,1
2972,IT_ACT,457,1,1
2972,NDPS,302,1,2
2972,IT_ACT,392,1,3
2973,IT_ACT,20,1,1
2973,NDPS,66C,1,2
2973,NDPS,66D,1,3
2974,NDPS,392,1,1
2975,NDPS,302,1,1
2976,IT_ACT,66D,1,1
2976,IPC,379,1,2
2977,IPC,302,1,1
2977,IPC,20,1,2
2978,IPC,20,1,1
2979,NDPS,302,1,1
2980,POCSO,392,1,1
2981,IT_ACT,20,1,1
2982,IPC,392,1,1
2983,IT_ACT,302,1,1
2984,POCSO,392,1,1
2984,IT_ACT,20,1,2
2985,IT_ACT,20,1,1
2985,IT_ACT,302,1,2
2985,IPC,392,1,3
2986,POCSO,379,1,1
2987,POCSO,392,1,1
2988,NDPS,392,1,1
2988,IPC,302,1,2
2989,IPC,20,1,1
2989,IT_ACT,302,1,2
2990,IT_ACT,392,1,1
2991,IPC,457,1,1
2991,IT_ACT,392,1,2
2992,IPC,302,1,1
2992,IPC,392,1,2
2993,POCSO,20,1,1
2993,POCSO,20,1,2
2993,IPC,392,1,3
2994,NDPS,379,1,1
2994,IPC,379,1,2
2994,IT_ACT,20,1,3
2995,IPC,302,1,1
2995,POCSO,302,1,2
2996,IT_ACT,392,1,1
2997,NDPS,457,1,1
2997,NDPS,457,1,2
2998,NDPS,457,1,1
2999,NDPS,302,1,1
2999,POCSO,66C,1,2
2999,NDPS,457,1,3
3000,IT_ACT,20,1,1
3000,IT_ACT,379,1,2
3001,NDPS,457,1,1
3002,IT_ACT,66D,1,1
3002,POCSO,392,1,2
3002,POCSO,302,1,3
3003,NDPS,302,1,1
3003,IPC,392,1,2
3003,POCSO,379,1,3
