ArrestSurrenderID,CaseMasterID,ArrestSurrenderTypeID,ArrestSurrenderDate,ArrestSurrenderStateId,ArrestSurrenderDistrictId,PoliceStationID,IOID,CourtID,AccusedMasterID,IsAccused,IsComplainantAccused
1,1,2,2026-01-29 09:00:00,1,1005,3036,9394,4009,3,1,0
2,2,1,2026-01-24 14:00:00,1,1002,3013,9261,4005,4,1,0
3,3,2,2025-05-13 16:00:00,1,1003,3022,9136,4008,7,1,0
4,4,2,2025-11-23 12:00:00,1,1001,3008,9138,4009,8,1,0
5,5,2,2025-12-19 04:00:00,1,1002,3014,9280,4015,9,1,0
6,7,2,2025-05-19 01:00:00,1,1003,3018,9309,4005,12,1,0
7,8,1,2025-01-09 05:00:00,1,1002,3015,9079,4007,15,1,0
8,10,2,2026-03-21 09:00:00,1,1003,3017,9372,4012,18,1,0
9,11,1,2025-08-29 15:00:00,1,1001,3001,9215,4002,21,1,0
10,12,2,2025-12-12 13:00:00,1,1002,3014,9024,4005,23,1,0
11,13,2,2025-05-27 10:00:00,1,1003,3018,9086,4002,24,1,0
12,14,1,2026-03-07 14:00:00,1,1004,3026,9051,4013,26,1,0
13,15,1,2026-01-26 08:00:00,1,1004,3030,9205,4003,27,1,0
14,16,2,2025-09-14 11:00:00,1,1004,3025,9152,4005,30,1,0
15,17,2,2025-11-17 20:00:00,1,1002,3012,9343,4015,32,1,0
16,18,1,2025-01-23 16:00:00,1,1004,3031,9033,4004,34,1,0
17,22,1,2025-04-18 02:00:00,1,1004,3029,9202,4007,41,1,0
18,24,1,2026-03-12 01:00:00,1,1004,3032,9126,4014,43,1,0
19,25,2,2025-12-14 14:00:00,1,1001,3007,9067,4007,45,1,0
20,26,1,2025-06-20 06:00:00,1,1002,3010,9070,4008,48,1,0
21,27,2,2025-11-27 10:00:00,1,1005,3034,9192,4008,50,1,0
22,28,1,2025-08-20 05:00:00,1,1002,3010,9289,4006,52,1,0
23,30,2,2025-04-05 11:00:00,1,1004,3030,9125,4015,55,1,0
24,31,2,2025-06-20 07:00:00,1,1003,3024,9080,4011,56,1,0
25,32,2,2026-01-20 19:00:00,1,1002,3012,9132,4014,57,1,0
26,33,1,2025-12-02 19:00:00,1,1001,3003,9165,4010,60,1,0
27,34,2,2025-07-03 02:00:00,1,1003,3018,9255,4010,61,1,0
28,35,1,2025-05-03 22:00:00,1,1004,3032,9184,4013,63,1,0
29,39,1,2025-04-06 12:00:00,1,1003,3021,9110,4010,73,1,0
30,40,1,2025-06-18 14:00:00,1,1003,3020,9162,4003,76,1,0
31,41,2,2025-02-14 19:00:00,1,1001,3008,9028,4006,77,1,0
32,43,1,2025-08-19 19:00:00,1,1002,3009,9026,4006,81,1,0
33,48,2,2025-03-12 09:00:00,1,1001,3003,9144,4002,87,1,0
34,51,2,2025-11-15 07:00:00,1,1005,3035,9292,4005,91,1,0
35,52,2,2026-01-29 17:00:00,1,1005,3037,9296,4011,93,1,0
36,54,1,2026-01-07 13:00:00,1,1005,3035,9057,4008,97,1,0
37,56,2,2025-05-13 16:00:00,1,1004,3031,9092,4011,101,1,0
38,57,2,2025-09-04 10:00:00,1,1002,3014,9397,4007,104,1,0
39,59,1,2025-07-22 19:00:00,1,1001,3004,9341,4005,108,1,0
40,60,1,2025-05-01 11:00:00,1,1001,3005,9053,4004,109,1,0
41,61,1,2026-01-04 19:00:00,1,1004,3025,9198,4012,112,1,0
42,63,1,2026-01-15 03:00:00,1,1004,3028,9055,4013,117,1,0
43,64,2,2025-09-19 12:00:00,1,1001,3006,9362,4010,118,1,0
44,67,1,2025-05-24 01:00:00,1,1005,3039,9131,4004,122,1,0
45,69,2,2026-01-30 23:00:00,1,1001,3003,9316,4002,126,1,0
46,72,2,2025-10-01 07:00:00,1,1001,3006,9097,4011,132,1,0
47,73,1,2025-10-01 10:00:00,1,1001,3008,9208,4007,133,1,0
48,74,2,2025-09-20 05:00:00,1,1005,3039,9391,4005,134,1,0
49,76,1,2025-10-12 11:00:00,1,1003,3020,9267,4008,139,1,0
50,78,2,2026-03-20 08:00:00,1,1005,3040,9004,4002,141,1,0
51,79,1,2025-06-22 21:00:00,1,1001,3001,9212,4013,143,1,0
52,80,1,2026-03-08 16:00:00,1,1005,3038,9371,4007,146,1,0
53,81,2,2026-02-02 08:00:00,1,1002,3011,9249,4006,147,1,0
54,82,2,2025-02-06 01:00:00,1,1003,3021,9216,4005,149,1,0
55,83,2,2025-09-25 05:00:00,1,1002,3016,9333,4009,150,1,0
56,84,1,2025-08-25 23:00:00,1,1003,3019,9225,4002,152,1,0
57,88,2,2026-02-06 15:00:00,1,1004,3026,9115,4009,160,1,0
58,90,1,2025-04-05 01:00:00,1,1004,3031,9074,4010,162,1,0
59,91,1,2025-08-24 08:00:00,1,1003,3017,9270,4008,163,1,0
60,93,2,2025-01-17 19:00:00,1,1002,3014,9398,4007,167,1,0
61,94,1,2025-08-07 02:00:00,1,1003,3020,9216,4014,168,1,0
62,96,1,2025-02-10 22:00:00,1,1003,3021,9070,4014,171,1,0
63,97,2,2025-07-15 03:00:00,1,1005,3035,9115,4012,172,1,0
64,98,2,2025-08-02 23:00:00,1,1005,3038,9305,4015,173,1,0
65,101,2,2025-02-12 18:00:00,1,1003,3020,9131,4015,178,1,0
66,102,1,2025-09-04 08:00:00,1,1003,3023,9272,4005,179,1,0
67,103,2,2025-08-03 16:00:00,1,1005,3033,9085,4013,181,1,0
68,104,2,2025-03-06 17:00:00,1,1005,3034,9244,4013,184,1,0
69,106,1,2026-02-11 06:00:00,1,1004,3029,9149,4014,188,1,0
70,107,2,2025-06-28 01:00:00,1,1002,3015,9163,4009,190,1,0
71,109,1,2025-05-13 16:00:00,1,1003,3019,9146,4004,192,1,0
72,112,2,2026-02-22 06:00:00,1,1001,3002,9288,4012,197,1,0
73,115,1,2026-03-31 05:00:00,1,1003,3018,9400,4004,204,1,0
74,116,2,2025-10-04 03:00:00,1,1004,3032,9076,4011,206,1,0
75,117,1,2025-07-12 21:00:00,1,1001,3002,9398,4015,207,1,0
76,118,1,2026-02-08 04:00:00,1,1001,3006,9110,4012,209,1,0
77,119,2,2025-08-19 00:00:00,1,1002,3011,9002,4007,211,1,0
78,120,1,2025-02-25 22:00:00,1,1004,3029,9258,4008,212,1,0
79,121,2,2026-03-11 09:00:00,1,1002,3013,9093,4003,213,1,0
80,122,1,2025-09-18 00:00:00,1,1005,3034,9049,4008,214,1,0
81,123,2,2025-08-09 14:00:00,1,1001,3007,9198,4014,215,1,0
82,124,1,2025-07-16 00:00:00,1,1002,3016,9216,4012,216,1,0
83,125,2,2025-02-01 03:00:00,1,1002,3009,9275,4011,217,1,0
84,126,1,2025-05-08 06:00:00,1,1001,3001,9029,4013,220,1,0
85,127,1,2025-10-03 05:00:00,1,1003,3017,9142,4015,221,1,0
86,128,1,2025-10-04 00:00:00,1,1003,3020,9380,4008,222,1,0
87,129,2,2025-05-04 16:00:00,1,1002,3013,9270,4015,224,1,0
88,131,2,2025-12-22 06:00:00,1,1001,3004,9138,4010,228,1,0
89,132,2,2026-02-28 11:00:00,1,1004,3032,9191,4006,230,1,0
90,134,2,2025-10-12 19:00:00,1,1005,3036,9345,4005,232,1,0
91,135,1,2026-03-07 07:00:00,1,1005,3039,9270,4012,233,1,0
92,136,1,2025-03-11 20:00:00,1,1001,3006,9004,4011,234,1,0
93,139,1,2025-08-30 14:00:00,1,1001,3002,9260,4004,238,1,0
94,140,2,2025-08-15 20:00:00,1,1003,3017,9394,4005,240,1,0
95,142,1,2026-03-28 18:00:00,1,1001,3008,9365,4008,244,1,0
96,143,1,2025-04-20 09:00:00,1,1004,3029,9302,4003,246,1,0
97,144,1,2025-12-05 04:00:00,1,1003,3023,9394,4009,247,1,0
98,145,2,2025-10-30 15:00:00,1,1001,3001,9233,4005,248,1,0
99,146,2,2025-02-04 05:00:00,1,1005,3037,9185,4015,250,1,0
100,147,2,2026-01-14 05:00:00,1,1004,3030,9016,4011,253,1,0
101,151,1,2025-11-12 08:00:00,1,1004,3026,9113,4004,259,1,0
102,152,1,2025-07-06 12:00:00,1,1004,3028,9389,4002,262,1,0
103,153,2,2025-05-19 20:00:00,1,1004,3031,9335,4006,263,1,0
104,156,2,2026-03-21 10:00:00,1,1003,3020,9159,4003,267,1,0
105,157,1,2026-01-09 22:00:00,1,1002,3015,9033,4010,269,1,0
106,158,2,2026-02-06 02:00:00,1,1003,3019,9366,4010,272,1,0
107,159,2,2025-11-01 08:00:00,1,1005,3034,9034,4013,275,1,0
108,160,2,2025-07-24 17:00:00,1,1003,3020,9188,4002,276,1,0
109,163,2,2025-04-19 19:00:00,1,1005,3039,9095,4011,281,1,0
110,165,2,2025-09-24 21:00:00,1,1002,3009,9362,4005,283,1,0
111,166,1,2025-04-15 20:00:00,1,1004,3032,9026,4006,284,1,0
112,170,1,2025-02-28 11:00:00,1,1002,3009,9082,4015,293,1,0
113,171,2,2025-11-05 14:00:00,1,1002,3013,9196,4010,294,1,0
114,172,2,2025-10-18 03:00:00,1,1005,3039,9124,4004,295,1,0
115,174,2,2025-11-02 17:00:00,1,1002,3010,9114,4003,299,1,0
116,175,1,2025-02-14 04:00:00,1,1005,3038,9206,4010,301,1,0
117,178,1,2025-11-17 07:00:00,1,1001,3008,9301,4003,307,1,0
118,179,2,2025-09-14 05:00:00,1,1001,3006,9004,4007,308,1,0
119,180,2,2026-01-20 22:00:00,1,1002,3015,9095,4015,309,1,0
120,182,2,2026-03-05 16:00:00,1,1004,3029,9177,4003,313,1,0
121,183,1,2025-12-22 03:00:00,1,1005,3038,9121,4012,314,1,0
122,185,2,2025-04-12 05:00:00,1,1005,3037,9301,4007,319,1,0
123,186,1,2025-02-07 11:00:00,1,1002,3012,9297,4005,320,1,0
124,188,1,2025-04-02 18:00:00,1,1003,3019,9365,4005,324,1,0
125,190,2,2025-06-28 07:00:00,1,1004,3031,9198,4011,327,1,0
126,191,1,2025-11-30 18:00:00,1,1003,3021,9157,4006,328,1,0
127,192,2,2026-02-04 18:00:00,1,1002,3011,9255,4003,330,1,0
128,194,1,2025-08-08 21:00:00,1,1003,3017,9077,4001,336,1,0
129,195,2,2025-09-20 04:00:00,1,1001,3003,9032,4002,337,1,0
130,196,2,2026-01-16 04:00:00,1,1003,3018,9328,4014,338,1,0
131,197,1,2025-02-25 17:00:00,1,1002,3011,9001,4014,340,1,0
132,201,1,2025-02-08 23:00:00,1,1005,3036,9131,4009,347,1,0
133,202,1,2025-02-09 07:00:00,1,1005,3033,9334,4002,348,1,0
134,203,1,2025-11-29 11:00:00,1,1002,3015,9043,4002,349,1,0
135,204,1,2025-09-02 17:00:00,1,1002,3013,9360,4014,350,1,0
136,205,2,2025-06-10 18:00:00,1,1004,3032,9342,4005,352,1,0
137,206,1,2025-01-12 05:00:00,1,1001,3008,9198,4012,354,1,0
138,208,1,2025-11-19 14:00:00,1,1002,3016,9400,4010,356,1,0
139,210,1,2025-10-20 22:00:00,1,1003,3017,9321,4013,361,1,0
140,211,2,2025-07-29 22:00:00,1,1005,3033,9255,4013,362,1,0
141,212,1,2025-06-22 19:00:00,1,1005,3035,9302,4015,365,1,0
142,213,2,2025-03-12 02:00:00,1,1002,3015,9282,4014,366,1,0
143,215,2,2025-08-08 10:00:00,1,1003,3020,9218,4004,369,1,0
144,216,1,2025-12-11 00:00:00,1,1002,3010,9132,4004,371,1,0
145,218,1,2025-11-23 11:00:00,1,1005,3035,9057,4004,373,1,0
146,219,2,2025-08-12 14:00:00,1,1001,3003,9225,4005,374,1,0
147,220,2,2025-04-03 22:00:00,1,1005,3035,9150,4015,375,1,0
148,221,2,2026-02-04 19:00:00,1,1002,3015,9212,4006,376,1,0
149,222,2,2026-03-10 10:00:00,1,1003,3020,9174,4004,377,1,0
150,223,1,2025-08-11 22:00:00,1,1003,3020,9091,4014,380,1,0
151,224,2,2025-03-02 23:00:00,1,1004,3027,9039,4010,381,1,0
152,225,2,2025-06-22 20:00:00,1,1001,3005,9043,4005,383,1,0
153,227,1,2025-09-28 02:00:00,1,1005,3035,9280,4012,386,1,0
154,228,1,2026-01-19 03:00:00,1,1002,3012,9241,4004,387,1,0
155,229,1,2025-07-25 16:00:00,1,1002,3009,9200,4004,388,1,0
156,231,2,2025-04-15 02:00:00,1,1005,3037,9045,4009,390,1,0
157,232,1,2026-01-07 04:00:00,1,1001,3002,9225,4007,393,1,0
158,233,2,2025-01-26 03:00:00,1,1005,3034,9222,4013,395,1,0
159,234,2,2025-11-07 03:00:00,1,1004,3032,9043,4012,396,1,0
160,235,1,2025-07-20 22:00:00,1,1004,3028,9379,4014,398,1,0
161,236,2,2025-09-14 09:00:00,1,1005,3035,9225,4014,400,1,0
162,239,2,2025-11-09 11:00:00,1,1004,3029,9340,4004,405,1,0
163,240,1,2025-10-06 06:00:00,1,1003,3018,9031,4010,409,1,0
164,242,2,2026-02-27 13:00:00,1,1002,3012,9381,4008,414,1,0
165,244,1,2026-01-08 06:00:00,1,1002,3013,9139,4003,419,1,0
166,245,1,2025-03-16 13:00:00,1,1004,3030,9078,4004,420,1,0
167,246,2,2025-07-16 11:00:00,1,1003,3018,9368,4012,423,1,0
168,248,2,2025-01-28 20:00:00,1,1001,3002,9151,4002,426,1,0
169,249,2,2025-12-22 04:00:00,1,1002,3014,9353,4013,427,1,0
170,250,1,2025-03-19 21:00:00,1,1002,3012,9243,4014,428,1,0
171,251,1,2026-01-06 17:00:00,1,1005,3035,9179,4002,430,1,0
172,253,1,2025-09-17 07:00:00,1,1005,3036,9001,4007,433,1,0
173,254,2,2025-01-21 00:00:00,1,1003,3019,9163,4005,436,1,0
174,257,1,2026-03-27 08:00:00,1,1005,3033,9103,4005,441,1,0
175,258,1,2025-05-17 05:00:00,1,1002,3013,9007,4005,444,1,0
176,260,2,2026-02-19 02:00:00,1,1005,3037,9010,4006,446,1,0
177,261,1,2025-01-18 07:00:00,1,1003,3024,9023,4009,449,1,0
178,262,1,2025-10-27 22:00:00,1,1004,3031,9031,4010,451,1,0
179,263,1,2026-02-17 15:00:00,1,1001,3007,9154,4010,452,1,0
180,267,1,2025-11-13 03:00:00,1,1004,3026,9373,4007,459,1,0
181,268,1,2025-10-14 01:00:00,1,1002,3010,9231,4003,460,1,0
182,269,1,2025-07-01 23:00:00,1,1004,3027,9083,4004,461,1,0
183,270,1,2026-03-27 15:00:00,1,1004,3031,9026,4004,462,1,0
184,271,1,2025-07-13 06:00:00,1,1004,3032,9056,4008,463,1,0
185,272,2,2025-06-15 18:00:00,1,1002,3015,9141,4015,466,1,0
186,273,1,2025-05-16 04:00:00,1,1003,3019,9167,4008,467,1,0
187,274,1,2025-06-20 20:00:00,1,1001,3001,9068,4004,469,1,0
188,275,2,2025-05-24 09:00:00,1,1001,3002,9311,4010,472,1,0
189,276,2,2025-01-20 05:00:00,1,1005,3034,9156,4008,475,1,0
190,277,2,2025-10-30 02:00:00,1,1001,3001,9037,4009,476,1,0
191,278,1,2025-06-22 09:00:00,1,1003,3023,9388,4006,479,1,0
192,279,1,2025-11-25 18:00:00,1,1005,3039,9226,4008,480,1,0
193,280,2,2025-04-24 09:00:00,1,1005,3035,9367,4007,484,1,0
194,281,2,2025-11-10 21:00:00,1,1004,3027,9108,4010,485,1,0
195,286,2,2026-03-21 03:00:00,1,1003,3022,9222,4005,495,1,0
196,287,1,2026-02-21 02:00:00,1,1002,3012,9242,4009,497,1,0
197,288,2,2026-01-15 19:00:00,1,1003,3021,9274,4004,499,1,0
198,289,2,2025-04-25 17:00:00,1,1004,3030,9195,4005,500,1,0
199,290,2,2025-07-21 22:00:00,1,1005,3034,9293,4006,501,1,0
200,291,1,2026-03-20 12:00:00,1,1002,3011,9134,4015,503,1,0
201,292,2,2025-04-23 23:00:00,1,1005,3035,9343,4001,505,1,0
202,293,2,2025-01-11 19:00:00,1,1004,3031,9215,4012,506,1,0
203,294,2,2025-12-10 20:00:00,1,1002,3011,9092,4009,507,1,0
204,295,2,2025-01-17 12:00:00,1,1004,3030,9270,4012,508,1,0
205,296,1,2025-09-14 12:00:00,1,1004,3029,9270,4009,509,1,0
206,297,2,2025-11-15 10:00:00,1,1003,3024,9253,4010,512,1,0
207,298,2,2025-04-28 23:00:00,1,1005,3037,9096,4011,513,1,0
208,299,2,2026-03-22 23:00:00,1,1005,3034,9062,4005,514,1,0
209,300,2,2025-01-17 15:00:00,1,1005,3035,9155,4006,516,1,0
210,302,2,2025-11-27 20:00:00,1,1001,3006,9126,4005,522,1,0
211,304,2,2026-01-31 09:00:00,1,1001,3008,9311,4015,525,1,0
212,306,1,2025-02-03 17:00:00,1,1005,3038,9146,4009,528,1,0
213,309,2,2025-08-14 21:00:00,1,1004,3025,9349,4004,532,1,0
214,310,1,2026-02-21 19:00:00,1,1004,3027,9044,4001,533,1,0
215,313,2,2025-09-02 03:00:00,1,1004,3026,9186,4003,536,1,0
216,315,2,2025-08-24 05:00:00,1,1004,3030,9263,4004,540,1,0
217,316,1,2025-08-23 13:00:00,1,1005,3039,9248,4006,541,1,0
218,317,1,2025-11-06 06:00:00,1,1005,3033,9136,4011,543,1,0
219,318,1,2025-10-21 11:00:00,1,1004,3027,9223,4008,545,1,0
220,319,1,2025-07-10 11:00:00,1,1004,3025,9095,4010,546,1,0
221,320,2,2025-02-10 12:00:00,1,1004,3026,9153,4003,549,1,0
222,321,2,2025-01-01 12:00:00,1,1001,3001,9122,4007,551,1,0
223,323,2,2025-07-12 22:00:00,1,1003,3022,9122,4006,555,1,0
224,325,1,2025-04-09 21:00:00,1,1003,3023,9096,4007,557,1,0
225,331,1,2025-11-28 13:00:00,1,1004,3028,9027,4003,566,1,0
226,332,1,2025-07-12 09:00:00,1,1005,3038,9098,4004,568,1,0
227,335,1,2025-02-26 20:00:00,1,1004,3027,9388,4013,574,1,0
228,336,1,2026-03-09 18:00:00,1,1003,3022,9369,4007,575,1,0
229,338,2,2025-06-21 10:00:00,1,1005,3040,9398,4015,579,1,0
230,339,1,2025-09-13 22:00:00,1,1005,3037,9118,4004,582,1,0
231,340,2,2026-01-28 02:00:00,1,1002,3011,9137,4009,583,1,0
232,342,2,2025-12-19 03:00:00,1,1002,3012,9128,4006,585,1,0
233,344,1,2026-02-18 00:00:00,1,1001,3001,9186,4014,590,1,0
234,345,2,2025-01-29 13:00:00,1,1003,3022,9134,4001,591,1,0
235,346,1,2026-02-24 04:00:00,1,1002,3013,9106,4013,593,1,0
236,347,1,2026-03-27 19:00:00,1,1003,3017,9168,4005,594,1,0
237,348,2,2025-12-06 09:00:00,1,1002,3016,9340,4003,595,1,0
238,349,1,2025-01-07 20:00:00,1,1003,3017,9295,4015,596,1,0
239,350,2,2025-08-31 12:00:00,1,1001,3005,9238,4011,598,1,0
240,352,1,2025-04-11 11:00:00,1,1001,3006,9293,4013,600,1,0
241,355,2,2026-02-13 21:00:00,1,1001,3008,9061,4005,604,1,0
242,356,1,2025-10-01 20:00:00,1,1005,3037,9133,4014,606,1,0
243,358,1,2025-12-27 14:00:00,1,1003,3022,9298,4009,610,1,0
244,359,2,2025-04-18 08:00:00,1,1003,3018,9004,4005,611,1,0
245,361,1,2026-03-26 15:00:00,1,1002,3011,9118,4014,614,1,0
246,362,1,2025-08-25 23:00:00,1,1005,3034,9308,4001,615,1,0
247,363,2,2025-07-08 14:00:00,1,1004,3031,9249,4013,616,1,0
248,364,2,2025-11-22 05:00:00,1,1001,3003,9172,4012,617,1,0
249,365,2,2026-01-28 09:00:00,1,1004,3029,9087,4015,620,1,0
250,367,1,2025-04-08 23:00:00,1,1001,3007,9190,4012,623,1,0
251,368,2,2025-06-11 07:00:00,1,1005,3035,9138,4006,624,1,0
252,370,1,2026-03-03 15:00:00,1,1001,3007,9115,4006,629,1,0
253,371,2,2025-09-03 04:00:00,1,1004,3030,9007,4012,630,1,0
254,372,2,2026-03-31 09:00:00,1,1001,3006,9199,4012,633,1,0
255,374,2,2025-03-13 15:00:00,1,1001,3004,9130,4015,636,1,0
256,375,1,2025-08-28 22:00:00,1,1002,3010,9093,4005,637,1,0
257,376,2,2025-03-15 15:00:00,1,1004,3030,9130,4002,640,1,0
258,377,1,2025-09-11 17:00:00,1,1005,3038,9205,4013,642,1,0
259,378,1,2025-10-29 00:00:00,1,1005,3040,9153,4002,643,1,0
260,379,2,2026-01-17 10:00:00,1,1002,3013,9081,4013,644,1,0
261,380,2,2025-11-25 05:00:00,1,1003,3022,9134,4012,645,1,0
262,381,2,2025-06-30 16:00:00,1,1001,3005,9332,4008,647,1,0
263,382,1,2025-03-30 04:00:00,1,1001,3004,9066,4006,649,1,0
264,383,2,2025-11-02 03:00:00,1,1004,3026,9266,4015,651,1,0
265,385,1,2026-02-21 04:00:00,1,1003,3021,9082,4008,655,1,0
266,386,1,2025-11-01 18:00:00,1,1004,3026,9227,4014,657,1,0
267,387,2,2025-12-03 07:00:00,1,1001,3002,9266,4006,660,1,0
268,388,2,2025-05-02 00:00:00,1,1002,3015,9203,4009,662,1,0
269,390,1,2025-03-26 23:00:00,1,1004,3029,9266,4015,666,1,0
270,393,1,2025-10-03 00:00:00,1,1004,3032,9147,4008,672,1,0
271,394,2,2025-02-21 12:00:00,1,1003,3018,9378,4008,674,1,0
272,395,2,2025-05-10 04:00:00,1,1005,3035,9323,4007,679,1,0
273,396,1,2026-01-10 14:00:00,1,1005,3037,9176,4006,680,1,0
274,399,1,2025-08-27 10:00:00,1,1001,3006,9349,4007,685,1,0
275,401,2,2025-07-16 06:00:00,1,1003,3020,9092,4002,687,1,0
276,403,1,2025-01-10 08:00:00,1,1005,3034,9032,4015,689,1,0
277,404,2,2025-09-24 02:00:00,1,1002,3010,9130,4001,690,1,0
278,405,2,2025-09-09 07:00:00,1,1004,3030,9365,4009,691,1,0
279,406,1,2025-10-03 13:00:00,1,1005,3036,9103,4013,692,1,0
280,407,2,2026-02-03 20:00:00,1,1004,3029,9249,4006,694,1,0
281,408,2,2025-11-21 10:00:00,1,1005,3038,9099,4011,697,1,0
282,409,2,2025-05-15 14:00:00,1,1004,3026,9044,4001,699,1,0
283,410,1,2025-10-25 14:00:00,1,1004,3029,9084,4005,700,1,0
284,411,2,2025-11-04 10:00:00,1,1001,3003,9125,4001,703,1,0
285,413,2,2025-01-11 01:00:00,1,1003,3024,9052,4008,705,1,0
286,414,2,2025-12-13 20:00:00,1,1001,3005,9055,4010,707,1,0
287,415,2,2025-03-23 04:00:00,1,1001,3007,9022,4001,708,1,0
288,416,1,2026-03-08 15:00:00,1,1002,3011,9377,4007,711,1,0
289,417,2,2026-01-13 19:00:00,1,1001,3004,9339,4008,712,1,0
290,421,1,2025-08-12 14:00:00,1,1001,3006,9357,4007,723,1,0
291,424,1,2025-09-05 20:00:00,1,1001,3006,9081,4004,728,1,0
292,426,1,2026-02-02 21:00:00,1,1004,3031,9387,4003,733,1,0
293,427,2,2025-07-14 20:00:00,1,1001,3007,9138,4009,734,1,0
294,430,2,2025-07-31 23:00:00,1,1002,3015,9336,4004,742,1,0
295,432,2,2025-11-12 03:00:00,1,1002,3010,9225,4008,746,1,0
296,433,2,2026-03-25 02:00:00,1,1005,3038,9391,4007,747,1,0
297,434,2,2025-08-29 13:00:00,1,1001,3003,9356,4013,750,1,0
298,439,1,2026-03-31 11:00:00,1,1001,3003,9181,4007,756,1,0
299,440,1,2025-02-20 03:00:00,1,1003,3018,9029,4005,759,1,0
300,441,1,2025-01-11 05:00:00,1,1002,3012,9136,4010,760,1,0
301,443,2,2025-08-25 18:00:00,1,1001,3008,9088,4002,765,1,0
302,444,1,2025-10-26 12:00:00,1,1001,3008,9329,4013,766,1,0
303,445,1,2025-03-10 07:00:00,1,1001,3003,9085,4010,767,1,0
304,446,2,2025-06-17 02:00:00,1,1001,3001,9244,4002,771,1,0
305,447,2,2026-01-21 11:00:00,1,1001,3004,9040,4014,773,1,0
306,449,2,2025-03-22 14:00:00,1,1004,3031,9062,4011,776,1,0
307,451,2,2025-11-29 20:00:00,1,1005,3040,9015,4011,781,1,0
308,452,2,2025-11-23 19:00:00,1,1003,3019,9173,4007,782,1,0
309,453,1,2025-07-28 04:00:00,1,1002,3012,9192,4001,785,1,0
310,454,1,2025-08-27 02:00:00,1,1003,3019,9118,4011,786,1,0
311,456,2,2025-03-25 01:00:00,1,1005,3037,9367,4008,792,1,0
312,457,1,2026-01-13 20:00:00,1,1004,3026,9034,4005,793,1,0
313,458,1,2025-04-14 09:00:00,1,1001,3001,9265,4005,795,1,0
314,460,2,2026-03-26 14:00:00,1,1001,3007,9041,4008,800,1,0
315,461,2,2025-10-11 05:00:00,1,1005,3035,9174,4006,801,1,0
316,463,2,2025-03-31 12:00:00,1,1003,3020,9135,4008,806,1,0
317,464,1,2025-04-23 06:00:00,1,1001,3006,9365,4009,807,1,0
318,465,1,2026-02-17 05:00:00,1,1005,3035,9108,4009,809,1,0
319,466,2,2025-02-18 05:00:00,1,1003,3020,9329,4005,810,1,0
320,467,2,2025-04-09 13:00:00,1,1001,3006,9223,4001,811,1,0
321,468,2,2025-04-11 10:00:00,1,1004,3025,9124,4007,812,1,0
322,470,2,2026-03-03 10:00:00,1,1002,3013,9098,4007,815,1,0
323,472,1,2025-03-26 07:00:00,1,1005,3035,9388,4004,820,1,0
324,473,2,2025-12-15 14:00:00,1,1002,3010,9022,4006,821,1,0
325,474,1,2025-02-13 03:00:00,1,1005,3038,9093,4014,823,1,0
326,475,2,2025-11-19 09:00:00,1,1001,3001,9243,4007,824,1,0
327,477,1,2025-05-25 06:00:00,1,1001,3002,9269,4014,828,1,0
328,478,1,2025-07-04 23:00:00,1,1005,3039,9317,4001,829,1,0
329,479,2,2025-09-26 09:00:00,1,1001,3007,9030,4011,830,1,0
330,480,1,2026-02-26 06:00:00,1,1003,3024,9098,4006,831,1,0
331,481,2,2025-09-07 22:00:00,1,1002,3015,9340,4005,832,1,0
332,483,1,2026-02-18 10:00:00,1,1003,3022,9251,4002,836,1,0
333,484,2,2025-02-06 09:00:00,1,1005,3034,9086,4004,838,1,0
334,486,1,2025-02-23 01:00:00,1,1004,3027,9267,4010,842,1,0
335,487,2,2026-01-15 17:00:00,1,1001,3005,9313,4005,844,1,0
336,489,2,2025-11-06 22:00:00,1,1001,3007,9249,4005,848,1,0
337,495,1,2025-08-10 16:00:00,1,1005,3039,9019,4001,860,1,0
338,498,2,2025-02-01 05:00:00,1,1004,3029,9313,4004,863,1,0
339,499,2,2025-10-31 05:00:00,1,1001,3005,9146,4004,864,1,0
340,503,2,2026-01-23 00:00:00,1,1004,3025,9065,4003,874,1,0
341,505,1,2026-03-12 03:00:00,1,1004,3031,9117,4007,876,1,0
342,506,1,2025-04-10 13:00:00,1,1005,3040,9135,4006,878,1,0
343,510,1,2025-06-13 16:00:00,1,1003,3020,9262,4001,885,1,0
344,512,2,2025-12-24 20:00:00,1,1004,3029,9213,4005,890,1,0
345,513,2,2025-10-04 18:00:00,1,1003,3023,9301,4008,891,1,0
346,515,1,2025-09-05 15:00:00,1,1004,3032,9351,4010,895,1,0
347,517,1,2025-09-11 05:00:00,1,1005,3035,9161,4001,899,1,0
348,518,2,2026-01-12 19:00:00,1,1005,3033,9143,4007,900,1,0
349,521,1,2025-03-29 16:00:00,1,1004,3027,9056,4011,907,1,0
350,524,2,2025-02-01 14:00:00,1,1005,3038,9341,4008,913,1,0
351,526,1,2025-11-06 21:00:00,1,1004,3026,9317,4005,916,1,0
352,529,2,2025-03-08 17:00:00,1,1001,3003,9081,4007,922,1,0
353,530,1,2025-05-13 09:00:00,1,1003,3020,9350,4002,923,1,0
354,532,2,2025-08-02 00:00:00,1,1001,3003,9132,4007,925,1,0
355,533,2,2025-10-28 23:00:00,1,1003,3024,9147,4009,926,1,0
356,534,1,2025-12-19 04:00:00,1,1001,3004,9235,4005,927,1,0
357,535,1,2025-05-27 03:00:00,1,1001,3008,9294,4015,929,1,0
358,536,2,2025-01-24 11:00:00,1,1001,3007,9105,4015,931,1,0
359,537,1,2025-11-06 02:00:00,1,1004,3027,9139,4010,933,1,0
360,538,2,2025-08-04 22:00:00,1,1004,3029,9094,4009,934,1,0
361,539,1,2025-07-19 21:00:00,1,1003,3023,9151,4001,935,1,0
362,540,1,2025-10-31 08:00:00,1,1003,3020,9018,4003,939,1,0
363,543,2,2025-06-28 04:00:00,1,1001,3003,9266,4003,943,1,0
364,545,1,2025-12-28 08:00:00,1,1005,3040,9223,4003,946,1,0
365,547,2,2026-01-12 02:00:00,1,1005,3039,9085,4014,948,1,0
366,549,2,2026-01-24 20:00:00,1,1001,3004,9264,4011,950,1,0
367,550,1,2025-09-21 20:00:00,1,1004,3026,9087,4012,955,1,0
368,551,2,2025-11-02 23:00:00,1,1003,3017,9348,4005,957,1,0
369,552,1,2025-04-17 17:00:00,1,1002,3016,9319,4015,960,1,0
370,553,2,2025-07-13 09:00:00,1,1002,3009,9120,4007,962,1,0
371,554,2,2025-04-08 06:00:00,1,1002,3016,9099,4014,966,1,0
372,555,1,2026-01-21 16:00:00,1,1004,3025,9282,4006,967,1,0
373,558,1,2025-09-10 06:00:00,1,1002,3011,9165,4012,972,1,0
374,560,1,2026-01-10 14:00:00,1,1005,3037,9286,4011,976,1,0
375,561,2,2025-05-17 21:00:00,1,1003,3022,9372,4015,980,1,0
376,563,1,2025-10-13 06:00:00,1,1005,3035,9169,4007,983,1,0
377,566,2,2026-02-21 13:00:00,1,1002,3016,9194,4013,990,1,0
378,567,2,2025-03-12 22:00:00,1,1002,3016,9126,4008,992,1,0
379,569,1,2025-04-24 02:00:00,1,1002,3012,9021,4006,998,1,0
380,572,1,2026-01-08 16:00:00,1,1003,3020,9205,4009,1001,1,0
381,575,1,2025-04-05 16:00:00,1,1004,3029,9092,4010,1008,1,0
382,576,2,2025-06-19 14:00:00,1,1005,3034,9340,4014,1009,1,0
383,577,1,2025-11-08 06:00:00,1,1001,3003,9398,4004,1011,1,0
384,578,2,2025-03-28 00:00:00,1,1002,3013,9170,4010,1012,1,0
385,579,2,2025-12-30 19:00:00,1,1003,3019,9231,4013,1013,1,0
386,582,1,2025-06-14 21:00:00,1,1004,3027,9284,4006,1022,1,0
387,583,1,2025-04-06 00:00:00,1,1003,3018,9270,4014,1023,1,0
388,584,2,2025-11-11 19:00:00,1,1005,3038,9290,4012,1025,1,0
389,585,1,2025-03-08 13:00:00,1,1004,3030,9001,4002,1029,1,0
390,587,1,2025-05-10 15:00:00,1,1004,3026,9296,4003,1031,1,0
391,589,1,2025-08-26 21:00:00,1,1002,3016,9084,4012,1033,1,0
392,591,2,2025-10-23 13:00:00,1,1001,3008,9397,4013,1037,1,0
393,592,1,2026-03-20 03:00:00,1,1001,3008,9129,4008,1038,1,0
394,593,2,2025-12-11 03:00:00,1,1001,3007,9375,4006,1039,1,0
395,594,1,2025-11-11 14:00:00,1,1004,3027,9238,4012,1041,1,0
396,595,2,2025-02-02 19:00:00,1,1005,3037,9157,4014,1042,1,0
397,598,1,2025-12-29 09:00:00,1,1001,3006,9364,4001,1047,1,0
398,599,2,2025-03-06 04:00:00,1,1004,3029,9003,4014,1048,1,0
399,601,1,2025-02-26 22:00:00,1,1005,3035,9336,4009,1052,1,0
400,603,2,2025-07-06 08:00:00,1,1004,3031,9289,4014,1054,1,0
401,606,1,2025-10-18 01:00:00,1,1002,3011,9275,4006,1059,1,0
402,607,2,2025-04-05 09:00:00,1,1003,3019,9219,4010,1060,1,0
403,608,1,2026-02-12 09:00:00,1,1004,3031,9394,4011,1063,1,0
404,609,2,2025-10-21 06:00:00,1,1001,3003,9386,4003,1066,1,0
405,612,2,2025-06-07 03:00:00,1,1001,3006,9196,4001,1071,1,0
406,613,1,2025-03-07 15:00:00,1,1002,3009,9239,4011,1073,1,0
407,616,2,2025-10-25 00:00:00,1,1003,3024,9025,4011,1077,1,0
408,617,2,2025-06-25 16:00:00,1,1001,3001,9115,4002,1079,1,0
409,618,1,2025-08-09 20:00:00,1,1002,3013,9091,4009,1083,1,0
410,620,1,2025-03-08 00:00:00,1,1004,3027,9080,4006,1088,1,0
411,621,2,2025-02-07 11:00:00,1,1003,3024,9191,4009,1089,1,0
412,624,2,2025-04-14 09:00:00,1,1003,3024,9225,4011,1096,1,0
413,629,2,2025-02-27 15:00:00,1,1005,3036,9141,4002,1107,1,0
414,630,1,2026-02-24 05:00:00,1,1004,3027,9344,4008,1108,1,0
415,631,1,2025-03-15 13:00:00,1,1004,3029,9277,4005,1110,1,0
416,632,2,2025-08-12 10:00:00,1,1004,3026,9268,4001,1111,1,0
417,634,1,2025-10-28 22:00:00,1,1005,3036,9111,4004,1115,1,0
418,636,2,2025-05-27 14:00:00,1,1004,3025,9333,4015,1119,1,0
419,638,2,2025-04-15 09:00:00,1,1001,3002,9299,4006,1122,1,0
420,640,2,2025-12-31 07:00:00,1,1001,3006,9302,4003,1125,1,0
421,641,1,2025-02-23 06:00:00,1,1005,3034,9058,4009,1126,1,0
422,644,2,2025-04-12 12:00:00,1,1004,3031,9006,4012,1133,1,0
423,645,2,2025-01-29 11:00:00,1,1001,3005,9356,4006,1134,1,0
424,647,2,2025-07-04 09:00:00,1,1005,3033,9164,4009,1136,1,0
425,648,2,2025-05-29 19:00:00,1,1003,3017,9096,4012,1137,1,0
426,649,2,2025-01-12 19:00:00,1,1005,3037,9122,4006,1138,1,0
427,650,1,2025-04-14 14:00:00,1,1005,3037,9370,4013,1140,1,0
428,651,2,2025-06-24 17:00:00,1,1005,3035,9296,4008,1141,1,0
429,652,1,2025-07-31 06:00:00,1,1002,3010,9129,4004,1143,1,0
430,653,2,2025-08-10 23:00:00,1,1001,3002,9147,4006,1144,1,0
431,654,2,2025-04-09 13:00:00,1,1005,3039,9082,4007,1145,1,0
432,655,2,2025-08-29 23:00:00,1,1002,3014,9337,4007,1146,1,0
433,656,2,2025-02-19 10:00:00,1,1001,3006,9210,4015,1147,1,0
434,657,1,2026-03-10 11:00:00,1,1003,3023,9257,4004,1148,1,0
435,659,1,2025-08-09 23:00:00,1,1001,3008,9131,4005,1153,1,0
436,662,2,2026-03-13 06:00:00,1,1004,3026,9367,4010,1161,1,0
437,665,2,2025-08-04 05:00:00,1,1001,3004,9193,4014,1167,1,0
438,666,2,2026-02-17 07:00:00,1,1003,3024,9295,4010,1169,1,0
439,667,2,2025-02-06 08:00:00,1,1005,3040,9081,4007,1170,1,0
440,668,1,2026-03-11 02:00:00,1,1001,3001,9218,4010,1171,1,0
441,669,2,2025-09-16 14:00:00,1,1002,3015,9218,4011,1172,1,0
442,671,2,2025-07-15 15:00:00,1,1005,3039,9307,4010,1177,1,0
443,673,2,2026-02-12 16:00:00,1,1005,3038,9006,4001,1180,1,0
444,674,2,2025-07-29 06:00:00,1,1004,3027,9088,4015,1183,1,0
445,675,2,2026-01-10 07:00:00,1,1002,3016,9252,4011,1184,1,0
446,676,2,2025-08-05 14:00:00,1,1004,3028,9377,4002,1186,1,0
447,677,1,2026-01-22 04:00:00,1,1003,3019,9127,4010,1188,1,0
448,678,2,2026-03-26 05:00:00,1,1002,3012,9173,4012,1189,1,0
449,679,1,2025-06-07 06:00:00,1,1002,3012,9381,4015,1191,1,0
450,680,2,2025-04-10 01:00:00,1,1001,3006,9398,4009,1192,1,0
451,681,1,2025-03-12 23:00:00,1,1002,3011,9097,4009,1196,1,0
452,683,2,2025-10-28 15:00:00,1,1003,3022,9259,4008,1198,1,0
453,684,1,2025-12-25 19:00:00,1,1004,3030,9197,4009,1201,1,0
454,685,2,2025-09-11 03:00:00,1,1002,3010,9395,4003,1204,1,0
455,687,1,2025-06-23 18:00:00,1,1004,3032,9088,4007,1207,1,0
456,688,1,2025-06-08 20:00:00,1,1002,3014,9115,4015,1209,1,0
457,689,2,2025-08-02 13:00:00,1,1002,3015,9359,4013,1210,1,0
458,690,2,2025-03-28 21:00:00,1,1001,3001,9186,4005,1213,1,0
459,691,2,2025-12-20 18:00:00,1,1003,3018,9167,4012,1216,1,0
460,692,2,2025-08-06 20:00:00,1,1004,3025,9026,4014,1217,1,0
461,693,2,2026-03-02 15:00:00,1,1005,3036,9073,4011,1220,1,0
462,694,1,2026-03-30 17:00:00,1,1005,3038,9326,4009,1223,1,0
463,695,2,2025-04-05 16:00:00,1,1004,3029,9231,4009,1225,1,0
464,696,1,2025-06-27 07:00:00,1,1002,3012,9386,4002,1230,1,0
465,697,1,2025-01-31 19:00:00,1,1005,3037,9286,4001,1231,1,0
466,698,1,2026-03-19 22:00:00,1,1002,3012,9360,4014,1233,1,0
467,699,2,2025-09-16 08:00:00,1,1003,3024,9397,4015,1234,1,0
468,700,2,2025-02-01 05:00:00,1,1002,3011,9087,4010,1235,1,0
469,701,1,2025-09-14 03:00:00,1,1004,3031,9077,4002,1238,1,0
470,702,1,2025-04-28 18:00:00,1,1004,3025,9173,4010,1240,1,0
471,703,1,2025-11-12 16:00:00,1,1001,3007,9121,4014,1242,1,0
472,704,2,2025-08-29 18:00:00,1,1002,3014,9159,4010,1243,1,0
473,705,1,2025-05-10 05:00:00,1,1004,3025,9208,4014,1244,1,0
474,706,1,2025-02-01 05:00:00,1,1005,3035,9197,4003,1245,1,0
475,707,2,2025-04-29 03:00:00,1,1005,3036,9389,4014,1246,1,0
476,708,1,2025-02-08 20:00:00,1,1002,3009,9224,4004,1248,1,0
477,709,1,2025-12-30 02:00:00,1,1005,3035,9360,4009,1251,1,0
478,710,2,2025-12-08 03:00:00,1,1005,3033,9053,4007,1253,1,0
479,711,1,2025-12-07 17:00:00,1,1003,3020,9045,4003,1254,1,0
480,713,2,2025-07-12 16:00:00,1,1004,3031,9096,4010,1258,1,0
481,714,1,2025-08-11 19:00:00,1,1004,3029,9151,4012,1263,1,0
482,716,1,2025-03-20 19:00:00,1,1005,3039,9237,4013,1267,1,0
483,717,2,2025-12-25 02:00:00,1,1004,3027,9318,4012,1268,1,0
484,721,1,2025-09-09 16:00:00,1,1003,3019,9086,4014,1273,1,0
485,722,1,2026-01-09 01:00:00,1,1001,3001,9007,4009,1274,1,0
486,723,2,2025-04-28 01:00:00,1,1004,3029,9150,4015,1276,1,0
487,725,2,2026-03-31 13:00:00,1,1002,3015,9034,4003,1279,1,0
488,727,1,2026-02-23 14:00:00,1,1004,3029,9289,4012,1284,1,0
489,728,2,2025-06-02 00:00:00,1,1001,3004,9222,4013,1287,1,0
490,731,2,2025-03-27 04:00:00,1,1004,3032,9259,4003,1293,1,0
491,733,2,2025-02-27 16:00:00,1,1004,3032,9183,4005,1296,1,0
492,734,1,2025-10-16 02:00:00,1,1005,3039,9224,4001,1298,1,0
493,736,2,2025-05-27 11:00:00,1,1003,3023,9344,4001,1301,1,0
494,737,2,2025-08-15 05:00:00,1,1003,3020,9067,4004,1303,1,0
495,738,1,2025-06-25 00:00:00,1,1005,3036,9198,4004,1304,1,0
496,739,1,2025-04-21 13:00:00,1,1003,3022,9130,4001,1307,1,0
497,742,2,2025-11-05 03:00:00,1,1004,3032,9261,4003,1311,1,0
498,743,2,2025-11-13 21:00:00,1,1004,3029,9258,4009,1314,1,0
499,744,1,2025-08-16 18:00:00,1,1001,3005,9168,4002,1315,1,0
500,747,2,2025-02-16 18:00:00,1,1003,3018,9103,4013,1319,1,0
501,749,2,2025-05-29 15:00:00,1,1002,3015,9194,4007,1321,1,0
502,750,2,2025-04-15 13:00:00,1,1001,3002,9247,4013,1322,1,0
503,751,2,2025-08-09 13:00:00,1,1003,3020,9190,4005,1324,1,0
504,752,2,2025-06-14 04:00:00,1,1005,3037,9281,4002,1325,1,0
505,753,1,2025-10-16 08:00:00,1,1005,3035,9301,4006,1328,1,0
506,754,2,2026-02-18 22:00:00,1,1002,3012,9263,4004,1330,1,0
507,756,2,2025-06-21 10:00:00,1,1003,3018,9021,4011,1334,1,0
508,757,2,2025-10-19 13:00:00,1,1004,3028,9155,4001,1335,1,0
509,759,1,2025-03-19 10:00:00,1,1002,3014,9319,4015,1339,1,0
510,760,2,2025-01-19 23:00:00,1,1004,3030,9209,4013,1341,1,0
511,761,1,2025-12-21 15:00:00,1,1003,3024,9019,4008,1343,1,0
512,762,1,2026-02-21 09:00:00,1,1004,3027,9027,4002,1344,1,0
513,763,1,2026-02-25 01:00:00,1,1005,3039,9324,4013,1346,1,0
514,765,2,2025-04-01 20:00:00,1,1002,3009,9275,4001,1350,1,0
515,766,1,2025-01-12 17:00:00,1,1002,3010,9212,4007,1351,1,0
516,767,1,2025-11-17 08:00:00,1,1003,3024,9373,4010,1354,1,0
517,768,1,2025-07-04 07:00:00,1,1001,3004,9103,4007,1355,1,0
518,769,2,2025-01-13 10:00:00,1,1001,3002,9122,4002,1356,1,0
519,770,2,2025-10-30 20:00:00,1,1004,3025,9282,4011,1357,1,0
520,771,2,2025-09-03 06:00:00,1,1004,3031,9202,4001,1359,1,0
521,772,2,2026-02-17 04:00:00,1,1005,3035,9051,4015,1361,1,0
522,773,1,2025-04-02 19:00:00,1,1002,3014,9124,4010,1364,1,0
523,775,1,2025-11-30 01:00:00,1,1005,3035,9378,4001,1367,1,0
524,777,2,2025-07-04 12:00:00,1,1005,3037,9343,4003,1371,1,0
525,779,2,2025-08-23 10:00:00,1,1003,3021,9314,4004,1374,1,0
526,780,1,2025-01-10 18:00:00,1,1005,3038,9055,4014,1376,1,0
527,781,2,2026-03-24 12:00:00,1,1001,3001,9144,4012,1377,1,0
528,782,2,2025-11-14 00:00:00,1,1005,3035,9325,4011,1378,1,0
529,783,1,2025-04-11 23:00:00,1,1004,3026,9200,4013,1380,1,0
530,784,1,2025-03-03 06:00:00,1,1005,3033,9014,4009,1381,1,0
531,785,2,2025-11-07 23:00:00,1,1002,3014,9344,4004,1382,1,0
532,787,1,2026-01-13 23:00:00,1,1001,3004,9171,4001,1385,1,0
533,788,1,2025-06-09 08:00:00,1,1004,3030,9325,4008,1386,1,0
534,789,2,2025-11-24 21:00:00,1,1003,3024,9370,4002,1388,1,0
535,790,2,2026-02-10 23:00:00,1,1003,3017,9284,4007,1389,1,0
536,791,2,2025-04-18 18:00:00,1,1003,3021,9247,4010,1392,1,0
537,793,2,2025-07-27 04:00:00,1,1004,3029,9180,4013,1396,1,0
538,794,1,2025-07-27 09:00:00,1,1001,3002,9225,4015,1399,1,0
539,796,1,2025-09-07 18:00:00,1,1003,3017,9046,4010,1402,1,0
540,797,2,2025-06-01 03:00:00,1,1001,3006,9359,4013,1403,1,0
541,798,2,2025-02-28 21:00:00,1,1005,3040,9298,4009,1407,1,0
542,799,1,2025-06-12 08:00:00,1,1004,3025,9110,4002,1408,1,0
543,800,1,2025-06-24 01:00:00,1,1002,3016,9168,4004,1409,1,0
544,803,1,2026-03-11 16:00:00,1,1003,3018,9361,4013,1415,1,0
545,805,1,2025-02-19 23:00:00,1,1002,3011,9246,4012,1419,1,0
546,806,2,2025-07-07 20:00:00,1,1002,3012,9058,4015,1421,1,0
547,809,1,2026-02-09 13:00:00,1,1004,3028,9212,4002,1428,1,0
548,810,1,2025-12-06 23:00:00,1,1001,3001,9122,4006,1431,1,0
549,811,2,2025-03-17 07:00:00,1,1003,3024,9276,4010,1433,1,0
550,812,2,2025-12-08 09:00:00,1,1005,3037,9177,4007,1435,1,0
551,813,1,2025-12-13 12:00:00,1,1003,3021,9022,4006,1437,1,0
552,814,1,2025-04-21 02:00:00,1,1002,3010,9245,4009,1439,1,0
553,815,2,2025-05-09 08:00:00,1,1005,3033,9102,4014,1440,1,0
554,816,2,2025-11-16 06:00:00,1,1001,3003,9185,4015,1442,1,0
555,818,2,2025-09-24 03:00:00,1,1002,3013,9298,4012,1448,1,0
556,819,2,2025-10-04 11:00:00,1,1001,3004,9187,4005,1450,1,0
557,821,2,2025-04-13 12:00:00,1,1003,3024,9039,4003,1452,1,0
558,823,2,2025-04-24 19:00:00,1,1003,3022,9101,4012,1456,1,0
559,825,2,2025-04-10 19:00:00,1,1001,3003,9345,4004,1458,1,0
560,827,1,2025-05-24 08:00:00,1,1001,3005,9338,4005,1460,1,0
561,828,2,2026-03-27 23:00:00,1,1002,3011,9380,4008,1461,1,0
562,829,1,2025-01-08 19:00:00,1,1002,3014,9104,4002,1462,1,0
563,832,1,2025-10-02 11:00:00,1,1001,3003,9012,4006,1465,1,0
564,833,1,2025-11-05 18:00:00,1,1004,3031,9304,4015,1467,1,0
565,835,2,2026-03-28 01:00:00,1,1001,3008,9143,4005,1469,1,0
566,836,2,2026-03-14 07:00:00,1,1001,3004,9360,4001,1471,1,0
567,837,2,2025-06-25 14:00:00,1,1005,3039,9078,4011,1472,1,0
568,840,1,2025-08-24 13:00:00,1,1002,3015,9249,4015,1475,1,0
569,841,1,2025-10-05 03:00:00,1,1004,3031,9337,4005,1477,1,0
570,842,2,2026-02-09 00:00:00,1,1004,3027,9166,4006,1478,1,0
571,844,1,2025-03-16 09:00:00,1,1004,3032,9057,4009,1480,1,0
572,845,1,2026-02-23 02:00:00,1,1003,3017,9193,4008,1483,1,0
573,846,2,2025-06-23 04:00:00,1,1001,3001,9110,4008,1485,1,0
574,847,1,2025-07-06 21:00:00,1,1003,3017,9137,4004,1486,1,0
575,848,1,2025-02-24 20:00:00,1,1005,3037,9021,4002,1489,1,0
576,849,2,2025-03-18 07:00:00,1,1004,3028,9281,4011,1492,1,0
577,850,1,2026-02-17 10:00:00,1,1005,3039,9320,4007,1494,1,0
578,853,2,2025-10-23 08:00:00,1,1005,3035,9143,4013,1498,1,0
579,854,1,2025-06-12 05:00:00,1,1002,3009,9003,4012,1500,1,0
580,855,1,2025-06-02 11:00:00,1,1003,3022,9382,4014,1502,1,0
581,856,2,2026-01-20 08:00:00,1,1004,3030,9037,4013,1506,1,0
582,859,2,2025-07-26 13:00:00,1,1001,3005,9313,4004,1511,1,0
583,860,2,2026-03-10 15:00:00,1,1001,3004,9221,4009,1512,1,0
584,861,2,2025-12-31 06:00:00,1,1004,3028,9123,4015,1515,1,0
585,862,2,2025-04-25 20:00:00,1,1003,3018,9174,4006,1516,1,0
586,864,1,2025-02-11 20:00:00,1,1002,3012,9119,4004,1521,1,0
587,865,2,2026-03-01 17:00:00,1,1002,3009,9398,4012,1522,1,0
588,866,2,2025-04-28 02:00:00,1,1001,3003,9082,4003,1524,1,0
589,867,2,2026-02-17 01:00:00,1,1001,3003,9280,4010,1527,1,0
590,869,2,2025-05-22 19:00:00,1,1003,3020,9020,4004,1529,1,0
591,871,1,2025-07-02 17:00:00,1,1001,3002,9037,4002,1531,1,0
592,873,2,2025-08-17 06:00:00,1,1004,3029,9174,4009,1534,1,0
593,875,1,2025-12-08 04:00:00,1,1004,3030,9068,4002,1536,1,0
594,877,1,2026-01-29 20:00:00,1,1003,3024,9075,4014,1540,1,0
595,879,1,2025-08-13 12:00:00,1,1004,3030,9141,4009,1544,1,0
596,883,1,2025-01-06 21:00:00,1,1001,3003,9150,4005,1551,1,0
597,885,1,2026-01-21 19:00:00,1,1001,3004,9012,4004,1555,1,0
598,886,1,2025-04-20 14:00:00,1,1002,3014,9043,4006,1558,1,0
599,887,1,2025-09-07 17:00:00,1,1004,3028,9305,4006,1559,1,0
600,888,2,2026-02-08 10:00:00,1,1001,3005,9345,4015,1564,1,0
601,890,1,2026-02-13 02:00:00,1,1003,3022,9110,4015,1568,1,0
602,891,2,2025-12-25 14:00:00,1,1005,3034,9381,4008,1570,1,0
603,892,2,2025-05-19 06:00:00,1,1004,3028,9331,4014,1571,1,0
604,893,2,2025-12-25 22:00:00,1,1002,3012,9299,4013,1573,1,0
605,894,1,2026-01-11 11:00:00,1,1003,3022,9258,4015,1574,1,0
606,895,2,2025-11-25 23:00:00,1,1003,3023,9136,4015,1575,1,0
607,896,2,2025-04-02 18:00:00,1,1001,3002,9094,4015,1577,1,0
608,900,2,2025-08-03 18:00:00,1,1002,3012,9002,4008,1585,1,0
609,903,2,2026-01-09 14:00:00,1,1002,3015,9326,4009,1590,1,0
610,904,2,2026-03-15 01:00:00,1,1005,3039,9286,4004,1591,1,0
611,907,1,2026-02-17 22:00:00,1,1005,3033,9048,4013,1597,1,0
612,910,2,2026-03-11 23:00:00,1,1002,3014,9106,4009,1602,1,0
613,912,1,2025-08-10 22:00:00,1,1003,3018,9272,4001,1604,1,0
614,915,1,2025-12-18 00:00:00,1,1005,3039,9013,4007,1607,1,0
615,916,1,2025-09-17 11:00:00,1,1003,3021,9351,4013,1609,1,0
616,917,2,2025-04-29 13:00:00,1,1004,3025,9083,4015,1610,1,0
617,918,2,2025-06-16 12:00:00,1,1004,3030,9365,4001,1611,1,0
618,919,1,2025-10-15 08:00:00,1,1005,3033,9291,4008,1613,1,0
619,921,1,2025-06-16 12:00:00,1,1005,3036,9341,4013,1619,1,0
620,922,2,2025-10-27 02:00:00,1,1004,3025,9082,4006,1621,1,0
621,923,1,2025-08-11 20:00:00,1,1002,3015,9207,4001,1624,1,0
622,925,2,2025-08-21 16:00:00,1,1005,3036,9195,4012,1628,1,0
623,927,2,2025-08-25 21:00:00,1,1005,3034,9127,4007,1630,1,0
624,928,1,2025-09-15 20:00:00,1,1003,3022,9363,4009,1632,1,0
625,930,2,2025-02-07 13:00:00,1,1002,3012,9028,4013,1638,1,0
626,931,1,2025-06-11 08:00:00,1,1002,3014,9093,4008,1639,1,0
627,932,2,2026-02-27 08:00:00,1,1003,3019,9200,4006,1640,1,0
628,935,1,2025-04-01 08:00:00,1,1001,3003,9279,4010,1643,1,0
629,936,2,2025-08-15 15:00:00,1,1001,3002,9156,4008,1644,1,0
630,937,2,2026-02-25 23:00:00,1,1002,3010,9225,4004,1647,1,0
631,939,1,2025-05-10 05:00:00,1,1003,3024,9280,4013,1650,1,0
632,940,1,2026-01-19 23:00:00,1,1002,3009,9223,4010,1653,1,0
633,941,2,2025-07-06 14:00:00,1,1004,3026,9171,4010,1654,1,0
634,942,2,2025-06-19 06:00:00,1,1002,3012,9234,4009,1656,1,0
635,944,2,2025-01-02 14:00:00,1,1003,3022,9255,4014,1658,1,0
636,945,2,2025-02-04 07:00:00,1,1003,3017,9102,4015,1661,1,0
637,946,2,2025-10-27 10:00:00,1,1005,3035,9228,4005,1664,1,0
638,948,2,2026-01-27 19:00:00,1,1005,3039,9136,4003,1668,1,0
639,951,2,2025-07-12 14:00:00,1,1003,3023,9122,4010,1673,1,0
640,952,1,2025-03-31 00:00:00,1,1001,3003,9103,4011,1675,1,0
641,953,1,2026-02-10 05:00:00,1,1003,3020,9137,4014,1676,1,0
642,955,2,2025-12-03 15:00:00,1,1003,3021,9270,4015,1679,1,0
643,956,1,2025-05-12 04:00:00,1,1003,3017,9015,4015,1682,1,0
644,957,1,2026-02-14 12:00:00,1,1001,3004,9280,4004,1683,1,0
645,958,2,2026-03-25 21:00:00,1,1005,3037,9031,4008,1684,1,0
646,959,2,2026-03-18 10:00:00,1,1003,3019,9071,4015,1686,1,0
647,960,2,2025-10-08 05:00:00,1,1001,3006,9073,4015,1687,1,0
648,963,2,2025-03-09 09:00:00,1,1005,3035,9388,4002,1693,1,0
649,964,1,2025-01-04 00:00:00,1,1004,3025,9358,4014,1696,1,0
650,965,1,2026-01-26 16:00:00,1,1005,3039,9398,4015,1697,1,0
651,968,2,2025-01-11 07:00:00,1,1003,3021,9014,4009,1703,1,0
652,969,1,2025-06-07 08:00:00,1,1005,3036,9242,4004,1704,1,0
653,970,1,2025-09-04 05:00:00,1,1005,3036,9295,4006,1705,1,0
654,976,2,2025-01-03 21:00:00,1,1003,3020,9281,4014,1717,1,0
655,978,2,2025-08-21 12:00:00,1,1001,3004,9397,4007,1719,1,0
656,979,2,2026-01-01 23:00:00,1,1001,3006,9205,4013,1721,1,0
657,980,2,2025-12-28 02:00:00,1,1005,3033,9040,4007,1723,1,0
658,981,1,2026-01-07 21:00:00,1,1003,3020,9096,4001,1725,1,0
659,983,2,2026-02-13 12:00:00,1,1002,3016,9045,4002,1731,1,0
660,985,2,2025-08-08 10:00:00,1,1003,3022,9319,4008,1735,1,0
661,986,2,2025-05-30 17:00:00,1,1004,3029,9087,4014,1737,1,0
662,987,2,2025-07-01 13:00:00,1,1004,3030,9131,4015,1738,1,0
663,990,2,2025-07-18 08:00:00,1,1004,3026,9172,4008,1742,1,0
664,991,1,2025-11-07 23:00:00,1,1005,3038,9360,4009,1743,1,0
665,992,2,2025-01-13 02:00:00,1,1002,3015,9250,4010,1745,1,0
666,993,2,2025-04-17 21:00:00,1,1001,3006,9399,4010,1746,1,0
667,996,1,2026-02-12 07:00:00,1,1001,3002,9327,4010,1752,1,0
668,998,2,2025-10-28 01:00:00,1,1004,3025,9073,4005,1756,1,0
669,999,2,2025-12-29 13:00:00,1,1005,3038,9046,4012,1758,1,0
670,1000,2,2025-11-23 15:00:00,1,1004,3025,9023,4015,1759,1,0
671,1001,1,2025-08-16 12:00:00,1,1001,3008,9055,4004,1760,1,0
672,1004,2,2025-02-13 05:00:00,1,1003,3019,9337,4006,1764,1,0
673,1005,2,2025-03-23 18:00:00,1,1002,3016,9209,4010,1765,1,0
674,1006,2,2025-06-29 22:00:00,1,1002,3016,9176,4010,1768,1,0
675,1007,1,2025-01-08 23:00:00,1,1003,3021,9139,4008,1770,1,0
676,1008,2,2026-03-22 14:00:00,1,1005,3033,9394,4008,1773,1,0
677,1009,1,2025-12-16 10:00:00,1,1001,3005,9107,4007,1774,1,0
678,1010,1,2026-01-01 20:00:00,1,1002,3012,9294,4015,1775,1,0
679,1011,1,2025-12-31 13:00:00,1,1003,3018,9074,4001,1777,1,0
680,1012,1,2025-05-25 17:00:00,1,1005,3039,9039,4013,1778,1,0
681,1013,2,2026-01-16 09:00:00,1,1003,3023,9041,4015,1780,1,0
682,1015,2,2025-11-06 14:00:00,1,1004,3025,9157,4003,1782,1,0
683,1017,2,2025-10-29 19:00:00,1,1005,3040,9141,4015,1787,1,0
684,1018,2,2026-03-09 20:00:00,1,1004,3029,9189,4002,1788,1,0
685,1019,2,2025-04-23 06:00:00,1,1004,3027,9249,4002,1789,1,0
686,1021,1,2025-06-27 16:00:00,1,1005,3035,9050,4007,1793,1,0
687,1022,2,2025-05-19 11:00:00,1,1001,3006,9037,4007,1795,1,0
688,1026,2,2026-03-09 17:00:00,1,1002,3014,9199,4006,1800,1,0
689,1028,2,2025-02-28 04:00:00,1,1004,3032,9389,4002,1804,1,0
690,1029,1,2026-02-24 18:00:00,1,1004,3030,9163,4003,1805,1,0
691,1033,1,2025-08-19 20:00:00,1,1003,3021,9342,4006,1813,1,0
692,1034,1,2025-12-14 17:00:00,1,1001,3006,9015,4003,1814,1,0
693,1036,2,2025-06-17 19:00:00,1,1002,3010,9202,4002,1816,1,0
694,1038,1,2025-03-09 06:00:00,1,1001,3006,9387,4009,1818,1,0
695,1040,2,2025-10-14 15:00:00,1,1004,3030,9307,4002,1824,1,0
696,1043,2,2026-01-14 08:00:00,1,1001,3007,9360,4003,1829,1,0
697,1044,1,2025-04-26 03:00:00,1,1001,3007,9085,4004,1831,1,0
698,1045,1,2026-02-02 14:00:00,1,1002,3014,9158,4013,1834,1,0
699,1047,2,2025-07-26 05:00:00,1,1003,3021,9179,4001,1837,1,0
700,1048,1,2025-07-16 11:00:00,1,1005,3036,9317,4009,1839,1,0
701,1050,2,2025-05-21 20:00:00,1,1005,3034,9294,4011,1841,1,0
702,1051,1,2025-02-07 20:00:00,1,1003,3023,9011,4015,1842,1,0
703,1052,1,2025-05-05 16:00:00,1,1004,3025,9119,4009,1844,1,0
704,1053,1,2026-03-01 20:00:00,1,1005,3038,9331,4006,1845,1,0
705,1054,2,2026-03-10 20:00:00,1,1002,3013,9200,4012,1846,1,0
706,1055,1,2025-01-26 04:00:00,1,1005,3034,9038,4004,1847,1,0
707,1056,2,2025-08-22 11:00:00,1,1001,3002,9234,4014,1848,1,0
708,1057,1,2025-04-13 18:00:00,1,1005,3035,9081,4012,1850,1,0
709,1058,1,2026-02-23 00:00:00,1,1003,3022,9032,4015,1851,1,0
710,1059,2,2025-03-26 23:00:00,1,1004,3029,9383,4004,1852,1,0
711,1060,2,2025-09-03 11:00:00,1,1003,3020,9102,4004,1853,1,0
712,1061,2,2025-10-24 10:00:00,1,1001,3005,9082,4013,1855,1,0
713,1062,2,2025-07-15 07:00:00,1,1005,3035,9305,4014,1856,1,0
714,1065,1,2025-02-20 16:00:00,1,1004,3031,9050,4008,1859,1,0
715,1068,1,2026-01-11 03:00:00,1,1002,3016,9045,4013,1862,1,0
716,1070,2,2025-06-21 15:00:00,1,1002,3013,9357,4007,1867,1,0
717,1073,2,2025-11-11 22:00:00,1,1003,3020,9204,4005,1874,1,0
718,1074,1,2025-12-13 18:00:00,1,1001,3008,9132,4006,1875,1,0
719,1075,1,2026-03-04 21:00:00,1,1003,3018,9130,4006,1876,1,0
720,1076,2,2025-10-04 11:00:00,1,1004,3029,9128,4015,1877,1,0
721,1078,1,2025-11-03 20:00:00,1,1004,3029,9139,4001,1879,1,0
722,1079,1,2025-10-17 16:00:00,1,1001,3003,9025,4013,1882,1,0
723,1081,1,2025-07-29 05:00:00,1,1001,3004,9309,4008,1887,1,0
724,1082,1,2025-05-26 02:00:00,1,1002,3009,9053,4003,1889,1,0
725,1083,1,2025-11-09 21:00:00,1,1003,3019,9162,4012,1890,1,0
726,1084,1,2025-02-08 02:00:00,1,1005,3040,9315,4010,1892,1,0
727,1085,2,2025-06-16 09:00:00,1,1005,3033,9124,4003,1893,1,0
728,1087,2,2025-03-10 19:00:00,1,1005,3039,9073,4005,1897,1,0
729,1088,1,2025-05-23 11:00:00,1,1003,3024,9246,4010,1898,1,0
730,1090,1,2025-12-17 05:00:00,1,1001,3006,9400,4014,1901,1,0
731,1093,1,2025-04-19 21:00:00,1,1001,3002,9121,4007,1904,1,0
732,1096,2,2025-02-15 10:00:00,1,1004,3032,9270,4004,1910,1,0
733,1099,1,2025-11-12 18:00:00,1,1001,3006,9379,4011,1916,1,0
734,1101,2,2026-03-03 13:00:00,1,1004,3031,9318,4001,1920,1,0
735,1102,1,2025-03-29 21:00:00,1,1003,3022,9229,4013,1921,1,0
736,1103,1,2025-05-14 21:00:00,1,1001,3005,9212,4015,1922,1,0
737,1104,1,2025-02-21 02:00:00,1,1005,3033,9047,4015,1923,1,0
738,1105,2,2025-07-25 11:00:00,1,1002,3011,9392,4012,1924,1,0
739,1108,2,2026-02-18 23:00:00,1,1003,3019,9064,4010,1929,1,0
740,1109,2,2025-07-20 18:00:00,1,1003,3022,9294,4014,1930,1,0
741,1110,1,2025-05-05 22:00:00,1,1005,3036,9109,4011,1933,1,0
742,1112,2,2025-11-12 23:00:00,1,1004,3028,9278,4014,1936,1,0
743,1113,1,2026-03-28 14:00:00,1,1004,3027,9391,4003,1938,1,0
744,1114,1,2025-12-22 14:00:00,1,1001,3005,9212,4013,1940,1,0
745,1116,2,2025-12-01 19:00:00,1,1002,3014,9060,4002,1942,1,0
746,1118,2,2025-06-29 00:00:00,1,1004,3029,9070,4009,1945,1,0
747,1119,1,2025-02-10 05:00:00,1,1003,3020,9184,4001,1947,1,0
748,1120,1,2026-01-22 23:00:00,1,1004,3031,9073,4005,1949,1,0
749,1121,2,2025-05-28 20:00:00,1,1003,3018,9294,4004,1951,1,0
750,1122,2,2026-02-02 14:00:00,1,1004,3031,9327,4004,1952,1,0
751,1123,1,2025-05-04 22:00:00,1,1001,3006,9321,4010,1954,1,0
752,1124,2,2025-10-30 11:00:00,1,1003,3024,9339,4013,1959,1,0
753,1125,1,2025-12-21 17:00:00,1,1001,3006,9239,4004,1960,1,0
754,1126,2,2025-05-03 06:00:00,1,1001,3001,9194,4005,1961,1,0
755,1127,1,2025-08-13 07:00:00,1,1003,3023,9040,4007,1963,1,0
756,1128,2,2025-08-23 19:00:00,1,1001,3003,9347,4003,1964,1,0
757,1129,2,2025-02-12 19:00:00,1,1003,3017,9348,4008,1965,1,0
758,1131,1,2026-03-28 14:00:00,1,1004,3027,9098,4004,1967,1,0
759,1132,1,2025-09-21 09:00:00,1,1005,3040,9239,4011,1970,1,0
760,1134,1,2025-07-01 06:00:00,1,1001,3001,9004,4002,1975,1,0
761,1135,2,2025-06-27 14:00:00,1,1002,3012,9172,4007,1976,1,0
762,1136,1,2025-08-10 17:00:00,1,1001,3003,9126,4001,1977,1,0
763,1137,1,2025-06-19 07:00:00,1,1003,3022,9094,4003,1978,1,0
764,1139,1,2026-03-06 06:00:00,1,1002,3014,9233,4007,1981,1,0
765,1140,1,2026-01-22 06:00:00,1,1002,3016,9120,4002,1983,1,0
766,1141,1,2026-01-19 19:00:00,1,1003,3021,9009,4014,1984,1,0
767,1143,2,2025-01-11 14:00:00,1,1003,3023,9067,4010,1988,1,0
768,1144,2,2025-12-02 09:00:00,1,1003,3021,9246,4012,1989,1,0
769,1145,1,2026-02-21 10:00:00,1,1002,3013,9023,4007,1990,1,0
770,1146,1,2025-10-08 16:00:00,1,1002,3013,9318,4007,1991,1,0
771,1147,2,2026-01-15 23:00:00,1,1004,3027,9149,4015,1994,1,0
772,1148,2,2025-08-18 07:00:00,1,1001,3007,9239,4011,1995,1,0
773,1152,1,2025-10-14 02:00:00,1,1003,3021,9129,4008,2002,1,0
774,1153,2,2025-12-11 22:00:00,1,1001,3002,9052,4001,2004,1,0
775,1154,2,2026-02-11 14:00:00,1,1005,3037,9058,4009,2005,1,0
776,1155,2,2026-01-03 06:00:00,1,1005,3033,9231,4014,2009,1,0
777,1156,2,2025-04-28 18:00:00,1,1005,3034,9145,4009,2011,1,0
778,1157,1,2025-03-04 15:00:00,1,1004,3030,9372,4013,2013,1,0
779,1158,1,2025-11-24 01:00:00,1,1003,3023,9298,4007,2016,1,0
780,1159,1,2025-01-12 17:00:00,1,1001,3003,9214,4009,2018,1,0
781,1160,2,2026-02-09 03:00:00,1,1005,3033,9339,4012,2019,1,0
782,1164,2,2025-02-23 06:00:00,1,1002,3014,9181,4013,2030,1,0
783,1166,2,2025-11-13 13:00:00,1,1004,3032,9262,4010,2035,1,0
784,1168,2,2026-02-03 22:00:00,1,1002,3013,9066,4014,2038,1,0
785,1169,1,2026-02-20 17:00:00,1,1002,3013,9377,4013,2039,1,0
786,1171,2,2025-11-13 14:00:00,1,1001,3005,9349,4009,2044,1,0
787,1172,1,2025-06-20 03:00:00,1,1001,3008,9335,4011,2047,1,0
788,1173,2,2026-01-13 22:00:00,1,1003,3021,9346,4004,2048,1,0
789,1177,2,2025-02-10 13:00:00,1,1002,3013,9380,4014,2053,1,0
790,1180,1,2026-01-13 13:00:00,1,1004,3030,9267,4006,2058,1,0
791,1181,2,2025-06-22 03:00:00,1,1003,3022,9060,4005,2059,1,0
792,1184,2,2025-03-26 11:00:00,1,1002,3014,9137,4004,2065,1,0
793,1185,1,2025-12-21 16:00:00,1,1003,3018,9042,4015,2068,1,0
794,1186,1,2025-01-31 00:00:00,1,1004,3028,9184,4008,2071,1,0
795,1188,2,2025-10-28 23:00:00,1,1002,3011,9081,4011,2075,1,0
796,1190,1,2025-04-13 08:00:00,1,1005,3034,9226,4008,2080,1,0
797,1191,2,2025-02-25 13:00:00,1,1001,3003,9261,4014,2082,1,0
798,1192,2,2025-05-26 00:00:00,1,1004,3026,9382,4009,2084,1,0
799,1195,1,2025-04-14 05:00:00,1,1003,3021,9323,4009,2087,1,0
800,1198,1,2025-04-03 07:00:00,1,1004,3025,9252,4012,2094,1,0
801,1199,2,2025-05-15 17:00:00,1,1003,3023,9375,4010,2097,1,0
802,1201,2,2026-02-24 01:00:00,1,1003,3021,9282,4001,2102,1,0
803,1202,1,2025-12-14 02:00:00,1,1004,3025,9066,4002,2103,1,0
804,1203,2,2025-06-21 22:00:00,1,1001,3002,9387,4012,2105,1,0
805,1204,2,2025-01-01 23:00:00,1,1003,3018,9054,4009,2107,1,0
806,1205,1,2025-12-21 17:00:00,1,1004,3025,9308,4002,2108,1,0
807,1206,2,2026-01-09 02:00:00,1,1001,3003,9077,4006,2109,1,0
808,1207,2,2025-08-11 01:00:00,1,1002,3015,9392,4014,2111,1,0
809,1210,1,2025-07-27 07:00:00,1,1002,3010,9096,4002,2115,1,0
810,1211,1,2025-07-06 20:00:00,1,1001,3004,9105,4003,2116,1,0
811,1212,1,2025-01-27 21:00:00,1,1004,3030,9287,4005,2118,1,0
812,1213,2,2025-07-10 04:00:00,1,1005,3038,9265,4004,2119,1,0
813,1216,2,2025-07-26 23:00:00,1,1004,3026,9265,4011,2122,1,0
814,1217,2,2025-05-21 17:00:00,1,1001,3007,9022,4011,2123,1,0
815,1218,2,2026-02-18 13:00:00,1,1002,3009,9251,4015,2125,1,0
816,1219,1,2025-08-04 14:00:00,1,1005,3035,9260,4014,2126,1,0
817,1222,1,2025-04-12 05:00:00,1,1001,3002,9292,4002,2131,1,0
818,1224,2,2026-03-30 10:00:00,1,1004,3032,9233,4010,2138,1,0
819,1225,2,2025-10-16 09:00:00,1,1005,3038,9013,4005,2139,1,0
820,1228,2,2025-06-25 09:00:00,1,1002,3013,9182,4003,2147,1,0
821,1229,1,2025-12-22 20:00:00,1,1003,3022,9020,4008,2149,1,0
822,1230,2,2025-02-19 20:00:00,1,1001,3004,9373,4002,2150,1,0
823,1231,1,2026-03-14 15:00:00,1,1004,3025,9375,4002,2151,1,0
824,1232,2,2025-04-18 17:00:00,1,1005,3035,9185,4015,2154,1,0
825,1234,1,2025-02-24 20:00:00,1,1005,3038,9192,4004,2157,1,0
826,1237,2,2025-08-27 13:00:00,1,1004,3027,9219,4003,2160,1,0
827,1239,1,2025-08-13 01:00:00,1,1003,3019,9101,4005,2165,1,0
828,1240,2,2025-06-12 10:00:00,1,1004,3025,9273,4008,2166,1,0
829,1244,2,2025-03-09 10:00:00,1,1005,3040,9189,4007,2175,1,0
830,1247,1,2025-08-12 08:00:00,1,1004,3027,9134,4005,2178,1,0
831,1250,1,2025-08-17 04:00:00,1,1003,3024,9306,4015,2184,1,0
832,1251,2,2025-06-28 22:00:00,1,1001,3006,9317,4007,2186,1,0
833,1253,2,2025-10-28 05:00:00,1,1004,3027,9034,4010,2188,1,0
834,1254,2,2025-06-15 07:00:00,1,1001,3007,9322,4003,2189,1,0
835,1255,1,2026-02-13 01:00:00,1,1004,3030,9322,4008,2190,1,0
836,1256,2,2025-05-29 07:00:00,1,1002,3010,9115,4007,2191,1,0
837,1257,2,2025-09-04 22:00:00,1,1002,3014,9331,4011,2195,1,0
838,1258,1,2026-02-06 07:00:00,1,1002,3013,9260,4009,2196,1,0
839,1261,2,2025-10-05 09:00:00,1,1002,3012,9319,4005,2200,1,0
840,1264,1,2025-07-09 15:00:00,1,1005,3039,9357,4012,2207,1,0
841,1265,1,2025-11-23 12:00:00,1,1005,3033,9119,4013,2209,1,0
842,1266,1,2025-05-15 18:00:00,1,1001,3001,9045,4007,2210,1,0
843,1270,1,2025-10-31 13:00:00,1,1005,3034,9275,4014,2217,1,0
844,1271,1,2025-11-25 23:00:00,1,1003,3023,9137,4013,2218,1,0
845,1272,2,2025-11-27 11:00:00,1,1004,3029,9154,4012,2221,1,0
846,1277,2,2025-08-08 13:00:00,1,1004,3027,9111,4008,2231,1,0
847,1279,2,2025-08-16 21:00:00,1,1001,3003,9067,4001,2235,1,0
848,1281,1,2026-02-10 13:00:00,1,1005,3033,9289,4013,2237,1,0
849,1282,2,2025-07-15 06:00:00,1,1002,3014,9312,4002,2238,1,0
850,1283,1,2025-02-19 08:00:00,1,1005,3033,9335,4015,2241,1,0
851,1284,1,2025-12-19 21:00:00,1,1005,3036,9244,4011,2242,1,0
852,1286,1,2025-05-10 10:00:00,1,1001,3008,9295,4015,2247,1,0
853,1287,1,2026-03-19 03:00:00,1,1003,3023,9049,4014,2250,1,0
854,1288,1,2025-03-07 00:00:00,1,1002,3011,9181,4013,2252,1,0
855,1290,2,2025-01-01 06:00:00,1,1001,3005,9158,4011,2256,1,0
856,1292,1,2025-10-02 11:00:00,1,1001,3005,9278,4010,2260,1,0
857,1295,1,2025-06-02 14:00:00,1,1004,3031,9116,4004,2265,1,0
858,1296,1,2026-02-14 23:00:00,1,1005,3035,9182,4009,2266,1,0
859,1298,1,2025-08-09 19:00:00,1,1003,3023,9080,4002,2268,1,0
860,1301,1,2025-02-25 04:00:00,1,1002,3010,9336,4003,2271,1,0
861,1302,2,2025-01-27 05:00:00,1,1003,3022,9373,4011,2274,1,0
862,1305,2,2025-10-11 05:00:00,1,1004,3028,9199,4004,2280,1,0
863,1310,2,2026-02-17 22:00:00,1,1005,3040,9277,4005,2292,1,0
864,1311,1,2025-04-10 02:00:00,1,1003,3019,9113,4005,2293,1,0
865,1313,2,2025-11-19 00:00:00,1,1004,3031,9366,4005,2296,1,0
866,1314,2,2025-05-30 14:00:00,1,1003,3017,9053,4012,2300,1,0
867,1315,1,2025-07-26 10:00:00,1,1005,3039,9195,4007,2303,1,0
868,1319,1,2025-06-21 05:00:00,1,1004,3026,9145,4004,2308,1,0
869,1320,1,2026-01-05 21:00:00,1,1001,3007,9223,4004,2309,1,0
870,1324,1,2025-07-09 16:00:00,1,1002,3011,9388,4009,2317,1,0
871,1325,2,2025-04-08 18:00:00,1,1001,3003,9163,4007,2322,1,0
872,1326,2,2026-02-19 00:00:00,1,1005,3039,9095,4010,2323,1,0
873,1327,2,2025-01-16 16:00:00,1,1005,3040,9012,4015,2326,1,0
874,1328,2,2025-08-15 23:00:00,1,1001,3002,9074,4009,2328,1,0
875,1329,1,2025-12-17 18:00:00,1,1005,3034,9065,4010,2330,1,0
876,1331,2,2025-04-20 12:00:00,1,1004,3030,9002,4014,2332,1,0
877,1332,2,2025-12-18 03:00:00,1,1003,3017,9201,4014,2333,1,0
878,1334,2,2025-05-28 08:00:00,1,1004,3030,9078,4001,2337,1,0
879,1335,2,2025-09-25 00:00:00,1,1004,3031,9182,4011,2338,1,0
880,1336,1,2025-04-10 19:00:00,1,1003,3023,9054,4002,2339,1,0
881,1337,2,2025-12-04 11:00:00,1,1002,3015,9194,4004,2340,1,0
882,1338,1,2025-02-17 08:00:00,1,1001,3006,9036,4003,2345,1,0
883,1340,1,2025-12-03 10:00:00,1,1004,3032,9265,4001,2349,1,0
884,1342,1,2026-01-21 23:00:00,1,1001,3003,9368,4001,2355,1,0
885,1343,2,2025-03-15 05:00:00,1,1001,3007,9035,4011,2356,1,0
886,1345,2,2025-04-11 17:00:00,1,1001,3003,9330,4003,2358,1,0
887,1346,2,2025-06-28 12:00:00,1,1002,3012,9066,4011,2361,1,0
888,1347,2,2025-01-18 14:00:00,1,1002,3016,9238,4007,2362,1,0
889,1348,2,2025-03-18 09:00:00,1,1001,3006,9204,4001,2363,1,0
890,1349,1,2025-08-01 17:00:00,1,1003,3024,9242,4006,2365,1,0
891,1350,2,2025-01-11 09:00:00,1,1004,3029,9130,4011,2366,1,0
892,1351,2,2025-02-24 20:00:00,1,1001,3006,9012,4006,2368,1,0
893,1352,1,2025-02-07 11:00:00,1,1001,3007,9254,4012,2372,1,0
894,1354,1,2025-06-18 14:00:00,1,1004,3027,9270,4003,2375,1,0
895,1355,1,2025-07-13 17:00:00,1,1003,3019,9101,4011,2376,1,0
896,1357,2,2025-09-10 15:00:00,1,1001,3008,9135,4010,2380,1,0
897,1361,1,2026-01-23 06:00:00,1,1001,3004,9288,4003,2387,1,0
898,1364,1,2025-05-26 04:00:00,1,1002,3016,9024,4007,2392,1,0
899,1366,2,2025-01-10 10:00:00,1,1002,3009,9243,4007,2397,1,0
900,1368,2,2025-08-11 01:00:00,1,1001,3006,9275,4015,2401,1,0
901,1369,2,2026-03-24 06:00:00,1,1005,3037,9228,4010,2402,1,0
902,1372,2,2025-09-28 13:00:00,1,1001,3004,9089,4008,2405,1,0
903,1373,1,2025-01-04 13:00:00,1,1001,3008,9362,4015,2407,1,0
904,1374,2,2025-03-05 14:00:00,1,1002,3010,9218,4005,2409,1,0
905,1375,1,2025-04-06 05:00:00,1,1005,3035,9380,4015,2411,1,0
906,1377,2,2025-04-10 20:00:00,1,1002,3009,9273,4003,2417,1,0
907,1378,2,2025-02-19 21:00:00,1,1002,3009,9235,4008,2418,1,0
908,1380,1,2025-08-11 16:00:00,1,1004,3030,9374,4011,2421,1,0
909,1381,2,2026-02-13 04:00:00,1,1004,3031,9327,4009,2422,1,0
910,1383,1,2026-01-28 19:00:00,1,1004,3029,9298,4014,2425,1,0
911,1385,2,2025-04-15 09:00:00,1,1001,3005,9063,4003,2431,1,0
912,1387,2,2025-07-01 21:00:00,1,1002,3016,9056,4012,2433,1,0
913,1388,1,2025-04-16 09:00:00,1,1001,3005,9284,4001,2434,1,0
914,1390,1,2025-06-29 15:00:00,1,1004,3031,9332,4012,2438,1,0
915,1391,2,2025-04-13 15:00:00,1,1005,3037,9024,4009,2439,1,0
916,1392,2,2025-10-25 08:00:00,1,1004,3026,9223,4008,2441,1,0
917,1393,1,2025-01-14 23:00:00,1,1003,3024,9025,4004,2442,1,0
918,1395,2,2025-01-30 01:00:00,1,1005,3040,9249,4010,2448,1,0
919,1397,1,2025-12-03 06:00:00,1,1002,3009,9202,4012,2451,1,0
920,1398,1,2025-01-07 12:00:00,1,1001,3002,9363,4013,2455,1,0
921,1399,1,2025-12-04 10:00:00,1,1003,3024,9140,4005,2456,1,0
922,1401,1,2025-09-26 09:00:00,1,1005,3036,9111,4009,2462,1,0
923,1404,2,2025-07-05 05:00:00,1,1003,3018,9305,4004,2467,1,0
924,1405,2,2025-04-23 23:00:00,1,1004,3030,9050,4006,2469,1,0
925,1406,2,2026-02-26 09:00:00,1,1002,3009,9094,4006,2470,1,0
926,1407,1,2025-09-06 17:00:00,1,1004,3031,9040,4004,2472,1,0
927,1408,1,2025-11-30 16:00:00,1,1004,3028,9065,4009,2473,1,0
928,1409,2,2026-01-27 11:00:00,1,1002,3016,9007,4014,2474,1,0
929,1410,1,2025-03-30 14:00:00,1,1004,3026,9083,4006,2475,1,0
930,1412,1,2025-07-08 19:00:00,1,1003,3023,9211,4005,2481,1,0
931,1413,2,2025-02-10 20:00:00,1,1005,3038,9025,4014,2483,1,0
932,1414,2,2025-02-06 23:00:00,1,1001,3001,9380,4003,2485,1,0
933,1416,2,2025-03-10 03:00:00,1,1001,3005,9101,4010,2489,1,0
934,1417,2,2025-03-11 17:00:00,1,1001,3002,9336,4010,2491,1,0
935,1418,2,2025-05-18 18:00:00,1,1002,3011,9130,4005,2492,1,0
936,1420,2,2025-02-01 19:00:00,1,1003,3017,9139,4010,2494,1,0
937,1422,1,2026-01-15 20:00:00,1,1002,3012,9197,4010,2498,1,0
938,1424,2,2026-03-05 10:00:00,1,1004,3027,9260,4002,2502,1,0
939,1426,2,2026-03-18 11:00:00,1,1005,3036,9131,4013,2507,1,0
940,1427,1,2025-05-15 09:00:00,1,1001,3007,9138,4015,2509,1,0
941,1431,1,2025-12-02 10:00:00,1,1005,3035,9155,4006,2516,1,0
942,1432,2,2025-04-01 10:00:00,1,1004,3029,9345,4013,2517,1,0
943,1437,1,2025-01-20 02:00:00,1,1004,3029,9295,4008,2526,1,0
944,1439,1,2025-10-10 07:00:00,1,1005,3037,9273,4001,2528,1,0
945,1440,2,2025-04-27 05:00:00,1,1001,3001,9160,4002,2529,1,0
946,1441,1,2025-11-28 16:00:00,1,1004,3026,9073,4004,2530,1,0
947,1442,1,2025-12-11 21:00:00,1,1001,3001,9162,4015,2531,1,0
948,1445,1,2025-04-26 11:00:00,1,1004,3031,9171,4015,2536,1,0
949,1446,2,2025-11-15 08:00:00,1,1005,3040,9071,4012,2537,1,0
950,1448,1,2025-05-10 23:00:00,1,1001,3008,9361,4007,2539,1,0
951,1449,2,2026-03-28 19:00:00,1,1005,3039,9373,4005,2540,1,0
952,1450,2,2025-10-12 06:00:00,1,1003,3023,9239,4009,2541,1,0
953,1451,1,2025-11-09 00:00:00,1,1003,3018,9158,4005,2543,1,0
954,1452,2,2025-04-10 06:00:00,1,1004,3029,9273,4011,2544,1,0
955,1453,2,2025-05-26 09:00:00,1,1001,3007,9194,4002,2545,1,0
956,1454,2,2026-01-05 17:00:00,1,1004,3028,9038,4007,2546,1,0
957,1455,1,2025-03-06 15:00:00,1,1001,3006,9321,4005,2547,1,0
958,1456,1,2026-02-25 20:00:00,1,1005,3036,9202,4001,2548,1,0
959,1457,1,2025-10-28 02:00:00,1,1004,3026,9351,4006,2549,1,0
960,1462,2,2025-08-22 21:00:00,1,1003,3020,9361,4011,2558,1,0
961,1463,1,2025-04-05 16:00:00,1,1004,3032,9179,4006,2559,1,0
962,1464,1,2025-09-16 04:00:00,1,1003,3019,9235,4004,2560,1,0
963,1465,1,2026-02-23 01:00:00,1,1003,3018,9277,4011,2562,1,0
964,1466,1,2025-09-11 12:00:00,1,1004,3027,9196,4010,2563,1,0
965,1467,1,2025-05-18 16:00:00,1,1004,3032,9307,4013,2565,1,0
966,1468,1,2025-04-25 19:00:00,1,1002,3015,9354,4015,2566,1,0
967,1469,2,2025-04-26 06:00:00,1,1003,3019,9055,4015,2567,1,0
968,1470,1,2025-01-02 19:00:00,1,1005,3037,9286,4003,2570,1,0
969,1471,2,2025-06-16 01:00:00,1,1001,3008,9098,4009,2573,1,0
970,1472,1,2025-05-23 05:00:00,1,1001,3007,9332,4014,2574,1,0
971,1473,2,2025-11-03 20:00:00,1,1004,3029,9121,4008,2576,1,0
972,1474,2,2025-11-16 11:00:00,1,1001,3001,9340,4002,2578,1,0
973,1475,1,2025-08-09 06:00:00,1,1004,3027,9028,4015,2580,1,0
974,1477,1,2026-03-07 14:00:00,1,1003,3021,9256,4008,2585,1,0
975,1478,2,2025-09-01 21:00:00,1,1004,3032,9185,4015,2586,1,0
976,1479,2,2025-12-16 23:00:00,1,1004,3026,9381,4014,2587,1,0
977,1480,1,2025-08-22 01:00:00,1,1004,3030,9132,4011,2590,1,0
978,1482,1,2025-02-27 22:00:00,1,1004,3032,9396,4005,2592,1,0
979,1483,1,2025-06-30 03:00:00,1,1004,3025,9191,4013,2595,1,0
980,1484,2,2025-10-11 22:00:00,1,1003,3021,9339,4005,2598,1,0
981,1485,2,2025-08-11 14:00:00,1,1001,3003,9180,4002,2601,1,0
982,1487,2,2025-04-14 05:00:00,1,1004,3028,9195,4005,2606,1,0
983,1488,2,2025-07-11 06:00:00,1,1004,3029,9146,4005,2607,1,0
984,1489,2,2025-05-21 19:00:00,1,1001,3002,9330,4015,2608,1,0
985,1490,2,2025-11-29 12:00:00,1,1003,3024,9376,4009,2613,1,0
986,1491,2,2025-10-21 02:00:00,1,1005,3035,9122,4003,2614,1,0
987,1492,2,2025-09-11 11:00:00,1,1002,3009,9023,4002,2615,1,0
988,1493,2,2026-01-12 18:00:00,1,1002,3013,9253,4006,2617,1,0
989,1494,2,2026-02-14 04:00:00,1,1002,3009,9202,4004,2619,1,0
990,1496,1,2025-06-30 16:00:00,1,1003,3018,9014,4008,2623,1,0
991,1497,2,2025-09-24 23:00:00,1,1002,3011,9043,4007,2626,1,0
992,1500,1,2025-12-19 01:00:00,1,1001,3008,9339,4002,2632,1,0
993,1504,2,2025-04-11 14:00:00,1,1004,3026,9318,4015,2641,1,0
994,1506,1,2025-06-23 21:00:00,1,1003,3019,9196,4011,2644,1,0
995,1507,2,2025-10-21 17:00:00,1,1002,3015,9179,4005,2645,1,0
996,1510,2,2025-11-10 01:00:00,1,1005,3035,9046,4011,2652,1,0
997,1511,2,2026-03-01 00:00:00,1,1004,3029,9071,4010,2654,1,0
998,1513,1,2025-05-31 02:00:00,1,1004,3025,9238,4008,2658,1,0
999,1514,1,2025-08-26 10:00:00,1,1002,3011,9214,4013,2660,1,0
1000,1515,2,2026-02-24 20:00:00,1,1001,3003,9275,4005,2662,1,0
1001,1516,1,2025-04-18 05:00:00,1,1003,3024,9371,4004,2663,1,0
1002,1517,2,2025-08-17 18:00:00,1,1001,3007,9016,4006,2664,1,0
1003,1521,2,2025-11-10 00:00:00,1,1002,3016,9247,4013,2671,1,0
1004,1522,1,2026-03-22 06:00:00,1,1003,3023,9251,4014,2674,1,0
1005,1523,1,2025-02-09 15:00:00,1,1003,3020,9394,4002,2676,1,0
1006,1525,1,2025-07-15 08:00:00,1,1002,3009,9153,4015,2681,1,0
1007,1529,2,2025-11-13 05:00:00,1,1002,3012,9363,4014,2687,1,0
1008,1530,2,2025-12-03 09:00:00,1,1002,3010,9127,4015,2688,1,0
1009,1531,1,2025-01-04 15:00:00,1,1005,3033,9225,4003,2690,1,0
1010,1532,1,2026-01-19 14:00:00,1,1003,3024,9263,4010,2691,1,0
1011,1536,1,2025-03-05 13:00:00,1,1005,3033,9096,4015,2700,1,0
1012,1539,2,2025-06-16 06:00:00,1,1003,3020,9251,4012,2703,1,0
1013,1541,2,2026-01-20 15:00:00,1,1003,3023,9214,4001,2705,1,0
1014,1542,2,2025-02-21 00:00:00,1,1005,3040,9153,4013,2706,1,0
1015,1544,1,2025-05-31 05:00:00,1,1004,3026,9339,4006,2708,1,0
1016,1549,1,2025-04-17 13:00:00,1,1005,3038,9108,4007,2714,1,0
1017,1553,2,2025-08-15 08:00:00,1,1002,3016,9058,4004,2720,1,0
1018,1555,1,2026-03-25 07:00:00,1,1002,3010,9013,4007,2723,1,0
1019,1556,1,2025-12-21 22:00:00,1,1003,3019,9169,4012,2725,1,0
1020,1557,1,2026-03-21 08:00:00,1,1005,3036,9004,4007,2728,1,0
1021,1558,1,2025-11-28 06:00:00,1,1005,3035,9249,4005,2729,1,0
1022,1559,2,2025-06-16 19:00:00,1,1003,3024,9298,4005,2730,1,0
1023,1562,1,2025-06-15 07:00:00,1,1003,3019,9109,4014,2733,1,0
1024,1563,2,2025-05-01 00:00:00,1,1005,3033,9237,4010,2734,1,0
1025,1565,1,2025-03-22 22:00:00,1,1002,3009,9376,4001,2736,1,0
1026,1569,2,2025-05-18 02:00:00,1,1005,3036,9102,4010,2741,1,0
1027,1570,1,2025-09-02 04:00:00,1,1004,3027,9161,4001,2743,1,0
1028,1574,2,2025-09-02 22:00:00,1,1004,3029,9328,4007,2749,1,0
1029,1575,1,2025-08-31 08:00:00,1,1002,3016,9120,4014,2751,1,0
1030,1577,2,2025-03-18 22:00:00,1,1002,3010,9183,4002,2754,1,0
1031,1581,1,2025-11-23 12:00:00,1,1005,3035,9149,4013,2760,1,0
1032,1582,2,2025-06-03 19:00:00,1,1003,3022,9112,4013,2762,1,0
1033,1583,2,2025-01-16 09:00:00,1,1003,3020,9223,4013,2765,1,0
1034,1584,1,2025-09-18 15:00:00,1,1005,3037,9017,4012,2769,1,0
1035,1585,2,2025-06-24 10:00:00,1,1005,3035,9279,4002,2770,1,0
1036,1588,1,2025-10-31 05:00:00,1,1002,3010,9263,4007,2776,1,0
1037,1589,2,2025-11-20 15:00:00,1,1001,3008,9338,4008,2777,1,0
1038,1590,1,2026-02-12 21:00:00,1,1005,3037,9263,4015,2780,1,0
1039,1591,2,2025-12-16 23:00:00,1,1002,3012,9121,4014,2781,1,0
1040,1592,2,2025-02-09 11:00:00,1,1002,3011,9104,4003,2782,1,0
1041,1593,2,2025-04-01 17:00:00,1,1003,3017,9095,4005,2783,1,0
1042,1594,2,2025-03-31 22:00:00,1,1001,3002,9160,4006,2786,1,0
1043,1595,1,2025-10-24 16:00:00,1,1001,3005,9010,4008,2789,1,0
1044,1598,1,2025-08-20 10:00:00,1,1005,3037,9117,4009,2794,1,0
1045,1599,1,2026-01-16 04:00:00,1,1003,3019,9281,4006,2795,1,0
1046,1600,2,2025-04-25 20:00:00,1,1005,3037,9033,4013,2796,1,0
1047,1601,1,2025-08-05 22:00:00,1,1005,3040,9028,4013,2799,1,0
1048,1602,1,2025-03-11 08:00:00,1,1004,3025,9252,4005,2800,1,0
1049,1604,1,2025-05-02 21:00:00,1,1003,3018,9230,4015,2803,1,0
1050,1605,1,2025-06-23 01:00:00,1,1005,3038,9181,4006,2804,1,0
1051,1608,1,2025-09-22 14:00:00,1,1002,3011,9181,4001,2807,1,0
1052,1610,2,2025-03-05 03:00:00,1,1003,3021,9331,4011,2810,1,0
1053,1611,2,2025-06-14 11:00:00,1,1004,3026,9363,4013,2813,1,0
1054,1612,1,2026-03-03 14:00:00,1,1003,3017,9165,4008,2814,1,0
1055,1613,1,2025-06-23 18:00:00,1,1005,3039,9097,4011,2815,1,0
1056,1616,1,2025-08-18 00:00:00,1,1002,3011,9174,4010,2823,1,0
1057,1617,1,2025-01-26 22:00:00,1,1002,3016,9211,4006,2824,1,0
1058,1618,1,2025-05-11 09:00:00,1,1004,3031,9075,4006,2825,1,0
1059,1619,2,2025-01-07 10:00:00,1,1001,3005,9305,4009,2828,1,0
1060,1620,2,2025-04-03 17:00:00,1,1003,3024,9146,4006,2831,1,0
1061,1622,2,2026-02-28 12:00:00,1,1003,3023,9057,4005,2834,1,0
1062,1623,2,2025-12-21 10:00:00,1,1002,3012,9263,4014,2835,1,0
1063,1624,2,2025-01-21 15:00:00,1,1005,3037,9253,4014,2838,1,0
1064,1625,2,2025-01-15 07:00:00,1,1003,3022,9157,4010,2839,1,0
1065,1630,2,2026-03-10 06:00:00,1,1005,3037,9335,4006,2849,1,0
1066,1631,2,2026-02-24 05:00:00,1,1002,3011,9385,4009,2850,1,0
1067,1635,2,2025-04-01 05:00:00,1,1002,3015,9153,4013,2857,1,0
1068,1636,2,2025-07-28 11:00:00,1,1002,3013,9257,4004,2859,1,0
1069,1638,2,2025-02-11 05:00:00,1,1002,3013,9121,4015,2863,1,0
1070,1639,2,2025-06-22 07:00:00,1,1004,3027,9325,4005,2865,1,0
1071,1641,2,2025-09-02 18:00:00,1,1005,3035,9113,4010,2869,1,0
1072,1642,2,2025-07-18 18:00:00,1,1002,3016,9118,4005,2871,1,0
1073,1646,2,2025-02-12 21:00:00,1,1003,3018,9070,4008,2882,1,0
1074,1651,1,2025-11-01 04:00:00,1,1003,3018,9334,4001,2892,1,0
1075,1652,1,2026-01-04 17:00:00,1,1002,3014,9162,4003,2893,1,0
1076,1653,2,2025-11-27 07:00:00,1,1004,3027,9097,4015,2894,1,0
1077,1654,2,2025-02-28 21:00:00,1,1001,3008,9121,4015,2895,1,0
1078,1655,1,2025-11-01 17:00:00,1,1005,3039,9058,4002,2898,1,0
1079,1656,1,2026-01-05 21:00:00,1,1002,3013,9102,4004,2900,1,0
1080,1658,2,2025-01-26 13:00:00,1,1003,3023,9389,4010,2902,1,0
1081,1660,2,2026-01-04 11:00:00,1,1002,3011,9071,4005,2908,1,0
1082,1662,2,2025-08-23 13:00:00,1,1005,3036,9028,4005,2911,1,0
1083,1663,2,2025-10-06 20:00:00,1,1005,3037,9106,4012,2914,1,0
1084,1665,2,2026-01-07 06:00:00,1,1005,3039,9380,4010,2916,1,0
1085,1666,1,2025-02-01 23:00:00,1,1001,3004,9357,4001,2917,1,0
1086,1667,1,2026-01-19 15:00:00,1,1004,3031,9331,4007,2920,1,0
1087,1669,1,2025-01-30 00:00:00,1,1005,3038,9092,4010,2923,1,0
1088,1670,1,2025-08-11 19:00:00,1,1003,3021,9027,4015,2924,1,0
1089,1671,1,2025-06-01 18:00:00,1,1004,3026,9290,4007,2925,1,0
1090,1672,1,2025-08-26 15:00:00,1,1001,3008,9191,4003,2926,1,0
1091,1674,2,2025-11-30 10:00:00,1,1002,3012,9348,4001,2929,1,0
1092,1677,1,2025-04-17 07:00:00,1,1002,3016,9264,4007,2934,1,0
1093,1678,1,2025-10-11 08:00:00,1,1002,3014,9333,4014,2937,1,0
1094,1679,1,2025-02-02 05:00:00,1,1002,3010,9026,4010,2939,1,0
1095,1680,1,2025-05-14 13:00:00,1,1001,3002,9004,4003,2940,1,0
1096,1684,2,2026-03-20 18:00:00,1,1003,3021,9250,4003,2948,1,0
1097,1685,1,2025-06-26 17:00:00,1,1004,3026,9015,4007,2949,1,0
1098,1687,1,2025-10-05 23:00:00,1,1002,3009,9210,4005,2955,1,0
1099,1688,1,2025-04-26 13:00:00,1,1001,3001,9024,4006,2957,1,0
1100,1689,2,2025-05-02 19:00:00,1,1003,3020,9223,4004,2960,1,0
1101,1691,2,2025-11-30 09:00:00,1,1003,3018,9117,4003,2963,1,0
1102,1695,2,2026-01-30 06:00:00,1,1004,3032,9001,4003,2968,1,0
1103,1698,2,2025-11-27 01:00:00,1,1002,3009,9284,4010,2976,1,0
1104,1699,2,2026-01-19 23:00:00,1,1003,3024,9052,4008,2978,1,0
1105,1700,1,2025-06-20 02:00:00,1,1004,3031,9379,4001,2980,1,0
1106,1702,2,2026-01-29 23:00:00,1,1003,3018,9248,4007,2984,1,0
1107,1704,1,2025-01-10 21:00:00,1,1002,3015,9297,4002,2987,1,0
1108,1705,2,2025-02-20 06:00:00,1,1003,3019,9071,4009,2989,1,0
1109,1707,2,2025-08-09 23:00:00,1,1001,3005,9203,4013,2992,1,0
1110,1708,1,2025-11-30 18:00:00,1,1005,3040,9011,4015,2993,1,0
1111,1711,2,2025-11-06 13:00:00,1,1005,3033,9198,4007,2997,1,0
1112,1712,2,2025-12-18 10:00:00,1,1005,3035,9248,4012,2998,1,0
1113,1713,1,2025-07-22 09:00:00,1,1004,3025,9377,4002,2999,1,0
1114,1714,2,2025-02-28 04:00:00,1,1001,3008,9158,4012,3001,1,0
1115,1716,1,2025-11-08 01:00:00,1,1001,3007,9094,4004,3003,1,0
1116,1717,2,2026-01-30 04:00:00,1,1005,3037,9190,4004,3004,1,0
1117,1718,2,2026-03-12 07:00:00,1,1005,3036,9122,4008,3005,1,0
1118,1719,1,2025-10-16 01:00:00,1,1003,3024,9087,4005,3006,1,0
1119,1721,2,2025-02-19 06:00:00,1,1002,3012,9233,4015,3009,1,0
1120,1722,1,2025-09-02 05:00:00,1,1004,3031,9215,4006,3010,1,0
1121,1724,2,2025-05-29 11:00:00,1,1005,3033,9274,4003,3015,1,0
1122,1725,1,2025-05-18 22:00:00,1,1002,3016,9176,4013,3017,1,0
1123,1728,1,2025-12-05 11:00:00,1,1005,3040,9351,4012,3023,1,0
1124,1729,2,2025-11-12 21:00:00,1,1001,3008,9243,4012,3024,1,0
1125,1736,1,2025-04-10 23:00:00,1,1001,3008,9148,4010,3039,1,0
1126,1740,2,2025-10-25 02:00:00,1,1005,3036,9067,4011,3046,1,0
1127,1744,2,2025-11-08 08:00:00,1,1002,3011,9311,4006,3053,1,0
1128,1747,2,2025-05-07 20:00:00,1,1001,3004,9379,4008,3057,1,0
1129,1748,1,2026-03-19 08:00:00,1,1003,3020,9175,4009,3059,1,0
1130,1752,1,2026-01-31 18:00:00,1,1003,3017,9258,4013,3068,1,0
1131,1753,2,2025-12-20 07:00:00,1,1002,3016,9067,4011,3070,1,0
1132,1754,2,2025-04-10 04:00:00,1,1003,3022,9387,4005,3071,1,0
1133,1756,2,2026-01-11 06:00:00,1,1001,3002,9275,4015,3075,1,0
1134,1758,2,2025-03-03 17:00:00,1,1005,3039,9223,4012,3078,1,0
1135,1761,2,2025-04-06 00:00:00,1,1005,3035,9148,4012,3082,1,0
1136,1765,2,2025-09-15 02:00:00,1,1001,3005,9104,4003,3088,1,0
1137,1766,1,2026-02-23 08:00:00,1,1003,3020,9284,4001,3089,1,0
1138,1767,2,2025-07-31 13:00:00,1,1005,3034,9119,4002,3090,1,0
1139,1772,2,2025-05-19 18:00:00,1,1003,3021,9289,4013,3097,1,0
1140,1773,1,2025-06-18 16:00:00,1,1004,3031,9127,4010,3098,1,0
1141,1774,2,2026-01-26 01:00:00,1,1002,3016,9342,4009,3102,1,0
1142,1775,1,2025-01-02 13:00:00,1,1003,3017,9048,4004,3104,1,0
1143,1776,2,2025-07-23 07:00:00,1,1003,3024,9075,4011,3105,1,0
1144,1777,1,2025-07-11 11:00:00,1,1003,3020,9147,4012,3107,1,0
1145,1778,2,2025-09-24 18:00:00,1,1002,3016,9105,4007,3108,1,0
1146,1780,2,2025-07-10 07:00:00,1,1004,3025,9161,4011,3112,1,0
1147,1782,2,2025-04-18 08:00:00,1,1002,3010,9046,4002,3117,1,0
1148,1783,2,2025-08-30 01:00:00,1,1005,3039,9024,4006,3122,1,0
1149,1784,1,2025-11-07 07:00:00,1,1003,3023,9053,4006,3123,1,0
1150,1786,1,2025-01-07 02:00:00,1,1001,3005,9323,4003,3127,1,0
1151,1787,1,2025-03-10 10:00:00,1,1003,3019,9328,4011,3128,1,0
1152,1788,2,2025-01-31 13:00:00,1,1003,3023,9095,4008,3129,1,0
1153,1789,1,2025-01-13 18:00:00,1,1003,3022,9297,4011,3131,1,0
1154,1790,1,2025-09-26 03:00:00,1,1001,3007,9302,4001,3132,1,0
1155,1791,1,2025-06-14 21:00:00,1,1002,3011,9172,4004,3134,1,0
1156,1793,2,2025-07-07 16:00:00,1,1003,3017,9119,4001,3137,1,0
1157,1794,2,2025-05-05 16:00:00,1,1005,3036,9359,4014,3139,1,0
1158,1795,1,2025-02-09 07:00:00,1,1005,3039,9154,4013,3141,1,0
1159,1797,2,2025-06-21 02:00:00,1,1001,3003,9031,4011,3145,1,0
1160,1798,1,2026-03-28 20:00:00,1,1003,3023,9217,4001,3148,1,0
1161,1799,2,2025-10-17 23:00:00,1,1003,3017,9170,4006,3150,1,0
1162,1800,1,2026-03-12 19:00:00,1,1003,3024,9103,4005,3151,1,0
1163,1801,1,2025-11-23 18:00:00,1,1005,3036,9169,4006,3154,1,0
1164,1803,1,2025-09-24 17:00:00,1,1005,3036,9044,4015,3159,1,0
1165,1804,1,2025-03-04 09:00:00,1,1004,3025,9079,4009,3160,1,0
1166,1805,2,2025-11-26 08:00:00,1,1005,3033,9289,4008,3162,1,0
1167,1807,2,2025-12-16 08:00:00,1,1001,3006,9331,4005,3165,1,0
1168,1808,2,2025-02-21 23:00:00,1,1005,3037,9382,4002,3167,1,0
1169,1809,1,2025-11-30 11:00:00,1,1001,3002,9014,4009,3168,1,0
1170,1810,1,2025-10-01 09:00:00,1,1001,3004,9279,4010,3171,1,0
1171,1812,1,2026-02-11 15:00:00,1,1004,3027,9181,4012,3173,1,0
1172,1813,1,2025-03-04 00:00:00,1,1002,3011,9051,4014,3176,1,0
1173,1815,1,2025-04-02 12:00:00,1,1005,3034,9328,4012,3178,1,0
1174,1816,2,2025-05-30 09:00:00,1,1002,3014,9173,4013,3180,1,0
1175,1819,2,2025-02-26 16:00:00,1,1003,3020,9391,4015,3186,1,0
1176,1821,1,2026-01-18 22:00:00,1,1004,3025,9338,4002,3189,1,0
1177,1822,2,2025-01-31 17:00:00,1,1003,3024,9094,4011,3190,1,0
1178,1823,1,2025-08-19 01:00:00,1,1004,3030,9365,4002,3193,1,0
1179,1824,2,2025-07-16 21:00:00,1,1001,3006,9270,4001,3194,1,0
1180,1825,1,2026-02-20 22:00:00,1,1001,3002,9267,4009,3195,1,0
1181,1827,2,2026-03-11 06:00:00,1,1001,3001,9298,4002,3198,1,0
1182,1828,1,2025-11-02 19:00:00,1,1003,3021,9360,4015,3201,1,0
1183,1829,1,2026-02-09 00:00:00,1,1003,3024,9352,4011,3202,1,0
1184,1830,2,2025-03-02 08:00:00,1,1003,3023,9050,4003,3204,1,0
1185,1831,1,2025-01-19 08:00:00,1,1005,3039,9388,4004,3206,1,0
1186,1832,2,2025-08-30 16:00:00,1,1002,3009,9065,4009,3208,1,0
1187,1833,1,2025-05-31 08:00:00,1,1002,3012,9042,4006,3210,1,0
1188,1834,2,2025-07-03 22:00:00,1,1004,3025,9103,4012,3212,1,0
1189,1835,2,2025-09-10 11:00:00,1,1001,3008,9012,4008,3213,1,0
1190,1837,1,2025-08-07 18:00:00,1,1001,3002,9352,4011,3216,1,0
1191,1839,1,2025-03-31 04:00:00,1,1003,3023,9123,4001,3221,1,0
1192,1840,1,2025-09-02 10:00:00,1,1004,3030,9257,4013,3222,1,0
1193,1841,2,2025-01-28 03:00:00,1,1001,3001,9179,4011,3225,1,0
1194,1843,1,2025-06-29 12:00:00,1,1001,3007,9131,4006,3230,1,0
1195,1844,2,2026-01-04 00:00:00,1,1004,3030,9255,4008,3231,1,0
1196,1846,2,2025-02-11 23:00:00,1,1001,3002,9048,4002,3235,1,0
1197,1849,2,2026-03-19 15:00:00,1,1001,3007,9298,4012,3242,1,0
1198,1850,2,2025-08-22 23:00:00,1,1003,3018,9235,4008,3246,1,0
1199,1852,1,2025-12-27 15:00:00,1,1004,3025,9084,4010,3248,1,0
1200,1853,1,2025-08-24 08:00:00,1,1003,3021,9182,4011,3251,1,0
1201,1854,1,2026-02-10 18:00:00,1,1001,3006,9239,4004,3253,1,0
1202,1855,1,2025-09-11 06:00:00,1,1001,3005,9017,4007,3254,1,0
1203,1856,2,2026-01-05 22:00:00,1,1002,3016,9178,4002,3258,1,0
1204,1857,1,2026-01-24 16:00:00,1,1003,3019,9113,4014,3260,1,0
1205,1862,2,2025-06-22 23:00:00,1,1004,3031,9295,4015,3269,1,0
1206,1863,1,2025-12-18 04:00:00,1,1005,3039,9333,4012,3270,1,0
1207,1864,2,2025-07-10 00:00:00,1,1001,3006,9217,4008,3271,1,0
1208,1866,1,2025-07-01 10:00:00,1,1001,3003,9201,4013,3275,1,0
1209,1867,1,2026-03-27 10:00:00,1,1004,3031,9324,4004,3276,1,0
1210,1868,1,2025-05-06 16:00:00,1,1002,3014,9008,4003,3278,1,0
1211,1871,1,2026-01-29 08:00:00,1,1001,3006,9338,4003,3284,1,0
1212,1873,2,2025-07-05 19:00:00,1,1001,3004,9290,4013,3288,1,0
1213,1874,2,2025-06-10 04:00:00,1,1005,3036,9170,4007,3289,1,0
1214,1875,2,2025-08-10 09:00:00,1,1004,3027,9261,4007,3291,1,0
1215,1880,1,2025-10-14 07:00:00,1,1001,3005,9192,4012,3302,1,0
1216,1881,2,2025-01-01 00:00:00,1,1001,3003,9369,4012,3304,1,0
1217,1882,2,2026-02-02 22:00:00,1,1001,3007,9184,4006,3307,1,0
1218,1884,2,2025-04-11 14:00:00,1,1001,3003,9159,4006,3310,1,0
1219,1885,2,2025-04-16 03:00:00,1,1005,3033,9066,4014,3313,1,0
1220,1886,1,2025-09-10 18:00:00,1,1004,3029,9050,4006,3316,1,0
1221,1887,2,2025-12-21 18:00:00,1,1005,3038,9354,4015,3319,1,0
1222,1888,1,2026-03-29 13:00:00,1,1004,3030,9101,4005,3321,1,0
1223,1890,1,2025-11-25 18:00:00,1,1005,3033,9077,4008,3324,1,0
1224,1891,1,2025-02-16 04:00:00,1,1003,3024,9315,4014,3326,1,0
1225,1892,2,2025-08-07 10:00:00,1,1001,3002,9033,4014,3328,1,0
1226,1894,2,2025-02-11 18:00:00,1,1005,3033,9325,4004,3332,1,0
1227,1897,1,2025-12-22 09:00:00,1,1005,3037,9081,4014,3337,1,0
1228,1898,2,2025-07-12 12:00:00,1,1005,3037,9369,4006,3338,1,0
1229,1899,1,2025-10-04 04:00:00,1,1003,3017,9300,4013,3340,1,0
1230,1900,2,2026-02-01 06:00:00,1,1001,3004,9006,4015,3342,1,0
1231,1901,2,2025-05-31 07:00:00,1,1005,3040,9142,4009,3343,1,0
1232,1902,2,2025-09-16 05:00:00,1,1004,3031,9136,4002,3344,1,0
1233,1904,2,2025-12-19 08:00:00,1,1003,3024,9079,4007,3349,1,0
1234,1906,2,2025-01-13 10:00:00,1,1003,3022,9314,4015,3352,1,0
1235,1907,2,2026-03-22 09:00:00,1,1001,3006,9359,4006,3353,1,0
1236,1908,2,2026-03-22 22:00:00,1,1005,3037,9107,4009,3354,1,0
1237,1910,1,2025-08-22 21:00:00,1,1004,3028,9317,4011,3358,1,0
1238,1911,1,2025-06-16 11:00:00,1,1005,3038,9371,4007,3359,1,0
1239,1912,1,2026-02-24 06:00:00,1,1003,3023,9388,4005,3361,1,0
1240,1913,1,2025-06-16 18:00:00,1,1004,3030,9106,4003,3362,1,0
1241,1914,2,2025-03-05 16:00:00,1,1003,3020,9148,4006,3365,1,0
1242,1915,1,2025-12-01 14:00:00,1,1001,3006,9215,4009,3366,1,0
1243,1916,1,2025-08-24 09:00:00,1,1002,3009,9036,4008,3367,1,0
1244,1917,1,2025-03-11 23:00:00,1,1001,3003,9355,4006,3370,1,0
1245,1918,2,2025-04-23 00:00:00,1,1004,3028,9043,4014,3372,1,0
1246,1919,1,2025-10-20 00:00:00,1,1001,3004,9103,4012,3374,1,0
1247,1921,2,2025-10-01 01:00:00,1,1004,3030,9169,4007,3378,1,0
1248,1922,2,2025-06-17 18:00:00,1,1002,3011,9155,4009,3380,1,0
1249,1923,1,2025-06-20 23:00:00,1,1003,3020,9260,4006,3381,1,0
1250,1925,1,2026-02-21 17:00:00,1,1002,3011,9344,4011,3383,1,0
1251,1931,2,2025-05-25 19:00:00,1,1001,3008,9130,4003,3396,1,0
1252,1933,1,2025-01-16 07:00:00,1,1002,3010,9153,4008,3398,1,0
1253,1934,1,2026-03-12 05:00:00,1,1002,3015,9058,4007,3399,1,0
1254,1935,2,2025-12-21 15:00:00,1,1004,3027,9327,4012,3402,1,0
1255,1936,2,2025-01-12 17:00:00,1,1002,3015,9170,4002,3403,1,0
1256,1937,2,2025-06-10 19:00:00,1,1003,3022,9238,4002,3404,1,0
1257,1938,2,2025-01-05 06:00:00,1,1001,3001,9119,4014,3406,1,0
1258,1939,2,2025-11-10 01:00:00,1,1001,3008,9007,4013,3407,1,0
1259,1940,1,2025-12-20 06:00:00,1,1002,3016,9117,4008,3408,1,0
1260,1942,2,2025-01-12 15:00:00,1,1004,3028,9053,4006,3411,1,0
1261,1944,2,2025-04-21 06:00:00,1,1002,3009,9256,4007,3413,1,0
1262,1945,2,2025-05-02 04:00:00,1,1003,3022,9116,4009,3415,1,0
1263,1946,1,2026-01-06 08:00:00,1,1003,3019,9169,4012,3416,1,0
1264,1947,1,2025-07-29 04:00:00,1,1005,3037,9213,4009,3421,1,0
1265,1948,1,2025-06-03 11:00:00,1,1002,3012,9047,4003,3422,1,0
1266,1949,1,2025-03-18 05:00:00,1,1003,3023,9242,4004,3423,1,0
1267,1950,2,2025-02-20 08:00:00,1,1004,3025,9379,4013,3425,1,0
1268,1952,1,2025-03-12 19:00:00,1,1001,3007,9091,4006,3429,1,0
1269,1953,2,2026-01-02 05:00:00,1,1002,3016,9309,4008,3433,1,0
1270,1954,1,2025-08-22 05:00:00,1,1005,3039,9208,4007,3434,1,0
1271,1955,2,2026-02-23 19:00:00,1,1003,3018,9039,4007,3436,1,0
1272,1957,1,2025-09-12 07:00:00,1,1005,3034,9160,4002,3439,1,0
1273,1960,2,2025-11-06 01:00:00,1,1005,3039,9375,4013,3444,1,0
1274,1961,2,2025-01-25 04:00:00,1,1004,3031,9276,4006,3446,1,0
1275,1963,2,2025-03-25 22:00:00,1,1002,3014,9207,4005,3448,1,0
1276,1964,1,2025-10-04 15:00:00,1,1004,3030,9106,4013,3449,1,0
1277,1966,2,2025-04-26 23:00:00,1,1003,3018,9239,4004,3451,1,0
1278,1968,1,2025-01-20 23:00:00,1,1003,3017,9056,4009,3454,1,0
1279,1971,1,2025-05-27 02:00:00,1,1003,3024,9166,4010,3458,1,0
1280,1972,1,2025-08-01 12:00:00,1,1001,3008,9081,4003,3460,1,0
1281,1973,2,2025-06-02 09:00:00,1,1002,3012,9321,4011,3462,1,0
1282,1975,1,2025-05-06 08:00:00,1,1003,3021,9157,4009,3467,1,0
1283,1976,2,2025-11-17 06:00:00,1,1003,3021,9103,4008,3468,1,0
1284,1977,1,2025-12-28 18:00:00,1,1001,3004,9353,4015,3470,1,0
1285,1978,1,2025-04-15 05:00:00,1,1003,3024,9169,4007,3471,1,0
1286,1980,2,2026-02-22 18:00:00,1,1005,3034,9392,4009,3474,1,0
1287,1982,1,2025-11-06 04:00:00,1,1002,3009,9030,4011,3478,1,0
1288,1983,1,2025-04-10 01:00:00,1,1001,3007,9133,4013,3479,1,0
1289,1984,1,2026-01-08 01:00:00,1,1001,3007,9384,4004,3481,1,0
1290,1985,2,2025-07-12 01:00:00,1,1003,3021,9037,4005,3482,1,0
1291,1988,1,2025-08-13 18:00:00,1,1001,3008,9015,4003,3488,1,0
1292,1989,1,2025-06-08 02:00:00,1,1001,3008,9034,4015,3489,1,0
1293,1990,1,2026-03-21 10:00:00,1,1005,3034,9042,4004,3490,1,0
1294,1991,1,2025-04-22 16:00:00,1,1003,3024,9171,4006,3491,1,0
1295,1992,1,2025-01-12 01:00:00,1,1005,3034,9168,4004,3492,1,0
1296,1993,1,2025-10-17 09:00:00,1,1005,3033,9360,4014,3493,1,0
1297,1995,2,2025-08-12 21:00:00,1,1004,3026,9039,4011,3497,1,0
1298,1998,2,2025-09-24 23:00:00,1,1003,3022,9383,4007,3502,1,0
1299,2000,1,2025-10-20 18:00:00,1,1001,3001,9109,4008,3508,1,0
1300,2003,2,2026-02-07 07:00:00,1,1003,3022,9243,4005,3515,1,0
1301,2004,2,2025-09-13 08:00:00,1,1005,3034,9096,4003,3517,1,0
1302,2006,1,2025-03-25 07:00:00,1,1003,3019,9390,4008,3519,1,0
1303,2008,2,2025-04-21 21:00:00,1,1004,3031,9196,4005,3522,1,0
1304,2009,1,2025-02-25 16:00:00,1,1002,3016,9221,4007,3523,1,0
1305,2011,2,2025-11-03 06:00:00,1,1001,3002,9347,4004,3527,1,0
1306,2013,1,2025-11-17 13:00:00,1,1004,3027,9368,4015,3531,1,0
1307,2014,1,2025-02-02 13:00:00,1,1002,3013,9050,4004,3532,1,0
1308,2017,2,2025-03-10 17:00:00,1,1004,3025,9290,4015,3537,1,0
1309,2018,2,2025-05-16 23:00:00,1,1001,3003,9241,4006,3540,1,0
1310,2019,1,2025-03-16 22:00:00,1,1002,3014,9382,4011,3541,1,0
1311,2020,1,2025-03-18 20:00:00,1,1005,3040,9045,4014,3542,1,0
1312,2021,2,2025-11-16 10:00:00,1,1004,3030,9012,4015,3543,1,0
1313,2026,1,2025-09-13 16:00:00,1,1001,3005,9278,4014,3552,1,0
1314,2027,2,2025-11-13 21:00:00,1,1001,3007,9356,4009,3553,1,0
1315,2029,2,2025-07-12 04:00:00,1,1005,3036,9240,4004,3558,1,0
1316,2030,1,2026-01-21 20:00:00,1,1002,3016,9289,4012,3560,1,0
1317,2033,2,2025-07-30 17:00:00,1,1001,3001,9078,4014,3566,1,0
1318,2034,2,2025-08-06 18:00:00,1,1005,3037,9248,4005,3567,1,0
1319,2035,2,2025-03-23 21:00:00,1,1003,3022,9131,4006,3570,1,0
1320,2036,2,2026-03-16 17:00:00,1,1002,3014,9390,4014,3572,1,0
1321,2038,1,2025-01-02 22:00:00,1,1005,3033,9341,4012,3576,1,0
1322,2039,2,2025-08-20 11:00:00,1,1001,3004,9381,4004,3577,1,0
1323,2040,2,2025-12-22 20:00:00,1,1003,3019,9277,4002,3578,1,0
1324,2044,1,2025-03-13 04:00:00,1,1001,3001,9346,4002,3588,1,0
1325,2046,2,2026-02-27 03:00:00,1,1004,3026,9297,4011,3591,1,0
1326,2047,1,2025-06-14 13:00:00,1,1001,3001,9049,4006,3592,1,0
1327,2048,2,2025-03-05 11:00:00,1,1001,3003,9372,4007,3594,1,0
1328,2049,2,2026-01-19 04:00:00,1,1005,3039,9316,4013,3596,1,0
1329,2050,2,2025-03-05 19:00:00,1,1001,3006,9204,4014,3597,1,0
1330,2051,2,2025-01-08 05:00:00,1,1003,3018,9088,4004,3600,1,0
1331,2052,2,2025-02-17 19:00:00,1,1001,3008,9008,4005,3602,1,0
1332,2054,1,2026-01-21 12:00:00,1,1002,3010,9117,4005,3606,1,0
1333,2057,2,2025-09-09 19:00:00,1,1001,3001,9373,4009,3612,1,0
1334,2062,1,2026-02-23 09:00:00,1,1004,3031,9010,4012,3621,1,0
1335,2063,2,2025-01-17 13:00:00,1,1003,3018,9138,4006,3623,1,0
1336,2066,2,2025-01-17 05:00:00,1,1003,3024,9033,4006,3631,1,0
1337,2067,1,2025-07-11 09:00:00,1,1001,3008,9027,4015,3633,1,0
1338,2068,1,2025-11-15 05:00:00,1,1002,3010,9370,4002,3635,1,0
1339,2070,1,2025-11-05 20:00:00,1,1004,3032,9171,4014,3638,1,0
1340,2071,1,2025-07-21 07:00:00,1,1004,3028,9266,4002,3640,1,0
1341,2073,1,2025-01-14 00:00:00,1,1005,3036,9357,4014,3643,1,0
1342,2074,1,2025-08-25 03:00:00,1,1004,3032,9257,4007,3645,1,0
1343,2075,1,2026-03-17 01:00:00,1,1005,3035,9379,4012,3646,1,0
1344,2076,1,2025-03-20 21:00:00,1,1002,3013,9124,4010,3647,1,0
1345,2078,1,2025-07-03 01:00:00,1,1005,3038,9075,4006,3650,1,0
1346,2079,1,2026-03-15 14:00:00,1,1004,3026,9249,4007,3651,1,0
1347,2081,1,2025-03-30 21:00:00,1,1002,3012,9286,4002,3654,1,0
1348,2082,2,2025-05-30 08:00:00,1,1005,3040,9346,4007,3655,1,0
1349,2083,2,2025-10-09 13:00:00,1,1003,3023,9095,4002,3656,1,0
1350,2084,1,2025-03-31 05:00:00,1,1005,3036,9377,4014,3657,1,0
1351,2085,1,2025-10-13 13:00:00,1,1001,3007,9063,4012,3658,1,0
1352,2086,1,2025-07-30 18:00:00,1,1003,3018,9087,4005,3660,1,0
1353,2090,2,2026-02-17 23:00:00,1,1004,3026,9324,4003,3666,1,0
1354,2091,1,2025-01-30 05:00:00,1,1002,3016,9152,4008,3667,1,0
1355,2092,2,2025-12-17 09:00:00,1,1001,3006,9187,4009,3669,1,0
1356,2093,2,2025-08-04 20:00:00,1,1002,3010,9249,4003,3671,1,0
1357,2094,2,2026-01-29 02:00:00,1,1004,3031,9396,4002,3672,1,0
1358,2095,1,2026-03-15 13:00:00,1,1001,3005,9279,4010,3675,1,0
1359,2097,1,2026-02-12 11:00:00,1,1005,3036,9202,4007,3679,1,0
1360,2098,1,2026-02-20 05:00:00,1,1005,3033,9205,4005,3680,1,0
1361,2099,1,2025-05-02 04:00:00,1,1001,3003,9336,4014,3682,1,0
1362,2101,1,2025-06-11 20:00:00,1,1003,3018,9259,4012,3684,1,0
1363,2102,1,2025-03-15 06:00:00,1,1005,3033,9383,4001,3686,1,0
1364,2103,1,2025-06-12 00:00:00,1,1005,3035,9076,4005,3688,1,0
1365,2104,1,2026-01-12 13:00:00,1,1001,3008,9241,4014,3689,1,0
1366,2105,2,2025-05-23 11:00:00,1,1002,3016,9002,4001,3690,1,0
1367,2106,1,2025-06-11 15:00:00,1,1001,3002,9213,4005,3695,1,0
1368,2112,1,2025-03-10 07:00:00,1,1001,3005,9181,4009,3705,1,0
1369,2113,1,2026-02-24 04:00:00,1,1003,3018,9327,4003,3708,1,0
1370,2114,2,2025-10-13 04:00:00,1,1003,3024,9388,4010,3710,1,0
1371,2115,1,2025-08-14 14:00:00,1,1001,3006,9138,4010,3713,1,0
1372,2116,1,2026-01-11 23:00:00,1,1002,3015,9017,4013,3715,1,0
1373,2117,1,2025-11-23 16:00:00,1,1004,3025,9155,4003,3716,1,0
1374,2118,2,2025-03-03 21:00:00,1,1004,3031,9394,4005,3719,1,0
1375,2120,1,2026-03-25 02:00:00,1,1001,3006,9138,4015,3721,1,0
1376,2121,1,2025-01-31 00:00:00,1,1004,3031,9021,4014,3723,1,0
1377,2122,2,2025-05-17 03:00:00,1,1001,3006,9176,4009,3724,1,0
1378,2123,1,2025-07-24 06:00:00,1,1004,3032,9199,4004,3725,1,0
1379,2125,2,2025-10-06 00:00:00,1,1005,3040,9084,4005,3730,1,0
1380,2126,2,2025-04-17 11:00:00,1,1004,3027,9368,4014,3731,1,0
1381,2127,2,2025-06-17 00:00:00,1,1002,3016,9296,4004,3732,1,0
1382,2129,2,2025-03-22 03:00:00,1,1001,3002,9122,4002,3734,1,0
1383,2130,1,2026-01-26 17:00:00,1,1003,3017,9231,4011,3735,1,0
1384,2132,2,2025-06-30 03:00:00,1,1001,3005,9134,4015,3737,1,0
1385,2133,1,2026-02-11 08:00:00,1,1002,3015,9031,4004,3738,1,0
1386,2134,1,2025-09-08 05:00:00,1,1004,3025,9201,4011,3741,1,0
1387,2135,1,2025-05-30 01:00:00,1,1001,3002,9017,4015,3743,1,0
1388,2136,2,2025-11-07 13:00:00,1,1004,3031,9284,4009,3746,1,0
1389,2139,1,2025-04-26 19:00:00,1,1004,3028,9328,4006,3751,1,0
1390,2140,2,2025-09-12 16:00:00,1,1004,3031,9397,4012,3754,1,0
1391,2142,1,2025-06-09 01:00:00,1,1002,3014,9374,4006,3759,1,0
1392,2143,1,2025-09-20 14:00:00,1,1005,3035,9140,4003,3761,1,0
1393,2147,1,2025-11-29 15:00:00,1,1001,3004,9297,4006,3766,1,0
1394,2148,2,2025-07-17 13:00:00,1,1003,3023,9369,4004,3768,1,0
1395,2150,2,2025-03-01 08:00:00,1,1002,3011,9068,4004,3771,1,0
1396,2151,2,2026-02-19 21:00:00,1,1004,3029,9324,4015,3772,1,0
1397,2153,1,2025-06-24 00:00:00,1,1001,3008,9208,4004,3776,1,0
1398,2156,1,2025-11-08 00:00:00,1,1004,3028,9378,4001,3779,1,0
1399,2159,1,2025-11-20 08:00:00,1,1005,3039,9046,4005,3784,1,0
1400,2160,1,2025-08-12 10:00:00,1,1001,3006,9244,4007,3787,1,0
1401,2162,2,2025-09-30 02:00:00,1,1003,3021,9031,4012,3791,1,0
1402,2166,2,2025-11-19 22:00:00,1,1003,3018,9007,4005,3802,1,0
1403,2168,1,2025-05-19 03:00:00,1,1002,3013,9113,4015,3805,1,0
1404,2170,2,2026-01-20 00:00:00,1,1005,3037,9025,4001,3809,1,0
1405,2171,2,2025-10-14 10:00:00,1,1004,3025,9342,4014,3812,1,0
1406,2172,2,2025-08-10 02:00:00,1,1003,3024,9225,4002,3814,1,0
1407,2173,2,2025-12-31 10:00:00,1,1005,3037,9272,4002,3815,1,0
1408,2176,1,2025-05-23 01:00:00,1,1002,3012,9252,4015,3819,1,0
1409,2177,2,2025-10-28 12:00:00,1,1005,3040,9240,4008,3821,1,0
1410,2178,1,2025-02-18 10:00:00,1,1004,3032,9247,4001,3823,1,0
1411,2180,2,2026-03-16 12:00:00,1,1001,3002,9002,4004,3828,1,0
1412,2181,2,2026-01-17 20:00:00,1,1003,3020,9169,4013,3831,1,0
1413,2186,1,2025-11-29 09:00:00,1,1005,3036,9213,4001,3839,1,0
1414,2188,2,2026-01-10 17:00:00,1,1003,3019,9048,4006,3843,1,0
1415,2190,1,2026-03-29 17:00:00,1,1005,3035,9398,4012,3846,1,0
1416,2193,2,2025-03-29 21:00:00,1,1001,3008,9329,4006,3850,1,0
1417,2195,1,2025-04-02 22:00:00,1,1005,3036,9199,4002,3853,1,0
1418,2196,1,2025-08-01 13:00:00,1,1002,3014,9014,4010,3854,1,0
1419,2197,1,2025-06-12 15:00:00,1,1002,3010,9059,4015,3855,1,0
1420,2199,1,2025-05-31 03:00:00,1,1002,3010,9126,4013,3858,1,0
1421,2201,1,2025-11-07 11:00:00,1,1003,3024,9151,4011,3861,1,0
1422,2203,1,2025-01-26 02:00:00,1,1001,3001,9143,4002,3863,1,0
1423,2205,1,2026-01-23 20:00:00,1,1003,3023,9169,4015,3869,1,0
1424,2206,1,2025-05-16 00:00:00,1,1003,3017,9276,4012,3870,1,0
1425,2207,2,2025-07-17 05:00:00,1,1005,3034,9255,4011,3871,1,0
1426,2208,1,2025-02-21 00:00:00,1,1005,3035,9187,4004,3873,1,0
1427,2212,1,2025-06-05 07:00:00,1,1003,3022,9353,4003,3880,1,0
1428,2213,2,2025-01-06 12:00:00,1,1005,3038,9340,4011,3882,1,0
1429,2215,1,2025-07-08 04:00:00,1,1005,3035,9041,4015,3886,1,0
1430,2216,1,2025-08-22 11:00:00,1,1005,3040,9103,4008,3891,1,0
1431,2217,2,2025-09-20 02:00:00,1,1002,3013,9176,4002,3893,1,0
1432,2218,2,2025-10-18 19:00:00,1,1003,3024,9110,4011,3895,1,0
1433,2219,2,2025-04-20 09:00:00,1,1005,3038,9169,4010,3898,1,0
1434,2220,1,2025-01-28 22:00:00,1,1002,3016,9016,4009,3899,1,0
1435,2222,2,2025-06-20 00:00:00,1,1004,3030,9302,4014,3901,1,0
1436,2223,1,2025-11-07 19:00:00,1,1005,3035,9082,4008,3905,1,0
1437,2224,1,2025-05-21 13:00:00,1,1003,3021,9063,4014,3908,1,0
1438,2225,1,2025-08-28 14:00:00,1,1001,3006,9069,4003,3910,1,0
1439,2228,2,2025-05-21 10:00:00,1,1003,3017,9300,4005,3914,1,0
1440,2230,1,2025-07-13 10:00:00,1,1002,3014,9156,4014,3919,1,0
1441,2231,1,2026-02-28 07:00:00,1,1005,3033,9135,4012,3920,1,0
1442,2232,1,2025-10-19 15:00:00,1,1005,3036,9126,4007,3923,1,0
1443,2233,2,2025-05-28 15:00:00,1,1002,3010,9269,4010,3925,1,0
1444,2234,1,2025-10-31 07:00:00,1,1005,3034,9031,4010,3927,1,0
1445,2235,1,2026-01-30 08:00:00,1,1002,3014,9024,4004,3929,1,0
1446,2236,1,2025-12-18 09:00:00,1,1001,3004,9193,4014,3930,1,0
1447,2237,2,2025-02-21 12:00:00,1,1002,3014,9125,4013,3931,1,0
1448,2238,2,2025-08-23 11:00:00,1,1002,3011,9005,4014,3932,1,0
1449,2239,1,2025-08-16 16:00:00,1,1005,3035,9255,4014,3933,1,0
1450,2242,1,2025-02-09 09:00:00,1,1001,3004,9044,4004,3937,1,0
1451,2243,1,2025-11-07 16:00:00,1,1001,3003,9129,4004,3938,1,0
1452,2244,1,2025-02-10 16:00:00,1,1002,3015,9332,4007,3940,1,0
1453,2246,2,2026-03-18 22:00:00,1,1005,3037,9251,4003,3944,1,0
1454,2247,2,2025-02-15 16:00:00,1,1002,3013,9382,4015,3945,1,0
1455,2249,2,2025-11-16 05:00:00,1,1004,3032,9171,4008,3947,1,0
1456,2251,1,2026-03-29 07:00:00,1,1001,3001,9352,4013,3950,1,0
1457,2252,1,2025-01-24 03:00:00,1,1004,3026,9125,4004,3953,1,0
1458,2253,2,2025-02-26 08:00:00,1,1001,3005,9141,4013,3956,1,0
1459,2254,1,2025-04-13 08:00:00,1,1003,3018,9232,4010,3957,1,0
1460,2255,1,2025-11-22 23:00:00,1,1005,3037,9306,4002,3958,1,0
1461,2256,1,2025-03-21 04:00:00,1,1003,3019,9397,4013,3960,1,0
1462,2258,2,2026-03-14 12:00:00,1,1003,3020,9050,4002,3962,1,0
1463,2260,1,2025-09-01 22:00:00,1,1001,3005,9364,4004,3965,1,0
1464,2261,1,2025-03-27 23:00:00,1,1002,3010,9233,4012,3966,1,0
1465,2262,2,2026-01-23 02:00:00,1,1001,3001,9366,4011,3968,1,0
1466,2263,1,2025-07-30 22:00:00,1,1002,3009,9200,4002,3970,1,0
1467,2264,1,2026-01-28 21:00:00,1,1001,3006,9146,4015,3973,1,0
1468,2265,2,2025-11-27 13:00:00,1,1001,3003,9280,4005,3975,1,0
1469,2266,1,2026-03-07 14:00:00,1,1003,3023,9222,4007,3976,1,0
1470,2267,1,2026-03-08 12:00:00,1,1001,3004,9251,4005,3978,1,0
1471,2269,2,2025-12-02 21:00:00,1,1005,3037,9371,4004,3984,1,0
1472,2273,1,2025-02-18 00:00:00,1,1004,3027,9357,4003,3992,1,0
1473,2274,2,2025-12-09 09:00:00,1,1003,3023,9336,4009,3993,1,0
1474,2275,1,2025-02-23 10:00:00,1,1002,3009,9211,4012,3994,1,0
1475,2277,1,2025-05-08 12:00:00,1,1001,3006,9310,4013,3996,1,0
1476,2278,1,2026-03-04 14:00:00,1,1001,3006,9353,4006,3999,1,0
1477,2280,1,2025-01-08 15:00:00,1,1001,3006,9263,4011,4002,1,0
1478,2283,2,2025-11-18 04:00:00,1,1005,3034,9124,4014,4006,1,0
1479,2285,2,2026-03-10 13:00:00,1,1003,3024,9229,4002,4010,1,0
1480,2286,2,2025-09-01 20:00:00,1,1001,3001,9290,4006,4012,1,0
1481,2289,2,2026-03-29 14:00:00,1,1002,3009,9330,4012,4020,1,0
1482,2290,1,2025-06-05 20:00:00,1,1005,3040,9030,4005,4022,1,0
1483,2291,1,2025-06-03 17:00:00,1,1002,3013,9314,4015,4023,1,0
1484,2292,1,2025-04-03 05:00:00,1,1002,3014,9051,4008,4026,1,0
1485,2293,1,2025-09-21 01:00:00,1,1002,3015,9147,4007,4027,1,0
1486,2296,1,2026-01-30 01:00:00,1,1003,3021,9219,4004,4033,1,0
1487,2297,1,2026-01-01 19:00:00,1,1004,3030,9009,4007,4034,1,0
1488,2298,2,2025-10-29 02:00:00,1,1004,3027,9147,4013,4035,1,0
1489,2300,1,2025-01-11 18:00:00,1,1001,3002,9339,4009,4039,1,0
1490,2301,2,2025-03-03 13:00:00,1,1002,3016,9399,4004,4040,1,0
1491,2303,2,2025-04-02 17:00:00,1,1002,3010,9225,4005,4042,1,0
1492,2304,1,2026-01-16 05:00:00,1,1003,3023,9083,4009,4045,1,0
1493,2306,1,2025-05-04 01:00:00,1,1004,3031,9239,4009,4050,1,0
1494,2312,2,2025-03-14 16:00:00,1,1001,3002,9247,4011,4061,1,0
1495,2313,2,2025-02-23 15:00:00,1,1001,3001,9060,4003,4063,1,0
1496,2314,1,2026-01-15 03:00:00,1,1002,3011,9097,4004,4064,1,0
1497,2316,1,2025-08-28 13:00:00,1,1002,3010,9167,4008,4067,1,0
1498,2317,2,2026-03-04 10:00:00,1,1002,3009,9090,4013,4068,1,0
1499,2320,1,2025-10-29 22:00:00,1,1002,3014,9203,4004,4073,1,0
1500,2322,2,2025-12-06 03:00:00,1,1001,3005,9298,4011,4076,1,0
1501,2323,2,2025-03-26 16:00:00,1,1002,3010,9354,4013,4077,1,0
1502,2324,1,2025-11-22 05:00:00,1,1001,3001,9325,4004,4078,1,0
1503,2325,2,2025-03-01 02:00:00,1,1003,3020,9308,4008,4081,1,0
1504,2327,2,2025-01-08 17:00:00,1,1004,3026,9362,4015,4085,1,0
1505,2328,2,2026-02-26 01:00:00,1,1003,3020,9097,4007,4088,1,0
1506,2329,1,2026-03-13 23:00:00,1,1001,3004,9368,4014,4089,1,0
1507,2330,1,2026-01-08 07:00:00,1,1004,3031,9237,4013,4091,1,0
1508,2331,2,2025-04-12 08:00:00,1,1003,3019,9294,4011,4093,1,0
1509,2333,1,2025-09-11 08:00:00,1,1003,3017,9148,4003,4096,1,0
1510,2334,2,2025-06-27 18:00:00,1,1002,3012,9368,4002,4097,1,0
1511,2335,1,2025-04-15 17:00:00,1,1004,3025,9001,4003,4098,1,0
1512,2337,2,2025-06-04 20:00:00,1,1004,3031,9376,4008,4100,1,0
1513,2339,2,2026-01-30 17:00:00,1,1001,3003,9293,4008,4103,1,0
1514,2341,2,2025-12-07 05:00:00,1,1004,3026,9083,4009,4108,1,0
1515,2342,1,2026-03-24 17:00:00,1,1004,3030,9038,4012,4110,1,0
1516,2343,2,2025-02-23 23:00:00,1,1002,3009,9048,4007,4111,1,0
1517,2344,2,2025-10-21 11:00:00,1,1002,3012,9133,4013,4112,1,0
1518,2346,2,2025-10-20 10:00:00,1,1003,3017,9178,4003,4116,1,0
1519,2347,2,2025-11-28 08:00:00,1,1005,3036,9190,4003,4118,1,0
1520,2350,1,2026-01-23 00:00:00,1,1005,3033,9032,4009,4123,1,0
1521,2352,2,2025-10-19 17:00:00,1,1004,3028,9392,4014,4128,1,0
1522,2353,1,2026-03-06 04:00:00,1,1003,3021,9387,4006,4130,1,0
1523,2354,1,2025-02-09 13:00:00,1,1005,3036,9396,4015,4131,1,0
1524,2355,2,2026-01-16 09:00:00,1,1001,3003,9300,4012,4134,1,0
1525,2356,2,2025-04-23 01:00:00,1,1003,3020,9160,4003,4137,1,0
1526,2357,2,2025-03-29 16:00:00,1,1002,3016,9036,4002,4138,1,0
1527,2358,2,2026-03-08 18:00:00,1,1002,3014,9066,4006,4140,1,0
1528,2359,1,2025-06-23 01:00:00,1,1004,3030,9282,4006,4141,1,0
1529,2361,2,2025-06-22 09:00:00,1,1004,3028,9282,4015,4147,1,0
1530,2362,2,2025-08-02 23:00:00,1,1001,3001,9131,4001,4149,1,0
1531,2363,2,2026-03-11 02:00:00,1,1004,3028,9068,4008,4150,1,0
1532,2364,1,2026-03-08 19:00:00,1,1005,3039,9335,4006,4151,1,0
1533,2366,1,2025-02-02 01:00:00,1,1001,3003,9070,4004,4155,1,0
1534,2367,1,2025-08-03 12:00:00,1,1002,3015,9204,4012,4158,1,0
1535,2368,2,2025-06-08 17:00:00,1,1002,3014,9353,4005,4161,1,0
1536,2372,2,2026-02-07 13:00:00,1,1002,3012,9271,4007,4171,1,0
1537,2374,1,2025-07-11 07:00:00,1,1004,3028,9002,4001,4173,1,0
1538,2375,2,2025-05-28 12:00:00,1,1003,3023,9035,4015,4175,1,0
1539,2376,1,2025-06-01 18:00:00,1,1001,3006,9092,4001,4176,1,0
1540,2378,2,2025-03-20 08:00:00,1,1004,3030,9001,4001,4178,1,0
1541,2379,2,2025-05-30 13:00:00,1,1003,3019,9075,4008,4181,1,0
1542,2381,1,2025-05-24 01:00:00,1,1003,3022,9162,4011,4184,1,0
1543,2382,1,2025-12-02 19:00:00,1,1002,3016,9068,4013,4186,1,0
1544,2383,1,2025-05-10 19:00:00,1,1003,3024,9054,4015,4187,1,0
1545,2384,2,2025-07-17 21:00:00,1,1001,3004,9343,4002,4188,1,0
1546,2388,2,2025-11-25 03:00:00,1,1005,3035,9059,4005,4194,1,0
1547,2392,2,2025-12-25 12:00:00,1,1003,3020,9115,4006,4202,1,0
1548,2393,2,2025-11-14 20:00:00,1,1003,3024,9160,4009,4203,1,0
1549,2394,1,2025-09-22 14:00:00,1,1005,3040,9044,4012,4204,1,0
1550,2395,1,2025-01-29 00:00:00,1,1004,3030,9168,4009,4205,1,0
1551,2396,1,2026-01-17 08:00:00,1,1004,3026,9248,4009,4207,1,0
1552,2397,2,2025-11-11 20:00:00,1,1005,3038,9366,4008,4210,1,0
1553,2399,2,2025-01-22 11:00:00,1,1003,3024,9081,4010,4213,1,0
1554,2400,1,2025-07-06 01:00:00,1,1001,3005,9364,4007,4214,1,0
1555,2401,1,2025-11-26 16:00:00,1,1002,3014,9353,4003,4217,1,0
1556,2402,2,2026-02-15 03:00:00,1,1002,3015,9344,4004,4218,1,0
1557,2403,2,2025-12-25 15:00:00,1,1004,3031,9282,4015,4220,1,0
1558,2404,1,2026-03-04 02:00:00,1,1002,3016,9112,4002,4221,1,0
1559,2405,1,2026-02-13 13:00:00,1,1005,3033,9379,4010,4223,1,0
1560,2407,1,2025-10-11 13:00:00,1,1003,3018,9335,4006,4227,1,0
1561,2409,2,2025-02-08 16:00:00,1,1005,3039,9397,4010,4234,1,0
1562,2411,2,2025-08-16 21:00:00,1,1001,3008,9168,4001,4236,1,0
1563,2412,2,2025-06-19 02:00:00,1,1001,3004,9128,4015,4239,1,0
1564,2413,2,2025-07-31 12:00:00,1,1002,3016,9277,4009,4240,1,0
1565,2417,1,2025-07-23 04:00:00,1,1004,3029,9065,4007,4245,1,0
1566,2419,1,2025-08-16 22:00:00,1,1005,3037,9103,4002,4247,1,0
1567,2420,1,2025-09-21 10:00:00,1,1001,3005,9076,4011,4249,1,0
1568,2421,2,2025-12-11 01:00:00,1,1004,3031,9016,4010,4250,1,0
1569,2423,1,2025-01-21 16:00:00,1,1002,3010,9390,4003,4253,1,0
1570,2424,2,2025-03-01 13:00:00,1,1005,3038,9186,4012,4254,1,0
1571,2425,2,2026-01-07 09:00:00,1,1001,3005,9154,4004,4256,1,0
1572,2426,2,2026-02-09 19:00:00,1,1004,3025,9177,4009,4257,1,0
1573,2428,2,2025-03-08 02:00:00,1,1005,3036,9086,4003,4260,1,0
1574,2430,2,2025-03-23 07:00:00,1,1003,3020,9388,4012,4263,1,0
1575,2431,2,2026-03-22 01:00:00,1,1001,3003,9108,4003,4264,1,0
1576,2432,2,2025-02-02 19:00:00,1,1005,3039,9291,4004,4265,1,0
1577,2433,2,2026-02-10 07:00:00,1,1004,3030,9367,4007,4267,1,0
1578,2434,2,2025-01-08 04:00:00,1,1003,3019,9044,4012,4268,1,0
1579,2435,1,2025-11-11 22:00:00,1,1001,3003,9094,4005,4269,1,0
1580,2436,1,2025-08-28 10:00:00,1,1005,3037,9116,4002,4270,1,0
1581,2437,2,2026-03-29 08:00:00,1,1002,3009,9181,4015,4271,1,0
1582,2438,2,2026-03-06 08:00:00,1,1001,3005,9039,4007,4272,1,0
1583,2439,2,2025-10-02 05:00:00,1,1001,3003,9123,4001,4273,1,0
1584,2440,1,2025-12-31 12:00:00,1,1004,3026,9283,4011,4276,1,0
1585,2441,1,2025-01-22 10:00:00,1,1003,3021,9196,4013,4279,1,0
1586,2442,1,2025-05-10 11:00:00,1,1003,3020,9391,4001,4280,1,0
1587,2443,1,2025-01-07 12:00:00,1,1001,3003,9054,4012,4281,1,0
1588,2444,2,2025-06-18 00:00:00,1,1004,3030,9371,4008,4283,1,0
1589,2447,2,2025-09-07 11:00:00,1,1001,3007,9094,4006,4288,1,0
1590,2450,2,2025-08-16 22:00:00,1,1002,3011,9240,4005,4293,1,0
1591,2451,1,2025-08-07 17:00:00,1,1002,3016,9118,4008,4294,1,0
1592,2452,2,2025-11-30 04:00:00,1,1004,3031,9013,4006,4295,1,0
1593,2454,2,2025-05-16 11:00:00,1,1001,3006,9339,4014,4297,1,0
1594,2455,2,2025-04-30 15:00:00,1,1002,3014,9040,4007,4298,1,0
1595,2456,1,2025-08-31 18:00:00,1,1005,3034,9337,4008,4299,1,0
1596,2457,1,2025-08-18 12:00:00,1,1001,3002,9155,4006,4301,1,0
1597,2458,1,2025-09-18 02:00:00,1,1002,3014,9076,4008,4304,1,0
1598,2459,2,2026-01-10 13:00:00,1,1005,3034,9078,4003,4306,1,0
1599,2460,2,2025-07-04 19:00:00,1,1004,3027,9103,4001,4307,1,0
1600,2461,1,2025-11-19 13:00:00,1,1005,3040,9285,4011,4308,1,0
1601,2462,1,2025-04-06 08:00:00,1,1002,3009,9116,4010,4311,1,0
1602,2465,2,2025-07-27 16:00:00,1,1003,3018,9046,4005,4316,1,0
1603,2466,2,2025-06-09 22:00:00,1,1001,3007,9053,4010,4317,1,0
1604,2468,1,2025-09-21 19:00:00,1,1001,3005,9266,4003,4322,1,0
1605,2469,1,2025-09-23 23:00:00,1,1003,3022,9205,4004,4325,1,0
1606,2470,1,2025-06-10 15:00:00,1,1001,3008,9282,4007,4326,1,0
1607,2472,1,2025-06-08 19:00:00,1,1005,3037,9344,4001,4329,1,0
1608,2473,2,2026-02-10 13:00:00,1,1003,3024,9077,4015,4331,1,0
1609,2474,2,2025-04-08 05:00:00,1,1005,3036,9330,4010,4332,1,0
1610,2475,1,2026-03-03 23:00:00,1,1005,3036,9319,4014,4333,1,0
1611,2478,1,2025-08-26 12:00:00,1,1002,3013,9054,4008,4338,1,0
1612,2481,1,2025-02-09 03:00:00,1,1004,3028,9212,4013,4342,1,0
1613,2483,2,2025-02-27 03:00:00,1,1005,3033,9029,4013,4346,1,0
1614,2487,1,2025-05-23 19:00:00,1,1003,3019,9307,4015,4353,1,0
1615,2488,2,2025-05-05 13:00:00,1,1002,3015,9115,4012,4354,1,0
1616,2489,1,2025-12-08 02:00:00,1,1005,3038,9131,4013,4357,1,0
1617,2491,2,2025-07-14 13:00:00,1,1004,3031,9250,4015,4362,1,0
1618,2492,1,2026-01-12 18:00:00,1,1005,3034,9104,4003,4365,1,0
1619,2493,2,2025-04-24 10:00:00,1,1001,3002,9043,4002,4366,1,0
1620,2494,1,2025-10-19 10:00:00,1,1001,3003,9048,4006,4367,1,0
1621,2495,1,2025-06-24 17:00:00,1,1005,3040,9367,4006,4368,1,0
1622,2496,2,2025-03-21 22:00:00,1,1002,3016,9018,4002,4369,1,0
1623,2499,2,2025-11-07 16:00:00,1,1004,3028,9316,4009,4375,1,0
1624,2500,2,2025-04-07 11:00:00,1,1002,3009,9189,4008,4376,1,0
1625,2504,1,2025-11-24 21:00:00,1,1005,3033,9301,4009,4388,1,0
1626,2505,1,2025-10-16 00:00:00,1,1004,3027,9282,4005,4390,1,0
1627,2506,2,2026-02-13 14:00:00,1,1004,3027,9248,4015,4391,1,0
1628,2507,2,2026-03-11 16:00:00,1,1005,3037,9261,4014,4394,1,0
1629,2508,2,2025-01-30 21:00:00,1,1004,3032,9192,4008,4395,1,0
1630,2509,2,2025-04-04 02:00:00,1,1002,3013,9084,4014,4396,1,0
1631,2513,2,2025-12-01 15:00:00,1,1003,3023,9373,4005,4405,1,0
1632,2516,2,2025-09-14 08:00:00,1,1005,3034,9037,4014,4408,1,0
1633,2517,2,2026-02-06 14:00:00,1,1001,3001,9126,4006,4410,1,0
1634,2519,2,2025-04-17 07:00:00,1,1001,3004,9007,4010,4415,1,0
1635,2520,1,2026-02-04 10:00:00,1,1004,3025,9385,4005,4417,1,0
1636,2521,1,2025-03-07 02:00:00,1,1002,3015,9359,4004,4419,1,0
1637,2522,1,2025-05-10 13:00:00,1,1005,3038,9365,4007,4420,1,0
1638,2524,1,2025-10-23 05:00:00,1,1003,3024,9145,4015,4424,1,0
1639,2526,2,2025-12-06 03:00:00,1,1001,3002,9049,4009,4428,1,0
1640,2527,2,2025-04-21 16:00:00,1,1004,3025,9090,4003,4429,1,0
1641,2528,1,2025-03-22 08:00:00,1,1001,3001,9105,4014,4430,1,0
1642,2531,1,2025-04-04 22:00:00,1,1001,3002,9087,4012,4439,1,0
1643,2532,2,2025-07-19 02:00:00,1,1002,3016,9333,4005,4442,1,0
1644,2533,2,2025-09-28 19:00:00,1,1003,3024,9042,4014,4444,1,0
1645,2535,1,2025-05-23 15:00:00,1,1001,3003,9018,4005,4446,1,0
1646,2536,2,2026-01-27 00:00:00,1,1001,3003,9269,4001,4447,1,0
1647,2537,1,2026-01-17 18:00:00,1,1003,3020,9242,4005,4450,1,0
1648,2538,2,2025-02-28 23:00:00,1,1004,3031,9230,4013,4452,1,0
1649,2539,2,2025-06-07 06:00:00,1,1001,3008,9024,4014,4455,1,0
1650,2540,1,2025-08-15 15:00:00,1,1005,3035,9265,4012,4457,1,0
1651,2542,1,2025-03-09 04:00:00,1,1001,3003,9188,4009,4460,1,0
1652,2543,2,2025-01-27 14:00:00,1,1001,3008,9101,4012,4462,1,0
1653,2544,2,2025-03-21 06:00:00,1,1003,3024,9312,4008,4466,1,0
1654,2548,1,2025-05-16 11:00:00,1,1002,3014,9320,4007,4473,1,0
1655,2549,2,2025-11-04 11:00:00,1,1005,3034,9259,4009,4474,1,0
1656,2550,2,2025-05-30 04:00:00,1,1001,3001,9300,4004,4476,1,0
1657,2552,2,2025-02-28 21:00:00,1,1002,3011,9247,4006,4481,1,0
1658,2553,1,2025-01-19 12:00:00,1,1003,3020,9137,4004,4483,1,0
1659,2554,1,2026-02-11 21:00:00,1,1004,3032,9159,4006,4484,1,0
1660,2555,2,2026-02-24 19:00:00,1,1002,3012,9004,4007,4485,1,0
1661,2556,1,2026-01-13 03:00:00,1,1004,3026,9168,4008,4486,1,0
1662,2557,1,2026-03-08 12:00:00,1,1004,3030,9294,4015,4487,1,0
1663,2558,2,2025-02-07 00:00:00,1,1002,3009,9171,4001,4489,1,0
1664,2561,1,2025-12-26 03:00:00,1,1002,3015,9156,4013,4493,1,0
1665,2562,1,2025-08-28 05:00:00,1,1003,3023,9205,4008,4495,1,0
1666,2563,2,2025-05-11 18:00:00,1,1001,3006,9215,4007,4497,1,0
1667,2564,1,2025-11-28 13:00:00,1,1003,3024,9210,4012,4500,1,0
1668,2565,2,2025-06-07 20:00:00,1,1004,3029,9387,4006,4502,1,0
1669,2566,1,2026-01-24 00:00:00,1,1005,3040,9300,4004,4504,1,0
1670,2569,1,2025-06-09 04:00:00,1,1003,3020,9388,4014,4510,1,0
1671,2571,1,2025-01-21 16:00:00,1,1003,3021,9047,4007,4516,1,0
1672,2572,1,2025-11-09 19:00:00,1,1005,3040,9279,4013,4517,1,0
1673,2574,2,2026-01-26 16:00:00,1,1005,3033,9100,4015,4520,1,0
1674,2576,1,2025-09-26 01:00:00,1,1004,3032,9077,4009,4524,1,0
1675,2578,1,2026-02-12 03:00:00,1,1003,3020,9165,4004,4529,1,0
1676,2579,2,2025-02-15 18:00:00,1,1001,3001,9352,4006,4530,1,0
1677,2580,1,2025-03-08 23:00:00,1,1001,3004,9303,4008,4531,1,0
1678,2581,1,2025-05-04 14:00:00,1,1002,3010,9261,4010,4536,1,0
1679,2583,1,2025-11-12 16:00:00,1,1003,3020,9134,4001,4540,1,0
1680,2584,2,2026-03-29 22:00:00,1,1002,3015,9001,4011,4543,1,0
1681,2585,1,2025-06-23 21:00:00,1,1005,3040,9237,4009,4544,1,0
1682,2586,2,2026-02-28 06:00:00,1,1005,3033,9162,4007,4547,1,0
1683,2587,1,2025-05-18 21:00:00,1,1001,3006,9047,4015,4548,1,0
1684,2589,2,2025-06-27 16:00:00,1,1001,3003,9135,4012,4553,1,0
1685,2591,2,2025-08-12 18:00:00,1,1001,3006,9314,4007,4558,1,0
1686,2592,2,2025-09-03 02:00:00,1,1003,3019,9307,4010,4560,1,0
1687,2593,2,2026-03-21 11:00:00,1,1004,3030,9367,4003,4563,1,0
1688,2595,1,2025-08-02 15:00:00,1,1004,3031,9203,4010,4565,1,0
1689,2597,2,2026-03-08 10:00:00,1,1001,3002,9125,4006,4569,1,0
1690,2598,1,2025-12-21 03:00:00,1,1005,3037,9022,4010,4571,1,0
1691,2599,1,2025-05-21 00:00:00,1,1004,3032,9250,4012,4573,1,0
1692,2600,1,2025-12-10 04:00:00,1,1003,3020,9347,4014,4574,1,0
1693,2601,1,2025-11-23 13:00:00,1,1001,3005,9125,4010,4576,1,0
1694,2602,1,2025-08-10 23:00:00,1,1002,3013,9020,4005,4578,1,0
1695,2604,1,2025-09-10 23:00:00,1,1002,3014,9369,4004,4584,1,0
1696,2605,2,2025-08-11 00:00:00,1,1002,3012,9159,4008,4586,1,0
1697,2606,2,2025-06-18 23:00:00,1,1005,3037,9083,4003,4587,1,0
1698,2607,1,2025-07-06 16:00:00,1,1002,3011,9067,4003,4588,1,0
1699,2609,2,2025-08-11 03:00:00,1,1001,3006,9231,4001,4592,1,0
1700,2610,1,2025-12-03 11:00:00,1,1002,3011,9155,4008,4594,1,0
1701,2611,2,2025-02-08 09:00:00,1,1002,3013,9288,4003,4596,1,0
1702,2612,1,2025-12-16 17:00:00,1,1004,3028,9017,4006,4597,1,0
1703,2613,1,2025-03-27 16:00:00,1,1003,3021,9051,4007,4598,1,0
1704,2614,2,2026-01-03 00:00:00,1,1001,3001,9027,4012,4599,1,0
1705,2615,1,2025-03-01 00:00:00,1,1004,3027,9158,4009,4600,1,0
1706,2616,2,2025-12-15 09:00:00,1,1004,3030,9220,4009,4603,1,0
1707,2618,1,2026-03-07 20:00:00,1,1001,3007,9094,4013,4605,1,0
1708,2619,2,2025-07-08 17:00:00,1,1004,3029,9319,4004,4607,1,0
1709,2620,2,2025-08-10 20:00:00,1,1004,3026,9320,4011,4608,1,0
1710,2622,2,2025-04-07 18:00:00,1,1001,3001,9003,4003,4610,1,0
1711,2625,1,2025-08-01 23:00:00,1,1005,3040,9160,4001,4615,1,0
1712,2626,2,2025-12-10 10:00:00,1,1001,3004,9076,4009,4616,1,0
1713,2628,2,2025-08-12 01:00:00,1,1004,3028,9171,4001,4618,1,0
1714,2629,1,2025-03-18 10:00:00,1,1001,3003,9034,4009,4619,1,0
1715,2630,1,2025-09-15 01:00:00,1,1003,3018,9389,4009,4622,1,0
1716,2631,1,2025-08-17 09:00:00,1,1002,3012,9127,4005,4627,1,0
1717,2632,1,2025-11-08 20:00:00,1,1002,3016,9343,4005,4628,1,0
1718,2635,1,2025-03-25 22:00:00,1,1004,3028,9295,4011,4634,1,0
1719,2636,2,2026-02-28 04:00:00,1,1005,3037,9191,4012,4636,1,0
1720,2637,1,2025-05-17 04:00:00,1,1003,3018,9037,4007,4638,1,0
1721,2638,2,2025-02-19 03:00:00,1,1003,3022,9028,4005,4641,1,0
1722,2639,1,2025-11-27 05:00:00,1,1003,3020,9039,4002,4642,1,0
1723,2640,1,2025-12-22 21:00:00,1,1002,3012,9005,4009,4643,1,0
1724,2642,1,2025-09-08 12:00:00,1,1002,3014,9161,4006,4649,1,0
1725,2644,1,2025-07-10 14:00:00,1,1005,3038,9212,4015,4652,1,0
1726,2646,2,2025-06-22 01:00:00,1,1005,3036,9396,4010,4654,1,0
1727,2647,1,2025-11-24 00:00:00,1,1005,3039,9186,4006,4655,1,0
1728,2649,1,2026-03-24 07:00:00,1,1005,3038,9126,4004,4659,1,0
1729,2650,1,2025-08-27 20:00:00,1,1002,3012,9353,4010,4661,1,0
1730,2651,1,2025-04-09 14:00:00,1,1005,3037,9014,4012,4663,1,0
1731,2653,2,2026-02-25 19:00:00,1,1001,3006,9102,4011,4667,1,0
1732,2654,2,2026-02-22 10:00:00,1,1002,3016,9305,4001,4668,1,0
1733,2656,2,2025-01-02 04:00:00,1,1001,3003,9277,4009,4671,1,0
1734,2657,2,2025-09-14 00:00:00,1,1002,3016,9288,4014,4672,1,0
1735,2658,2,2026-03-06 22:00:00,1,1002,3013,9190,4010,4673,1,0
1736,2659,2,2025-09-25 10:00:00,1,1002,3016,9078,4011,4674,1,0
1737,2660,1,2025-04-29 05:00:00,1,1002,3012,9161,4015,4675,1,0
1738,2661,1,2025-02-02 18:00:00,1,1005,3033,9282,4003,4678,1,0
1739,2662,2,2025-03-10 01:00:00,1,1001,3008,9184,4014,4681,1,0
1740,2663,2,2025-03-16 16:00:00,1,1002,3016,9378,4005,4684,1,0
1741,2665,2,2025-10-01 20:00:00,1,1001,3004,9331,4002,4688,1,0
1742,2666,2,2026-01-12 15:00:00,1,1001,3004,9312,4005,4690,1,0
1743,2667,1,2025-10-05 00:00:00,1,1002,3010,9269,4011,4693,1,0
1744,2668,2,2025-01-26 01:00:00,1,1004,3025,9056,4001,4695,1,0
1745,2669,2,2025-08-08 23:00:00,1,1005,3038,9148,4009,4696,1,0
1746,2670,2,2026-02-22 02:00:00,1,1002,3012,9095,4008,4698,1,0
1747,2671,1,2025-10-28 18:00:00,1,1004,3030,9014,4014,4701,1,0
1748,2672,2,2026-03-14 22:00:00,1,1003,3019,9249,4002,4702,1,0
1749,2673,2,2025-05-29 00:00:00,1,1005,3040,9344,4010,4703,1,0
1750,2674,2,2025-08-27 02:00:00,1,1005,3036,9176,4015,4706,1,0
1751,2676,2,2026-03-08 17:00:00,1,1002,3013,9052,4014,4709,1,0
1752,2677,2,2025-12-25 05:00:00,1,1004,3032,9019,4015,4710,1,0
1753,2679,2,2025-05-09 10:00:00,1,1005,3036,9107,4007,4713,1,0
1754,2683,2,2025-04-04 03:00:00,1,1002,3015,9384,4010,4718,1,0
1755,2685,2,2025-01-16 09:00:00,1,1004,3029,9197,4012,4724,1,0
1756,2686,2,2026-03-20 12:00:00,1,1004,3026,9068,4012,4725,1,0
1757,2689,2,2025-07-07 02:00:00,1,1003,3018,9126,4010,4733,1,0
1758,2690,1,2025-06-12 15:00:00,1,1005,3039,9085,4011,4735,1,0
1759,2691,1,2026-03-06 04:00:00,1,1002,3010,9364,4002,4736,1,0
1760,2692,1,2025-10-22 10:00:00,1,1004,3030,9101,4007,4737,1,0
1761,2693,2,2025-12-07 07:00:00,1,1004,3030,9022,4007,4739,1,0
1762,2694,1,2025-10-14 00:00:00,1,1002,3013,9182,4006,4740,1,0
1763,2695,2,2025-06-13 17:00:00,1,1001,3007,9321,4006,4741,1,0
1764,2698,2,2025-09-26 18:00:00,1,1004,3029,9227,4015,4748,1,0
1765,2702,2,2025-03-08 06:00:00,1,1003,3023,9310,4002,4755,1,0
1766,2705,2,2025-06-26 04:00:00,1,1004,3031,9345,4012,4759,1,0
1767,2706,1,2025-03-13 14:00:00,1,1001,3006,9256,4005,4760,1,0
1768,2708,2,2025-08-17 22:00:00,1,1001,3008,9030,4004,4766,1,0
1769,2709,2,2025-05-11 16:00:00,1,1003,3020,9241,4001,4769,1,0
1770,2710,1,2026-03-28 07:00:00,1,1005,3036,9182,4012,4770,1,0
1771,2711,2,2025-02-11 11:00:00,1,1001,3002,9336,4009,4773,1,0
1772,2712,2,2026-02-20 07:00:00,1,1005,3040,9012,4001,4774,1,0
1773,2713,1,2025-07-15 00:00:00,1,1003,3021,9178,4002,4777,1,0
1774,2716,2,2026-02-23 16:00:00,1,1003,3022,9064,4015,4781,1,0
1775,2717,1,2025-04-26 04:00:00,1,1002,3015,9335,4008,4783,1,0
1776,2718,1,2025-07-10 19:00:00,1,1001,3008,9289,4005,4787,1,0
1777,2720,1,2025-09-30 15:00:00,1,1004,3029,9091,4013,4791,1,0
1778,2721,2,2026-03-25 02:00:00,1,1004,3030,9326,4012,4794,1,0
1779,2722,2,2025-06-07 00:00:00,1,1002,3009,9383,4010,4795,1,0
1780,2723,1,2025-12-29 00:00:00,1,1002,3016,9329,4012,4796,1,0
1781,2724,1,2025-10-22 21:00:00,1,1005,3033,9193,4009,4797,1,0
1782,2725,1,2025-02-06 10:00:00,1,1002,3014,9327,4012,4800,1,0
1783,2728,2,2025-02-23 16:00:00,1,1004,3031,9081,4014,4805,1,0
1784,2730,1,2025-03-30 08:00:00,1,1001,3008,9237,4003,4809,1,0
1785,2731,1,2026-01-10 21:00:00,1,1005,3039,9137,4010,4812,1,0
1786,2733,1,2025-04-22 10:00:00,1,1004,3032,9126,4014,4816,1,0
1787,2736,1,2025-10-28 05:00:00,1,1002,3013,9115,4007,4822,1,0
1788,2739,1,2025-08-06 00:00:00,1,1001,3002,9174,4010,4828,1,0
1789,2740,2,2025-05-27 17:00:00,1,1002,3014,9212,4012,4830,1,0
1790,2741,2,2025-02-07 09:00:00,1,1001,3007,9072,4006,4832,1,0
1791,2742,1,2026-02-20 10:00:00,1,1003,3024,9158,4009,4834,1,0
1792,2743,1,2025-07-09 13:00:00,1,1001,3002,9278,4014,4836,1,0
1793,2744,2,2025-06-07 16:00:00,1,1005,3034,9227,4006,4837,1,0
1794,2745,2,2025-10-29 22:00:00,1,1005,3038,9345,4001,4839,1,0
1795,2747,2,2026-03-07 06:00:00,1,1002,3014,9097,4009,4845,1,0
1796,2748,2,2025-02-27 13:00:00,1,1003,3021,9335,4001,4849,1,0
1797,2750,2,2026-02-07 04:00:00,1,1003,3023,9019,4009,4853,1,0
1798,2751,2,2025-07-19 12:00:00,1,1002,3012,9369,4006,4855,1,0
1799,2753,2,2025-10-27 17:00:00,1,1005,3035,9282,4009,4857,1,0
1800,2754,2,2026-01-26 07:00:00,1,1003,3022,9372,4012,4860,1,0
1801,2755,1,2025-04-25 10:00:00,1,1005,3035,9132,4013,4861,1,0
1802,2756,2,2025-11-03 14:00:00,1,1003,3022,9096,4003,4863,1,0
1803,2758,1,2026-01-29 12:00:00,1,1005,3034,9235,4009,4866,1,0
1804,2759,1,2025-11-10 00:00:00,1,1005,3035,9116,4009,4867,1,0
1805,2760,1,2025-01-27 09:00:00,1,1004,3026,9181,4011,4870,1,0
1806,2761,1,2025-12-09 07:00:00,1,1001,3005,9002,4012,4871,1,0
1807,2762,1,2025-01-06 20:00:00,1,1005,3033,9047,4012,4874,1,0
1808,2763,2,2025-01-11 04:00:00,1,1001,3004,9396,4003,4877,1,0
1809,2765,2,2025-09-07 12:00:00,1,1005,3035,9263,4004,4883,1,0
1810,2767,2,2026-01-23 15:00:00,1,1002,3014,9095,4003,4886,1,0
1811,2768,2,2025-01-01 11:00:00,1,1003,3018,9280,4002,4888,1,0
1812,2769,1,2025-09-20 19:00:00,1,1001,3007,9138,4005,4890,1,0
1813,2770,1,2025-08-13 20:00:00,1,1004,3028,9213,4012,4893,1,0
1814,2771,2,2025-10-24 10:00:00,1,1005,3037,9047,4010,4894,1,0
1815,2772,1,2026-02-07 03:00:00,1,1002,3016,9120,4013,4895,1,0
1816,2773,1,2025-08-28 05:00:00,1,1003,3022,9154,4009,4897,1,0
1817,2774,1,2025-03-01 11:00:00,1,1004,3025,9361,4007,4899,1,0
1818,2775,2,2025-01-15 11:00:00,1,1003,3023,9249,4002,4900,1,0
1819,2778,1,2025-01-16 16:00:00,1,1002,3010,9006,4010,4905,1,0
1820,2779,2,2026-01-29 00:00:00,1,1004,3032,9030,4007,4906,1,0
1821,2780,1,2025-02-01 09:00:00,1,1005,3036,9017,4013,4908,1,0
1822,2781,1,2025-05-29 13:00:00,1,1003,3018,9314,4006,4910,1,0
1823,2782,1,2025-01-11 12:00:00,1,1002,3011,9041,4001,4911,1,0
1824,2783,2,2025-06-28 13:00:00,1,1003,3023,9182,4015,4914,1,0
1825,2784,1,2025-11-16 16:00:00,1,1005,3037,9146,4015,4917,1,0
1826,2786,1,2025-06-18 10:00:00,1,1001,3004,9245,4013,4920,1,0
1827,2787,2,2025-03-12 11:00:00,1,1002,3014,9307,4007,4923,1,0
1828,2788,1,2025-10-06 15:00:00,1,1003,3022,9284,4009,4924,1,0
1829,2789,1,2025-03-01 23:00:00,1,1003,3017,9110,4003,4925,1,0
1830,2790,1,2025-07-03 10:00:00,1,1005,3039,9281,4005,4926,1,0
1831,2792,2,2025-10-05 18:00:00,1,1002,3009,9071,4005,4929,1,0
1832,2793,2,2026-03-06 07:00:00,1,1002,3016,9247,4003,4932,1,0
1833,2795,1,2026-03-25 00:00:00,1,1004,3030,9307,4008,4938,1,0
1834,2797,2,2026-01-30 12:00:00,1,1002,3013,9323,4001,4940,1,0
1835,2798,1,2025-02-27 21:00:00,1,1003,3019,9191,4009,4944,1,0
1836,2801,2,2026-01-05 16:00:00,1,1003,3022,9167,4005,4950,1,0
1837,2802,2,2025-01-04 06:00:00,1,1002,3013,9327,4004,4953,1,0
1838,2803,2,2026-03-06 15:00:00,1,1003,3021,9068,4005,4954,1,0
1839,2804,1,2025-05-18 01:00:00,1,1001,3005,9014,4008,4955,1,0
1840,2805,2,2026-01-29 07:00:00,1,1001,3006,9333,4001,4956,1,0
1841,2806,1,2026-01-12 14:00:00,1,1001,3005,9047,4003,4958,1,0
1842,2807,2,2025-09-12 01:00:00,1,1002,3011,9030,4004,4961,1,0
1843,2808,2,2025-09-01 04:00:00,1,1003,3023,9364,4010,4963,1,0
1844,2809,1,2025-02-01 12:00:00,1,1002,3013,9026,4010,4965,1,0
1845,2810,1,2025-10-28 23:00:00,1,1005,3034,9291,4013,4967,1,0
1846,2812,1,2025-08-19 20:00:00,1,1004,3030,9315,4005,4971,1,0
1847,2817,2,2025-05-08 06:00:00,1,1004,3027,9166,4008,4978,1,0
1848,2818,1,2026-03-24 12:00:00,1,1002,3015,9162,4007,4980,1,0
1849,2819,2,2026-03-18 15:00:00,1,1004,3031,9091,4010,4983,1,0
1850,2820,1,2025-02-24 20:00:00,1,1004,3031,9191,4014,4984,1,0
1851,2823,1,2025-03-16 16:00:00,1,1002,3011,9388,4002,4991,1,0
1852,2825,1,2025-03-11 06:00:00,1,1005,3035,9020,4005,4994,1,0
1853,2826,1,2025-08-14 21:00:00,1,1004,3027,9332,4005,4998,1,0
1854,2827,2,2025-12-08 10:00:00,1,1005,3036,9217,4007,4999,1,0
1855,2828,2,2025-10-29 23:00:00,1,1004,3032,9147,4009,5000,1,0
1856,2829,1,2025-05-01 13:00:00,1,1005,3039,9096,4002,5002,1,0
1857,2830,1,2025-09-30 11:00:00,1,1003,3024,9051,4007,5003,1,0
1858,2832,1,2025-01-30 01:00:00,1,1002,3015,9275,4001,5005,1,0
1859,2833,1,2025-04-28 19:00:00,1,1003,3019,9092,4003,5008,1,0
1860,2835,1,2025-12-10 08:00:00,1,1002,3014,9381,4010,5012,1,0
1861,2837,1,2025-12-02 09:00:00,1,1005,3039,9228,4014,5014,1,0
1862,2839,1,2025-10-27 07:00:00,1,1005,3036,9375,4009,5018,1,0
1863,2841,1,2025-01-20 10:00:00,1,1001,3001,9341,4011,5022,1,0
1864,2842,1,2025-12-10 01:00:00,1,1004,3026,9122,4010,5024,1,0
1865,2844,2,2025-01-27 13:00:00,1,1004,3027,9307,4008,5027,1,0
1866,2845,1,2025-12-03 14:00:00,1,1002,3011,9275,4005,5028,1,0
1867,2848,2,2026-03-20 07:00:00,1,1003,3023,9263,4005,5033,1,0
1868,2850,1,2025-10-06 09:00:00,1,1002,3013,9328,4011,5035,1,0
1869,2851,2,2025-06-26 20:00:00,1,1001,3001,9317,4003,5036,1,0
1870,2852,2,2025-10-20 22:00:00,1,1005,3036,9192,4012,5037,1,0
1871,2853,1,2025-07-13 04:00:00,1,1003,3019,9029,4015,5038,1,0
1872,2855,2,2025-09-09 16:00:00,1,1001,3002,9135,4011,5042,1,0
1873,2856,1,2025-12-15 20:00:00,1,1005,3040,9189,4001,5043,1,0
1874,2857,2,2025-12-08 12:00:00,1,1005,3038,9304,4007,5044,1,0
1875,2860,1,2025-02-23 21:00:00,1,1001,3004,9239,4006,5052,1,0
1876,2862,1,2026-01-09 15:00:00,1,1004,3026,9352,4013,5054,1,0
1877,2863,2,2026-01-01 23:00:00,1,1001,3007,9084,4008,5055,1,0
1878,2864,2,2025-02-22 11:00:00,1,1001,3003,9063,4007,5057,1,0
1879,2865,2,2025-12-03 19:00:00,1,1003,3017,9173,4010,5058,1,0
1880,2866,1,2026-01-15 01:00:00,1,1004,3026,9191,4012,5060,1,0
1881,2867,2,2025-09-08 08:00:00,1,1002,3016,9264,4002,5062,1,0
1882,2869,2,2025-11-26 15:00:00,1,1003,3022,9212,4005,5066,1,0
1883,2870,2,2026-02-16 23:00:00,1,1001,3006,9330,4011,5067,1,0
1884,2871,1,2026-01-14 22:00:00,1,1001,3002,9053,4007,5070,1,0
1885,2874,2,2025-04-26 00:00:00,1,1005,3034,9320,4011,5075,1,0
1886,2876,1,2025-08-17 23:00:00,1,1001,3005,9354,4015,5080,1,0
1887,2877,2,2025-12-18 23:00:00,1,1002,3016,9192,4005,5082,1,0
1888,2878,2,2025-03-12 06:00:00,1,1002,3010,9221,4012,5084,1,0
1889,2879,2,2025-08-21 06:00:00,1,1003,3023,9110,4009,5085,1,0
1890,2880,1,2025-02-03 19:00:00,1,1001,3006,9011,4013,5087,1,0
1891,2882,2,2026-01-15 21:00:00,1,1004,3030,9093,4010,5090,1,0
1892,2883,1,2025-06-27 07:00:00,1,1003,3023,9117,4001,5093,1,0
1893,2886,1,2025-02-28 09:00:00,1,1004,3029,9058,4001,5100,1,0
1894,2887,2,2025-03-13 12:00:00,1,1002,3013,9282,4012,5104,1,0
1895,2889,2,2025-05-27 04:00:00,1,1001,3008,9396,4011,5110,1,0
1896,2890,2,2026-02-03 06:00:00,1,1003,3024,9240,4005,5111,1,0
1897,2891,1,2025-01-15 08:00:00,1,1001,3006,9050,4004,5112,1,0
1898,2894,2,2025-08-19 22:00:00,1,1002,3014,9200,4011,5118,1,0
1899,2896,1,2025-01-27 16:00:00,1,1005,3037,9058,4013,5122,1,0
1900,2897,2,2025-08-26 00:00:00,1,1001,3002,9097,4009,5123,1,0
1901,2899,1,2025-04-26 13:00:00,1,1003,3024,9197,4006,5125,1,0
1902,2900,1,2025-06-07 19:00:00,1,1001,3008,9105,4008,5126,1,0
1903,2901,1,2026-01-09 04:00:00,1,1005,3035,9101,4002,5127,1,0
1904,2902,1,2025-10-30 15:00:00,1,1004,3031,9052,4003,5130,1,0
1905,2903,2,2025-02-07 17:00:00,1,1005,3039,9382,4005,5131,1,0
1906,2904,1,2025-06-28 13:00:00,1,1004,3030,9196,4006,5132,1,0
1907,2905,1,2025-08-03 17:00:00,1,1005,3040,9218,4004,5135,1,0
1908,2906,1,2025-12-24 00:00:00,1,1001,3002,9368,4014,5136,1,0
1909,2908,1,2025-03-29 05:00:00,1,1002,3012,9276,4007,5140,1,0
1910,2909,1,2025-04-17 19:00:00,1,1003,3018,9386,4001,5141,1,0
1911,2910,2,2025-02-04 14:00:00,1,1004,3025,9031,4005,5143,1,0
1912,2912,2,2026-03-14 22:00:00,1,1003,3022,9093,4013,5145,1,0
1913,2913,1,2025-09-25 01:00:00,1,1002,3009,9189,4014,5147,1,0
1914,2914,1,2025-10-19 10:00:00,1,1005,3039,9060,4014,5149,1,0
1915,2915,1,2026-01-23 12:00:00,1,1004,3029,9227,4011,5150,1,0
1916,2916,2,2025-05-30 10:00:00,1,1002,3009,9036,4012,5153,1,0
1917,2917,1,2026-03-06 13:00:00,1,1003,3023,9277,4010,5155,1,0
1918,2918,2,2025-08-04 13:00:00,1,1004,3031,9275,4011,5156,1,0
1919,2919,1,2026-02-01 00:00:00,1,1004,3032,9080,4006,5158,1,0
1920,2920,1,2025-07-16 02:00:00,1,1004,3027,9199,4012,5159,1,0
1921,2921,1,2025-08-26 05:00:00,1,1002,3009,9092,4001,5160,1,0
1922,2925,2,2025-10-24 08:00:00,1,1005,3040,9330,4012,5165,1,0
1923,2927,2,2025-06-07 06:00:00,1,1001,3008,9195,4002,5169,1,0
1924,2928,1,2025-11-01 18:00:00,1,1002,3013,9088,4009,5174,1,0
1925,2929,1,2025-01-12 04:00:00,1,1005,3040,9295,4010,5175,1,0
1926,2930,2,2025-11-26 23:00:00,1,1003,3022,9243,4002,5178,1,0
1927,2934,2,2025-06-04 14:00:00,1,1005,3038,9061,4011,5183,1,0
1928,2935,1,2025-05-26 01:00:00,1,1003,3017,9274,4005,5184,1,0
1929,2936,1,2026-03-03 09:00:00,1,1005,3033,9197,4008,5185,1,0
1930,2938,2,2025-07-25 13:00:00,1,1002,3013,9376,4012,5189,1,0
1931,2941,1,2025-01-03 08:00:00,1,1004,3027,9235,4012,5193,1,0
1932,2942,1,2026-01-11 18:00:00,1,1002,3012,9042,4011,5196,1,0
1933,2943,2,2025-08-08 00:00:00,1,1002,3012,9351,4006,5198,1,0
1934,2945,2,2025-05-12 04:00:00,1,1003,3017,9246,4002,5201,1,0
1935,2947,2,2025-07-14 19:00:00,1,1002,3011,9281,4010,5203,1,0
1936,2948,1,2025-07-18 04:00:00,1,1005,3038,9007,4007,5204,1,0
1937,2949,2,2025-07-18 03:00:00,1,1001,3005,9029,4011,5206,1,0
1938,2950,1,2025-08-24 17:00:00,1,1001,3007,9029,4003,5207,1,0
1939,2954,1,2025-11-18 01:00:00,1,1001,3004,9006,4002,5214,1,0
1940,2956,1,2025-03-30 18:00:00,1,1003,3021,9066,4005,5216,1,0
1941,2957,2,2026-01-11 14:00:00,1,1002,3012,9175,4009,5220,1,0
1942,2959,2,2025-01-22 12:00:00,1,1001,3006,9252,4011,5222,1,0
1943,2962,1,2025-01-31 21:00:00,1,1001,3008,9021,4010,5228,1,0
1944,2963,1,2025-09-09 08:00:00,1,1003,3020,9388,4013,5232,1,0
1945,2965,2,2025-09-25 21:00:00,1,1005,3035,9135,4009,5236,1,0
1946,2966,2,2025-09-25 09:00:00,1,1003,3020,9400,4012,5237,1,0
1947,2967,2,2025-10-12 18:00:00,1,1005,3034,9252,4002,5240,1,0
1948,2969,1,2025-10-24 20:00:00,1,1003,3019,9370,4008,5245,1,0
1949,2970,2,2026-02-24 18:00:00,1,1005,3035,9072,4010,5247,1,0
1950,2971,1,2025-08-17 10:00:00,1,1004,3031,9154,4015,5249,1,0
1951,2972,2,2026-03-09 14:00:00,1,1004,3030,9187,4007,5251,1,0
1952,2973,2,2025-12-29 03:00:00,1,1003,3019,9336,4005,5252,1,0
1953,2977,2,2025-03-18 10:00:00,1,1003,3023,9273,4012,5260,1,0
1954,2978,1,2025-01-18 01:00:00,1,1003,3024,9123,4011,5263,1,0
1955,2979,2,2026-02-28 11:00:00,1,1005,3038,9392,4005,5264,1,0
1956,2981,1,2025-11-21 07:00:00,1,1003,3017,9380,4011,5266,1,0
1957,2982,2,2025-05-31 06:00:00,1,1005,3037,9380,4008,5269,1,0
1958,2984,2,2025-11-18 01:00:00,1,1003,3022,9013,4006,5276,1,0
1959,2985,2,2025-12-04 03:00:00,1,1001,3003,9389,4002,5277,1,0
1960,2986,1,2025-03-14 00:00:00,1,1002,3015,9028,4015,5279,1,0
1961,2987,2,2025-07-22 20:00:00,1,1002,3013,9350,4013,5281,1,0
1962,2991,1,2025-08-02 02:00:00,1,1004,3030,9350,4007,5288,1,0
1963,2992,2,2025-11-02 14:00:00,1,1001,3001,9259,4006,5290,1,0
1964,2995,1,2025-07-31 08:00:00,1,1004,3031,9024,4004,5297,1,0
1965,2996,2,2025-06-24 05:00:00,1,1002,3009,9183,4002,5298,1,0
1966,2997,2,2025-12-02 14:00:00,1,1003,3019,9172,4004,5303,1,0
1967,2999,2,2025-03-25 02:00:00,1,1001,3008,9168,4007,5307,1,0
1968,3001,1,2025-12-07 06:00:00,1,1004,3027,9022,4015,5311,1,0
