CaseMasterID,CrimeNo,CaseNo,CrimeRegisteredDate,PolicePersonID,PoliceStationID,DistrictID,CaseCategoryID,GravityOffenceID,CrimeMajorHeadID,CrimeMinorHeadID,CaseStatusID,CourtID,IncidentFromDate,IncidentToDate,InfoReceivedPSDate,latitude,longitude,BriefFacts
1,110053036202600001,202600001,2026-01-29 09:00:00,9054,3036,1005,1,2,101,1002,1,4005,2026-01-28 10:00:00,2026-01-28 13:00:00,2026-01-29 09:00:00,13.03362,77.673397,Complainant reported unauthorized debit transactions from bank account following a fake KYC verification call.
2,110023013202600002,202600002,2026-01-24 14:00:00,9052,3013,1002,1,2,102,1004,3,4013,2026-01-22 17:00:00,2026-01-22 18:00:00,2026-01-24 14:00:00,12.841818,77.737255,"Accused intercepted a commercial vehicle on the highway, threatened the driver with sharp weapons, and looted goods."
3,110033022202500003,202500003,2025-05-13 16:00:00,9300,3022,1003,1,1,102,1004,3,4006,2025-05-12 09:00:00,2025-05-12 18:00:00,2025-05-13 16:00:00,13.023284,77.618887,A group of individuals assaulted the victim following a minor road rage incident causing grievous injuries.
4,110013008202500004,202500004,2025-11-23 12:00:00,9336,3008,1001,1,1,103,1005,3,4001,2025-11-21 23:00:00,2025-11-22 07:00:00,2025-11-23 12:00:00,13.088419,77.501033,Two persons riding a black motorcycle snatched a gold chain from a pedestrian near the bus stand and fled.
5,110023014202500005,202500005,2025-12-19 04:00:00,9383,3014,1002,1,1,103,1005,2,4001,2025-12-18 01:00:00,2025-12-18 04:00:00,2025-12-19 04:00:00,12.997468,77.45233,Complainant reported unauthorized debit transactions from bank account following a fake KYC verification call.
6,110033018202500006,202500006,2025-07-06 21:00:00,9344,3018,1003,1,1,101,1001,2,4004,2025-07-05 16:00:00,2025-07-05 21:00:00,2025-07-06 21:00:00,12.860152,77.482753,Complainant reported unauthorized debit transactions from bank account following a fake KYC verification call.
7,110033018202500007,202500007,2025-05-19 01:00:00,9160,3018,1003,1,2,101,1002,3,4008,2025-05-18 06:00:00,2025-05-18 17:00:00,2025-05-19 01:00:00,13.022476,77.738108,Unknown miscreants broke open the lock of the house during late night hours and stole gold ornaments and cash.
8,110023015202500008,202500008,2025-01-09 05:00:00,9311,3015,1002,1,1,104,1007,3,4002,2025-01-09 00:00:00,2025-01-09 10:00:00,2025-01-09 05:00:00,12.826977,77.548406,"Accused intercepted a commercial vehicle on the highway, threatened the driver with sharp weapons, and looted goods."
9,110053040202500009,202500009,2025-01-04 08:00:00,9177,3040,1005,1,1,103,1006,1,4006,2025-01-03 16:00:00,2025-01-03 23:00:00,2025-01-04 08:00:00,12.955853,77.537643,Complainant reported unauthorized debit transactions from bank account following a fake KYC verification call.
10,110033017202600010,202600010,2026-03-21 09:00:00,9020,3017,1003,1,2,104,1007,3,4004,2026-03-19 19:00:00,2026-03-20 06:00:00,2026-03-21 09:00:00,13.082435,77.453962,Unknown miscreants broke open the lock of the house during late night hours and stole gold ornaments and cash.
11,110013001202500011,202500011,2025-08-29 15:00:00,9164,3001,1001,1,2,102,1004,1,4004,2025-08-28 06:00:00,2025-08-28 10:00:00,2025-08-29 15:00:00,12.889779,77.659106,Unknown miscreants broke open the lock of the house during late night hours and stole gold ornaments and cash.
12,110023014202500012,202500012,2025-12-12 13:00:00,9358,3014,1002,1,1,103,1006,3,4007,2025-12-11 05:00:00,2025-12-11 12:00:00,2025-12-12 13:00:00,12.905262,77.462399,Complainant reported unauthorized debit transactions from bank account following a fake KYC verification call.
13,110033018202500013,202500013,2025-05-27 10:00:00,9083,3018,1003,1,1,104,1007,3,4007,2025-05-26 12:00:00,2025-05-26 13:00:00,2025-05-27 10:00:00,13.025558,77.527431,Complainant reported unauthorized debit transactions from bank account following a fake KYC verification call.
14,110043026202600014,202600014,2026-03-07 14:00:00,9015,3026,1004,1,2,103,1006,1,4006,2026-03-06 03:00:00,2026-03-06 11:00:00,2026-03-07 14:00:00,13.067379,77.724602,"Accused intercepted a commercial vehicle on the highway, threatened the driver with sharp weapons, and looted goods."
15,110043030202600015,202600015,2026-01-26 08:00:00,9293,3030,1004,1,1,104,1007,1,4012,2026-01-25 00:00:00,2026-01-25 07:00:00,2026-01-26 08:00:00,13.057534,77.702524,Two persons riding a black motorcycle snatched a gold chain from a pedestrian near the bus stand and fled.
16,110043025202500016,202500016,2025-09-14 11:00:00,9001,3025,1004,1,2,103,1005,2,4001,2025-09-13 16:00:00,2025-09-13 23:00:00,2025-09-14 11:00:00,12.98921,77.741148,A group of individuals assaulted the victim following a minor road rage incident causing grievous injuries.
17,110023012202500017,202500017,2025-11-17 20:00:00,9162,3012,1002,1,2,103,1005,2,4012,2025-11-16 10:00:00,2025-11-16 13:00:00,2025-11-17 20:00:00,13.084133,77.448079,Two persons riding a black motorcycle snatched a gold chain from a pedestrian near the bus stand and fled.
18,110043031202500018,202500018,2025-01-23 16:00:00,9348,3031,1004,1,2,104,1007,3,4001,2025-01-22 17:00:00,2025-01-22 19:00:00,2025-01-23 16:00:00,12.907746,77.621261,"Accused intercepted a commercial vehicle on the highway, threatened the driver with sharp weapons, and looted goods."
19,110043026202500019,202500019,2025-09-04 02:00:00,9118,3026,1004,1,1,102,1003,2,4011,2025-09-02 11:00:00,2025-09-02 20:00:00,2025-09-04 02:00:00,12.901135,77.704043,Complainant reported unauthorized debit transactions from bank account following a fake KYC verification call.
20,110023015202500020,202500020,2025-07-22 01:00:00,9122,3015,1002,1,1,101,1001,2,4008,2025-07-20 17:00:00,2025-07-20 21:00:00,2025-07-22 01:00:00,12.882338,77.456582,Complainant reported unauthorized debit transactions from bank account following a fake KYC verification call.
21,110023015202500021,202500021,2025-07-10 14:00:00,9378,3015,1002,1,2,101,1002,3,4009,2025-07-10 07:00:00,2025-07-10 12:00:00,2025-07-10 14:00:00,13.019604,77.601572,Unknown miscreants broke open the lock of the house during late night hours and stole gold ornaments and cash.
22,110043029202500022,202500022,2025-04-18 02:00:00,9300,3029,1004,1,2,102,1003,1,4002,2025-04-17 07:00:00,2025-04-17 16:00:00,2025-04-18 02:00:00,12.97259,77.470509,Complainant reported unauthorized debit transactions from bank account following a fake KYC verification call.
23,110023014202500023,202500023,2025-12-15 04:00:00,9371,3014,1002,1,2,101,1001,1,4014,2025-12-13 04:00:00,2025-12-13 09:00:00,2025-12-15 04:00:00,13.027685,77.663931,Complainant reported unauthorized debit transactions from bank account following a fake KYC verification call.
24,110043032202600024,202600024,2026-03-12 01:00:00,9014,3032,1004,1,2,101,1001,2,4005,2026-03-11 07:00:00,2026-03-11 17:00:00,2026-03-12 01:00:00,12.867827,77.478189,Complainant reported unauthorized debit transactions from bank account following a fake KYC verification call.
25,110013007202500025,202500025,2025-12-14 14:00:00,9218,3007,1001,1,1,104,1007,2,4001,2025-12-13 21:00:00,2025-12-13 22:00:00,2025-12-14 14:00:00,13.069521,77.742686,A group of individuals assaulted the victim following a minor road rage incident causing grievous injuries.
26,110023010202500026,202500026,2025-06-20 06:00:00,9360,3010,1002,1,2,101,1002,3,4013,2025-06-19 11:00:00,2025-06-19 20:00:00,2025-06-20 06:00:00,12.887711,77.67912,"Accused intercepted a commercial vehicle on the highway, threatened the driver with sharp weapons, and looted goods."
27,110053034202500027,202500027,2025-11-27 10:00:00,9073,3034,1005,1,1,101,1001,1,4010,2025-11-26 21:00:00,2025-11-27 05:00:00,2025-11-27 10:00:00,12.902318,77.604954,Unknown miscreants broke open the lock of the house during late night hours and stole gold ornaments and cash.
28,110023010202500028,202500028,2025-08-20 05:00:00,9310,3010,1002,1,2,102,1004,1,4013,2025-08-18 13:00:00,2025-08-18 19:00:00,2025-08-20 05:00:00,12.969766,77.680305,Unknown miscreants broke open the lock of the house during late night hours and stole gold ornaments and cash.
29,110053038202500029,202500029,2025-08-20 07:00:00,9168,3038,1005,1,1,103,1006,2,4011,2025-08-18 09:00:00,2025-08-18 13:00:00,2025-08-20 07:00:00,12.989501,77.541012,Unknown miscreants broke open the lock of the house during late night hours and stole gold ornaments and cash.
30,110043030202500030,202500030,2025-04-05 11:00:00,9361,3030,1004,1,2,102,1003,1,4010,2025-04-05 01:00:00,2025-04-05 10:00:00,2025-04-05 11:00:00,12.870022,77.613743,Two persons riding a black motorcycle snatched a gold chain from a pedestrian near the bus stand and fled.
31,110033024202500031,202500031,2025-06-20 07:00:00,9275,3024,1003,1,1,101,1001,1,4015,2025-06-19 22:00:00,2025-06-19 23:00:00,2025-06-20 07:00:00,13.07444,77.591488,Unknown miscreants broke open the lock of the house during late night hours and stole gold ornaments and cash.
32,110023012202600032,202600032,2026-01-20 19:00:00,9345,3012,1002,1,2,102,1003,1,4013,2026-01-19 15:00:00,2026-01-19 22:00:00,2026-01-20 19:00:00,13.00154,77.728729,"Accused intercepted a commercial vehicle on the highway, threatened the driver with sharp weapons, and looted goods."
33,110013003202500033,202500033,2025-12-02 19:00:00,9238,3003,1001,1,2,103,1006,2,4005,2025-12-01 12:00:00,2025-12-01 14:00:00,2025-12-02 19:00:00,12.86209,77.736513,Unknown miscreants broke open the lock of the house during late night hours and stole gold ornaments and cash.
34,110033018202500034,202500034,2025-07-03 02:00:00,9190,3018,1003,1,2,101,1001,3,4011,2025-07-02 06:00:00,2025-07-02 08:00:00,2025-07-03 02:00:00,13.088318,77.546866,Complainant reported unauthorized debit transactions from bank account following a fake KYC verification call.
35,110043032202500035,202500035,2025-05-03 22:00:00,9061,3032,1004,1,1,102,1004,2,4009,2025-05-03 08:00:00,2025-05-03 17:00:00,2025-05-03 22:00:00,13.081627,77.525198,Unknown miscreants broke open the lock of the house during late night hours and stole gold ornaments and cash.
36,110043026202500036,202500036,2025-11-17 14:00:00,9336,3026,1004,1,2,103,1005,1,4004,2025-11-16 20:00:00,2025-11-17 01:00:00,2025-11-17 14:00:00,12.950314,77.507769,"Accused intercepted a commercial vehicle on the highway, threatened the driver with sharp weapons, and looted goods."
37,110033024202600037,202600037,2026-02-07 00:00:00,9134,3024,1003,1,2,104,1007,3,4014,2026-02-05 03:00:00,2026-02-05 05:00:00,2026-02-07 00:00:00,13.070097,77.473169,A group of individuals assaulted the victim following a minor road rage incident causing grievous injuries.
38,110033021202600038,202600038,2026-02-28 03:00:00,9041,3021,1003,1,2,103,1005,1,4007,2026-02-27 15:00:00,2026-02-28 01:00:00,2026-02-28 03:00:00,12.875339,77.522942,Two persons riding a black motorcycle snatched a gold chain from a pedestrian near the bus stand and fled.
39,110033021202500039,202500039,2025-04-06 12:00:00,9198,3021,1003,1,2,104,1007,1,4009,2025-04-04 18:00:00,2025-04-05 05:00:00,2025-04-06 12:00:00,12.964326,77.50088,Complainant reported unauthorized debit transactions from bank account following a fake KYC verification call.
40,110033020202500040,202500040,2025-06-18 14:00:00,9320,3020,1003,1,2,101,1002,3,4001,2025-06-18 00:00:00,2025-06-18 11:00:00,2025-06-18 14:00:00,12.935701,77.638333,"Accused intercepted a commercial vehicle on the highway, threatened the driver with sharp weapons, and looted goods."
41,110013008202500041,202500041,2025-02-14 19:00:00,9212,3008,1001,1,2,102,1004,2,4012,2025-02-13 07:00:00,2025-02-13 17:00:00,2025-02-14 19:00:00,13.091478,77.635276,Complainant reported unauthorized debit transactions from bank account following a fake KYC verification call.
42,110053037202500042,202500042,2025-09-27 04:00:00,9171,3037,1005,1,2,104,1007,2,4004,2025-09-25 19:00:00,2025-09-26 04:00:00,2025-09-27 04:00:00,12.985454,77.666367,Complainant reported unauthorized debit transactions from bank account following a fake KYC verification call.
43,110023009202500043,202500043,2025-08-19 19:00:00,9118,3009,1002,1,1,104,1007,3,4011,2025-08-18 22:00:00,2025-08-19 07:00:00,2025-08-19 19:00:00,13.003257,77.73928,Unknown miscreants broke open the lock of the house during late night hours and stole gold ornaments and cash.
44,110043030202500044,202500044,2025-12-29 01:00:00,9017,3030,1004,1,1,101,1001,1,4006,2025-12-27 19:00:00,2025-12-27 23:00:00,2025-12-29 01:00:00,12.87609,77.737504,Two persons riding a black motorcycle snatched a gold chain from a pedestrian near the bus stand and fled.
45,110053036202600045,202600045,2026-01-01 12:00:00,9097,3036,1005,1,1,103,1006,2,4010,2025-12-31 05:00:00,2025-12-31 14:00:00,2026-01-01 12:00:00,12.982301,77.490411,Unknown miscreants broke open the lock of the house during late night hours and stole gold ornaments and cash.
46,110013005202500046,202500046,2025-01-10 04:00:00,9230,3005,1001,1,2,102,1003,1,4001,2025-01-08 14:00:00,2025-01-08 17:00:00,2025-01-10 04:00:00,12.915534,77.478365,Unknown miscreants broke open the lock of the house during late night hours and stole gold ornaments and cash.
47,110053033202500047,202500047,2025-02-13 18:00:00,9008,3033,1005,1,2,103,1005,2,4010,2025-02-13 02:00:00,2025-02-13 04:00:00,2025-02-13 18:00:00,13.040434,77.590656,A group of individuals assaulted the victim following a minor road rage incident causing grievous injuries.
48,110013003202500048,202500048,2025-03-12 09:00:00,9091,3003,1001,1,2,101,1001,3,4011,2025-03-11 16:00:00,2025-03-12 04:00:00,2025-03-12 09:00:00,12.828831,77.5583,A group of individuals assaulted the victim following a minor road rage incident causing grievous injuries.
49,110043026202500049,202500049,2025-08-21 16:00:00,9127,3026,1004,1,1,104,1007,3,4001,2025-08-20 08:00:00,2025-08-20 16:00:00,2025-08-21 16:00:00,12.831393,77.663619,Complainant reported unauthorized debit transactions from bank account following a fake KYC verification call.
50,110043027202500050,202500050,2025-10-13 14:00:00,9318,3027,1004,1,2,104,1007,2,4002,2025-10-12 04:00:00,2025-10-12 08:00:00,2025-10-13 14:00:00,12.88296,77.554762,Unknown miscreants broke open the lock of the house during late night hours and stole gold ornaments and cash.
51,110053035202500051,202500051,2025-11-15 07:00:00,9329,3035,1005,1,2,101,1002,1,4010,2025-11-14 12:00:00,2025-11-14 22:00:00,2025-11-15 07:00:00,12.968638,77.603264,Complainant reported unauthorized debit transactions from bank account following a fake KYC verification call.
52,110053037202600052,202600052,2026-01-29 17:00:00,9335,3037,1005,1,1,103,1006,3,4003,2026-01-28 20:00:00,2026-01-29 07:00:00,2026-01-29 17:00:00,12.985147,77.516633,A group of individuals assaulted the victim following a minor road rage incident causing grievous injuries.
53,110013001202500053,202500053,2025-07-29 12:00:00,9067,3001,1001,1,1,102,1003,1,4003,2025-07-28 18:00:00,2025-07-28 21:00:00,2025-07-29 12:00:00,12.864327,77.660061,"Accused intercepted a commercial vehicle on the highway, threatened the driver with sharp weapons, and looted goods."
54,110053035202600054,202600054,2026-01-07 13:00:00,9176,3035,1005,1,1,103,1005,2,4001,2026-01-05 18:00:00,2026-01-05 20:00:00,2026-01-07 13:00:00,13.018776,77.501565,"Accused intercepted a commercial vehicle on the highway, threatened the driver with sharp weapons, and looted goods."
55,110043030202500055,202500055,2025-12-20 08:00:00,9217,3030,1004,1,2,103,1006,3,4007,2025-12-18 12:00:00,2025-12-18 18:00:00,2025-12-20 08:00:00,12.927514,77.579543,Two persons riding a black motorcycle snatched a gold chain from a pedestrian near the bus stand and fled.
56,110043031202500056,202500056,2025-05-13 16:00:00,9237,3031,1004,1,1,101,1001,1,4009,2025-05-12 14:00:00,2025-05-12 20:00:00,2025-05-13 16:00:00,12.826836,77.592629,Unknown miscreants broke open the lock of the house during late night hours and stole gold ornaments and cash.
57,110023014202500057,202500057,2025-09-04 10:00:00,9121,3014,1002,1,1,101,1002,1,4009,2025-09-03 20:00:00,2025-09-03 21:00:00,2025-09-04 10:00:00,13.112458,77.512706,Unknown miscreants broke open the lock of the house during late night hours and stole gold ornaments and cash.
58,110043027202500058,202500058,2025-11-03 11:00:00,9070,3027,1004,1,1,103,1005,2,4005,2025-11-03 02:00:00,2025-11-03 12:00:00,2025-11-03 11:00:00,13.057958,77.514785,"Accused intercepted a commercial vehicle on the highway, threatened the driver with sharp weapons, and looted goods."
59,110013004202500059,202500059,2025-07-22 19:00:00,9195,3004,1001,1,1,101,1002,2,4007,2025-07-21 21:00:00,2025-07-22 07:00:00,2025-07-22 19:00:00,12.896779,77.494814,Complainant reported unauthorized debit transactions from bank account following a fake KYC verification call.
60,110013005202500060,202500060,2025-05-01 11:00:00,9136,3005,1001,1,1,102,1003,3,4011,2025-05-01 07:00:00,2025-05-01 08:00:00,2025-05-01 11:00:00,12.891585,77.587514,"Accused intercepted a commercial vehicle on the highway, threatened the driver with sharp weapons, and looted goods."
61,110043025202600061,202600061,2026-01-04 19:00:00,9300,3025,1004,1,2,103,1006,2,4012,2026-01-04 17:00:00,2026-01-05 02:00:00,2026-01-04 19:00:00,13.106727,77.523446,A group of individuals assaulted the victim following a minor road rage incident causing grievous injuries.
62,110023012202500062,202500062,2025-03-14 13:00:00,9150,3012,1002,1,2,103,1006,1,4012,2025-03-13 09:00:00,2025-03-13 13:00:00,2025-03-14 13:00:00,13.011931,77.472679,Unknown miscreants broke open the lock of the house during late night hours and stole gold ornaments and cash.
63,110043028202600063,202600063,2026-01-15 03:00:00,9296,3028,1004,1,2,102,1004,1,4015,2026-01-13 05:00:00,2026-01-13 13:00:00,2026-01-15 03:00:00,12.979462,77.645002,"Accused intercepted a commercial vehicle on the highway, threatened the driver with sharp weapons, and looted goods."
64,110013006202500064,202500064,2025-09-19 12:00:00,9139,3006,1001,1,2,103,1006,2,4011,2025-09-18 02:00:00,2025-09-18 09:00:00,2025-09-19 12:00:00,13.023748,77.531052,"Accused intercepted a commercial vehicle on the highway, threatened the driver with sharp weapons, and looted goods."
65,110043032202600065,202600065,2026-02-13 01:00:00,9009,3032,1004,1,1,101,1002,2,4010,2026-02-11 20:00:00,2026-02-12 03:00:00,2026-02-13 01:00:00,13.035667,77.60127,A group of individuals assaulted the victim following a minor road rage incident causing grievous injuries.
66,110043032202500066,202500066,2025-04-14 09:00:00,9235,3032,1004,1,2,102,1003,3,4007,2025-04-12 18:00:00,2025-04-13 01:00:00,2025-04-14 09:00:00,12.913365,77.715919,Unknown miscreants broke open the lock of the house during late night hours and stole gold ornaments and cash.
67,110053039202500067,202500067,2025-05-24 01:00:00,9192,3039,1005,1,2,103,1006,3,4002,2025-05-22 10:00:00,2025-05-22 15:00:00,2025-05-24 01:00:00,12.885392,77.68206,"Accused intercepted a commercial vehicle on the highway, threatened the driver with sharp weapons, and looted goods."
68,110033021202500068,202500068,2025-11-26 08:00:00,9011,3021,1003,1,2,104,1007,3,4005,2025-11-25 18:00:00,2025-11-25 22:00:00,2025-11-26 08:00:00,12.846037,77.64985,A group of individuals assaulted the victim following a minor road rage incident causing grievous injuries.
69,110013003202600069,202600069,2026-01-30 23:00:00,9207,3003,1001,1,2,104,1007,3,4005,2026-01-30 14:00:00,2026-01-30 20:00:00,2026-01-30 23:00:00,13.090052,77.466961,A group of individuals assaulted the victim following a minor road rage incident causing grievous injuries.
70,110023011202500070,202500070,2025-09-19 00:00:00,9232,3011,1002,1,1,101,1002,2,4007,2025-09-17 22:00:00,2025-09-18 02:00:00,2025-09-19 00:00:00,12.940366,77.607475,A group of individuals assaulted the victim following a minor road rage incident causing grievous injuries.
71,110023010202500071,202500071,2025-08-25 06:00:00,9284,3010,1002,1,1,101,1002,1,4008,2025-08-24 02:00:00,2025-08-24 14:00:00,2025-08-25 06:00:00,12.894402,77.511079,"Accused intercepted a commercial vehicle on the highway, threatened the driver with sharp weapons, and looted goods."
72,110013006202500072,202500072,2025-10-01 07:00:00,9067,3006,1001,1,2,103,1006,1,4003,2025-09-30 11:00:00,2025-09-30 19:00:00,2025-10-01 07:00:00,13.116746,77.61644,"Accused intercepted a commercial vehicle on the highway, threatened the driver with sharp weapons, and looted goods."
73,110013008202500073,202500073,2025-10-01 10:00:00,9298,3008,1001,1,1,102,1003,3,4012,2025-09-29 16:00:00,2025-09-29 23:00:00,2025-10-01 10:00:00,12.90004,77.564491,Unknown miscreants broke open the lock of the house during late night hours and stole gold ornaments and cash.
74,110053039202500074,202500074,2025-09-20 05:00:00,9150,3039,1005,1,2,104,1007,3,4007,2025-09-18 06:00:00,2025-09-18 09:00:00,2025-09-20 05:00:00,13.026562,77.576435,Unknown miscreants broke open the lock of the house during late night hours and stole gold ornaments and cash.
75,110043028202500075,202500075,2025-10-22 12:00:00,9112,3028,1004,1,1,102,1004,2,4008,2025-10-20 23:00:00,2025-10-21 03:00:00,2025-10-22 12:00:00,12.906554,77.579752,Complainant reported unauthorized debit transactions from bank account following a fake KYC verification call.
76,110033020202500076,202500076,2025-10-12 11:00:00,9071,3020,1003,1,1,101,1002,3,4005,2025-10-11 07:00:00,2025-10-11 11:00:00,2025-10-12 11:00:00,12.867931,77.545305,Complainant reported unauthorized debit transactions from bank account following a fake KYC verification call.
77,110023012202500077,202500077,2025-07-07 13:00:00,9055,3012,1002,1,1,103,1005,1,4014,2025-07-06 04:00:00,2025-07-06 16:00:00,2025-07-07 13:00:00,13.077032,77.686909,Complainant reported unauthorized debit transactions from bank account following a fake KYC verification call.
78,110053040202600078,202600078,2026-03-20 08:00:00,9161,3040,1005,1,2,102,1004,2,4004,2026-03-20 04:00:00,2026-03-20 07:00:00,2026-03-20 08:00:00,13.067686,77.624307,A group of individuals assaulted the victim following a minor road rage incident causing grievous injuries.
79,110013001202500079,202500079,2025-06-22 21:00:00,9171,3001,1001,1,1,101,1001,3,4006,2025-06-21 06:00:00,2025-06-21 09:00:00,2025-06-22 21:00:00,13.07992,77.448808,Two persons riding a black motorcycle snatched a gold chain from a pedestrian near the bus stand and fled.
80,110053038202600080,202600080,2026-03-08 16:00:00,9021,3038,1005,1,1,103,1005,1,4011,2026-03-08 10:00:00,2026-03-08 15:00:00,2026-03-08 16:00:00,12.991305,77.501798,Complainant reported unauthorized debit transactions from bank account following a fake KYC verification call.
81,110023011202600081,202600081,2026-02-02 08:00:00,9120,3011,1002,1,2,104,1007,2,4011,2026-01-31 08:00:00,2026-01-31 09:00:00,2026-02-02 08:00:00,12.901444,77.479985,Complainant reported unauthorized debit transactions from bank account following a fake KYC verification call.
82,110033021202500082,202500082,2025-02-06 01:00:00,9064,3021,1003,1,1,103,1005,1,4011,2025-02-04 23:00:00,2025-02-05 05:00:00,2025-02-06 01:00:00,12.987441,77.73583,Unknown miscreants broke open the lock of the house during late night hours and stole gold ornaments and cash.
83,110023016202500083,202500083,2025-09-25 05:00:00,9174,3016,1002,1,1,101,1002,1,4007,2025-09-23 11:00:00,2025-09-23 15:00:00,2025-09-25 05:00:00,12.967776,77.726243,"Accused intercepted a commercial vehicle on the highway, threatened the driver with sharp weapons, and looted goods."
84,110033019202500084,202500084,2025-08-25 23:00:00,9276,3019,1003,1,2,101,1001,2,4007,2025-08-25 18:00:00,2025-08-26 00:00:00,2025-08-25 23:00:00,12.86985,77.656331,Complainant reported unauthorized debit transactions from bank account following a fake KYC verification call.
85,110033017202500085,202500085,2025-07-11 20:00:00,9317,3017,1003,1,2,103,1005,1,4003,2025-07-10 07:00:00,2025-07-10 19:00:00,2025-07-11 20:00:00,12.848895,77.574578,A group of individuals assaulted the victim following a minor road rage incident causing grievous injuries.
86,110043027202500086,202500086,2025-10-08 14:00:00,9367,3027,1004,1,1,104,1007,2,4013,2025-10-07 14:00:00,2025-10-07 21:00:00,2025-10-08 14:00:00,13.034287,77.638905,Unknown miscreants broke open the lock of the house during late night hours and stole gold ornaments and cash.
87,110043029202500087,202500087,2025-09-07 01:00:00,9235,3029,1004,1,2,103,1005,2,4005,2025-09-06 06:00:00,2025-09-06 08:00:00,2025-09-07 01:00:00,12.918823,77.596551,Two persons riding a black motorcycle snatched a gold chain from a pedestrian near the bus stand and fled.
88,110043026202600088,202600088,2026-02-06 15:00:00,9228,3026,1004,1,2,102,1003,2,4007,2026-02-05 11:00:00,2026-02-05 16:00:00,2026-02-06 15:00:00,13.00971,77.462128,Unknown miscreants broke open the lock of the house during late night hours and stole gold ornaments and cash.
89,110013005202500089,202500089,2025-01-17 15:00:00,9367,3005,1001,1,2,101,1002,3,4003,2025-01-15 16:00:00,2025-01-15 22:00:00,2025-01-17 15:00:00,13.06933,77.623566,Unknown miscreants broke open the lock of the house during late night hours and stole gold ornaments and cash.
90,110043031202500090,202500090,2025-04-05 01:00:00,9065,3031,1004,1,1,101,1001,3,4003,2025-04-04 09:00:00,2025-04-04 11:00:00,2025-04-05 01:00:00,12.883891,77.727797,Two persons riding a black motorcycle snatched a gold chain from a pedestrian near the bus stand and fled.
91,110033017202500091,202500091,2025-08-24 08:00:00,9205,3017,1003,1,2,103,1005,3,4014,2025-08-23 22:00:00,2025-08-24 07:00:00,2025-08-24 08:00:00,12.877132,77.70279,Unknown miscreants broke open the lock of the house during late night hours and stole gold ornaments and cash.
92,110053040202500092,202500092,2025-02-27 13:00:00,9178,3040,1005,1,2,101,1001,1,4002,2025-02-25 19:00:00,2025-02-26 06:00:00,2025-02-27 13:00:00,13.119041,77.513829,"Accused intercepted a commercial vehicle on the highway, threatened the driver with sharp weapons, and looted goods."
93,110023014202500093,202500093,2025-01-17 19:00:00,9251,3014,1002,1,2,103,1006,1,4007,2025-01-16 18:00:00,2025-01-16 19:00:00,2025-01-17 19:00:00,12.87939,77.598313,Two persons riding a black motorcycle snatched a gold chain from a pedestrian near the bus stand and fled.
94,110033020202500094,202500094,2025-08-07 02:00:00,9321,3020,1003,1,1,104,1007,3,4012,2025-08-06 05:00:00,2025-08-06 07:00:00,2025-08-07 02:00:00,13.055442,77.711775,Complainant reported unauthorized debit transactions from bank account following a fake KYC verification call.
95,110043025202500095,202500095,2025-10-30 23:00:00,9396,3025,1004,1,2,104,1007,3,4011,2025-10-30 11:00:00,2025-10-30 20:00:00,2025-10-30 23:00:00,12.897287,77.56965,Two persons riding a black motorcycle snatched a gold chain from a pedestrian near the bus stand and fled.
96,110033021202500096,202500096,2025-02-10 22:00:00,9217,3021,1003,1,1,103,1006,3,4012,2025-02-09 07:00:00,2025-02-09 09:00:00,2025-02-10 22:00:00,13.066572,77.52696,Unknown miscreants broke open the lock of the house during late night hours and stole gold ornaments and cash.
97,110053035202500097,202500097,2025-07-15 03:00:00,9197,3035,1005,1,2,102,1003,3,4005,2025-07-14 00:00:00,2025-07-14 04:00:00,2025-07-15 03:00:00,12.935703,77.503639,Two persons riding a black motorcycle snatched a gold chain from a pedestrian near the bus stand and fled.
98,110053038202500098,202500098,2025-08-02 23:00:00,9184,3038,1005,1,2,101,1001,1,4001,2025-08-02 18:00:00,2025-08-03 06:00:00,2025-08-02 23:00:00,12.836397,77.49083,A group of individuals assaulted the victim following a minor road rage incident causing grievous injuries.
99,110023013202500099,202500099,2025-04-13 17:00:00,9145,3013,1002,1,2,104,1007,3,4003,2025-04-13 11:00:00,2025-04-13 22:00:00,2025-04-13 17:00:00,12.960403,77.486885,Unknown miscreants broke open the lock of the house during late night hours and stole gold ornaments and cash.
100,110013006202500100,202500100,2025-10-04 18:00:00,9163,3006,1001,1,2,103,1005,1,4012,2025-10-04 02:00:00,2025-10-04 04:00:00,2025-10-04 18:00:00,13.100808,77.501949,Unknown miscreants broke open the lock of the house during late night hours and stole gold ornaments and cash.
101,110033020202500101,202500101,2025-02-12 18:00:00,9106,3020,1003,1,1,102,1003,3,4007,2025-02-11 06:00:00,2025-02-11 18:00:00,2025-02-12 18:00:00,12.966814,77.488363,"Accused intercepted a commercial vehicle on the highway, threatened the driver with sharp weapons, and looted goods."
102,110033023202500102,202500102,2025-09-04 08:00:00,9191,3023,1003,1,1,102,1004,1,4004,2025-09-02 08:00:00,2025-09-02 14:00:00,2025-09-04 08:00:00,13.07507,77.674221,A group of individuals assaulted the victim following a minor road rage incident causing grievous injuries.
103,110053033202500103,202500103,2025-08-03 16:00:00,9277,3033,1005,1,1,103,1006,2,4008,2025-08-01 23:00:00,2025-08-02 03:00:00,2025-08-03 16:00:00,12.827746,77.604775,A group of individuals assaulted the victim following a minor road rage incident causing grievous injuries.
104,110053034202500104,202500104,2025-03-06 17:00:00,9223,3034,1005,1,2,104,1007,2,4001,2025-03-04 22:00:00,2025-03-05 09:00:00,2025-03-06 17:00:00,13.072645,77.451548,Unknown miscreants broke open the lock of the house during late night hours and stole gold ornaments and cash.
105,110053034202500105,202500105,2025-12-28 04:00:00,9223,3034,1005,1,2,103,1005,3,4005,2025-12-27 16:00:00,2025-12-27 23:00:00,2025-12-28 04:00:00,13.081657,77.492072,Two persons riding a black motorcycle snatched a gold chain from a pedestrian near the bus stand and fled.
106,110043029202600106,202600106,2026-02-11 06:00:00,9137,3029,1004,1,1,103,1006,3,4009,2026-02-11 02:00:00,2026-02-11 10:00:00,2026-02-11 06:00:00,13.110319,77.699823,A group of individuals assaulted the victim following a minor road rage incident causing grievous injuries.
107,110023015202500107,202500107,2025-06-28 01:00:00,9011,3015,1002,1,1,102,1004,3,4002,2025-06-26 15:00:00,2025-06-27 01:00:00,2025-06-28 01:00:00,12.834472,77.548044,Complainant reported unauthorized debit transactions from bank account following a fake KYC verification call.
108,110053039202500108,202500108,2025-01-29 04:00:00,9235,3039,1005,1,1,103,1006,1,4015,2025-01-28 15:00:00,2025-01-28 19:00:00,2025-01-29 04:00:00,13.095725,77.521074,Complainant reported unauthorized debit transactions from bank account following a fake KYC verification call.
109,110033019202500109,202500109,2025-05-13 16:00:00,9371,3019,1003,1,2,103,1005,1,4015,2025-05-12 18:00:00,2025-05-12 19:00:00,2025-05-13 16:00:00,12.868262,77.667199,Complainant reported unauthorized debit transactions from bank account following a fake KYC verification call.
110,110033024202500110,202500110,2025-06-17 18:00:00,9395,3024,1003,1,1,102,1004,2,4001,2025-06-15 21:00:00,2025-06-16 07:00:00,2025-06-17 18:00:00,12.876302,77.558253,Two persons riding a black motorcycle snatched a gold chain from a pedestrian near the bus stand and fled.
111,110023014202600111,202600111,2026-03-09 00:00:00,9252,3014,1002,1,2,104,1007,2,4010,2026-03-08 16:00:00,2026-03-09 02:00:00,2026-03-09 00:00:00,12.869016,77.458731,Unknown miscreants broke open the lock of the house during late night hours and stole gold ornaments and cash.
112,110013002202600112,202600112,2026-02-22 06:00:00,9349,3002,1001,1,1,104,1007,3,4006,2026-02-20 23:00:00,2026-02-21 11:00:00,2026-02-22 06:00:00,12.996444,77.68676,A group of individuals assaulted the victim following a minor road rage incident causing grievous injuries.
113,110033018202600113,202600113,2026-03-18 21:00:00,9349,3018,1003,1,2,103,1006,1,4002,2026-03-16 23:00:00,2026-03-17 03:00:00,2026-03-18 21:00:00,13.019114,77.498348,Two persons riding a black motorcycle snatched a gold chain from a pedestrian near the bus stand and fled.
114,110023016202500114,202500114,2025-07-29 09:00:00,9286,3016,1002,1,2,103,1005,3,4011,2025-07-27 13:00:00,2025-07-28 01:00:00,2025-07-29 09:00:00,12.842818,77.670305,Complainant reported unauthorized debit transactions from bank account following a fake KYC verification call.
115,110033018202600115,202600115,2026-03-31 05:00:00,9103,3018,1003,1,1,101,1002,2,4006,2026-03-31 02:00:00,2026-03-31 13:00:00,2026-03-31 05:00:00,12.884387,77.448702,Complainant reported unauthorized debit transactions from bank account following a fake KYC verification call.
116,110043032202500116,202500116,2025-10-04 03:00:00,9319,3032,1004,1,1,103,1005,2,4003,2025-10-03 01:00:00,2025-10-03 09:00:00,2025-10-04 03:00:00,12.94381,77.742147,Complainant reported unauthorized debit transactions from bank account following a fake KYC verification call.
117,110013002202500117,202500117,2025-07-12 21:00:00,9303,3002,1001,1,1,103,1005,3,4009,2025-07-12 14:00:00,2025-07-12 19:00:00,2025-07-12 21:00:00,12.999697,77.709072,Complainant reported unauthorized debit transactions from bank account following a fake KYC verification call.
118,110013006202600118,202600118,2026-02-08 04:00:00,9146,3006,1001,1,2,101,1002,1,4001,2026-02-08 00:00:00,2026-02-08 03:00:00,2026-02-08 04:00:00,13.119661,77.551319,Unknown miscreants broke open the lock of the house during late night hours and stole gold ornaments and cash.
119,110023011202500119,202500119,2025-08-19 00:00:00,9063,3011,1002,1,2,104,1007,3,4005,2025-08-18 10:00:00,2025-08-18 15:00:00,2025-08-19 00:00:00,12.948127,77.463565,Two persons riding a black motorcycle snatched a gold chain from a pedestrian near the bus stand and fled.
120,110043029202500120,202500120,2025-02-25 22:00:00,9050,3029,1004,1,1,102,1003,2,4012,2025-02-23 22:00:00,2025-02-24 10:00:00,2025-02-25 22:00:00,13.003613,77.720775,Unknown miscreants broke open the lock of the house during late night hours and stole gold ornaments and cash.
121,110023013202600121,202600121,2026-03-11 09:00:00,9059,3013,1002,1,1,102,1003,1,4009,2026-03-10 08:00:00,2026-03-10 18:00:00,2026-03-11 09:00:00,13.119127,77.640364,Unknown miscreants broke open the lock of the house during late night hours and stole gold ornaments and cash.
122,110053034202500122,202500122,2025-09-18 00:00:00,9149,3034,1005,1,2,101,1001,2,4007,2025-09-17 07:00:00,2025-09-17 16:00:00,2025-09-18 00:00:00,13.101607,77.569195,"Accused intercepted a commercial vehicle on the highway, threatened the driver with sharp weapons, and looted goods."
123,110013007202500123,202500123,2025-08-09 14:00:00,9085,3007,1001,1,1,104,1007,3,4013,2025-08-09 10:00:00,2025-08-09 20:00:00,2025-08-09 14:00:00,12.944983,77.507565,Two persons riding a black motorcycle snatched a gold chain from a pedestrian near the bus stand and fled.
124,110023016202500124,202500124,2025-07-16 00:00:00,9137,3016,1002,1,1,102,1004,2,4005,2025-07-14 14:00:00,2025-07-15 02:00:00,2025-07-16 00:00:00,13.038471,77.488638,Complainant reported unauthorized debit transactions from bank account following a fake KYC verification call.
125,110023009202500125,202500125,2025-02-01 03:00:00,9388,3009,1002,1,1,102,1003,1,4008,2025-01-30 12:00:00,2025-01-31 00:00:00,2025-02-01 03:00:00,12.943261,77.633473,Two persons riding a black motorcycle snatched a gold chain from a pedestrian near the bus stand and fled.
126,110013001202500126,202500126,2025-05-08 06:00:00,9196,3001,1001,1,1,101,1001,1,4013,2025-05-07 17:00:00,2025-05-07 21:00:00,2025-05-08 06:00:00,12.869727,77.608949,"Accused intercepted a commercial vehicle on the highway, threatened the driver with sharp weapons, and looted goods."
127,110033017202500127,202500127,2025-10-03 05:00:00,9141,3017,1003,1,2,104,1007,1,4005,2025-10-02 06:00:00,2025-10-02 13:00:00,2025-10-03 05:00:00,13.028589,77.609526,"Accused intercepted a commercial vehicle on the highway, threatened the driver with sharp weapons, and looted goods."
128,110033020202500128,202500128,2025-10-04 00:00:00,9345,3020,1003,1,1,102,1004,3,4012,2025-10-03 02:00:00,2025-10-03 05:00:00,2025-10-04 00:00:00,13.013402,77.527275,"Accused intercepted a commercial vehicle on the highway, threatened the driver with sharp weapons, and looted goods."
129,110023013202500129,202500129,2025-05-04 16:00:00,9151,3013,1002,1,2,102,1004,3,4012,2025-05-02 17:00:00,2025-05-02 20:00:00,2025-05-04 16:00:00,12.880578,77.477682,Two persons riding a black motorcycle snatched a gold chain from a pedestrian near the bus stand and fled.
130,110053039202600130,202600130,2026-01-24 14:00:00,9271,3039,1005,1,1,103,1005,1,4006,2026-01-23 00:00:00,2026-01-23 01:00:00,2026-01-24 14:00:00,13.106516,77.480797,Two persons riding a black motorcycle snatched a gold chain from a pedestrian near the bus stand and fled.
131,110013004202500131,202500131,2025-12-22 06:00:00,9290,3004,1001,1,1,104,1007,3,4008,2025-12-22 02:00:00,2025-12-22 07:00:00,2025-12-22 06:00:00,12.903545,77.533326,A group of individuals assaulted the victim following a minor road rage incident causing grievous injuries.
132,110043032202600132,202600132,2026-02-28 11:00:00,9192,3032,1004,1,1,102,1004,3,4010,2026-02-27 02:00:00,2026-02-27 14:00:00,2026-02-28 11:00:00,12.892997,77.504188,"Accused intercepted a commercial vehicle on the highway, threatened the driver with sharp weapons, and looted goods."
133,110043025202500133,202500133,2025-10-17 02:00:00,9382,3025,1004,1,1,102,1003,1,4001,2025-10-15 09:00:00,2025-10-15 20:00:00,2025-10-17 02:00:00,12.930362,77.462396,A group of individuals assaulted the victim following a minor road rage incident causing grievous injuries.
134,110053036202500134,202500134,2025-10-12 19:00:00,9363,3036,1005,1,2,104,1007,2,4009,2025-10-11 09:00:00,2025-10-11 19:00:00,2025-10-12 19:00:00,12.988441,77.545816,A group of individuals assaulted the victim following a minor road rage incident causing grievous injuries.
135,110053039202600135,202600135,2026-03-07 07:00:00,9268,3039,1005,1,1,101,1001,2,4013,2026-03-06 13:00:00,2026-03-06 20:00:00,2026-03-07 07:00:00,12.938703,77.517778,Unknown miscreants broke open the lock of the house during late night hours and stole gold ornaments and cash.
136,110013006202500136,202500136,2025-03-11 20:00:00,9328,3006,1001,1,1,104,1007,1,4014,2025-03-10 20:00:00,2025-03-11 05:00:00,2025-03-11 20:00:00,12.943425,77.738968,"Accused intercepted a commercial vehicle on the highway, threatened the driver with sharp weapons, and looted goods."
137,110043027202500137,202500137,2025-03-13 14:00:00,9209,3027,1004,1,2,103,1005,3,4014,2025-03-13 08:00:00,2025-03-13 13:00:00,2025-03-13 14:00:00,12.841322,77.641547,A group of individuals assaulted the victim following a minor road rage incident causing grievous injuries.
138,110043032202500138,202500138,2025-09-20 12:00:00,9171,3032,1004,1,2,101,1001,3,4001,2025-09-19 23:00:00,2025-09-20 04:00:00,2025-09-20 12:00:00,13.060042,77.572618,Two persons riding a black motorcycle snatched a gold chain from a pedestrian near the bus stand and fled.
139,110013002202500139,202500139,2025-08-30 14:00:00,9179,3002,1001,1,2,101,1002,3,4012,2025-08-29 08:00:00,2025-08-29 14:00:00,2025-08-30 14:00:00,13.029547,77.710894,Two persons riding a black motorcycle snatched a gold chain from a pedestrian near the bus stand and fled.
140,110033017202500140,202500140,2025-08-15 20:00:00,9161,3017,1003,1,1,103,1006,1,4010,2025-08-14 03:00:00,2025-08-14 04:00:00,2025-08-15 20:00:00,13.006995,77.607763,Unknown miscreants broke open the lock of the house during late night hours and stole gold ornaments and cash.
141,110013007202500141,202500141,2025-02-24 00:00:00,9161,3007,1001,1,2,101,1001,3,4001,2025-02-22 14:00:00,2025-02-22 23:00:00,2025-02-24 00:00:00,12.99909,77.744348,Two persons riding a black motorcycle snatched a gold chain from a pedestrian near the bus stand and fled.
142,110013008202600142,202600142,2026-03-28 18:00:00,9027,3008,1001,1,2,103,1005,2,4013,2026-03-27 11:00:00,2026-03-27 20:00:00,2026-03-28 18:00:00,12.846072,77.488247,"Accused intercepted a commercial vehicle on the highway, threatened the driver with sharp weapons, and looted goods."
143,110043029202500143,202500143,2025-04-20 09:00:00,9240,3029,1004,1,2,101,1001,2,4006,2025-04-19 09:00:00,2025-04-19 13:00:00,2025-04-20 09:00:00,12.83505,77.698219,Unknown miscreants broke open the lock of the house during late night hours and stole gold ornaments and cash.
144,110033023202500144,202500144,2025-12-05 04:00:00,9396,3023,1003,1,1,101,1002,3,4009,2025-12-03 19:00:00,2025-12-03 22:00:00,2025-12-05 04:00:00,13.019065,77.510776,Two persons riding a black motorcycle snatched a gold chain from a pedestrian near the bus stand and fled.
145,110013001202500145,202500145,2025-10-30 15:00:00,9008,3001,1001,1,2,101,1001,2,4008,2025-10-29 22:00:00,2025-10-30 05:00:00,2025-10-30 15:00:00,13.02502,77.60405,Complainant reported unauthorized debit transactions from bank account following a fake KYC verification call.
146,110053037202500146,202500146,2025-02-04 05:00:00,9303,3037,1005,1,1,101,1001,1,4013,2025-02-03 12:00:00,2025-02-03 19:00:00,2025-02-04 05:00:00,12.940345,77.627279,"Accused intercepted a commercial vehicle on the highway, threatened the driver with sharp weapons, and looted goods."
147,110043030202600147,202600147,2026-01-14 05:00:00,9101,3030,1004,1,2,102,1004,1,4015,2026-01-13 13:00:00,2026-01-13 19:00:00,2026-01-14 05:00:00,13.020159,77.644388,"Accused intercepted a commercial vehicle on the highway, threatened the driver with sharp weapons, and looted goods."
148,110023016202500148,202500148,2025-10-24 10:00:00,9271,3016,1002,1,2,104,1007,1,4006,2025-10-24 07:00:00,2025-10-24 13:00:00,2025-10-24 10:00:00,12.847993,77.632857,A group of individuals assaulted the victim following a minor road rage incident causing grievous injuries.
149,110043027202600149,202600149,2026-02-02 11:00:00,9168,3027,1004,1,2,104,1007,1,4015,2026-02-01 14:00:00,2026-02-01 16:00:00,2026-02-02 11:00:00,12.950785,77.457874,Two persons riding a black motorcycle snatched a gold chain from a pedestrian near the bus stand and fled.
150,110043029202500150,202500150,2025-03-27 14:00:00,9362,3029,1004,1,1,104,1007,1,4005,2025-03-25 16:00:00,2025-03-26 02:00:00,2025-03-27 14:00:00,13.022358,77.480354,Complainant reported unauthorized debit transactions from bank account following a fake KYC verification call.
151,110043026202500151,202500151,2025-11-12 08:00:00,9054,3026,1004,1,1,101,1002,3,4014,2025-11-10 19:00:00,2025-11-11 04:00:00,2025-11-12 08:00:00,12.912327,77.572038,"Accused intercepted a commercial vehicle on the highway, threatened the driver with sharp weapons, and looted goods."
152,110043028202500152,202500152,2025-07-06 12:00:00,9384,3028,1004,1,1,104,1007,3,4013,2025-07-04 21:00:00,2025-07-05 09:00:00,2025-07-06 12:00:00,13.079625,77.549617,Two persons riding a black motorcycle snatched a gold chain from a pedestrian near the bus stand and fled.
153,110043031202500153,202500153,2025-05-19 20:00:00,9343,3031,1004,1,1,103,1006,3,4011,2025-05-19 07:00:00,2025-05-19 15:00:00,2025-05-19 20:00:00,13.088532,77.475234,Unknown miscreants broke open the lock of the house during late night hours and stole gold ornaments and cash.
154,110023014202600154,202600154,2026-01-26 21:00:00,9283,3014,1002,1,1,103,1005,3,4011,2026-01-26 09:00:00,2026-01-26 18:00:00,2026-01-26 21:00:00,12.831322,77.48936,Two persons riding a black motorcycle snatched a gold chain from a pedestrian near the bus stand and fled.
155,110013003202500155,202500155,2025-05-16 16:00:00,9111,3003,1001,1,2,102,1003,2,4007,2025-05-15 23:00:00,2025-05-16 08:00:00,2025-05-16 16:00:00,13.116082,77.584329,Complainant reported unauthorized debit transactions from bank account following a fake KYC verification call.
156,110033020202600156,202600156,2026-03-21 10:00:00,9336,3020,1003,1,1,101,1002,2,4014,2026-03-19 19:00:00,2026-03-20 00:00:00,2026-03-21 10:00:00,12.82785,77.73593,A group of individuals assaulted the victim following a minor road rage incident causing grievous injuries.
157,110023015202600157,202600157,2026-01-09 22:00:00,9101,3015,1002,1,2,102,1004,3,4014,2026-01-08 00:00:00,2026-01-08 12:00:00,2026-01-09 22:00:00,12.887671,77.591949,"Accused intercepted a commercial vehicle on the highway, threatened the driver with sharp weapons, and looted goods."
158,110033019202600158,202600158,2026-02-06 02:00:00,9122,3019,1003,1,1,103,1005,3,4007,2026-02-05 04:00:00,2026-02-05 15:00:00,2026-02-06 02:00:00,12.87307,77.694253,Unknown miscreants broke open the lock of the house during late night hours and stole gold ornaments and cash.
159,110053034202500159,202500159,2025-11-01 08:00:00,9330,3034,1005,1,1,103,1005,1,4004,2025-10-31 08:00:00,2025-10-31 17:00:00,2025-11-01 08:00:00,12.996318,77.701098,Complainant reported unauthorized debit transactions from bank account following a fake KYC verification call.
160,110033020202500160,202500160,2025-07-24 17:00:00,9011,3020,1003,1,2,102,1003,3,4012,2025-07-23 18:00:00,2025-07-24 03:00:00,2025-07-24 17:00:00,13.071345,77.4594,A group of individuals assaulted the victim following a minor road rage incident causing grievous injuries.
161,110023012202500161,202500161,2025-04-01 22:00:00,9354,3012,1002,1,2,103,1006,3,4001,2025-04-01 20:00:00,2025-04-01 23:00:00,2025-04-01 22:00:00,12.916633,77.503268,Complainant reported unauthorized debit transactions from bank account following a fake KYC verification call.
162,110033022202500162,202500162,2025-10-24 20:00:00,9045,3022,1003,1,1,104,1007,3,4007,2025-10-22 20:00:00,2025-10-23 04:00:00,2025-10-24 20:00:00,12.974819,77.6282,Unknown miscreants broke open the lock of the house during late night hours and stole gold ornaments and cash.
163,110053039202500163,202500163,2025-04-19 19:00:00,9293,3039,1005,1,2,101,1002,2,4015,2025-04-18 03:00:00,2025-04-18 13:00:00,2025-04-19 19:00:00,12.992624,77.480051,Complainant reported unauthorized debit transactions from bank account following a fake KYC verification call.
164,110033022202500164,202500164,2025-05-26 17:00:00,9130,3022,1003,1,2,102,1003,1,4004,2025-05-25 23:00:00,2025-05-26 01:00:00,2025-05-26 17:00:00,13.063055,77.451501,Two persons riding a black motorcycle snatched a gold chain from a pedestrian near the bus stand and fled.
165,110023009202500165,202500165,2025-09-24 21:00:00,9369,3009,1002,1,2,104,1007,2,4008,2025-09-23 15:00:00,2025-09-24 03:00:00,2025-09-24 21:00:00,12.916943,77.710549,Unknown miscreants broke open the lock of the house during late night hours and stole gold ornaments and cash.
166,110043032202500166,202500166,2025-04-15 20:00:00,9378,3032,1004,1,1,101,1002,2,4002,2025-04-14 06:00:00,2025-04-14 15:00:00,2025-04-15 20:00:00,12.846218,77.469395,Unknown miscreants broke open the lock of the house during late night hours and stole gold ornaments and cash.
167,110013007202500167,202500167,2025-08-12 18:00:00,9397,3007,1001,1,1,102,1003,2,4008,2025-08-12 01:00:00,2025-08-12 04:00:00,2025-08-12 18:00:00,13.097417,77.445664,A group of individuals assaulted the victim following a minor road rage incident causing grievous injuries.
168,110043028202500168,202500168,2025-05-09 19:00:00,9116,3028,1004,1,1,103,1006,3,4001,2025-05-08 19:00:00,2025-05-09 03:00:00,2025-05-09 19:00:00,12.92951,77.601246,Two persons riding a black motorcycle snatched a gold chain from a pedestrian near the bus stand and fled.
169,110033019202500169,202500169,2025-04-06 13:00:00,9286,3019,1003,1,2,104,1007,2,4002,2025-04-04 20:00:00,2025-04-04 22:00:00,2025-04-06 13:00:00,12.823977,77.604464,"Accused intercepted a commercial vehicle on the highway, threatened the driver with sharp weapons, and looted goods."
170,110023009202500170,202500170,2025-02-28 11:00:00,9194,3009,1002,1,1,102,1004,3,4003,2025-02-27 10:00:00,2025-02-27 20:00:00,2025-02-28 11:00:00,12.829473,77.629112,Two persons riding a black motorcycle snatched a gold chain from a pedestrian near the bus stand and fled.
171,110023013202500171,202500171,2025-11-05 14:00:00,9178,3013,1002,1,2,101,1001,1,4013,2025-11-05 07:00:00,2025-11-05 13:00:00,2025-11-05 14:00:00,13.020637,77.6443,"Accused intercepted a commercial vehicle on the highway, threatened the driver with sharp weapons, and looted goods."
172,110053039202500172,202500172,2025-10-18 03:00:00,9081,3039,1005,1,1,102,1004,2,4005,2025-10-17 10:00:00,2025-10-17 15:00:00,2025-10-18 03:00:00,12.87314,77.521962,Complainant reported unauthorized debit transactions from bank account following a fake KYC verification call.
173,110053038202500173,202500173,2025-06-11 06:00:00,9356,3038,1005,1,1,104,1007,1,4013,2025-06-09 14:00:00,2025-06-09 20:00:00,2025-06-11 06:00:00,12.845151,77.743601,Complainant reported unauthorized debit transactions from bank account following a fake KYC verification call.
174,110023010202500174,202500174,2025-11-02 17:00:00,9208,3010,1002,1,2,102,1003,1,4007,2025-11-02 13:00:00,2025-11-02 23:00:00,2025-11-02 17:00:00,12.890029,77.484395,"Accused intercepted a commercial vehicle on the highway, threatened the driver with sharp weapons, and looted goods."
175,110053038202500175,202500175,2025-02-14 04:00:00,9252,3038,1005,1,1,102,1003,3,4005,2025-02-12 19:00:00,2025-02-13 04:00:00,2025-02-14 04:00:00,12.83549,77.495778,Unknown miscreants broke open the lock of the house during late night hours and stole gold ornaments and cash.
176,110043025202500176,202500176,2025-11-15 14:00:00,9336,3025,1004,1,1,101,1002,1,4003,2025-11-14 02:00:00,2025-11-14 14:00:00,2025-11-15 14:00:00,12.998625,77.551932,Complainant reported unauthorized debit transactions from bank account following a fake KYC verification call.
177,110033018202500177,202500177,2025-03-13 23:00:00,9177,3018,1003,1,2,103,1005,1,4009,2025-03-11 23:00:00,2025-03-12 07:00:00,2025-03-13 23:00:00,13.035939,77.629867,"Accused intercepted a commercial vehicle on the highway, threatened the driver with sharp weapons, and looted goods."
178,110013008202500178,202500178,2025-11-17 07:00:00,9020,3008,1001,1,1,101,1001,2,4011,2025-11-16 07:00:00,2025-11-16 13:00:00,2025-11-17 07:00:00,13.062722,77.695162,Complainant reported unauthorized debit transactions from bank account following a fake KYC verification call.
179,110013006202500179,202500179,2025-09-14 05:00:00,9186,3006,1001,1,2,103,1006,2,4005,2025-09-13 16:00:00,2025-09-14 02:00:00,2025-09-14 05:00:00,12.857745,77.490905,"Accused intercepted a commercial vehicle on the highway, threatened the driver with sharp weapons, and looted goods."
180,110023015202600180,202600180,2026-01-20 22:00:00,9157,3015,1002,1,1,104,1007,1,4006,2026-01-20 11:00:00,2026-01-20 18:00:00,2026-01-20 22:00:00,13.036671,77.66922,"Accused intercepted a commercial vehicle on the highway, threatened the driver with sharp weapons, and looted goods."
181,110033018202600181,202600181,2026-01-02 17:00:00,9272,3018,1003,1,1,103,1006,3,4004,2026-01-02 09:00:00,2026-01-02 11:00:00,2026-01-02 17:00:00,12.836772,77.705586,Unknown miscreants broke open the lock of the house during late night hours and stole gold ornaments and cash.
182,110043029202600182,202600182,2026-03-05 16:00:00,9260,3029,1004,1,1,103,1006,3,4012,2026-03-04 23:00:00,2026-03-05 07:00:00,2026-03-05 16:00:00,12.915523,77.52434,Two persons riding a black motorcycle snatched a gold chain from a pedestrian near the bus stand and fled.
183,110053038202500183,202500183,2025-12-22 03:00:00,9251,3038,1005,1,1,101,1001,1,4008,2025-12-20 19:00:00,2025-12-21 02:00:00,2025-12-22 03:00:00,12.959549,77.532843,"Accused intercepted a commercial vehicle on the highway, threatened the driver with sharp weapons, and looted goods."
184,110043032202500184,202500184,2025-03-15 18:00:00,9387,3032,1004,1,1,104,1007,3,4013,2025-03-14 04:00:00,2025-03-14 16:00:00,2025-03-15 18:00:00,13.076031,77.448636,Two persons riding a black motorcycle snatched a gold chain from a pedestrian near the bus stand and fled.
185,110053037202500185,202500185,2025-04-12 05:00:00,9271,3037,1005,1,2,103,1006,1,4007,2025-04-11 12:00:00,2025-04-11 17:00:00,2025-04-12 05:00:00,12.995541,77.657789,"Accused intercepted a commercial vehicle on the highway, threatened the driver with sharp weapons, and looted goods."
186,110023012202500186,202500186,2025-02-07 11:00:00,9383,3012,1002,1,2,104,1007,1,4003,2025-02-05 16:00:00,2025-02-05 17:00:00,2025-02-07 11:00:00,12.930098,77.634799,Unknown miscreants broke open the lock of the house during late night hours and stole gold ornaments and cash.
187,110053038202500187,202500187,2025-06-15 12:00:00,9121,3038,1005,1,2,103,1006,1,4005,2025-06-15 07:00:00,2025-06-15 15:00:00,2025-06-15 12:00:00,13.047487,77.534701,Two persons riding a black motorcycle snatched a gold chain from a pedestrian near the bus stand and fled.
188,110033019202500188,202500188,2025-04-02 18:00:00,9041,3019,1003,1,2,101,1001,1,4015,2025-04-01 05:00:00,2025-04-01 09:00:00,2025-04-02 18:00:00,13.066524,77.661264,"Accused intercepted a commercial vehicle on the highway, threatened the driver with sharp weapons, and looted goods."
189,110013006202500189,202500189,2025-02-04 21:00:00,9001,3006,1001,1,1,102,1004,2,4012,2025-02-04 19:00:00,2025-02-05 00:00:00,2025-02-04 21:00:00,13.092793,77.501842,A group of individuals assaulted the victim following a minor road rage incident causing grievous injuries.
190,110043031202500190,202500190,2025-06-28 07:00:00,9346,3031,1004,1,1,103,1005,1,4011,2025-06-26 21:00:00,2025-06-26 23:00:00,2025-06-28 07:00:00,13.102164,77.585071,Two persons riding a black motorcycle snatched a gold chain from a pedestrian near the bus stand and fled.
191,110033021202500191,202500191,2025-11-30 18:00:00,9151,3021,1003,1,2,103,1006,2,4010,2025-11-30 16:00:00,2025-11-30 20:00:00,2025-11-30 18:00:00,12.845398,77.496228,Two persons riding a black motorcycle snatched a gold chain from a pedestrian near the bus stand and fled.
192,110023011202600192,202600192,2026-02-04 18:00:00,9361,3011,1002,1,2,102,1004,3,4009,2026-02-02 18:00:00,2026-02-03 01:00:00,2026-02-04 18:00:00,12.87118,77.501281,A group of individuals assaulted the victim following a minor road rage incident causing grievous injuries.
193,110053040202600193,202600193,2026-01-17 19:00:00,9356,3040,1005,1,1,101,1002,2,4001,2026-01-17 17:00:00,2026-01-18 00:00:00,2026-01-17 19:00:00,13.044669,77.456443,"Accused intercepted a commercial vehicle on the highway, threatened the driver with sharp weapons, and looted goods."
194,110033017202500194,202500194,2025-08-08 21:00:00,9315,3017,1003,1,2,102,1003,2,4015,2025-08-07 19:00:00,2025-08-08 04:00:00,2025-08-08 21:00:00,12.968639,77.599045,Two persons riding a black motorcycle snatched a gold chain from a pedestrian near the bus stand and fled.
195,110013003202500195,202500195,2025-09-20 04:00:00,9216,3003,1001,1,2,101,1002,3,4014,2025-09-19 02:00:00,2025-09-19 12:00:00,2025-09-20 04:00:00,13.037459,77.597722,Unknown miscreants broke open the lock of the house during late night hours and stole gold ornaments and cash.
196,110033018202600196,202600196,2026-01-16 04:00:00,9099,3018,1003,1,2,103,1005,3,4004,2026-01-14 15:00:00,2026-01-14 21:00:00,2026-01-16 04:00:00,12.970665,77.527488,Unknown miscreants broke open the lock of the house during late night hours and stole gold ornaments and cash.
197,110023011202500197,202500197,2025-02-25 17:00:00,9085,3011,1002,1,1,102,1003,2,4001,2025-02-25 08:00:00,2025-02-25 12:00:00,2025-02-25 17:00:00,13.073941,77.504649,Two persons riding a black motorcycle snatched a gold chain from a pedestrian near the bus stand and fled.
198,110043026202500198,202500198,2025-03-29 06:00:00,9101,3026,1004,1,2,104,1007,2,4006,2025-03-27 17:00:00,2025-03-28 02:00:00,2025-03-29 06:00:00,12.905547,77.689465,Unknown miscreants broke open the lock of the house during late night hours and stole gold ornaments and cash.
199,110023014202500199,202500199,2025-11-11 12:00:00,9347,3014,1002,1,2,104,1007,3,4005,2025-11-10 02:00:00,2025-11-10 05:00:00,2025-11-11 12:00:00,12.985859,77.479471,Two persons riding a black motorcycle snatched a gold chain from a pedestrian near the bus stand and fled.
200,110033017202500200,202500200,2025-12-08 19:00:00,9035,3017,1003,1,2,101,1002,1,4010,2025-12-08 05:00:00,2025-12-08 15:00:00,2025-12-08 19:00:00,12.846743,77.548031,Two persons riding a black motorcycle snatched a gold chain from a pedestrian near the bus stand and fled.
201,110053036202500201,202500201,2025-02-08 23:00:00,9371,3036,1005,1,2,104,1007,2,4004,2025-02-08 10:00:00,2025-02-08 11:00:00,2025-02-08 23:00:00,12.912262,77.621402,Two persons riding a black motorcycle snatched a gold chain from a pedestrian near the bus stand and fled.
202,110053033202500202,202500202,2025-02-09 07:00:00,9345,3033,1005,1,1,102,1004,2,4004,2025-02-09 05:00:00,2025-02-09 14:00:00,2025-02-09 07:00:00,13.020169,77.60534,Two persons riding a black motorcycle snatched a gold chain from a pedestrian near the bus stand and fled.
203,110023015202500203,202500203,2025-11-29 11:00:00,9265,3015,1002,1,1,104,1007,3,4009,2025-11-28 13:00:00,2025-11-28 18:00:00,2025-11-29 11:00:00,12.901633,77.576065,Two persons riding a black motorcycle snatched a gold chain from a pedestrian near the bus stand and fled.
204,110023013202500204,202500204,2025-09-02 17:00:00,9341,3013,1002,1,1,102,1004,1,4005,2025-09-02 15:00:00,2025-09-02 20:00:00,2025-09-02 17:00:00,12.967302,77.454442,Unknown miscreants broke open the lock of the house during late night hours and stole gold ornaments and cash.
205,110043032202500205,202500205,2025-06-10 18:00:00,9174,3032,1004,1,2,102,1004,1,4006,2025-06-10 07:00:00,2025-06-10 13:00:00,2025-06-10 18:00:00,12.890712,77.706582,Complainant reported unauthorized debit transactions from bank account following a fake KYC verification call.
206,110013008202500206,202500206,2025-01-12 05:00:00,9106,3008,1001,1,1,104,1007,1,4006,2025-01-11 16:00:00,2025-01-12 00:00:00,2025-01-12 05:00:00,13.119717,77.700523,Complainant reported unauthorized debit transactions from bank account following a fake KYC verification call.
207,110023016202500207,202500207,2025-12-19 11:00:00,9229,3016,1002,1,2,101,1002,1,4004,2025-12-18 20:00:00,2025-12-19 04:00:00,2025-12-19 11:00:00,12.938056,77.731808,Complainant reported unauthorized debit transactions from bank account following a fake KYC verification call.
208,110023016202500208,202500208,2025-11-19 14:00:00,9133,3016,1002,1,2,104,1007,3,4001,2025-11-18 21:00:00,2025-11-19 01:00:00,2025-11-19 14:00:00,12.897214,77.601872,Unknown miscreants broke open the lock of the house during late night hours and stole gold ornaments and cash.
209,110023014202500209,202500209,2025-10-04 09:00:00,9123,3014,1002,1,2,102,1003,1,4010,2025-10-02 18:00:00,2025-10-02 22:00:00,2025-10-04 09:00:00,12.93124,77.588176,Unknown miscreants broke open the lock of the house during late night hours and stole gold ornaments and cash.
210,110033017202500210,202500210,2025-10-20 22:00:00,9029,3017,1003,1,2,104,1007,1,4005,2025-10-20 04:00:00,2025-10-20 05:00:00,2025-10-20 22:00:00,12.849542,77.577517,Unknown miscreants broke open the lock of the house during late night hours and stole gold ornaments and cash.
211,110053033202500211,202500211,2025-07-29 22:00:00,9393,3033,1005,1,1,104,1007,3,4015,2025-07-29 12:00:00,2025-07-29 22:00:00,2025-07-29 22:00:00,12.840866,77.520365,A group of individuals assaulted the victim following a minor road rage incident causing grievous injuries.
212,110053035202500212,202500212,2025-06-22 19:00:00,9151,3035,1005,1,2,103,1006,3,4007,2025-06-21 05:00:00,2025-06-21 08:00:00,2025-06-22 19:00:00,13.00811,77.706711,Complainant reported unauthorized debit transactions from bank account following a fake KYC verification call.
213,110023015202500213,202500213,2025-03-12 02:00:00,9092,3015,1002,1,1,101,1001,2,4014,2025-03-10 02:00:00,2025-03-10 12:00:00,2025-03-12 02:00:00,13.11449,77.599504,A group of individuals assaulted the victim following a minor road rage incident causing grievous injuries.
214,110013001202500214,202500214,2025-05-18 03:00:00,9192,3001,1001,1,2,104,1007,2,4012,2025-05-16 10:00:00,2025-05-16 21:00:00,2025-05-18 03:00:00,13.085605,77.566829,A group of individuals assaulted the victim following a minor road rage incident causing grievous injuries.
215,110033020202500215,202500215,2025-08-08 10:00:00,9364,3020,1003,1,1,101,1002,3,4007,2025-08-07 04:00:00,2025-08-07 14:00:00,2025-08-08 10:00:00,12.86974,77.624628,A group of individuals assaulted the victim following a minor road rage incident causing grievous injuries.
216,110023010202500216,202500216,2025-12-11 00:00:00,9234,3010,1002,1,2,103,1006,3,4011,2025-12-09 13:00:00,2025-12-09 16:00:00,2025-12-11 00:00:00,12.925185,77.718673,Unknown miscreants broke open the lock of the house during late night hours and stole gold ornaments and cash.
217,110053033202600217,202600217,2026-03-26 11:00:00,9089,3033,1005,1,2,103,1005,3,4013,2026-03-24 18:00:00,2026-03-25 00:00:00,2026-03-26 11:00:00,13.104099,77.449315,Unknown miscreants broke open the lock of the house during late night hours and stole gold ornaments and cash.
218,110053035202500218,202500218,2025-11-23 11:00:00,9307,3035,1005,1,1,103,1006,1,4002,2025-11-21 16:00:00,2025-11-21 19:00:00,2025-11-23 11:00:00,13.112246,77.660703,A group of individuals assaulted the victim following a minor road rage incident causing grievous injuries.
219,110013003202500219,202500219,2025-08-12 14:00:00,9108,3003,1001,1,2,104,1007,1,4014,2025-08-11 22:00:00,2025-08-12 00:00:00,2025-08-12 14:00:00,12.824649,77.601012,Two persons riding a black motorcycle snatched a gold chain from a pedestrian near the bus stand and fled.
220,110053035202500220,202500220,2025-04-03 22:00:00,9383,3035,1005,1,2,103,1006,3,4010,2025-04-02 17:00:00,2025-04-02 22:00:00,2025-04-03 22:00:00,12.977568,77.71429,Unknown miscreants broke open the lock of the house during late night hours and stole gold ornaments and cash.
221,110023015202600221,202600221,2026-02-04 19:00:00,9063,3015,1002,1,1,102,1003,1,4004,2026-02-03 16:00:00,2026-02-03 23:00:00,2026-02-04 19:00:00,13.069737,77.617149,"Accused intercepted a commercial vehicle on the highway, threatened the driver with sharp weapons, and looted goods."
222,110033020202600222,202600222,2026-03-10 10:00:00,9152,3020,1003,1,2,102,1003,2,4003,2026-03-09 04:00:00,2026-03-09 11:00:00,2026-03-10 10:00:00,13.0169,77.461345,Complainant reported unauthorized debit transactions from bank account following a fake KYC verification call.
223,110033020202500223,202500223,2025-08-11 22:00:00,9252,3020,1003,1,2,103,1005,1,4013,2025-08-10 21:00:00,2025-08-10 22:00:00,2025-08-11 22:00:00,12.877951,77.56913,A group of individuals assaulted the victim following a minor road rage incident causing grievous injuries.
224,110043027202500224,202500224,2025-03-02 23:00:00,9220,3027,1004,1,1,101,1002,2,4010,2025-03-02 03:00:00,2025-03-02 06:00:00,2025-03-02 23:00:00,12.969586,77.465887,Unknown miscreants broke open the lock of the house during late night hours and stole gold ornaments and cash.
225,110013005202500225,202500225,2025-06-22 20:00:00,9237,3005,1001,1,1,103,1006,3,4005,2025-06-20 23:00:00,2025-06-21 09:00:00,2025-06-22 20:00:00,12.912458,77.631623,Complainant reported unauthorized debit transactions from bank account following a fake KYC verification call.
226,110053040202500226,202500226,2025-02-19 12:00:00,9187,3040,1005,1,1,101,1002,3,4002,2025-02-19 06:00:00,2025-02-19 11:00:00,2025-02-19 12:00:00,12.846055,77.476898,Unknown miscreants broke open the lock of the house during late night hours and stole gold ornaments and cash.
227,110053035202500227,202500227,2025-09-28 02:00:00,9220,3035,1005,1,1,104,1007,3,4007,2025-09-26 20:00:00,2025-09-26 22:00:00,2025-09-28 02:00:00,12.842496,77.524204,Unknown miscreants broke open the lock of the house during late night hours and stole gold ornaments and cash.
228,110023012202600228,202600228,2026-01-19 03:00:00,9045,3012,1002,1,1,104,1007,1,4005,2026-01-18 04:00:00,2026-01-18 09:00:00,2026-01-19 03:00:00,13.119981,77.696434,Two persons riding a black motorcycle snatched a gold chain from a pedestrian near the bus stand and fled.
229,110023009202500229,202500229,2025-07-25 16:00:00,9010,3009,1002,1,2,103,1005,1,4011,2025-07-24 15:00:00,2025-07-24 20:00:00,2025-07-25 16:00:00,12.941689,77.655833,A group of individuals assaulted the victim following a minor road rage incident causing grievous injuries.
230,110053033202500230,202500230,2025-07-08 20:00:00,9082,3033,1005,1,2,104,1007,3,4002,2025-07-08 02:00:00,2025-07-08 12:00:00,2025-07-08 20:00:00,13.086097,77.659377,Unknown miscreants broke open the lock of the house during late night hours and stole gold ornaments and cash.
231,110053037202500231,202500231,2025-04-15 02:00:00,9249,3037,1005,1,2,101,1001,3,4012,2025-04-14 16:00:00,2025-04-15 00:00:00,2025-04-15 02:00:00,13.064545,77.682586,Two persons riding a black motorcycle snatched a gold chain from a pedestrian near the bus stand and fled.
232,110013002202600232,202600232,2026-01-07 04:00:00,9277,3002,1001,1,2,102,1004,1,4003,2026-01-06 00:00:00,2026-01-06 12:00:00,2026-01-07 04:00:00,12.865422,77.723168,Unknown miscreants broke open the lock of the house during late night hours and stole gold ornaments and cash.
233,110053034202500233,202500233,2025-01-26 03:00:00,9387,3034,1005,1,1,104,1007,3,4006,2025-01-24 12:00:00,2025-01-24 16:00:00,2025-01-26 03:00:00,13.070775,77.650121,Complainant reported unauthorized debit transactions from bank account following a fake KYC verification call.
234,110043032202500234,202500234,2025-11-07 03:00:00,9053,3032,1004,1,2,101,1002,1,4008,2025-11-06 05:00:00,2025-11-06 15:00:00,2025-11-07 03:00:00,12.841449,77.597045,Unknown miscreants broke open the lock of the house during late night hours and stole gold ornaments and cash.
235,110043028202500235,202500235,2025-07-20 22:00:00,9372,3028,1004,1,2,104,1007,3,4007,2025-07-20 06:00:00,2025-07-20 12:00:00,2025-07-20 22:00:00,12.889595,77.591786,"Accused intercepted a commercial vehicle on the highway, threatened the driver with sharp weapons, and looted goods."
236,110053035202500236,202500236,2025-09-14 09:00:00,9398,3035,1005,1,1,104,1007,1,4009,2025-09-12 14:00:00,2025-09-13 00:00:00,2025-09-14 09:00:00,12.961368,77.674622,"Accused intercepted a commercial vehicle on the highway, threatened the driver with sharp weapons, and looted goods."
237,110053039202500237,202500237,2025-12-18 16:00:00,9314,3039,1005,1,2,101,1002,3,4012,2025-12-18 03:00:00,2025-12-18 15:00:00,2025-12-18 16:00:00,12.963948,77.573047,Two persons riding a black motorcycle snatched a gold chain from a pedestrian near the bus stand and fled.
238,110023015202500238,202500238,2025-10-31 01:00:00,9133,3015,1002,1,1,102,1004,3,4014,2025-10-29 07:00:00,2025-10-29 18:00:00,2025-10-31 01:00:00,13.052878,77.565527,Unknown miscreants broke open the lock of the house during late night hours and stole gold ornaments and cash.
239,110043029202500239,202500239,2025-11-09 11:00:00,9079,3029,1004,1,2,101,1001,1,4008,2025-11-08 06:00:00,2025-11-08 11:00:00,2025-11-09 11:00:00,12.834362,77.70189,Unknown miscreants broke open the lock of the house during late night hours and stole gold ornaments and cash.
240,110033018202500240,202500240,2025-10-06 06:00:00,9209,3018,1003,1,1,101,1001,3,4003,2025-10-05 04:00:00,2025-10-05 06:00:00,2025-10-06 06:00:00,13.110904,77.629827,A group of individuals assaulted the victim following a minor road rage incident causing grievous injuries.
241,110023010202500241,202500241,2025-05-27 13:00:00,9035,3010,1002,1,2,101,1001,2,4003,2025-05-26 00:00:00,2025-05-26 12:00:00,2025-05-27 13:00:00,12.926107,77.526867,"Accused intercepted a commercial vehicle on the highway, threatened the driver with sharp weapons, and looted goods."
242,110023012202600242,202600242,2026-02-27 13:00:00,9300,3012,1002,1,1,103,1006,2,4011,2026-02-27 00:00:00,2026-02-27 11:00:00,2026-02-27 13:00:00,13.029019,77.729612,A group of individuals assaulted the victim following a minor road rage incident causing grievous injuries.
243,110013008202500243,202500243,2025-12-07 01:00:00,9093,3008,1001,1,2,103,1005,1,4014,2025-12-05 16:00:00,2025-12-06 02:00:00,2025-12-07 01:00:00,12.86782,77.67219,"Accused intercepted a commercial vehicle on the highway, threatened the driver with sharp weapons, and looted goods."
244,110023013202600244,202600244,2026-01-08 06:00:00,9261,3013,1002,1,1,103,1006,1,4009,2026-01-07 00:00:00,2026-01-07 11:00:00,2026-01-08 06:00:00,12.902671,77.582289,Unknown miscreants broke open the lock of the house during late night hours and stole gold ornaments and cash.
245,110043030202500245,202500245,2025-03-16 13:00:00,9270,3030,1004,1,2,103,1006,2,4015,2025-03-15 16:00:00,2025-03-15 22:00:00,2025-03-16 13:00:00,12.82165,77.675774,A group of individuals assaulted the victim following a minor road rage incident causing grievous injuries.
246,110033018202500246,202500246,2025-07-16 11:00:00,9376,3018,1003,1,2,104,1007,2,4003,2025-07-15 08:00:00,2025-07-15 17:00:00,2025-07-16 11:00:00,13.114993,77.710947,Complainant reported unauthorized debit transactions from bank account following a fake KYC verification call.
247,110043028202500247,202500247,2025-08-10 14:00:00,9219,3028,1004,1,2,102,1003,1,4005,2025-08-10 01:00:00,2025-08-10 10:00:00,2025-08-10 14:00:00,13.078791,77.550007,A group of individuals assaulted the victim following a minor road rage incident causing grievous injuries.
248,110013002202500248,202500248,2025-01-28 20:00:00,9204,3002,1001,1,2,102,1004,2,4011,2025-01-27 19:00:00,2025-01-28 04:00:00,2025-01-28 20:00:00,13.107646,77.644883,Unknown miscreants broke open the lock of the house during late night hours and stole gold ornaments and cash.
249,110023014202500249,202500249,2025-12-22 04:00:00,9269,3014,1002,1,2,101,1001,1,4001,2025-12-20 10:00:00,2025-12-20 11:00:00,2025-12-22 04:00:00,12.919647,77.658905,A group of individuals assaulted the victim following a minor road rage incident causing grievous injuries.
250,110023012202500250,202500250,2025-03-19 21:00:00,9382,3012,1002,1,1,102,1004,1,4013,2025-03-19 09:00:00,2025-03-19 14:00:00,2025-03-19 21:00:00,12.935253,77.72661,Complainant reported unauthorized debit transactions from bank account following a fake KYC verification call.
251,110053035202600251,202600251,2026-01-06 17:00:00,9286,3035,1005,1,1,101,1002,3,4012,2026-01-05 14:00:00,2026-01-06 02:00:00,2026-01-06 17:00:00,12.987207,77.600672,Two persons riding a black motorcycle snatched a gold chain from a pedestrian near the bus stand and fled.
252,110033020202500252,202500252,2025-12-21 16:00:00,9263,3020,1003,1,1,103,1006,2,4010,2025-12-21 14:00:00,2025-12-21 22:00:00,2025-12-21 16:00:00,12.997891,77.502811,A group of individuals assaulted the victim following a minor road rage incident causing grievous injuries.
253,110053036202500253,202500253,2025-09-17 07:00:00,9099,3036,1005,1,2,104,1007,3,4010,2025-09-15 11:00:00,2025-09-15 14:00:00,2025-09-17 07:00:00,13.068483,77.612684,A group of individuals assaulted the victim following a minor road rage incident causing grievous injuries.
254,110033019202500254,202500254,2025-01-21 00:00:00,9030,3019,1003,1,2,102,1003,3,4014,2025-01-20 14:00:00,2025-01-21 01:00:00,2025-01-21 00:00:00,13.111335,77.467957,"Accused intercepted a commercial vehicle on the highway, threatened the driver with sharp weapons, and looted goods."
255,110023014202500255,202500255,2025-03-06 16:00:00,9188,3014,1002,1,1,102,1004,2,4008,2025-03-04 17:00:00,2025-03-04 20:00:00,2025-03-06 16:00:00,13.055092,77.717607,"Accused intercepted a commercial vehicle on the highway, threatened the driver with sharp weapons, and looted goods."
256,110043027202500256,202500256,2025-09-30 20:00:00,9015,3027,1004,1,1,102,1003,2,4013,2025-09-29 12:00:00,2025-09-29 19:00:00,2025-09-30 20:00:00,12.831052,77.695027,A group of individuals assaulted the victim following a minor road rage incident causing grievous injuries.
257,110053033202600257,202600257,2026-03-27 08:00:00,9310,3033,1005,1,1,102,1004,1,4012,2026-03-25 13:00:00,2026-03-25 23:00:00,2026-03-27 08:00:00,13.075829,77.676271,Unknown miscreants broke open the lock of the house during late night hours and stole gold ornaments and cash.
258,110023013202500258,202500258,2025-05-17 05:00:00,9121,3013,1002,1,2,102,1004,2,4012,2025-05-16 07:00:00,2025-05-16 18:00:00,2025-05-17 05:00:00,12.978828,77.585937,Unknown miscreants broke open the lock of the house during late night hours and stole gold ornaments and cash.
259,110033024202500259,202500259,2025-01-15 21:00:00,9251,3024,1003,1,1,104,1007,1,4006,2025-01-15 02:00:00,2025-01-15 03:00:00,2025-01-15 21:00:00,12.825946,77.487765,Complainant reported unauthorized debit transactions from bank account following a fake KYC verification call.
260,110053037202600260,202600260,2026-02-19 02:00:00,9380,3037,1005,1,1,103,1006,2,4002,2026-02-17 15:00:00,2026-02-17 20:00:00,2026-02-19 02:00:00,12.920008,77.585139,Two persons riding a black motorcycle snatched a gold chain from a pedestrian near the bus stand and fled.
261,110033024202500261,202500261,2025-01-18 07:00:00,9151,3024,1003,1,1,103,1006,3,4001,2025-01-16 17:00:00,2025-01-17 03:00:00,2025-01-18 07:00:00,12.855972,77.590972,A group of individuals assaulted the victim following a minor road rage incident causing grievous injuries.
262,110043031202500262,202500262,2025-10-27 22:00:00,9267,3031,1004,1,1,104,1007,2,4005,2025-10-26 16:00:00,2025-10-26 22:00:00,2025-10-27 22:00:00,13.05504,77.564321,Unknown miscreants broke open the lock of the house during late night hours and stole gold ornaments and cash.
263,110013007202600263,202600263,2026-02-17 15:00:00,9141,3007,1001,1,2,101,1001,2,4015,2026-02-16 05:00:00,2026-02-16 06:00:00,2026-02-17 15:00:00,12.890182,77.477405,Two persons riding a black motorcycle snatched a gold chain from a pedestrian near the bus stand and fled.
264,110053036202500264,202500264,2025-12-01 02:00:00,9185,3036,1005,1,2,104,1007,2,4015,2025-11-30 20:00:00,2025-11-30 23:00:00,2025-12-01 02:00:00,13.095193,77.694881,Two persons riding a black motorcycle snatched a gold chain from a pedestrian near the bus stand and fled.
265,110013001202500265,202500265,2025-03-08 17:00:00,9169,3001,1001,1,2,103,1005,2,4014,2025-03-07 11:00:00,2025-03-07 13:00:00,2025-03-08 17:00:00,12.925695,77.659592,Two persons riding a black motorcycle snatched a gold chain from a pedestrian near the bus stand and fled.
266,110053039202500266,202500266,2025-01-28 02:00:00,9366,3039,1005,1,2,102,1003,3,4010,2025-01-26 21:00:00,2025-01-27 09:00:00,2025-01-28 02:00:00,12.899237,77.578957,A group of individuals assaulted the victim following a minor road rage incident causing grievous injuries.
267,110043026202500267,202500267,2025-11-13 03:00:00,9006,3026,1004,1,1,102,1004,1,4007,2025-11-11 19:00:00,2025-11-12 02:00:00,2025-11-13 03:00:00,12.857203,77.496505,"Accused intercepted a commercial vehicle on the highway, threatened the driver with sharp weapons, and looted goods."
268,110023010202500268,202500268,2025-10-14 01:00:00,9271,3010,1002,1,1,102,1004,3,4013,2025-10-13 09:00:00,2025-10-13 16:00:00,2025-10-14 01:00:00,13.024497,77.522449,"Accused intercepted a commercial vehicle on the highway, threatened the driver with sharp weapons, and looted goods."
269,110043027202500269,202500269,2025-07-01 23:00:00,9245,3027,1004,1,1,101,1002,1,4008,2025-06-30 00:00:00,2025-06-30 09:00:00,2025-07-01 23:00:00,12.964445,77.579195,"Accused intercepted a commercial vehicle on the highway, threatened the driver with sharp weapons, and looted goods."
270,110043031202600270,202600270,2026-03-27 15:00:00,9106,3031,1004,1,2,102,1003,2,4008,2026-03-25 16:00:00,2026-03-26 03:00:00,2026-03-27 15:00:00,13.006812,77.737178,A group of individuals assaulted the victim following a minor road rage incident causing grievous injuries.
271,110043032202500271,202500271,2025-07-13 06:00:00,9032,3032,1004,1,2,103,1005,1,4002,2025-07-12 14:00:00,2025-07-12 15:00:00,2025-07-13 06:00:00,12.839339,77.541987,Unknown miscreants broke open the lock of the house during late night hours and stole gold ornaments and cash.
272,110023015202500272,202500272,2025-06-15 18:00:00,9266,3015,1002,1,1,104,1007,2,4015,2025-06-15 03:00:00,2025-06-15 13:00:00,2025-06-15 18:00:00,12.960382,77.511981,Complainant reported unauthorized debit transactions from bank account following a fake KYC verification call.
273,110033019202500273,202500273,2025-05-16 04:00:00,9346,3019,1003,1,1,102,1004,1,4008,2025-05-16 01:00:00,2025-05-16 06:00:00,2025-05-16 04:00:00,12.825895,77.647957,A group of individuals assaulted the victim following a minor road rage incident causing grievous injuries.
274,110013001202500274,202500274,2025-06-20 20:00:00,9064,3001,1001,1,1,104,1007,3,4004,2025-06-20 11:00:00,2025-06-20 22:00:00,2025-06-20 20:00:00,13.018278,77.67838,A group of individuals assaulted the victim following a minor road rage incident causing grievous injuries.
275,110013002202500275,202500275,2025-05-24 09:00:00,9327,3002,1001,1,1,102,1003,3,4012,2025-05-23 21:00:00,2025-05-24 03:00:00,2025-05-24 09:00:00,13.008043,77.569943,A group of individuals assaulted the victim following a minor road rage incident causing grievous injuries.
276,110053034202500276,202500276,2025-01-20 05:00:00,9107,3034,1005,1,1,102,1004,3,4015,2025-01-18 08:00:00,2025-01-18 19:00:00,2025-01-20 05:00:00,12.928915,77.695206,Unknown miscreants broke open the lock of the house during late night hours and stole gold ornaments and cash.
277,110013001202500277,202500277,2025-10-30 02:00:00,9068,3001,1001,1,1,102,1003,1,4005,2025-10-28 03:00:00,2025-10-28 15:00:00,2025-10-30 02:00:00,12.898163,77.607808,"Accused intercepted a commercial vehicle on the highway, threatened the driver with sharp weapons, and looted goods."
278,110033023202500278,202500278,2025-06-22 09:00:00,9200,3023,1003,1,1,104,1007,3,4002,2025-06-21 02:00:00,2025-06-21 11:00:00,2025-06-22 09:00:00,12.946315,77.557727,Two persons riding a black motorcycle snatched a gold chain from a pedestrian near the bus stand and fled.
279,110053039202500279,202500279,2025-11-25 18:00:00,9390,3039,1005,1,1,103,1006,2,4004,2025-11-24 16:00:00,2025-11-25 03:00:00,2025-11-25 18:00:00,12.898361,77.624263,Unknown miscreants broke open the lock of the house during late night hours and stole gold ornaments and cash.
280,110053035202500280,202500280,2025-04-24 09:00:00,9211,3035,1005,1,1,104,1007,2,4006,2025-04-22 18:00:00,2025-04-23 04:00:00,2025-04-24 09:00:00,13.07885,77.71623,Two persons riding a black motorcycle snatched a gold chain from a pedestrian near the bus stand and fled.
281,110043027202500281,202500281,2025-11-10 21:00:00,9157,3027,1004,1,2,103,1005,1,4001,2025-11-10 18:00:00,2025-11-11 01:00:00,2025-11-10 21:00:00,12.894902,77.671163,Unknown miscreants broke open the lock of the house during late night hours and stole gold ornaments and cash.
282,110053034202500282,202500282,2025-06-20 22:00:00,9053,3034,1005,1,2,102,1003,2,4003,2025-06-19 01:00:00,2025-06-19 04:00:00,2025-06-20 22:00:00,12.941899,77.455962,A group of individuals assaulted the victim following a minor road rage incident causing grievous injuries.
283,110053036202500283,202500283,2025-08-23 21:00:00,9136,3036,1005,1,2,104,1007,1,4004,2025-08-22 13:00:00,2025-08-22 15:00:00,2025-08-23 21:00:00,12.923877,77.590365,Unknown miscreants broke open the lock of the house during late night hours and stole gold ornaments and cash.
284,110033022202500284,202500284,2025-12-31 19:00:00,9088,3022,1003,1,2,104,1007,3,4004,2025-12-29 19:00:00,2025-12-29 20:00:00,2025-12-31 19:00:00,13.040906,77.478956,Complainant reported unauthorized debit transactions from bank account following a fake KYC verification call.
285,110043029202500285,202500285,2025-03-24 07:00:00,9104,3029,1004,1,2,102,1004,1,4011,2025-03-22 08:00:00,2025-03-22 13:00:00,2025-03-24 07:00:00,12.916463,77.446308,A group of individuals assaulted the victim following a minor road rage incident causing grievous injuries.
286,110033022202600286,202600286,2026-03-21 03:00:00,9284,3022,1003,1,1,104,1007,1,4006,2026-03-21 01:00:00,2026-03-21 10:00:00,2026-03-21 03:00:00,13.107978,77.67099,Complainant reported unauthorized debit transactions from bank account following a fake KYC verification call.
287,110023012202600287,202600287,2026-02-21 02:00:00,9016,3012,1002,1,2,101,1001,1,4012,2026-02-19 15:00:00,2026-02-19 21:00:00,2026-02-21 02:00:00,12.945722,77.709082,"Accused intercepted a commercial vehicle on the highway, threatened the driver with sharp weapons, and looted goods."
288,110033021202600288,202600288,2026-01-15 19:00:00,9394,3021,1003,1,1,101,1001,1,4002,2026-01-15 11:00:00,2026-01-15 14:00:00,2026-01-15 19:00:00,12.899813,77.568581,Unknown miscreants broke open the lock of the house during late night hours and stole gold ornaments and cash.
289,110043030202500289,202500289,2025-04-25 17:00:00,9080,3030,1004,1,2,101,1001,1,4002,2025-04-24 02:00:00,2025-04-24 13:00:00,2025-04-25 17:00:00,12.93156,77.487822,Unknown miscreants broke open the lock of the house during late night hours and stole gold ornaments and cash.
290,110053034202500290,202500290,2025-07-21 22:00:00,9400,3034,1005,1,2,102,1004,1,4008,2025-07-21 12:00:00,2025-07-21 13:00:00,2025-07-21 22:00:00,12.920285,77.459908,"Accused intercepted a commercial vehicle on the highway, threatened the driver with sharp weapons, and looted goods."
291,110023011202600291,202600291,2026-03-20 12:00:00,9203,3011,1002,1,2,102,1004,2,4012,2026-03-19 21:00:00,2026-03-20 01:00:00,2026-03-20 12:00:00,12.869077,77.565804,Two persons riding a black motorcycle snatched a gold chain from a pedestrian near the bus stand and fled.
292,110053035202500292,202500292,2025-04-23 23:00:00,9014,3035,1005,1,2,104,1007,2,4002,2025-04-23 09:00:00,2025-04-23 19:00:00,2025-04-23 23:00:00,13.11368,77.641313,Unknown miscreants broke open the lock of the house during late night hours and stole gold ornaments and cash.
293,110043031202500293,202500293,2025-01-11 19:00:00,9168,3031,1004,1,1,103,1005,2,4001,2025-01-10 07:00:00,2025-01-10 12:00:00,2025-01-11 19:00:00,13.075328,77.637938,Unknown miscreants broke open the lock of the house during late night hours and stole gold ornaments and cash.
294,110023011202500294,202500294,2025-12-10 20:00:00,9391,3011,1002,1,1,101,1002,3,4008,2025-12-09 10:00:00,2025-12-09 12:00:00,2025-12-10 20:00:00,13.10935,77.512485,A group of individuals assaulted the victim following a minor road rage incident causing grievous injuries.
295,110043030202500295,202500295,2025-01-17 12:00:00,9252,3030,1004,1,2,104,1007,2,4015,2025-01-16 13:00:00,2025-01-16 18:00:00,2025-01-17 12:00:00,12.874408,77.637371,A group of individuals assaulted the victim following a minor road rage incident causing grievous injuries.
296,110043029202500296,202500296,2025-09-14 12:00:00,9301,3029,1004,1,2,102,1004,3,4004,2025-09-14 02:00:00,2025-09-14 14:00:00,2025-09-14 12:00:00,12.879896,77.639193,"Accused intercepted a commercial vehicle on the highway, threatened the driver with sharp weapons, and looted goods."
297,110033024202500297,202500297,2025-11-15 10:00:00,9315,3024,1003,1,1,102,1004,2,4006,2025-11-13 11:00:00,2025-11-13 15:00:00,2025-11-15 10:00:00,12.929079,77.682374,Two persons riding a black motorcycle snatched a gold chain from a pedestrian near the bus stand and fled.
298,110053037202500298,202500298,2025-04-28 23:00:00,9269,3037,1005,1,1,101,1001,3,4006,2025-04-28 16:00:00,2025-04-28 21:00:00,2025-04-28 23:00:00,12.874565,77.594232,"Accused intercepted a commercial vehicle on the highway, threatened the driver with sharp weapons, and looted goods."
299,110053034202600299,202600299,2026-03-22 23:00:00,9260,3034,1005,1,2,103,1005,1,4003,2026-03-21 02:00:00,2026-03-21 05:00:00,2026-03-22 23:00:00,13.026861,77.647961,A group of individuals assaulted the victim following a minor road rage incident causing grievous injuries.
300,110053035202500300,202500300,2025-01-17 15:00:00,9240,3035,1005,1,2,101,1001,2,4009,2025-01-17 10:00:00,2025-01-17 11:00:00,2025-01-17 15:00:00,12.88506,77.641948,Complainant reported unauthorized debit transactions from bank account following a fake KYC verification call.
301,110023016202500301,202500301,2025-05-27 16:00:00,9217,3016,1002,1,2,102,1004,1,4014,2025-05-26 04:00:00,2025-05-26 09:00:00,2025-05-27 16:00:00,12.859433,77.709745,"Accused intercepted a commercial vehicle on the highway, threatened the driver with sharp weapons, and looted goods."
302,110013006202500302,202500302,2025-11-27 20:00:00,9288,3006,1001,1,2,104,1007,2,4005,2025-11-25 22:00:00,2025-11-26 01:00:00,2025-11-27 20:00:00,13.03476,77.543409,Complainant reported unauthorized debit transactions from bank account following a fake KYC verification call.
303,110053040202500303,202500303,2025-05-20 21:00:00,9208,3040,1005,1,2,101,1001,2,4011,2025-05-20 09:00:00,2025-05-20 13:00:00,2025-05-20 21:00:00,13.03617,77.696841,Unknown miscreants broke open the lock of the house during late night hours and stole gold ornaments and cash.
304,110013008202600304,202600304,2026-01-31 09:00:00,9073,3008,1001,1,1,101,1001,3,4007,2026-01-31 04:00:00,2026-01-31 13:00:00,2026-01-31 09:00:00,12.891613,77.723542,Unknown miscreants broke open the lock of the house during late night hours and stole gold ornaments and cash.
305,110053034202500305,202500305,2025-06-29 22:00:00,9314,3034,1005,1,1,104,1007,2,4003,2025-06-29 09:00:00,2025-06-29 20:00:00,2025-06-29 22:00:00,13.007092,77.652724,Complainant reported unauthorized debit transactions from bank account following a fake KYC verification call.
306,110053038202500306,202500306,2025-02-03 17:00:00,9347,3038,1005,1,2,104,1007,3,4002,2025-02-01 21:00:00,2025-02-02 01:00:00,2025-02-03 17:00:00,13.08169,77.608122,A group of individuals assaulted the victim following a minor road rage incident causing grievous injuries.
307,110023015202500307,202500307,2025-03-19 02:00:00,9175,3015,1002,1,1,102,1004,2,4012,2025-03-17 11:00:00,2025-03-17 20:00:00,2025-03-19 02:00:00,13.111965,77.452793,"Accused intercepted a commercial vehicle on the highway, threatened the driver with sharp weapons, and looted goods."
308,110043025202500308,202500308,2025-03-09 08:00:00,9168,3025,1004,1,2,104,1007,3,4007,2025-03-07 11:00:00,2025-03-07 16:00:00,2025-03-09 08:00:00,12.850181,77.485017,Complainant reported unauthorized debit transactions from bank account following a fake KYC verification call.
309,110043025202500309,202500309,2025-08-14 21:00:00,9345,3025,1004,1,1,104,1007,3,4010,2025-08-13 05:00:00,2025-08-13 07:00:00,2025-08-14 21:00:00,12.92215,77.453687,A group of individuals assaulted the victim following a minor road rage incident causing grievous injuries.
310,110043027202600310,202600310,2026-02-21 19:00:00,9249,3027,1004,1,1,104,1007,3,4003,2026-02-20 15:00:00,2026-02-20 18:00:00,2026-02-21 19:00:00,13.019196,77.590586,Complainant reported unauthorized debit transactions from bank account following a fake KYC verification call.
311,110043031202500311,202500311,2025-10-06 07:00:00,9020,3031,1004,1,1,104,1007,1,4011,2025-10-04 16:00:00,2025-10-04 17:00:00,2025-10-06 07:00:00,13.01169,77.476371,Unknown miscreants broke open the lock of the house during late night hours and stole gold ornaments and cash.
312,110013003202500312,202500312,2025-03-08 10:00:00,9310,3003,1001,1,1,104,1007,1,4010,2025-03-07 12:00:00,2025-03-07 19:00:00,2025-03-08 10:00:00,13.005186,77.653699,Two persons riding a black motorcycle snatched a gold chain from a pedestrian near the bus stand and fled.
313,110043026202500313,202500313,2025-09-02 03:00:00,9267,3026,1004,1,2,101,1001,3,4012,2025-08-31 23:00:00,2025-09-01 00:00:00,2025-09-02 03:00:00,12.831179,77.578127,Complainant reported unauthorized debit transactions from bank account following a fake KYC verification call.
314,110013008202500314,202500314,2025-11-26 04:00:00,9186,3008,1001,1,2,104,1007,1,4010,2025-11-25 17:00:00,2025-11-25 22:00:00,2025-11-26 04:00:00,12.910033,77.704073,Unknown miscreants broke open the lock of the house during late night hours and stole gold ornaments and cash.
315,110043030202500315,202500315,2025-08-24 05:00:00,9372,3030,1004,1,1,101,1001,1,4001,2025-08-23 11:00:00,2025-08-23 15:00:00,2025-08-24 05:00:00,12.83775,77.613424,Two persons riding a black motorcycle snatched a gold chain from a pedestrian near the bus stand and fled.
316,110053039202500316,202500316,2025-08-23 13:00:00,9159,3039,1005,1,2,102,1004,1,4014,2025-08-22 21:00:00,2025-08-23 08:00:00,2025-08-23 13:00:00,12.84791,77.549253,Two persons riding a black motorcycle snatched a gold chain from a pedestrian near the bus stand and fled.
317,110053033202500317,202500317,2025-11-06 06:00:00,9355,3033,1005,1,1,101,1001,1,4011,2025-11-05 13:00:00,2025-11-05 17:00:00,2025-11-06 06:00:00,13.090425,77.474152,Unknown miscreants broke open the lock of the house during late night hours and stole gold ornaments and cash.
318,110043027202500318,202500318,2025-10-21 11:00:00,9154,3027,1004,1,1,101,1001,3,4006,2025-10-20 08:00:00,2025-10-20 14:00:00,2025-10-21 11:00:00,12.859433,77.510967,Complainant reported unauthorized debit transactions from bank account following a fake KYC verification call.
319,110043025202500319,202500319,2025-07-10 11:00:00,9176,3025,1004,1,1,103,1005,3,4002,2025-07-08 19:00:00,2025-07-09 00:00:00,2025-07-10 11:00:00,13.094045,77.687834,Complainant reported unauthorized debit transactions from bank account following a fake KYC verification call.
320,110043026202500320,202500320,2025-02-10 12:00:00,9008,3026,1004,1,2,104,1007,2,4012,2025-02-10 01:00:00,2025-02-10 09:00:00,2025-02-10 12:00:00,13.048541,77.739448,Complainant reported unauthorized debit transactions from bank account following a fake KYC verification call.
321,110013001202500321,202500321,2025-01-01 12:00:00,9223,3001,1001,1,1,103,1005,2,4003,2024-12-31 04:00:00,2024-12-31 13:00:00,2025-01-01 12:00:00,13.12096,77.544395,"Accused intercepted a commercial vehicle on the highway, threatened the driver with sharp weapons, and looted goods."
322,110043030202500322,202500322,2025-12-19 23:00:00,9360,3030,1004,1,1,103,1005,2,4007,2025-12-19 07:00:00,2025-12-19 19:00:00,2025-12-19 23:00:00,12.858769,77.472081,Two persons riding a black motorcycle snatched a gold chain from a pedestrian near the bus stand and fled.
323,110033022202500323,202500323,2025-07-12 22:00:00,9102,3022,1003,1,2,101,1002,3,4002,2025-07-11 15:00:00,2025-07-11 16:00:00,2025-07-12 22:00:00,12.986611,77.522762,Complainant reported unauthorized debit transactions from bank account following a fake KYC verification call.
324,110023014202500324,202500324,2025-06-29 09:00:00,9327,3014,1002,1,2,101,1002,2,4011,2025-06-27 10:00:00,2025-06-27 20:00:00,2025-06-29 09:00:00,13.063819,77.629519,"Accused intercepted a commercial vehicle on the highway, threatened the driver with sharp weapons, and looted goods."
325,110033023202500325,202500325,2025-04-09 21:00:00,9176,3023,1003,1,1,102,1004,3,4014,2025-04-09 01:00:00,2025-04-09 02:00:00,2025-04-09 21:00:00,13.017892,77.684688,"Accused intercepted a commercial vehicle on the highway, threatened the driver with sharp weapons, and looted goods."
326,110023010202500326,202500326,2025-12-25 00:00:00,9268,3010,1002,1,2,101,1001,3,4009,2025-12-24 00:00:00,2025-12-24 08:00:00,2025-12-25 00:00:00,13.084934,77.583086,Unknown miscreants broke open the lock of the house during late night hours and stole gold ornaments and cash.
327,110023016202500327,202500327,2025-02-12 10:00:00,9324,3016,1002,1,2,103,1005,1,4007,2025-02-11 19:00:00,2025-02-11 21:00:00,2025-02-12 10:00:00,12.966383,77.654259,A group of individuals assaulted the victim following a minor road rage incident causing grievous injuries.
328,110043025202600328,202600328,2026-02-05 21:00:00,9069,3025,1004,1,2,103,1005,3,4007,2026-02-04 19:00:00,2026-02-05 01:00:00,2026-02-05 21:00:00,12.950831,77.472138,A group of individuals assaulted the victim following a minor road rage incident causing grievous injuries.
329,110053036202500329,202500329,2025-10-01 09:00:00,9040,3036,1005,1,2,101,1001,1,4003,2025-09-30 18:00:00,2025-10-01 01:00:00,2025-10-01 09:00:00,13.046414,77.715785,"Accused intercepted a commercial vehicle on the highway, threatened the driver with sharp weapons, and looted goods."
330,110023014202600330,202600330,2026-03-13 18:00:00,9245,3014,1002,1,1,102,1003,1,4015,2026-03-13 13:00:00,2026-03-13 22:00:00,2026-03-13 18:00:00,12.831439,77.684522,"Accused intercepted a commercial vehicle on the highway, threatened the driver with sharp weapons, and looted goods."
331,110043028202500331,202500331,2025-11-28 13:00:00,9384,3028,1004,1,1,104,1007,1,4006,2025-11-26 15:00:00,2025-11-26 23:00:00,2025-11-28 13:00:00,12.873861,77.568668,Unknown miscreants broke open the lock of the house during late night hours and stole gold ornaments and cash.
332,110053038202500332,202500332,2025-07-12 09:00:00,9202,3038,1005,1,1,102,1003,3,4009,2025-07-11 11:00:00,2025-07-11 20:00:00,2025-07-12 09:00:00,12.969824,77.687741,Unknown miscreants broke open the lock of the house during late night hours and stole gold ornaments and cash.
333,110053040202500333,202500333,2025-08-26 04:00:00,9365,3040,1005,1,2,102,1003,3,4009,2025-08-25 02:00:00,2025-08-25 12:00:00,2025-08-26 04:00:00,13.058609,77.714813,A group of individuals assaulted the victim following a minor road rage incident causing grievous injuries.
334,110023015202500334,202500334,2025-03-30 22:00:00,9008,3015,1002,1,1,103,1005,3,4004,2025-03-29 03:00:00,2025-03-29 05:00:00,2025-03-30 22:00:00,13.105233,77.561635,"Accused intercepted a commercial vehicle on the highway, threatened the driver with sharp weapons, and looted goods."
335,110043027202500335,202500335,2025-02-26 20:00:00,9190,3027,1004,1,1,101,1001,1,4012,2025-02-25 03:00:00,2025-02-25 08:00:00,2025-02-26 20:00:00,12.88318,77.458009,A group of individuals assaulted the victim following a minor road rage incident causing grievous injuries.
336,110033022202600336,202600336,2026-03-09 18:00:00,9264,3022,1003,1,1,101,1001,3,4007,2026-03-07 22:00:00,2026-03-08 09:00:00,2026-03-09 18:00:00,13.087603,77.672387,Complainant reported unauthorized debit transactions from bank account following a fake KYC verification call.
337,110043030202500337,202500337,2025-12-19 09:00:00,9250,3030,1004,1,2,103,1006,3,4005,2025-12-18 07:00:00,2025-12-18 16:00:00,2025-12-19 09:00:00,12.970007,77.515909,Two persons riding a black motorcycle snatched a gold chain from a pedestrian near the bus stand and fled.
338,110053040202500338,202500338,2025-06-21 10:00:00,9191,3040,1005,1,1,103,1005,2,4007,2025-06-19 18:00:00,2025-06-19 21:00:00,2025-06-21 10:00:00,12.830731,77.547306,"Accused intercepted a commercial vehicle on the highway, threatened the driver with sharp weapons, and looted goods."
339,110053037202500339,202500339,2025-09-13 22:00:00,9197,3037,1005,1,2,101,1001,1,4010,2025-09-12 08:00:00,2025-09-12 19:00:00,2025-09-13 22:00:00,13.110459,77.531922,Two persons riding a black motorcycle snatched a gold chain from a pedestrian near the bus stand and fled.
340,110023011202600340,202600340,2026-01-28 02:00:00,9249,3011,1002,1,2,103,1006,1,4004,2026-01-26 09:00:00,2026-01-26 20:00:00,2026-01-28 02:00:00,12.952169,77.613855,Two persons riding a black motorcycle snatched a gold chain from a pedestrian near the bus stand and fled.
341,110023015202500341,202500341,2025-03-05 09:00:00,9361,3015,1002,1,1,101,1002,2,4009,2025-03-04 08:00:00,2025-03-04 16:00:00,2025-03-05 09:00:00,12.9334,77.53162,Two persons riding a black motorcycle snatched a gold chain from a pedestrian near the bus stand and fled.
342,110023012202500342,202500342,2025-12-19 03:00:00,9017,3012,1002,1,2,102,1003,1,4015,2025-12-18 03:00:00,2025-12-18 06:00:00,2025-12-19 03:00:00,12.897161,77.559299,A group of individuals assaulted the victim following a minor road rage incident causing grievous injuries.
343,110053036202500343,202500343,2025-07-26 04:00:00,9212,3036,1005,1,1,101,1001,1,4011,2025-07-24 17:00:00,2025-07-24 21:00:00,2025-07-26 04:00:00,13.114659,77.720976,Complainant reported unauthorized debit transactions from bank account following a fake KYC verification call.
344,110013001202600344,202600344,2026-02-18 00:00:00,9153,3001,1001,1,1,101,1002,2,4015,2026-02-16 00:00:00,2026-02-16 03:00:00,2026-02-18 00:00:00,12.977255,77.561792,"Accused intercepted a commercial vehicle on the highway, threatened the driver with sharp weapons, and looted goods."
345,110033022202500345,202500345,2025-01-29 13:00:00,9151,3022,1003,1,1,103,1005,3,4013,2025-01-29 10:00:00,2025-01-29 17:00:00,2025-01-29 13:00:00,12.924754,77.577813,Unknown miscreants broke open the lock of the house during late night hours and stole gold ornaments and cash.
346,110023013202600346,202600346,2026-02-24 04:00:00,9127,3013,1002,1,2,104,1007,1,4003,2026-02-22 16:00:00,2026-02-22 17:00:00,2026-02-24 04:00:00,12.833983,77.575508,"Accused intercepted a commercial vehicle on the highway, threatened the driver with sharp weapons, and looted goods."
347,110033017202600347,202600347,2026-03-27 19:00:00,9317,3017,1003,1,1,101,1002,1,4006,2026-03-26 16:00:00,2026-03-26 20:00:00,2026-03-27 19:00:00,13.013119,77.632726,"Accused intercepted a commercial vehicle on the highway, threatened the driver with sharp weapons, and looted goods."
348,110023016202500348,202500348,2025-12-06 09:00:00,9277,3016,1002,1,1,102,1003,3,4008,2025-12-05 23:00:00,2025-12-06 10:00:00,2025-12-06 09:00:00,13.051198,77.597495,Complainant reported unauthorized debit transactions from bank account following a fake KYC verification call.
349,110033017202500349,202500349,2025-01-07 20:00:00,9032,3017,1003,1,2,103,1006,3,4011,2025-01-06 02:00:00,2025-01-06 11:00:00,2025-01-07 20:00:00,13.018999,77.627366,Unknown miscreants broke open the lock of the house during late night hours and stole gold ornaments and cash.
350,110013005202500350,202500350,2025-08-31 12:00:00,9329,3005,1001,1,1,103,1006,2,4004,2025-08-29 21:00:00,2025-08-30 02:00:00,2025-08-31 12:00:00,12.956667,77.621444,Unknown miscreants broke open the lock of the house during late night hours and stole gold ornaments and cash.
351,110023010202500351,202500351,2025-08-09 20:00:00,9053,3010,1002,1,1,102,1003,2,4006,2025-08-08 00:00:00,2025-08-08 06:00:00,2025-08-09 20:00:00,12.830295,77.452629,Two persons riding a black motorcycle snatched a gold chain from a pedestrian near the bus stand and fled.
352,110013006202500352,202500352,2025-04-11 11:00:00,9086,3006,1001,1,1,101,1002,3,4015,2025-04-10 10:00:00,2025-04-10 13:00:00,2025-04-11 11:00:00,12.881791,77.583152,Two persons riding a black motorcycle snatched a gold chain from a pedestrian near the bus stand and fled.
353,110033022202500353,202500353,2025-02-20 03:00:00,9090,3022,1003,1,2,101,1002,1,4002,2025-02-19 00:00:00,2025-02-19 09:00:00,2025-02-20 03:00:00,12.947386,77.648292,Unknown miscreants broke open the lock of the house during late night hours and stole gold ornaments and cash.
354,110033024202500354,202500354,2025-05-15 02:00:00,9007,3024,1003,1,1,102,1003,3,4005,2025-05-13 23:00:00,2025-05-14 08:00:00,2025-05-15 02:00:00,12.842438,77.653057,"Accused intercepted a commercial vehicle on the highway, threatened the driver with sharp weapons, and looted goods."
355,110013008202600355,202600355,2026-02-13 21:00:00,9096,3008,1001,1,2,103,1006,3,4015,2026-02-12 03:00:00,2026-02-12 11:00:00,2026-02-13 21:00:00,12.953571,77.613432,Complainant reported unauthorized debit transactions from bank account following a fake KYC verification call.
356,110053037202500356,202500356,2025-10-01 20:00:00,9271,3037,1005,1,1,102,1003,3,4013,2025-10-01 03:00:00,2025-10-01 12:00:00,2025-10-01 20:00:00,12.855814,77.634854,Complainant reported unauthorized debit transactions from bank account following a fake KYC verification call.
357,110053035202500357,202500357,2025-11-11 09:00:00,9387,3035,1005,1,1,103,1006,2,4013,2025-11-10 01:00:00,2025-11-10 08:00:00,2025-11-11 09:00:00,12.831516,77.700522,Complainant reported unauthorized debit transactions from bank account following a fake KYC verification call.
358,110033022202500358,202500358,2025-12-27 14:00:00,9321,3022,1003,1,1,101,1001,2,4006,2025-12-27 00:00:00,2025-12-27 11:00:00,2025-12-27 14:00:00,12.835117,77.584283,A group of individuals assaulted the victim following a minor road rage incident causing grievous injuries.
359,110033018202500359,202500359,2025-04-18 08:00:00,9030,3018,1003,1,2,103,1006,2,4001,2025-04-17 06:00:00,2025-04-17 14:00:00,2025-04-18 08:00:00,12.996127,77.56786,A group of individuals assaulted the victim following a minor road rage incident causing grievous injuries.
360,110023013202500360,202500360,2025-11-16 06:00:00,9314,3013,1002,1,2,103,1005,1,4010,2025-11-14 10:00:00,2025-11-14 15:00:00,2025-11-16 06:00:00,12.876614,77.513721,A group of individuals assaulted the victim following a minor road rage incident causing grievous injuries.
361,110023011202600361,202600361,2026-03-26 15:00:00,9361,3011,1002,1,2,102,1004,3,4010,2026-03-25 05:00:00,2026-03-25 06:00:00,2026-03-26 15:00:00,12.825932,77.607045,Unknown miscreants broke open the lock of the house during late night hours and stole gold ornaments and cash.
362,110053034202500362,202500362,2025-08-25 23:00:00,9389,3034,1005,1,1,101,1002,1,4009,2025-08-25 02:00:00,2025-08-25 12:00:00,2025-08-25 23:00:00,12.834527,77.557157,Two persons riding a black motorcycle snatched a gold chain from a pedestrian near the bus stand and fled.
363,110043031202500363,202500363,2025-07-08 14:00:00,9121,3031,1004,1,2,103,1006,2,4005,2025-07-07 16:00:00,2025-07-08 03:00:00,2025-07-08 14:00:00,12.833915,77.489296,Complainant reported unauthorized debit transactions from bank account following a fake KYC verification call.
364,110013003202500364,202500364,2025-11-22 05:00:00,9250,3003,1001,1,1,102,1004,3,4009,2025-11-21 08:00:00,2025-11-21 17:00:00,2025-11-22 05:00:00,13.087729,77.634842,Complainant reported unauthorized debit transactions from bank account following a fake KYC verification call.
365,110043029202600365,202600365,2026-01-28 09:00:00,9152,3029,1004,1,2,101,1001,1,4006,2026-01-28 03:00:00,2026-01-28 10:00:00,2026-01-28 09:00:00,12.90479,77.637958,"Accused intercepted a commercial vehicle on the highway, threatened the driver with sharp weapons, and looted goods."
366,110033022202500366,202500366,2025-10-25 00:00:00,9188,3022,1003,1,2,104,1007,3,4007,2025-10-23 23:00:00,2025-10-24 10:00:00,2025-10-25 00:00:00,13.014656,77.472491,Two persons riding a black motorcycle snatched a gold chain from a pedestrian near the bus stand and fled.
367,110013007202500367,202500367,2025-04-08 23:00:00,9010,3007,1001,1,2,102,1004,2,4001,2025-04-08 02:00:00,2025-04-08 10:00:00,2025-04-08 23:00:00,13.05024,77.526835,Complainant reported unauthorized debit transactions from bank account following a fake KYC verification call.
368,110053035202500368,202500368,2025-06-11 07:00:00,9271,3035,1005,1,2,103,1006,1,4011,2025-06-10 07:00:00,2025-06-10 13:00:00,2025-06-11 07:00:00,12.856707,77.691839,"Accused intercepted a commercial vehicle on the highway, threatened the driver with sharp weapons, and looted goods."
369,110053037202500369,202500369,2025-01-29 23:00:00,9270,3037,1005,1,1,104,1007,3,4004,2025-01-28 01:00:00,2025-01-28 13:00:00,2025-01-29 23:00:00,13.078759,77.658472,Two persons riding a black motorcycle snatched a gold chain from a pedestrian near the bus stand and fled.
370,110013007202600370,202600370,2026-03-03 15:00:00,9114,3007,1001,1,1,104,1007,2,4003,2026-03-02 15:00:00,2026-03-02 23:00:00,2026-03-03 15:00:00,12.970821,77.485947,Complainant reported unauthorized debit transactions from bank account following a fake KYC verification call.
371,110043030202500371,202500371,2025-09-03 04:00:00,9214,3030,1004,1,1,101,1002,3,4003,2025-09-02 05:00:00,2025-09-02 09:00:00,2025-09-03 04:00:00,12.873959,77.534278,"Accused intercepted a commercial vehicle on the highway, threatened the driver with sharp weapons, and looted goods."
372,110013006202600372,202600372,2026-03-31 09:00:00,9136,3006,1001,1,2,101,1001,2,4008,2026-03-29 19:00:00,2026-03-30 00:00:00,2026-03-31 09:00:00,12.992115,77.651075,Unknown miscreants broke open the lock of the house during late night hours and stole gold ornaments and cash.
373,110043025202600373,202600373,2026-01-26 20:00:00,9312,3025,1004,1,1,101,1002,1,4009,2026-01-25 15:00:00,2026-01-25 18:00:00,2026-01-26 20:00:00,12.951568,77.714593,"Accused intercepted a commercial vehicle on the highway, threatened the driver with sharp weapons, and looted goods."
374,110013004202500374,202500374,2025-03-13 15:00:00,9101,3004,1001,1,1,104,1007,3,4014,2025-03-13 04:00:00,2025-03-13 07:00:00,2025-03-13 15:00:00,13.063094,77.478824,Unknown miscreants broke open the lock of the house during late night hours and stole gold ornaments and cash.
375,110023010202500375,202500375,2025-08-28 22:00:00,9280,3010,1002,1,1,101,1001,2,4010,2025-08-28 20:00:00,2025-08-28 22:00:00,2025-08-28 22:00:00,13.093823,77.7348,Complainant reported unauthorized debit transactions from bank account following a fake KYC verification call.
376,110043030202500376,202500376,2025-03-15 15:00:00,9399,3030,1004,1,1,103,1005,2,4007,2025-03-15 09:00:00,2025-03-15 11:00:00,2025-03-15 15:00:00,13.064886,77.461911,Complainant reported unauthorized debit transactions from bank account following a fake KYC verification call.
377,110053038202500377,202500377,2025-09-11 17:00:00,9320,3038,1005,1,1,104,1007,1,4006,2025-09-11 05:00:00,2025-09-11 12:00:00,2025-09-11 17:00:00,13.103962,77.658769,Unknown miscreants broke open the lock of the house during late night hours and stole gold ornaments and cash.
378,110053040202500378,202500378,2025-10-29 00:00:00,9273,3040,1005,1,2,103,1005,1,4008,2025-10-27 18:00:00,2025-10-28 03:00:00,2025-10-29 00:00:00,13.010321,77.52868,Unknown miscreants broke open the lock of the house during late night hours and stole gold ornaments and cash.
379,110023013202600379,202600379,2026-01-17 10:00:00,9160,3013,1002,1,1,101,1001,1,4005,2026-01-16 06:00:00,2026-01-16 11:00:00,2026-01-17 10:00:00,13.07687,77.496821,Complainant reported unauthorized debit transactions from bank account following a fake KYC verification call.
380,110033022202500380,202500380,2025-11-25 05:00:00,9380,3022,1003,1,2,103,1005,2,4009,2025-11-23 15:00:00,2025-11-24 02:00:00,2025-11-25 05:00:00,12.849527,77.461874,Complainant reported unauthorized debit transactions from bank account following a fake KYC verification call.
381,110013005202500381,202500381,2025-06-30 16:00:00,9278,3005,1001,1,1,103,1006,1,4006,2025-06-30 13:00:00,2025-07-01 01:00:00,2025-06-30 16:00:00,12.911473,77.632019,Unknown miscreants broke open the lock of the house during late night hours and stole gold ornaments and cash.
382,110013004202500382,202500382,2025-03-30 04:00:00,9213,3004,1001,1,2,104,1007,2,4014,2025-03-29 05:00:00,2025-03-29 09:00:00,2025-03-30 04:00:00,12.993114,77.610754,"Accused intercepted a commercial vehicle on the highway, threatened the driver with sharp weapons, and looted goods."
383,110043026202500383,202500383,2025-11-02 03:00:00,9327,3026,1004,1,1,104,1007,2,4008,2025-10-31 18:00:00,2025-11-01 06:00:00,2025-11-02 03:00:00,12.919579,77.511345,Complainant reported unauthorized debit transactions from bank account following a fake KYC verification call.
384,110043027202500384,202500384,2025-08-22 17:00:00,9318,3027,1004,1,1,104,1007,3,4009,2025-08-22 05:00:00,2025-08-22 15:00:00,2025-08-22 17:00:00,13.06288,77.722688,Two persons riding a black motorcycle snatched a gold chain from a pedestrian near the bus stand and fled.
385,110033021202600385,202600385,2026-02-21 04:00:00,9388,3021,1003,1,1,101,1002,2,4004,2026-02-20 13:00:00,2026-02-20 18:00:00,2026-02-21 04:00:00,13.030298,77.554723,Complainant reported unauthorized debit transactions from bank account following a fake KYC verification call.
386,110043026202500386,202500386,2025-11-01 18:00:00,9361,3026,1004,1,2,103,1006,1,4007,2025-10-31 04:00:00,2025-10-31 11:00:00,2025-11-01 18:00:00,12.838514,77.691174,"Accused intercepted a commercial vehicle on the highway, threatened the driver with sharp weapons, and looted goods."
387,110013002202500387,202500387,2025-12-03 07:00:00,9345,3002,1001,1,1,104,1007,2,4003,2025-12-02 23:00:00,2025-12-03 00:00:00,2025-12-03 07:00:00,12.838451,77.559329,Complainant reported unauthorized debit transactions from bank account following a fake KYC verification call.
388,110023015202500388,202500388,2025-05-02 00:00:00,9256,3015,1002,1,1,101,1002,2,4009,2025-04-30 17:00:00,2025-05-01 02:00:00,2025-05-02 00:00:00,12.988575,77.491879,Complainant reported unauthorized debit transactions from bank account following a fake KYC verification call.
389,110043030202500389,202500389,2025-04-09 12:00:00,9204,3030,1004,1,2,103,1006,3,4008,2025-04-08 22:00:00,2025-04-09 05:00:00,2025-04-09 12:00:00,12.87639,77.615101,A group of individuals assaulted the victim following a minor road rage incident causing grievous injuries.
390,110043029202500390,202500390,2025-03-26 23:00:00,9060,3029,1004,1,2,103,1005,1,4015,2025-03-26 03:00:00,2025-03-26 07:00:00,2025-03-26 23:00:00,13.030741,77.51674,"Accused intercepted a commercial vehicle on the highway, threatened the driver with sharp weapons, and looted goods."
391,110023011202500391,202500391,2025-07-06 20:00:00,9260,3011,1002,1,2,101,1002,3,4014,2025-07-05 09:00:00,2025-07-05 21:00:00,2025-07-06 20:00:00,12.869525,77.605748,Unknown miscreants broke open the lock of the house during late night hours and stole gold ornaments and cash.
392,110033021202500392,202500392,2025-09-19 23:00:00,9149,3021,1003,1,2,101,1002,2,4014,2025-09-19 08:00:00,2025-09-19 20:00:00,2025-09-19 23:00:00,12.913859,77.602245,Two persons riding a black motorcycle snatched a gold chain from a pedestrian near the bus stand and fled.
393,110043032202500393,202500393,2025-10-03 00:00:00,9278,3032,1004,1,1,104,1007,3,4011,2025-10-02 04:00:00,2025-10-02 12:00:00,2025-10-03 00:00:00,12.926628,77.471335,Two persons riding a black motorcycle snatched a gold chain from a pedestrian near the bus stand and fled.
394,110033018202500394,202500394,2025-02-21 12:00:00,9129,3018,1003,1,1,103,1006,3,4011,2025-02-19 12:00:00,2025-02-19 15:00:00,2025-02-21 12:00:00,13.112238,77.713044,Unknown miscreants broke open the lock of the house during late night hours and stole gold ornaments and cash.
395,110053035202500395,202500395,2025-05-10 04:00:00,9145,3035,1005,1,1,102,1003,1,4015,2025-05-08 04:00:00,2025-05-08 12:00:00,2025-05-10 04:00:00,12.924964,77.667181,A group of individuals assaulted the victim following a minor road rage incident causing grievous injuries.
396,110053037202600396,202600396,2026-01-10 14:00:00,9037,3037,1005,1,1,103,1006,1,4014,2026-01-09 19:00:00,2026-01-09 23:00:00,2026-01-10 14:00:00,13.034772,77.4455,Unknown miscreants broke open the lock of the house during late night hours and stole gold ornaments and cash.
397,110013008202500397,202500397,2025-07-07 03:00:00,9149,3008,1001,1,1,104,1007,2,4012,2025-07-06 02:00:00,2025-07-06 11:00:00,2025-07-07 03:00:00,12.962935,77.550514,Two persons riding a black motorcycle snatched a gold chain from a pedestrian near the bus stand and fled.
398,110023015202500398,202500398,2025-09-26 11:00:00,9289,3015,1002,1,2,104,1007,1,4009,2025-09-26 05:00:00,2025-09-26 07:00:00,2025-09-26 11:00:00,12.978367,77.488026,"Accused intercepted a commercial vehicle on the highway, threatened the driver with sharp weapons, and looted goods."
399,110013006202500399,202500399,2025-08-27 10:00:00,9105,3006,1001,1,1,101,1001,1,4004,2025-08-26 23:00:00,2025-08-27 03:00:00,2025-08-27 10:00:00,12.877749,77.460009,"Accused intercepted a commercial vehicle on the highway, threatened the driver with sharp weapons, and looted goods."
400,110023012202500400,202500400,2025-09-02 11:00:00,9335,3012,1002,1,1,103,1006,2,4005,2025-09-01 10:00:00,2025-09-01 12:00:00,2025-09-02 11:00:00,12.908731,77.571994,Complainant reported unauthorized debit transactions from bank account following a fake KYC verification call.
401,110033020202500401,202500401,2025-07-16 06:00:00,9360,3020,1003,1,1,104,1007,2,4005,2025-07-15 11:00:00,2025-07-15 20:00:00,2025-07-16 06:00:00,12.916816,77.696902,"Accused intercepted a commercial vehicle on the highway, threatened the driver with sharp weapons, and looted goods."
402,110013004202500402,202500402,2025-07-09 03:00:00,9398,3004,1001,1,2,102,1003,2,4001,2025-07-08 11:00:00,2025-07-08 20:00:00,2025-07-09 03:00:00,12.914947,77.737942,Two persons riding a black motorcycle snatched a gold chain from a pedestrian near the bus stand and fled.
403,110053034202500403,202500403,2025-01-10 08:00:00,9325,3034,1005,1,1,101,1002,2,4003,2025-01-09 20:00:00,2025-01-09 22:00:00,2025-01-10 08:00:00,12.916257,77.609054,A group of individuals assaulted the victim following a minor road rage incident causing grievous injuries.
404,110023010202500404,202500404,2025-09-24 02:00:00,9070,3010,1002,1,1,104,1007,1,4009,2025-09-22 20:00:00,2025-09-22 22:00:00,2025-09-24 02:00:00,12.94614,77.618091,Unknown miscreants broke open the lock of the house during late night hours and stole gold ornaments and cash.
405,110043030202500405,202500405,2025-09-09 07:00:00,9081,3030,1004,1,1,102,1003,2,4010,2025-09-08 01:00:00,2025-09-08 06:00:00,2025-09-09 07:00:00,12.981913,77.547182,Two persons riding a black motorcycle snatched a gold chain from a pedestrian near the bus stand and fled.
406,110053036202500406,202500406,2025-10-03 13:00:00,9090,3036,1005,1,2,103,1005,1,4007,2025-10-03 03:00:00,2025-10-03 15:00:00,2025-10-03 13:00:00,13.100732,77.706981,A group of individuals assaulted the victim following a minor road rage incident causing grievous injuries.
407,110043029202600407,202600407,2026-02-03 20:00:00,9026,3029,1004,1,2,101,1001,2,4008,2026-02-02 21:00:00,2026-02-03 00:00:00,2026-02-03 20:00:00,12.924756,77.506219,Complainant reported unauthorized debit transactions from bank account following a fake KYC verification call.
408,110053038202500408,202500408,2025-11-21 10:00:00,9338,3038,1005,1,2,102,1003,3,4002,2025-11-19 23:00:00,2025-11-20 07:00:00,2025-11-21 10:00:00,12.872758,77.730164,Complainant reported unauthorized debit transactions from bank account following a fake KYC verification call.
409,110043026202500409,202500409,2025-05-15 14:00:00,9311,3026,1004,1,2,102,1003,3,4015,2025-05-14 21:00:00,2025-05-15 05:00:00,2025-05-15 14:00:00,12.828698,77.513051,"Accused intercepted a commercial vehicle on the highway, threatened the driver with sharp weapons, and looted goods."
410,110043029202500410,202500410,2025-10-25 14:00:00,9157,3029,1004,1,1,101,1001,2,4012,2025-10-24 19:00:00,2025-10-25 02:00:00,2025-10-25 14:00:00,12.975157,77.463914,"Accused intercepted a commercial vehicle on the highway, threatened the driver with sharp weapons, and looted goods."
411,110013003202500411,202500411,2025-11-04 10:00:00,9338,3003,1001,1,2,104,1007,2,4007,2025-11-04 05:00:00,2025-11-04 16:00:00,2025-11-04 10:00:00,12.898255,77.708435,Two persons riding a black motorcycle snatched a gold chain from a pedestrian near the bus stand and fled.
412,110013003202500412,202500412,2025-11-11 19:00:00,9180,3003,1001,1,1,101,1002,3,4015,2025-11-10 00:00:00,2025-11-10 10:00:00,2025-11-11 19:00:00,13.081466,77.540942,Complainant reported unauthorized debit transactions from bank account following a fake KYC verification call.
413,110033024202500413,202500413,2025-01-11 01:00:00,9363,3024,1003,1,1,104,1007,2,4005,2025-01-09 05:00:00,2025-01-09 14:00:00,2025-01-11 01:00:00,12.9382,77.537489,Unknown miscreants broke open the lock of the house during late night hours and stole gold ornaments and cash.
414,110013005202500414,202500414,2025-12-13 20:00:00,9279,3005,1001,1,2,103,1006,3,4007,2025-12-13 04:00:00,2025-12-13 15:00:00,2025-12-13 20:00:00,12.833469,77.70364,Complainant reported unauthorized debit transactions from bank account following a fake KYC verification call.
415,110013007202500415,202500415,2025-03-23 04:00:00,9283,3007,1001,1,1,102,1004,1,4003,2025-03-22 15:00:00,2025-03-22 17:00:00,2025-03-23 04:00:00,12.991587,77.455857,"Accused intercepted a commercial vehicle on the highway, threatened the driver with sharp weapons, and looted goods."
416,110023011202600416,202600416,2026-03-08 15:00:00,9280,3011,1002,1,2,102,1003,1,4002,2026-03-07 16:00:00,2026-03-08 03:00:00,2026-03-08 15:00:00,12.958071,77.65659,A group of individuals assaulted the victim following a minor road rage incident causing grievous injuries.
417,110013004202600417,202600417,2026-01-13 19:00:00,9210,3004,1001,1,2,101,1002,2,4009,2026-01-13 02:00:00,2026-01-13 14:00:00,2026-01-13 19:00:00,12.989016,77.613754,Unknown miscreants broke open the lock of the house during late night hours and stole gold ornaments and cash.
418,110033021202500418,202500418,2025-12-05 02:00:00,9233,3021,1003,1,1,103,1005,3,4003,2025-12-04 17:00:00,2025-12-04 18:00:00,2025-12-05 02:00:00,13.051729,77.564486,"Accused intercepted a commercial vehicle on the highway, threatened the driver with sharp weapons, and looted goods."
419,110033021202500419,202500419,2025-06-19 22:00:00,9215,3021,1003,1,1,102,1004,2,4004,2025-06-19 04:00:00,2025-06-19 10:00:00,2025-06-19 22:00:00,13.03848,77.699006,Two persons riding a black motorcycle snatched a gold chain from a pedestrian near the bus stand and fled.
420,110043029202500420,202500420,2025-09-02 14:00:00,9010,3029,1004,1,1,104,1007,3,4015,2025-09-01 22:00:00,2025-09-02 00:00:00,2025-09-02 14:00:00,12.869415,77.656182,Unknown miscreants broke open the lock of the house during late night hours and stole gold ornaments and cash.
421,110013006202500421,202500421,2025-08-12 14:00:00,9167,3006,1001,1,1,104,1007,3,4003,2025-08-11 12:00:00,2025-08-11 19:00:00,2025-08-12 14:00:00,13.031442,77.535453,Two persons riding a black motorcycle snatched a gold chain from a pedestrian near the bus stand and fled.
422,110013004202600422,202600422,2026-03-29 11:00:00,9205,3004,1001,1,2,104,1007,1,4006,2026-03-27 23:00:00,2026-03-28 03:00:00,2026-03-29 11:00:00,12.84843,77.622107,Two persons riding a black motorcycle snatched a gold chain from a pedestrian near the bus stand and fled.
423,110033021202500423,202500423,2025-04-19 23:00:00,9038,3021,1003,1,1,102,1003,3,4012,2025-04-18 04:00:00,2025-04-18 12:00:00,2025-04-19 23:00:00,13.111775,77.714802,"Accused intercepted a commercial vehicle on the highway, threatened the driver with sharp weapons, and looted goods."
424,110013006202500424,202500424,2025-09-05 20:00:00,9228,3006,1001,1,2,101,1001,2,4011,2025-09-04 00:00:00,2025-09-04 05:00:00,2025-09-05 20:00:00,12.957428,77.646909,Unknown miscreants broke open the lock of the house during late night hours and stole gold ornaments and cash.
425,110013002202500425,202500425,2025-11-20 19:00:00,9215,3002,1001,1,1,102,1003,3,4010,2025-11-18 22:00:00,2025-11-19 04:00:00,2025-11-20 19:00:00,12.874759,77.623965,Two persons riding a black motorcycle snatched a gold chain from a pedestrian near the bus stand and fled.
426,110043031202600426,202600426,2026-02-02 21:00:00,9167,3031,1004,1,1,102,1004,3,4012,2026-02-02 00:00:00,2026-02-02 01:00:00,2026-02-02 21:00:00,13.102391,77.47358,"Accused intercepted a commercial vehicle on the highway, threatened the driver with sharp weapons, and looted goods."
427,110013007202500427,202500427,2025-07-14 20:00:00,9267,3007,1001,1,1,103,1006,1,4014,2025-07-13 07:00:00,2025-07-13 13:00:00,2025-07-14 20:00:00,12.96735,77.63778,"Accused intercepted a commercial vehicle on the highway, threatened the driver with sharp weapons, and looted goods."
428,110023013202500428,202500428,2025-07-23 15:00:00,9394,3013,1002,1,2,103,1005,1,4003,2025-07-22 01:00:00,2025-07-22 10:00:00,2025-07-23 15:00:00,12.834588,77.473587,Two persons riding a black motorcycle snatched a gold chain from a pedestrian near the bus stand and fled.
429,110033021202500429,202500429,2025-12-11 04:00:00,9001,3021,1003,1,1,104,1007,3,4002,2025-12-09 07:00:00,2025-12-09 13:00:00,2025-12-11 04:00:00,12.864688,77.507007,Complainant reported unauthorized debit transactions from bank account following a fake KYC verification call.
430,110023015202500430,202500430,2025-07-31 23:00:00,9349,3015,1002,1,2,103,1005,1,4013,2025-07-30 11:00:00,2025-07-30 23:00:00,2025-07-31 23:00:00,13.083169,77.542532,A group of individuals assaulted the victim following a minor road rage incident causing grievous injuries.
431,110043029202600431,202600431,2026-03-11 07:00:00,9323,3029,1004,1,1,102,1003,3,4009,2026-03-10 03:00:00,2026-03-10 05:00:00,2026-03-11 07:00:00,13.085943,77.454038,Complainant reported unauthorized debit transactions from bank account following a fake KYC verification call.
432,110023010202500432,202500432,2025-11-12 03:00:00,9142,3010,1002,1,1,102,1003,1,4011,2025-11-11 08:00:00,2025-11-11 18:00:00,2025-11-12 03:00:00,13.06106,77.630634,A group of individuals assaulted the victim following a minor road rage incident causing grievous injuries.
433,110053038202600433,202600433,2026-03-25 02:00:00,9336,3038,1005,1,2,101,1002,1,4001,2026-03-24 19:00:00,2026-03-25 03:00:00,2026-03-25 02:00:00,13.056458,77.682117,Two persons riding a black motorcycle snatched a gold chain from a pedestrian near the bus stand and fled.
434,110013003202500434,202500434,2025-08-29 13:00:00,9204,3003,1001,1,2,103,1005,3,4001,2025-08-28 07:00:00,2025-08-28 17:00:00,2025-08-29 13:00:00,12.943446,77.513073,"Accused intercepted a commercial vehicle on the highway, threatened the driver with sharp weapons, and looted goods."
435,110043027202500435,202500435,2025-02-09 00:00:00,9331,3027,1004,1,2,103,1006,2,4015,2025-02-07 23:00:00,2025-02-08 01:00:00,2025-02-09 00:00:00,12.895623,77.601743,Complainant reported unauthorized debit transactions from bank account following a fake KYC verification call.
436,110013006202500436,202500436,2025-11-22 14:00:00,9276,3006,1001,1,2,101,1001,1,4003,2025-11-21 03:00:00,2025-11-21 15:00:00,2025-11-22 14:00:00,13.089969,77.728747,Complainant reported unauthorized debit transactions from bank account following a fake KYC verification call.
437,110043030202500437,202500437,2025-01-01 03:00:00,9126,3030,1004,1,2,104,1007,3,4008,2024-12-30 11:00:00,2024-12-30 19:00:00,2025-01-01 03:00:00,13.104002,77.633423,Unknown miscreants broke open the lock of the house during late night hours and stole gold ornaments and cash.
438,110013005202500438,202500438,2025-04-20 17:00:00,9227,3005,1001,1,1,101,1001,1,4001,2025-04-19 10:00:00,2025-04-19 19:00:00,2025-04-20 17:00:00,12.844386,77.622521,A group of individuals assaulted the victim following a minor road rage incident causing grievous injuries.
439,110013003202600439,202600439,2026-03-31 11:00:00,9327,3003,1001,1,2,104,1007,1,4005,2026-03-30 16:00:00,2026-03-30 21:00:00,2026-03-31 11:00:00,13.111542,77.737996,A group of individuals assaulted the victim following a minor road rage incident causing grievous injuries.
440,110033018202500440,202500440,2025-02-20 03:00:00,9086,3018,1003,1,2,104,1007,2,4008,2025-02-18 19:00:00,2025-02-19 07:00:00,2025-02-20 03:00:00,13.049814,77.706814,A group of individuals assaulted the victim following a minor road rage incident causing grievous injuries.
441,110023012202500441,202500441,2025-01-11 05:00:00,9269,3012,1002,1,1,103,1006,3,4013,2025-01-09 11:00:00,2025-01-09 13:00:00,2025-01-11 05:00:00,12.912667,77.690467,Two persons riding a black motorcycle snatched a gold chain from a pedestrian near the bus stand and fled.
442,110043032202500442,202500442,2025-07-20 00:00:00,9144,3032,1004,1,2,101,1002,1,4007,2025-07-18 05:00:00,2025-07-18 14:00:00,2025-07-20 00:00:00,12.950424,77.550069,"Accused intercepted a commercial vehicle on the highway, threatened the driver with sharp weapons, and looted goods."
443,110013008202500443,202500443,2025-08-25 18:00:00,9083,3008,1001,1,1,101,1002,3,4014,2025-08-25 13:00:00,2025-08-26 00:00:00,2025-08-25 18:00:00,12.951827,77.523179,Unknown miscreants broke open the lock of the house during late night hours and stole gold ornaments and cash.
444,110013008202500444,202500444,2025-10-26 12:00:00,9029,3008,1001,1,1,102,1004,1,4007,2025-10-24 15:00:00,2025-10-25 02:00:00,2025-10-26 12:00:00,13.01944,77.649966,Unknown miscreants broke open the lock of the house during late night hours and stole gold ornaments and cash.
445,110013003202500445,202500445,2025-03-10 07:00:00,9166,3003,1001,1,1,102,1003,3,4012,2025-03-08 09:00:00,2025-03-08 19:00:00,2025-03-10 07:00:00,12.834869,77.457347,Unknown miscreants broke open the lock of the house during late night hours and stole gold ornaments and cash.
446,110013001202500446,202500446,2025-06-17 02:00:00,9002,3001,1001,1,2,104,1007,3,4015,2025-06-15 22:00:00,2025-06-16 01:00:00,2025-06-17 02:00:00,12.994248,77.533382,"Accused intercepted a commercial vehicle on the highway, threatened the driver with sharp weapons, and looted goods."
447,110013004202600447,202600447,2026-01-21 11:00:00,9189,3004,1001,1,1,103,1006,1,4012,2026-01-20 10:00:00,2026-01-20 20:00:00,2026-01-21 11:00:00,12.92568,77.658839,A group of individuals assaulted the victim following a minor road rage incident causing grievous injuries.
448,110033019202500448,202500448,2025-05-03 17:00:00,9027,3019,1003,1,1,101,1002,2,4006,2025-05-02 11:00:00,2025-05-02 12:00:00,2025-05-03 17:00:00,12.926036,77.461008,"Accused intercepted a commercial vehicle on the highway, threatened the driver with sharp weapons, and looted goods."
449,110043031202500449,202500449,2025-03-22 14:00:00,9201,3031,1004,1,2,103,1005,2,4013,2025-03-21 19:00:00,2025-03-22 04:00:00,2025-03-22 14:00:00,12.971825,77.714505,"Accused intercepted a commercial vehicle on the highway, threatened the driver with sharp weapons, and looted goods."
450,110013006202500450,202500450,2025-06-22 05:00:00,9264,3006,1001,1,2,103,1006,3,4003,2025-06-21 19:00:00,2025-06-22 04:00:00,2025-06-22 05:00:00,13.008305,77.598462,"Accused intercepted a commercial vehicle on the highway, threatened the driver with sharp weapons, and looted goods."
451,110053040202500451,202500451,2025-11-29 20:00:00,9057,3040,1005,1,1,102,1003,2,4004,2025-11-29 08:00:00,2025-11-29 10:00:00,2025-11-29 20:00:00,12.95828,77.648315,Two persons riding a black motorcycle snatched a gold chain from a pedestrian near the bus stand and fled.
452,110033019202500452,202500452,2025-11-23 19:00:00,9347,3019,1003,1,2,104,1007,1,4008,2025-11-21 21:00:00,2025-11-22 00:00:00,2025-11-23 19:00:00,13.094641,77.685803,Complainant reported unauthorized debit transactions from bank account following a fake KYC verification call.
453,110023012202500453,202500453,2025-07-28 04:00:00,9222,3012,1002,1,2,102,1003,3,4015,2025-07-27 06:00:00,2025-07-27 16:00:00,2025-07-28 04:00:00,12.945434,77.533765,Complainant reported unauthorized debit transactions from bank account following a fake KYC verification call.
454,110033019202500454,202500454,2025-08-27 02:00:00,9390,3019,1003,1,2,101,1001,2,4012,2025-08-26 12:00:00,2025-08-26 17:00:00,2025-08-27 02:00:00,12.97645,77.460578,Complainant reported unauthorized debit transactions from bank account following a fake KYC verification call.
455,110043030202600455,202600455,2026-01-06 19:00:00,9265,3030,1004,1,2,103,1006,3,4005,2026-01-06 10:00:00,2026-01-06 20:00:00,2026-01-06 19:00:00,13.099519,77.493021,Unknown miscreants broke open the lock of the house during late night hours and stole gold ornaments and cash.
456,110053037202500456,202500456,2025-03-25 01:00:00,9229,3037,1005,1,2,103,1005,1,4006,2025-03-24 10:00:00,2025-03-24 17:00:00,2025-03-25 01:00:00,12.991469,77.646622,A group of individuals assaulted the victim following a minor road rage incident causing grievous injuries.
457,110043026202600457,202600457,2026-01-13 20:00:00,9231,3026,1004,1,2,102,1004,2,4004,2026-01-12 07:00:00,2026-01-12 13:00:00,2026-01-13 20:00:00,12.918228,77.65592,Complainant reported unauthorized debit transactions from bank account following a fake KYC verification call.
458,110013001202500458,202500458,2025-04-14 09:00:00,9184,3001,1001,1,1,103,1005,1,4005,2025-04-13 12:00:00,2025-04-13 21:00:00,2025-04-14 09:00:00,13.100089,77.723627,Complainant reported unauthorized debit transactions from bank account following a fake KYC verification call.
459,110053033202500459,202500459,2025-01-15 16:00:00,9085,3033,1005,1,2,101,1002,1,4001,2025-01-13 23:00:00,2025-01-14 02:00:00,2025-01-15 16:00:00,12.853561,77.654282,A group of individuals assaulted the victim following a minor road rage incident causing grievous injuries.
460,110013007202600460,202600460,2026-03-26 14:00:00,9203,3007,1001,1,2,104,1007,1,4011,2026-03-25 08:00:00,2026-03-25 17:00:00,2026-03-26 14:00:00,12.906962,77.515969,"Accused intercepted a commercial vehicle on the highway, threatened the driver with sharp weapons, and looted goods."
461,110053035202500461,202500461,2025-10-11 05:00:00,9259,3035,1005,1,2,104,1007,3,4013,2025-10-09 08:00:00,2025-10-09 10:00:00,2025-10-11 05:00:00,13.058494,77.682931,"Accused intercepted a commercial vehicle on the highway, threatened the driver with sharp weapons, and looted goods."
462,110023012202600462,202600462,2026-02-21 17:00:00,9259,3012,1002,1,1,101,1002,1,4001,2026-02-20 16:00:00,2026-02-21 03:00:00,2026-02-21 17:00:00,13.04152,77.552077,A group of individuals assaulted the victim following a minor road rage incident causing grievous injuries.
463,110033020202500463,202500463,2025-03-31 12:00:00,9080,3020,1003,1,2,102,1003,1,4014,2025-03-29 21:00:00,2025-03-30 08:00:00,2025-03-31 12:00:00,12.847131,77.713814,Unknown miscreants broke open the lock of the house during late night hours and stole gold ornaments and cash.
464,110013006202500464,202500464,2025-04-23 06:00:00,9167,3006,1001,1,1,103,1005,2,4006,2025-04-22 10:00:00,2025-04-22 13:00:00,2025-04-23 06:00:00,12.91878,77.573954,"Accused intercepted a commercial vehicle on the highway, threatened the driver with sharp weapons, and looted goods."
465,110053035202600465,202600465,2026-02-17 05:00:00,9162,3035,1005,1,2,104,1007,3,4006,2026-02-15 13:00:00,2026-02-15 17:00:00,2026-02-17 05:00:00,12.885757,77.45033,Complainant reported unauthorized debit transactions from bank account following a fake KYC verification call.
466,110033020202500466,202500466,2025-02-18 05:00:00,9144,3020,1003,1,1,101,1002,3,4008,2025-02-16 07:00:00,2025-02-16 15:00:00,2025-02-18 05:00:00,12.943774,77.537442,Unknown miscreants broke open the lock of the house during late night hours and stole gold ornaments and cash.
467,110013006202500467,202500467,2025-04-09 13:00:00,9305,3006,1001,1,2,101,1001,3,4013,2025-04-09 03:00:00,2025-04-09 11:00:00,2025-04-09 13:00:00,12.887012,77.61273,"Accused intercepted a commercial vehicle on the highway, threatened the driver with sharp weapons, and looted goods."
468,110043025202500468,202500468,2025-04-11 10:00:00,9111,3025,1004,1,2,103,1005,1,4013,2025-04-10 14:00:00,2025-04-10 20:00:00,2025-04-11 10:00:00,12.884194,77.615594,Two persons riding a black motorcycle snatched a gold chain from a pedestrian near the bus stand and fled.
469,110033024202500469,202500469,2025-02-11 20:00:00,9045,3024,1003,1,2,103,1006,2,4003,2025-02-11 11:00:00,2025-02-11 21:00:00,2025-02-11 20:00:00,12.839836,77.741583,Unknown miscreants broke open the lock of the house during late night hours and stole gold ornaments and cash.
470,110023013202600470,202600470,2026-03-03 10:00:00,9088,3013,1002,1,2,104,1007,3,4001,2026-03-03 02:00:00,2026-03-03 09:00:00,2026-03-03 10:00:00,12.981531,77.687556,"Accused intercepted a commercial vehicle on the highway, threatened the driver with sharp weapons, and looted goods."
471,110043028202500471,202500471,2025-02-20 10:00:00,9290,3028,1004,1,1,103,1005,2,4007,2025-02-18 10:00:00,2025-02-18 21:00:00,2025-02-20 10:00:00,12.981185,77.490956,Two persons riding a black motorcycle snatched a gold chain from a pedestrian near the bus stand and fled.
472,110053035202500472,202500472,2025-03-26 07:00:00,9002,3035,1005,1,2,102,1004,2,4009,2025-03-25 14:00:00,2025-03-25 20:00:00,2025-03-26 07:00:00,12.829535,77.519191,A group of individuals assaulted the victim following a minor road rage incident causing grievous injuries.
473,110023010202500473,202500473,2025-12-15 14:00:00,9126,3010,1002,1,2,103,1005,2,4002,2025-12-14 05:00:00,2025-12-14 12:00:00,2025-12-15 14:00:00,13.118696,77.676576,"Accused intercepted a commercial vehicle on the highway, threatened the driver with sharp weapons, and looted goods."
474,110053038202500474,202500474,2025-02-13 03:00:00,9259,3038,1005,1,1,103,1006,3,4008,2025-02-11 06:00:00,2025-02-11 07:00:00,2025-02-13 03:00:00,13.056658,77.674797,Two persons riding a black motorcycle snatched a gold chain from a pedestrian near the bus stand and fled.
475,110013001202500475,202500475,2025-11-19 09:00:00,9176,3001,1001,1,1,101,1001,3,4004,2025-11-18 12:00:00,2025-11-18 21:00:00,2025-11-19 09:00:00,12.955393,77.559193,Two persons riding a black motorcycle snatched a gold chain from a pedestrian near the bus stand and fled.
476,110053033202500476,202500476,2025-06-24 05:00:00,9353,3033,1005,1,1,104,1007,1,4013,2025-06-23 23:00:00,2025-06-24 00:00:00,2025-06-24 05:00:00,12.89274,77.549509,Two persons riding a black motorcycle snatched a gold chain from a pedestrian near the bus stand and fled.
477,110013002202500477,202500477,2025-05-25 06:00:00,9309,3002,1001,1,2,103,1006,3,4003,2025-05-23 14:00:00,2025-05-23 16:00:00,2025-05-25 06:00:00,12.964429,77.679811,Unknown miscreants broke open the lock of the house during late night hours and stole gold ornaments and cash.
478,110053039202500478,202500478,2025-07-04 23:00:00,9288,3039,1005,1,1,104,1007,1,4007,2025-07-04 05:00:00,2025-07-04 12:00:00,2025-07-04 23:00:00,13.007891,77.635615,A group of individuals assaulted the victim following a minor road rage incident causing grievous injuries.
479,110013007202500479,202500479,2025-09-26 09:00:00,9228,3007,1001,1,2,103,1005,3,4006,2025-09-25 12:00:00,2025-09-25 16:00:00,2025-09-26 09:00:00,12.835307,77.493447,Complainant reported unauthorized debit transactions from bank account following a fake KYC verification call.
480,110033024202600480,202600480,2026-02-26 06:00:00,9186,3024,1003,1,1,101,1001,1,4012,2026-02-24 11:00:00,2026-02-24 13:00:00,2026-02-26 06:00:00,12.956119,77.490957,"Accused intercepted a commercial vehicle on the highway, threatened the driver with sharp weapons, and looted goods."
481,110023015202500481,202500481,2025-09-07 22:00:00,9084,3015,1002,1,2,101,1002,2,4005,2025-09-07 07:00:00,2025-09-07 13:00:00,2025-09-07 22:00:00,13.083779,77.568848,"Accused intercepted a commercial vehicle on the highway, threatened the driver with sharp weapons, and looted goods."
482,110053035202600482,202600482,2026-03-08 18:00:00,9112,3035,1005,1,2,101,1001,3,4001,2026-03-06 22:00:00,2026-03-07 06:00:00,2026-03-08 18:00:00,12.905761,77.655011,Unknown miscreants broke open the lock of the house during late night hours and stole gold ornaments and cash.
483,110033022202600483,202600483,2026-02-18 10:00:00,9097,3022,1003,1,2,102,1004,3,4005,2026-02-18 00:00:00,2026-02-18 02:00:00,2026-02-18 10:00:00,13.116759,77.604628,Unknown miscreants broke open the lock of the house during late night hours and stole gold ornaments and cash.
484,110053034202500484,202500484,2025-02-06 09:00:00,9324,3034,1005,1,2,103,1005,2,4010,2025-02-05 17:00:00,2025-02-05 19:00:00,2025-02-06 09:00:00,13.04622,77.490475,A group of individuals assaulted the victim following a minor road rage incident causing grievous injuries.
485,110043030202500485,202500485,2025-11-07 03:00:00,9324,3030,1004,1,1,101,1001,1,4002,2025-11-05 21:00:00,2025-11-05 22:00:00,2025-11-07 03:00:00,13.039285,77.677634,Two persons riding a black motorcycle snatched a gold chain from a pedestrian near the bus stand and fled.
486,110043027202500486,202500486,2025-02-23 01:00:00,9170,3027,1004,1,1,104,1007,3,4004,2025-02-22 19:00:00,2025-02-23 00:00:00,2025-02-23 01:00:00,12.999162,77.58839,Complainant reported unauthorized debit transactions from bank account following a fake KYC verification call.
487,110013005202600487,202600487,2026-01-15 17:00:00,9153,3005,1001,1,1,101,1002,1,4002,2026-01-15 06:00:00,2026-01-15 13:00:00,2026-01-15 17:00:00,13.087776,77.666354,A group of individuals assaulted the victim following a minor road rage incident causing grievous injuries.
488,110023013202500488,202500488,2025-05-18 23:00:00,9270,3013,1002,1,2,102,1004,2,4009,2025-05-16 23:00:00,2025-05-17 07:00:00,2025-05-18 23:00:00,13.077906,77.540997,Two persons riding a black motorcycle snatched a gold chain from a pedestrian near the bus stand and fled.
489,110013007202500489,202500489,2025-11-06 22:00:00,9001,3007,1001,1,2,102,1004,3,4012,2025-11-06 07:00:00,2025-11-06 19:00:00,2025-11-06 22:00:00,13.020056,77.616073,Complainant reported unauthorized debit transactions from bank account following a fake KYC verification call.
490,110013004202500490,202500490,2025-02-16 16:00:00,9360,3004,1001,1,2,102,1003,1,4012,2025-02-15 17:00:00,2025-02-15 20:00:00,2025-02-16 16:00:00,13.064079,77.490402,A group of individuals assaulted the victim following a minor road rage incident causing grievous injuries.
491,110023013202500491,202500491,2025-01-03 02:00:00,9005,3013,1002,1,2,103,1005,3,4015,2025-01-01 11:00:00,2025-01-01 12:00:00,2025-01-03 02:00:00,12.987569,77.574395,Unknown miscreants broke open the lock of the house during late night hours and stole gold ornaments and cash.
492,110053039202500492,202500492,2025-08-05 05:00:00,9129,3039,1005,1,1,104,1007,3,4009,2025-08-05 02:00:00,2025-08-05 11:00:00,2025-08-05 05:00:00,13.039119,77.587927,A group of individuals assaulted the victim following a minor road rage incident causing grievous injuries.
493,110013005202600493,202600493,2026-01-19 23:00:00,9323,3005,1001,1,1,103,1005,2,4009,2026-01-18 17:00:00,2026-01-18 21:00:00,2026-01-19 23:00:00,12.977318,77.720261,Two persons riding a black motorcycle snatched a gold chain from a pedestrian near the bus stand and fled.
494,110043026202500494,202500494,2025-05-31 19:00:00,9117,3026,1004,1,2,103,1005,1,4002,2025-05-31 09:00:00,2025-05-31 11:00:00,2025-05-31 19:00:00,13.078955,77.741665,Two persons riding a black motorcycle snatched a gold chain from a pedestrian near the bus stand and fled.
495,110053039202500495,202500495,2025-08-10 16:00:00,9275,3039,1005,1,2,101,1001,2,4012,2025-08-08 19:00:00,2025-08-09 07:00:00,2025-08-10 16:00:00,12.973027,77.576945,Two persons riding a black motorcycle snatched a gold chain from a pedestrian near the bus stand and fled.
496,110053033202500496,202500496,2025-05-26 01:00:00,9008,3033,1005,1,2,101,1002,2,4001,2025-05-24 13:00:00,2025-05-24 20:00:00,2025-05-26 01:00:00,13.103509,77.6972,Unknown miscreants broke open the lock of the house during late night hours and stole gold ornaments and cash.
497,110023012202500497,202500497,2025-07-25 11:00:00,9211,3012,1002,1,1,101,1001,2,4011,2025-07-25 02:00:00,2025-07-25 03:00:00,2025-07-25 11:00:00,13.04601,77.64661,"Accused intercepted a commercial vehicle on the highway, threatened the driver with sharp weapons, and looted goods."
498,110043029202500498,202500498,2025-02-01 05:00:00,9244,3029,1004,1,1,102,1004,3,4001,2025-01-30 10:00:00,2025-01-30 13:00:00,2025-02-01 05:00:00,13.102675,77.574942,Unknown miscreants broke open the lock of the house during late night hours and stole gold ornaments and cash.
499,110013005202500499,202500499,2025-10-31 05:00:00,9333,3005,1001,1,2,104,1007,2,4011,2025-10-29 14:00:00,2025-10-29 20:00:00,2025-10-31 05:00:00,12.89632,77.674107,Two persons riding a black motorcycle snatched a gold chain from a pedestrian near the bus stand and fled.
500,110013003202500500,202500500,2025-04-28 07:00:00,9075,3003,1001,1,2,101,1001,2,4010,2025-04-28 03:00:00,2025-04-28 06:00:00,2025-04-28 07:00:00,13.105895,77.485232,Two persons riding a black motorcycle snatched a gold chain from a pedestrian near the bus stand and fled.
501,110043030202500501,202500501,2025-05-10 21:00:00,9337,3030,1004,1,1,104,1007,2,4008,2025-05-10 09:00:00,2025-05-10 20:00:00,2025-05-10 21:00:00,12.997138,77.500299,Complainant reported unauthorized debit transactions from bank account following a fake KYC verification call.
502,110053034202500502,202500502,2025-02-04 08:00:00,9300,3034,1005,1,1,101,1001,1,4011,2025-02-03 16:00:00,2025-02-04 00:00:00,2025-02-04 08:00:00,12.9561,77.654436,Unknown miscreants broke open the lock of the house during late night hours and stole gold ornaments and cash.
503,110043025202600503,202600503,2026-01-23 00:00:00,9140,3025,1004,1,2,103,1006,3,4015,2026-01-21 11:00:00,2026-01-21 16:00:00,2026-01-23 00:00:00,12.841756,77.699116,Unknown miscreants broke open the lock of the house during late night hours and stole gold ornaments and cash.
504,110053037202600504,202600504,2026-03-04 01:00:00,9060,3037,1005,1,2,104,1007,1,4013,2026-03-02 22:00:00,2026-03-03 10:00:00,2026-03-04 01:00:00,12.831482,77.718141,Complainant reported unauthorized debit transactions from bank account following a fake KYC verification call.
505,110043031202600505,202600505,2026-03-12 03:00:00,9039,3031,1004,1,2,102,1004,1,4014,2026-03-10 13:00:00,2026-03-10 15:00:00,2026-03-12 03:00:00,13.059107,77.645992,Two persons riding a black motorcycle snatched a gold chain from a pedestrian near the bus stand and fled.
506,110053040202500506,202500506,2025-04-10 13:00:00,9220,3040,1005,1,2,101,1002,2,4008,2025-04-10 01:00:00,2025-04-10 04:00:00,2025-04-10 13:00:00,13.060618,77.671337,Two persons riding a black motorcycle snatched a gold chain from a pedestrian near the bus stand and fled.
507,110033022202600507,202600507,2026-03-08 10:00:00,9330,3022,1003,1,2,103,1006,1,4008,2026-03-08 04:00:00,2026-03-08 10:00:00,2026-03-08 10:00:00,13.014761,77.551232,Two persons riding a black motorcycle snatched a gold chain from a pedestrian near the bus stand and fled.
508,110053036202500508,202500508,2025-09-24 01:00:00,9111,3036,1005,1,2,103,1006,2,4015,2025-09-23 19:00:00,2025-09-24 00:00:00,2025-09-24 01:00:00,13.093387,77.521367,Complainant reported unauthorized debit transactions from bank account following a fake KYC verification call.
509,110013001202500509,202500509,2025-05-24 13:00:00,9369,3001,1001,1,2,101,1002,2,4014,2025-05-24 08:00:00,2025-05-24 13:00:00,2025-05-24 13:00:00,12.969661,77.736462,"Accused intercepted a commercial vehicle on the highway, threatened the driver with sharp weapons, and looted goods."
510,110033020202500510,202500510,2025-06-13 16:00:00,9104,3020,1003,1,2,102,1004,1,4015,2025-06-12 12:00:00,2025-06-12 20:00:00,2025-06-13 16:00:00,13.065048,77.646842,Two persons riding a black motorcycle snatched a gold chain from a pedestrian near the bus stand and fled.
511,110013001202500511,202500511,2025-05-18 13:00:00,9009,3001,1001,1,2,101,1001,2,4008,2025-05-17 05:00:00,2025-05-17 16:00:00,2025-05-18 13:00:00,13.03029,77.535506,Two persons riding a black motorcycle snatched a gold chain from a pedestrian near the bus stand and fled.
512,110043029202500512,202500512,2025-12-24 20:00:00,9116,3029,1004,1,1,101,1001,2,4010,2025-12-22 22:00:00,2025-12-23 08:00:00,2025-12-24 20:00:00,13.075246,77.462793,Complainant reported unauthorized debit transactions from bank account following a fake KYC verification call.
513,110033023202500513,202500513,2025-10-04 18:00:00,9205,3023,1003,1,1,104,1007,2,4001,2025-10-04 02:00:00,2025-10-04 06:00:00,2025-10-04 18:00:00,12.821619,77.538046,A group of individuals assaulted the victim following a minor road rage incident causing grievous injuries.
514,110053038202600514,202600514,2026-03-17 06:00:00,9345,3038,1005,1,2,103,1006,1,4005,2026-03-16 14:00:00,2026-03-16 17:00:00,2026-03-17 06:00:00,13.049317,77.70683,Two persons riding a black motorcycle snatched a gold chain from a pedestrian near the bus stand and fled.
515,110043032202500515,202500515,2025-09-05 15:00:00,9327,3032,1004,1,2,101,1002,3,4010,2025-09-05 02:00:00,2025-09-05 13:00:00,2025-09-05 15:00:00,12.904806,77.478601,A group of individuals assaulted the victim following a minor road rage incident causing grievous injuries.
516,110013001202500516,202500516,2025-08-01 01:00:00,9331,3001,1001,1,2,101,1002,1,4014,2025-07-30 05:00:00,2025-07-30 12:00:00,2025-08-01 01:00:00,12.943569,77.678756,Two persons riding a black motorcycle snatched a gold chain from a pedestrian near the bus stand and fled.
517,110053035202500517,202500517,2025-09-11 05:00:00,9398,3035,1005,1,1,102,1004,2,4001,2025-09-10 06:00:00,2025-09-10 12:00:00,2025-09-11 05:00:00,13.070592,77.57375,"Accused intercepted a commercial vehicle on the highway, threatened the driver with sharp weapons, and looted goods."
518,110053033202600518,202600518,2026-01-12 19:00:00,9162,3033,1005,1,1,103,1005,1,4005,2026-01-12 15:00:00,2026-01-12 17:00:00,2026-01-12 19:00:00,13.088997,77.740211,Unknown miscreants broke open the lock of the house during late night hours and stole gold ornaments and cash.
519,110013003202600519,202600519,2026-01-19 01:00:00,9024,3003,1001,1,2,103,1005,3,4014,2026-01-17 09:00:00,2026-01-17 20:00:00,2026-01-19 01:00:00,13.099223,77.510556,Complainant reported unauthorized debit transactions from bank account following a fake KYC verification call.
520,110033019202500520,202500520,2025-05-22 17:00:00,9157,3019,1003,1,2,101,1001,2,4009,2025-05-22 00:00:00,2025-05-22 08:00:00,2025-05-22 17:00:00,12.994298,77.546003,Complainant reported unauthorized debit transactions from bank account following a fake KYC verification call.
521,110043027202500521,202500521,2025-03-29 16:00:00,9099,3027,1004,1,2,102,1004,1,4013,2025-03-28 12:00:00,2025-03-28 16:00:00,2025-03-29 16:00:00,13.052042,77.728275,Unknown miscreants broke open the lock of the house during late night hours and stole gold ornaments and cash.
522,110023011202500522,202500522,2025-10-08 04:00:00,9065,3011,1002,1,1,101,1002,2,4015,2025-10-06 13:00:00,2025-10-06 22:00:00,2025-10-08 04:00:00,13.011835,77.638423,"Accused intercepted a commercial vehicle on the highway, threatened the driver with sharp weapons, and looted goods."
523,110033020202500523,202500523,2025-12-25 09:00:00,9308,3020,1003,1,1,103,1005,2,4011,2025-12-24 19:00:00,2025-12-25 07:00:00,2025-12-25 09:00:00,12.906083,77.602269,Complainant reported unauthorized debit transactions from bank account following a fake KYC verification call.
524,110053038202500524,202500524,2025-02-01 14:00:00,9231,3038,1005,1,1,103,1006,1,4012,2025-01-31 14:00:00,2025-02-01 01:00:00,2025-02-01 14:00:00,13.025367,77.5147,Two persons riding a black motorcycle snatched a gold chain from a pedestrian near the bus stand and fled.
525,110033024202500525,202500525,2025-10-05 04:00:00,9178,3024,1003,1,2,103,1006,1,4005,2025-10-03 07:00:00,2025-10-03 08:00:00,2025-10-05 04:00:00,13.092653,77.610827,Unknown miscreants broke open the lock of the house during late night hours and stole gold ornaments and cash.
526,110043026202500526,202500526,2025-11-06 21:00:00,9206,3026,1004,1,1,102,1003,2,4003,2025-11-05 05:00:00,2025-11-05 14:00:00,2025-11-06 21:00:00,13.069867,77.729091,Unknown miscreants broke open the lock of the house during late night hours and stole gold ornaments and cash.
527,110043026202500527,202500527,2025-11-01 09:00:00,9033,3026,1004,1,2,103,1005,3,4012,2025-10-31 21:00:00,2025-11-01 07:00:00,2025-11-01 09:00:00,12.970505,77.713726,"Accused intercepted a commercial vehicle on the highway, threatened the driver with sharp weapons, and looted goods."
528,110033018202500528,202500528,2025-03-10 10:00:00,9040,3018,1003,1,2,103,1005,2,4008,2025-03-09 05:00:00,2025-03-09 14:00:00,2025-03-10 10:00:00,13.088404,77.503006,Two persons riding a black motorcycle snatched a gold chain from a pedestrian near the bus stand and fled.
529,110013003202500529,202500529,2025-03-08 17:00:00,9018,3003,1001,1,1,102,1004,1,4009,2025-03-07 19:00:00,2025-03-08 06:00:00,2025-03-08 17:00:00,12.984407,77.73399,Unknown miscreants broke open the lock of the house during late night hours and stole gold ornaments and cash.
530,110033020202500530,202500530,2025-05-13 09:00:00,9291,3020,1003,1,2,104,1007,3,4009,2025-05-11 16:00:00,2025-05-11 21:00:00,2025-05-13 09:00:00,12.872342,77.568484,"Accused intercepted a commercial vehicle on the highway, threatened the driver with sharp weapons, and looted goods."
531,110033017202500531,202500531,2025-12-02 21:00:00,9066,3017,1003,1,2,102,1003,2,4015,2025-12-01 23:00:00,2025-12-02 04:00:00,2025-12-02 21:00:00,13.044837,77.69102,Complainant reported unauthorized debit transactions from bank account following a fake KYC verification call.
532,110013003202500532,202500532,2025-08-02 00:00:00,9046,3003,1001,1,2,104,1007,3,4001,2025-08-01 16:00:00,2025-08-02 03:00:00,2025-08-02 00:00:00,12.945716,77.445737,Unknown miscreants broke open the lock of the house during late night hours and stole gold ornaments and cash.
533,110033024202500533,202500533,2025-10-28 23:00:00,9054,3024,1003,1,2,101,1002,2,4002,2025-10-27 19:00:00,2025-10-28 05:00:00,2025-10-28 23:00:00,13.099103,77.605672,"Accused intercepted a commercial vehicle on the highway, threatened the driver with sharp weapons, and looted goods."
534,110013004202500534,202500534,2025-12-19 04:00:00,9331,3004,1001,1,1,104,1007,2,4010,2025-12-17 15:00:00,2025-12-18 01:00:00,2025-12-19 04:00:00,13.047034,77.55511,Two persons riding a black motorcycle snatched a gold chain from a pedestrian near the bus stand and fled.
535,110013008202500535,202500535,2025-05-27 03:00:00,9305,3008,1001,1,2,104,1007,1,4008,2025-05-25 05:00:00,2025-05-25 16:00:00,2025-05-27 03:00:00,12.852846,77.612365,A group of individuals assaulted the victim following a minor road rage incident causing grievous injuries.
536,110013007202500536,202500536,2025-01-24 11:00:00,9317,3007,1001,1,1,102,1004,1,4014,2025-01-23 23:00:00,2025-01-24 03:00:00,2025-01-24 11:00:00,13.037539,77.729729,"Accused intercepted a commercial vehicle on the highway, threatened the driver with sharp weapons, and looted goods."
537,110043027202500537,202500537,2025-11-06 02:00:00,9178,3027,1004,1,2,103,1005,3,4009,2025-11-05 11:00:00,2025-11-05 16:00:00,2025-11-06 02:00:00,12.975877,77.606333,"Accused intercepted a commercial vehicle on the highway, threatened the driver with sharp weapons, and looted goods."
538,110043029202500538,202500538,2025-08-04 22:00:00,9355,3029,1004,1,1,104,1007,2,4004,2025-08-03 04:00:00,2025-08-03 05:00:00,2025-08-04 22:00:00,12.941606,77.537756,A group of individuals assaulted the victim following a minor road rage incident causing grievous injuries.
539,110033023202500539,202500539,2025-07-19 21:00:00,9378,3023,1003,1,1,101,1002,1,4015,2025-07-19 17:00:00,2025-07-19 21:00:00,2025-07-19 21:00:00,13.06315,77.568798,Two persons riding a black motorcycle snatched a gold chain from a pedestrian near the bus stand and fled.
540,110033020202500540,202500540,2025-10-31 08:00:00,9109,3020,1003,1,1,102,1003,1,4004,2025-10-30 03:00:00,2025-10-30 11:00:00,2025-10-31 08:00:00,13.053597,77.611862,A group of individuals assaulted the victim following a minor road rage incident causing grievous injuries.
541,110023016202500541,202500541,2025-10-16 07:00:00,9303,3016,1002,1,1,101,1001,1,4003,2025-10-16 00:00:00,2025-10-16 02:00:00,2025-10-16 07:00:00,12.868386,77.523873,Two persons riding a black motorcycle snatched a gold chain from a pedestrian near the bus stand and fled.
542,110033023202500542,202500542,2025-06-24 06:00:00,9072,3023,1003,1,1,103,1005,2,4008,2025-06-22 14:00:00,2025-06-22 16:00:00,2025-06-24 06:00:00,13.106929,77.448636,Two persons riding a black motorcycle snatched a gold chain from a pedestrian near the bus stand and fled.
543,110013003202500543,202500543,2025-06-28 04:00:00,9201,3003,1001,1,2,103,1006,3,4006,2025-06-27 23:00:00,2025-06-28 00:00:00,2025-06-28 04:00:00,12.835774,77.621645,Two persons riding a black motorcycle snatched a gold chain from a pedestrian near the bus stand and fled.
544,110033018202500544,202500544,2025-07-07 14:00:00,9191,3018,1003,1,1,102,1003,1,4009,2025-07-06 04:00:00,2025-07-06 15:00:00,2025-07-07 14:00:00,13.043096,77.448044,A group of individuals assaulted the victim following a minor road rage incident causing grievous injuries.
545,110053040202500545,202500545,2025-12-28 08:00:00,9190,3040,1005,1,2,102,1003,1,4001,2025-12-27 12:00:00,2025-12-27 22:00:00,2025-12-28 08:00:00,12.822589,77.635199,Complainant reported unauthorized debit transactions from bank account following a fake KYC verification call.
546,110033018202500546,202500546,2025-04-24 22:00:00,9348,3018,1003,1,1,101,1002,1,4012,2025-04-23 17:00:00,2025-04-24 04:00:00,2025-04-24 22:00:00,12.976877,77.575078,"Accused intercepted a commercial vehicle on the highway, threatened the driver with sharp weapons, and looted goods."
547,110053039202600547,202600547,2026-01-12 02:00:00,9015,3039,1005,1,2,101,1002,2,4015,2026-01-11 07:00:00,2026-01-11 09:00:00,2026-01-12 02:00:00,12.987258,77.624827,Unknown miscreants broke open the lock of the house during late night hours and stole gold ornaments and cash.
548,110033022202600548,202600548,2026-02-19 21:00:00,9260,3022,1003,1,1,102,1003,3,4005,2026-02-18 03:00:00,2026-02-18 14:00:00,2026-02-19 21:00:00,13.004635,77.555806,Two persons riding a black motorcycle snatched a gold chain from a pedestrian near the bus stand and fled.
549,110013004202600549,202600549,2026-01-24 20:00:00,9202,3004,1001,1,1,102,1004,1,4012,2026-01-24 11:00:00,2026-01-24 18:00:00,2026-01-24 20:00:00,13.079947,77.543895,Complainant reported unauthorized debit transactions from bank account following a fake KYC verification call.
550,110043026202500550,202500550,2025-09-21 20:00:00,9013,3026,1004,1,1,101,1002,1,4015,2025-09-20 16:00:00,2025-09-20 21:00:00,2025-09-21 20:00:00,13.005434,77.477393,Complainant reported unauthorized debit transactions from bank account following a fake KYC verification call.
551,110033017202500551,202500551,2025-11-02 23:00:00,9001,3017,1003,1,2,104,1007,1,4006,2025-11-01 00:00:00,2025-11-01 03:00:00,2025-11-02 23:00:00,12.967569,77.733579,Two persons riding a black motorcycle snatched a gold chain from a pedestrian near the bus stand and fled.
552,110023016202500552,202500552,2025-04-17 17:00:00,9311,3016,1002,1,2,104,1007,2,4004,2025-04-16 08:00:00,2025-04-16 14:00:00,2025-04-17 17:00:00,13.030994,77.65818,"Accused intercepted a commercial vehicle on the highway, threatened the driver with sharp weapons, and looted goods."
553,110023009202500553,202500553,2025-07-13 09:00:00,9177,3009,1002,1,2,102,1003,3,4015,2025-07-12 05:00:00,2025-07-12 08:00:00,2025-07-13 09:00:00,13.025631,77.613569,A group of individuals assaulted the victim following a minor road rage incident causing grievous injuries.
554,110023016202500554,202500554,2025-04-08 06:00:00,9221,3016,1002,1,2,102,1004,3,4008,2025-04-07 05:00:00,2025-04-07 09:00:00,2025-04-08 06:00:00,12.942528,77.672656,Unknown miscreants broke open the lock of the house during late night hours and stole gold ornaments and cash.
555,110043025202600555,202600555,2026-01-21 16:00:00,9205,3025,1004,1,1,103,1005,2,4008,2026-01-19 20:00:00,2026-01-20 01:00:00,2026-01-21 16:00:00,13.036459,77.719658,Two persons riding a black motorcycle snatched a gold chain from a pedestrian near the bus stand and fled.
556,110033024202500556,202500556,2025-01-01 15:00:00,9272,3024,1003,1,2,103,1006,2,4002,2025-01-01 01:00:00,2025-01-01 08:00:00,2025-01-01 15:00:00,12.997703,77.653601,Complainant reported unauthorized debit transactions from bank account following a fake KYC verification call.
557,110023009202500557,202500557,2025-10-30 19:00:00,9058,3009,1002,1,1,103,1006,1,4015,2025-10-29 06:00:00,2025-10-29 11:00:00,2025-10-30 19:00:00,13.084058,77.604283,A group of individuals assaulted the victim following a minor road rage incident causing grievous injuries.
558,110023011202500558,202500558,2025-09-10 06:00:00,9152,3011,1002,1,2,102,1004,3,4005,2025-09-09 00:00:00,2025-09-09 05:00:00,2025-09-10 06:00:00,12.966178,77.621216,Complainant reported unauthorized debit transactions from bank account following a fake KYC verification call.
559,110053033202500559,202500559,2025-02-24 13:00:00,9306,3033,1005,1,2,104,1007,1,4010,2025-02-23 21:00:00,2025-02-24 01:00:00,2025-02-24 13:00:00,13.117197,77.607136,Unknown miscreants broke open the lock of the house during late night hours and stole gold ornaments and cash.
560,110053037202600560,202600560,2026-01-10 14:00:00,9042,3037,1005,1,2,103,1006,1,4008,2026-01-10 11:00:00,2026-01-10 20:00:00,2026-01-10 14:00:00,12.85012,77.586273,"Accused intercepted a commercial vehicle on the highway, threatened the driver with sharp weapons, and looted goods."
561,110033022202500561,202500561,2025-05-17 21:00:00,9162,3022,1003,1,2,102,1004,2,4014,2025-05-17 07:00:00,2025-05-17 18:00:00,2025-05-17 21:00:00,12.976062,77.720855,Unknown miscreants broke open the lock of the house during late night hours and stole gold ornaments and cash.
562,110033021202600562,202600562,2026-03-09 11:00:00,9012,3021,1003,1,2,103,1006,1,4005,2026-03-09 05:00:00,2026-03-09 08:00:00,2026-03-09 11:00:00,12.893867,77.696564,Two persons riding a black motorcycle snatched a gold chain from a pedestrian near the bus stand and fled.
563,110053035202500563,202500563,2025-10-13 06:00:00,9160,3035,1005,1,2,103,1006,3,4003,2025-10-11 17:00:00,2025-10-12 03:00:00,2025-10-13 06:00:00,12.9917,77.613338,Two persons riding a black motorcycle snatched a gold chain from a pedestrian near the bus stand and fled.
564,110043029202500564,202500564,2025-09-25 00:00:00,9201,3029,1004,1,1,104,1007,1,4009,2025-09-24 14:00:00,2025-09-24 15:00:00,2025-09-25 00:00:00,12.86599,77.6673,A group of individuals assaulted the victim following a minor road rage incident causing grievous injuries.
565,110053036202500565,202500565,2025-11-02 10:00:00,9393,3036,1005,1,2,103,1005,1,4015,2025-11-01 03:00:00,2025-11-01 08:00:00,2025-11-02 10:00:00,13.011144,77.455606,Two persons riding a black motorcycle snatched a gold chain from a pedestrian near the bus stand and fled.
566,110023016202600566,202600566,2026-02-21 13:00:00,9249,3016,1002,1,1,102,1003,2,4001,2026-02-20 06:00:00,2026-02-20 10:00:00,2026-02-21 13:00:00,12.935075,77.575685,Complainant reported unauthorized debit transactions from bank account following a fake KYC verification call.
567,110023016202500567,202500567,2025-03-12 22:00:00,9065,3016,1002,1,1,101,1001,3,4003,2025-03-11 11:00:00,2025-03-11 22:00:00,2025-03-12 22:00:00,12.861133,77.565284,Two persons riding a black motorcycle snatched a gold chain from a pedestrian near the bus stand and fled.
568,110043028202600568,202600568,2026-02-16 17:00:00,9362,3028,1004,1,2,101,1002,1,4010,2026-02-16 02:00:00,2026-02-16 14:00:00,2026-02-16 17:00:00,12.848146,77.736939,Two persons riding a black motorcycle snatched a gold chain from a pedestrian near the bus stand and fled.
569,110023012202500569,202500569,2025-04-24 02:00:00,9327,3012,1002,1,2,103,1006,2,4006,2025-04-22 05:00:00,2025-04-22 13:00:00,2025-04-24 02:00:00,12.884676,77.704311,Two persons riding a black motorcycle snatched a gold chain from a pedestrian near the bus stand and fled.
570,110043032202500570,202500570,2025-02-08 06:00:00,9190,3032,1004,1,1,102,1004,1,4013,2025-02-08 00:00:00,2025-02-08 06:00:00,2025-02-08 06:00:00,13.111464,77.514596,"Accused intercepted a commercial vehicle on the highway, threatened the driver with sharp weapons, and looted goods."
571,110023015202500571,202500571,2025-11-05 01:00:00,9293,3015,1002,1,1,101,1002,3,4003,2025-11-03 19:00:00,2025-11-04 06:00:00,2025-11-05 01:00:00,13.092523,77.738714,Complainant reported unauthorized debit transactions from bank account following a fake KYC verification call.
572,110033020202600572,202600572,2026-01-08 16:00:00,9305,3020,1003,1,2,101,1002,2,4014,2026-01-08 05:00:00,2026-01-08 15:00:00,2026-01-08 16:00:00,13.097571,77.72542,Complainant reported unauthorized debit transactions from bank account following a fake KYC verification call.
573,110033020202600573,202600573,2026-01-19 01:00:00,9198,3020,1003,1,2,101,1002,1,4001,2026-01-18 21:00:00,2026-01-18 23:00:00,2026-01-19 01:00:00,13.090799,77.595339,Two persons riding a black motorcycle snatched a gold chain from a pedestrian near the bus stand and fled.
574,110043031202500574,202500574,2025-08-21 22:00:00,9387,3031,1004,1,2,101,1001,1,4014,2025-08-19 22:00:00,2025-08-20 06:00:00,2025-08-21 22:00:00,12.915119,77.506442,Complainant reported unauthorized debit transactions from bank account following a fake KYC verification call.
575,110043029202500575,202500575,2025-04-05 16:00:00,9204,3029,1004,1,2,101,1001,1,4012,2025-04-04 12:00:00,2025-04-04 20:00:00,2025-04-05 16:00:00,13.017946,77.568761,Complainant reported unauthorized debit transactions from bank account following a fake KYC verification call.
576,110053034202500576,202500576,2025-06-19 14:00:00,9360,3034,1005,1,1,102,1004,2,4008,2025-06-17 22:00:00,2025-06-18 08:00:00,2025-06-19 14:00:00,12.915478,77.575859,A group of individuals assaulted the victim following a minor road rage incident causing grievous injuries.
577,110013003202500577,202500577,2025-11-08 06:00:00,9311,3003,1001,1,1,102,1004,2,4002,2025-11-06 15:00:00,2025-11-06 21:00:00,2025-11-08 06:00:00,12.997726,77.614122,Complainant reported unauthorized debit transactions from bank account following a fake KYC verification call.
578,110023013202500578,202500578,2025-03-28 00:00:00,9290,3013,1002,1,1,101,1002,1,4010,2025-03-27 07:00:00,2025-03-27 14:00:00,2025-03-28 00:00:00,12.935922,77.565639,Complainant reported unauthorized debit transactions from bank account following a fake KYC verification call.
579,110033019202500579,202500579,2025-12-30 19:00:00,9116,3019,1003,1,1,102,1003,3,4014,2025-12-29 16:00:00,2025-12-29 23:00:00,2025-12-30 19:00:00,13.004996,77.593899,Two persons riding a black motorcycle snatched a gold chain from a pedestrian near the bus stand and fled.
580,110053040202500580,202500580,2025-10-16 11:00:00,9113,3040,1005,1,2,103,1005,1,4015,2025-10-15 13:00:00,2025-10-15 15:00:00,2025-10-16 11:00:00,12.86598,77.654003,"Accused intercepted a commercial vehicle on the highway, threatened the driver with sharp weapons, and looted goods."
581,110043031202500581,202500581,2025-03-10 00:00:00,9312,3031,1004,1,1,104,1007,1,4012,2025-03-09 01:00:00,2025-03-09 13:00:00,2025-03-10 00:00:00,13.016579,77.717664,Unknown miscreants broke open the lock of the house during late night hours and stole gold ornaments and cash.
582,110043027202500582,202500582,2025-06-14 21:00:00,9141,3027,1004,1,1,102,1004,3,4003,2025-06-13 10:00:00,2025-06-13 22:00:00,2025-06-14 21:00:00,13.095889,77.607101,A group of individuals assaulted the victim following a minor road rage incident causing grievous injuries.
583,110033018202500583,202500583,2025-04-06 00:00:00,9079,3018,1003,1,2,104,1007,3,4008,2025-04-05 16:00:00,2025-04-06 04:00:00,2025-04-06 00:00:00,13.116062,77.69197,A group of individuals assaulted the victim following a minor road rage incident causing grievous injuries.
584,110053038202500584,202500584,2025-11-11 19:00:00,9180,3038,1005,1,2,103,1005,3,4002,2025-11-11 02:00:00,2025-11-11 06:00:00,2025-11-11 19:00:00,13.048771,77.503371,Unknown miscreants broke open the lock of the house during late night hours and stole gold ornaments and cash.
585,110043030202500585,202500585,2025-03-08 13:00:00,9048,3030,1004,1,2,102,1003,3,4001,2025-03-07 06:00:00,2025-03-07 14:00:00,2025-03-08 13:00:00,12.952991,77.502569,A group of individuals assaulted the victim following a minor road rage incident causing grievous injuries.
586,110023010202500586,202500586,2025-11-12 03:00:00,9224,3010,1002,1,2,102,1003,3,4013,2025-11-11 04:00:00,2025-11-11 08:00:00,2025-11-12 03:00:00,13.030727,77.669909,Two persons riding a black motorcycle snatched a gold chain from a pedestrian near the bus stand and fled.
587,110043026202500587,202500587,2025-05-10 15:00:00,9126,3026,1004,1,1,104,1007,3,4010,2025-05-09 22:00:00,2025-05-10 00:00:00,2025-05-10 15:00:00,12.822916,77.579422,A group of individuals assaulted the victim following a minor road rage incident causing grievous injuries.
588,110023013202500588,202500588,2025-02-04 16:00:00,9362,3013,1002,1,1,102,1004,3,4010,2025-02-03 16:00:00,2025-02-03 18:00:00,2025-02-04 16:00:00,13.103483,77.478279,A group of individuals assaulted the victim following a minor road rage incident causing grievous injuries.
589,110023016202500589,202500589,2025-08-26 21:00:00,9297,3016,1002,1,2,102,1003,2,4003,2025-08-25 14:00:00,2025-08-25 21:00:00,2025-08-26 21:00:00,13.089602,77.465042,Two persons riding a black motorcycle snatched a gold chain from a pedestrian near the bus stand and fled.
590,110023016202500590,202500590,2025-12-02 20:00:00,9185,3016,1002,1,2,102,1003,1,4006,2025-12-02 11:00:00,2025-12-02 21:00:00,2025-12-02 20:00:00,13.090033,77.630536,"Accused intercepted a commercial vehicle on the highway, threatened the driver with sharp weapons, and looted goods."
591,110013008202500591,202500591,2025-10-23 13:00:00,9298,3008,1001,1,2,103,1006,3,4009,2025-10-22 02:00:00,2025-10-22 03:00:00,2025-10-23 13:00:00,12.843433,77.504664,Complainant reported unauthorized debit transactions from bank account following a fake KYC verification call.
592,110013008202600592,202600592,2026-03-20 03:00:00,9171,3008,1001,1,1,101,1001,3,4015,2026-03-19 22:00:00,2026-03-20 01:00:00,2026-03-20 03:00:00,12.960953,77.44666,"Accused intercepted a commercial vehicle on the highway, threatened the driver with sharp weapons, and looted goods."
593,110013007202500593,202500593,2025-12-11 03:00:00,9185,3007,1001,1,2,103,1005,1,4012,2025-12-10 20:00:00,2025-12-11 05:00:00,2025-12-11 03:00:00,13.118308,77.651794,Unknown miscreants broke open the lock of the house during late night hours and stole gold ornaments and cash.
594,110043027202500594,202500594,2025-11-11 14:00:00,9239,3027,1004,1,1,101,1001,1,4014,2025-11-10 07:00:00,2025-11-10 10:00:00,2025-11-11 14:00:00,12.975304,77.604216,Complainant reported unauthorized debit transactions from bank account following a fake KYC verification call.
595,110053037202500595,202500595,2025-02-02 19:00:00,9244,3037,1005,1,2,104,1007,3,4009,2025-02-01 20:00:00,2025-02-02 01:00:00,2025-02-02 19:00:00,13.081439,77.725408,A group of individuals assaulted the victim following a minor road rage incident causing grievous injuries.
596,110043031202500596,202500596,2025-06-30 15:00:00,9191,3031,1004,1,2,103,1005,2,4015,2025-06-29 22:00:00,2025-06-30 02:00:00,2025-06-30 15:00:00,13.067173,77.485845,Complainant reported unauthorized debit transactions from bank account following a fake KYC verification call.
597,110023012202500597,202500597,2025-10-25 04:00:00,9335,3012,1002,1,1,103,1006,2,4011,2025-10-25 02:00:00,2025-10-25 14:00:00,2025-10-25 04:00:00,13.059763,77.638139,Unknown miscreants broke open the lock of the house during late night hours and stole gold ornaments and cash.
598,110013006202500598,202500598,2025-12-29 09:00:00,9350,3006,1001,1,2,102,1003,3,4011,2025-12-28 14:00:00,2025-12-29 00:00:00,2025-12-29 09:00:00,12.842362,77.494649,"Accused intercepted a commercial vehicle on the highway, threatened the driver with sharp weapons, and looted goods."
599,110043029202500599,202500599,2025-03-06 04:00:00,9169,3029,1004,1,2,103,1005,1,4005,2025-03-05 03:00:00,2025-03-05 14:00:00,2025-03-06 04:00:00,13.098524,77.468102,A group of individuals assaulted the victim following a minor road rage incident causing grievous injuries.
600,110033023202500600,202500600,2025-11-07 15:00:00,9045,3023,1003,1,2,104,1007,3,4011,2025-11-05 21:00:00,2025-11-05 23:00:00,2025-11-07 15:00:00,12.90359,77.581789,A group of individuals assaulted the victim following a minor road rage incident causing grievous injuries.
601,110053035202500601,202500601,2025-02-26 22:00:00,9228,3035,1005,1,1,101,1001,3,4001,2025-02-25 00:00:00,2025-02-25 09:00:00,2025-02-26 22:00:00,12.915032,77.644512,Two persons riding a black motorcycle snatched a gold chain from a pedestrian near the bus stand and fled.
602,110023009202500602,202500602,2025-02-22 17:00:00,9234,3009,1002,1,2,102,1003,2,4012,2025-02-22 04:00:00,2025-02-22 06:00:00,2025-02-22 17:00:00,13.045087,77.630454,A group of individuals assaulted the victim following a minor road rage incident causing grievous injuries.
603,110043031202500603,202500603,2025-07-06 08:00:00,9105,3031,1004,1,2,104,1007,2,4007,2025-07-04 19:00:00,2025-07-05 00:00:00,2025-07-06 08:00:00,13.022064,77.72994,A group of individuals assaulted the victim following a minor road rage incident causing grievous injuries.
604,110053039202600604,202600604,2026-03-04 18:00:00,9390,3039,1005,1,2,104,1007,2,4003,2026-03-02 22:00:00,2026-03-03 09:00:00,2026-03-04 18:00:00,12.952329,77.449406,Complainant reported unauthorized debit transactions from bank account following a fake KYC verification call.
605,110043031202500605,202500605,2025-05-20 09:00:00,9223,3031,1004,1,1,103,1005,3,4012,2025-05-18 13:00:00,2025-05-18 17:00:00,2025-05-20 09:00:00,13.086528,77.468592,Unknown miscreants broke open the lock of the house during late night hours and stole gold ornaments and cash.
606,110023011202500606,202500606,2025-10-18 01:00:00,9363,3011,1002,1,1,104,1007,1,4003,2025-10-16 10:00:00,2025-10-16 19:00:00,2025-10-18 01:00:00,12.873725,77.561104,"Accused intercepted a commercial vehicle on the highway, threatened the driver with sharp weapons, and looted goods."
607,110033019202500607,202500607,2025-04-05 09:00:00,9377,3019,1003,1,2,103,1005,3,4015,2025-04-05 06:00:00,2025-04-05 14:00:00,2025-04-05 09:00:00,12.888857,77.623597,"Accused intercepted a commercial vehicle on the highway, threatened the driver with sharp weapons, and looted goods."
608,110043031202600608,202600608,2026-02-12 09:00:00,9035,3031,1004,1,2,104,1007,2,4011,2026-02-10 10:00:00,2026-02-10 16:00:00,2026-02-12 09:00:00,12.926948,77.61793,Complainant reported unauthorized debit transactions from bank account following a fake KYC verification call.
609,110013003202500609,202500609,2025-10-21 06:00:00,9146,3003,1001,1,2,103,1005,1,4003,2025-10-21 02:00:00,2025-10-21 11:00:00,2025-10-21 06:00:00,13.016032,77.484365,Complainant reported unauthorized debit transactions from bank account following a fake KYC verification call.
610,110033017202600610,202600610,2026-01-02 13:00:00,9288,3017,1003,1,1,104,1007,3,4012,2026-01-01 22:00:00,2026-01-02 08:00:00,2026-01-02 13:00:00,12.879241,77.704056,Unknown miscreants broke open the lock of the house during late night hours and stole gold ornaments and cash.
611,110053039202500611,202500611,2025-12-05 18:00:00,9227,3039,1005,1,1,101,1002,3,4007,2025-12-04 07:00:00,2025-12-04 13:00:00,2025-12-05 18:00:00,13.113701,77.575144,Complainant reported unauthorized debit transactions from bank account following a fake KYC verification call.
612,110013006202500612,202500612,2025-06-07 03:00:00,9331,3006,1001,1,2,103,1006,3,4006,2025-06-06 10:00:00,2025-06-06 19:00:00,2025-06-07 03:00:00,13.0148,77.711198,"Accused intercepted a commercial vehicle on the highway, threatened the driver with sharp weapons, and looted goods."
613,110023009202500613,202500613,2025-03-07 15:00:00,9178,3009,1002,1,1,104,1007,2,4002,2025-03-05 19:00:00,2025-03-06 07:00:00,2025-03-07 15:00:00,12.986271,77.495428,"Accused intercepted a commercial vehicle on the highway, threatened the driver with sharp weapons, and looted goods."
614,110033017202500614,202500614,2025-08-30 21:00:00,9338,3017,1003,1,1,102,1003,3,4006,2025-08-30 00:00:00,2025-08-30 09:00:00,2025-08-30 21:00:00,13.05377,77.51211,Unknown miscreants broke open the lock of the house during late night hours and stole gold ornaments and cash.
615,110053040202600615,202600615,2026-02-03 09:00:00,9242,3040,1005,1,1,101,1002,1,4003,2026-02-02 10:00:00,2026-02-02 22:00:00,2026-02-03 09:00:00,12.968021,77.635108,Two persons riding a black motorcycle snatched a gold chain from a pedestrian near the bus stand and fled.
616,110033024202500616,202500616,2025-10-25 00:00:00,9221,3024,1003,1,2,102,1004,1,4012,2025-10-24 12:00:00,2025-10-24 13:00:00,2025-10-25 00:00:00,12.965695,77.514843,Complainant reported unauthorized debit transactions from bank account following a fake KYC verification call.
617,110013001202500617,202500617,2025-06-25 16:00:00,9397,3001,1001,1,1,101,1001,3,4008,2025-06-24 18:00:00,2025-06-24 23:00:00,2025-06-25 16:00:00,13.08589,77.631686,Unknown miscreants broke open the lock of the house during late night hours and stole gold ornaments and cash.
618,110023013202500618,202500618,2025-08-09 20:00:00,9159,3013,1002,1,2,103,1006,3,4014,2025-08-09 07:00:00,2025-08-09 08:00:00,2025-08-09 20:00:00,12.84191,77.52568,A group of individuals assaulted the victim following a minor road rage incident causing grievous injuries.
619,110053035202600619,202600619,2026-01-21 01:00:00,9264,3035,1005,1,2,104,1007,2,4010,2026-01-19 03:00:00,2026-01-19 04:00:00,2026-01-21 01:00:00,13.054465,77.472264,"Accused intercepted a commercial vehicle on the highway, threatened the driver with sharp weapons, and looted goods."
620,110043027202500620,202500620,2025-03-08 00:00:00,9032,3027,1004,1,1,104,1007,1,4014,2025-03-06 03:00:00,2025-03-06 10:00:00,2025-03-08 00:00:00,12.841936,77.505119,A group of individuals assaulted the victim following a minor road rage incident causing grievous injuries.
621,110033024202500621,202500621,2025-02-07 11:00:00,9189,3024,1003,1,1,101,1001,3,4010,2025-02-05 11:00:00,2025-02-05 13:00:00,2025-02-07 11:00:00,12.944853,77.697625,Complainant reported unauthorized debit transactions from bank account following a fake KYC verification call.
622,110023009202500622,202500622,2025-05-14 11:00:00,9336,3009,1002,1,1,104,1007,3,4013,2025-05-14 04:00:00,2025-05-14 13:00:00,2025-05-14 11:00:00,12.948345,77.700592,Two persons riding a black motorcycle snatched a gold chain from a pedestrian near the bus stand and fled.
623,110013006202600623,202600623,2026-03-01 07:00:00,9341,3006,1001,1,2,104,1007,2,4013,2026-02-28 04:00:00,2026-02-28 14:00:00,2026-03-01 07:00:00,13.054744,77.64851,A group of individuals assaulted the victim following a minor road rage incident causing grievous injuries.
624,110033024202500624,202500624,2025-04-14 09:00:00,9012,3024,1003,1,1,101,1002,2,4011,2025-04-12 17:00:00,2025-04-13 03:00:00,2025-04-14 09:00:00,13.097127,77.614706,Two persons riding a black motorcycle snatched a gold chain from a pedestrian near the bus stand and fled.
625,110043032202500625,202500625,2025-06-19 04:00:00,9084,3032,1004,1,2,104,1007,1,4012,2025-06-17 21:00:00,2025-06-18 06:00:00,2025-06-19 04:00:00,12.840732,77.732278,Two persons riding a black motorcycle snatched a gold chain from a pedestrian near the bus stand and fled.
626,110043029202600626,202600626,2026-01-06 01:00:00,9184,3029,1004,1,1,104,1007,1,4004,2026-01-05 19:00:00,2026-01-06 00:00:00,2026-01-06 01:00:00,13.0787,77.619003,A group of individuals assaulted the victim following a minor road rage incident causing grievous injuries.
627,110023011202500627,202500627,2025-01-06 23:00:00,9200,3011,1002,1,2,102,1004,3,4004,2025-01-06 06:00:00,2025-01-06 13:00:00,2025-01-06 23:00:00,12.894345,77.457276,Two persons riding a black motorcycle snatched a gold chain from a pedestrian near the bus stand and fled.
628,110023013202500628,202500628,2025-03-02 22:00:00,9115,3013,1002,1,2,103,1005,2,4003,2025-03-01 09:00:00,2025-03-01 13:00:00,2025-03-02 22:00:00,12.892548,77.73283,Unknown miscreants broke open the lock of the house during late night hours and stole gold ornaments and cash.
629,110053036202500629,202500629,2025-02-27 15:00:00,9172,3036,1005,1,1,104,1007,1,4001,2025-02-25 15:00:00,2025-02-25 16:00:00,2025-02-27 15:00:00,13.114498,77.47222,Unknown miscreants broke open the lock of the house during late night hours and stole gold ornaments and cash.
630,110043027202600630,202600630,2026-02-24 05:00:00,9240,3027,1004,1,2,104,1007,2,4009,2026-02-23 13:00:00,2026-02-23 14:00:00,2026-02-24 05:00:00,13.07486,77.462375,Unknown miscreants broke open the lock of the house during late night hours and stole gold ornaments and cash.
631,110043029202500631,202500631,2025-03-15 13:00:00,9375,3029,1004,1,2,104,1007,2,4012,2025-03-14 19:00:00,2025-03-15 07:00:00,2025-03-15 13:00:00,12.934864,77.663752,Two persons riding a black motorcycle snatched a gold chain from a pedestrian near the bus stand and fled.
632,110043026202500632,202500632,2025-08-12 10:00:00,9230,3026,1004,1,1,102,1004,2,4012,2025-08-12 01:00:00,2025-08-12 07:00:00,2025-08-12 10:00:00,13.068215,77.728596,Two persons riding a black motorcycle snatched a gold chain from a pedestrian near the bus stand and fled.
633,110043029202500633,202500633,2025-05-22 07:00:00,9058,3029,1004,1,2,104,1007,2,4003,2025-05-20 10:00:00,2025-05-20 15:00:00,2025-05-22 07:00:00,12.859314,77.687642,Complainant reported unauthorized debit transactions from bank account following a fake KYC verification call.
634,110053036202500634,202500634,2025-10-28 22:00:00,9096,3036,1005,1,2,104,1007,1,4009,2025-10-28 17:00:00,2025-10-29 04:00:00,2025-10-28 22:00:00,12.937406,77.527442,Complainant reported unauthorized debit transactions from bank account following a fake KYC verification call.
635,110033019202500635,202500635,2025-08-23 07:00:00,9198,3019,1003,1,2,104,1007,2,4013,2025-08-22 16:00:00,2025-08-23 00:00:00,2025-08-23 07:00:00,12.986642,77.574052,Two persons riding a black motorcycle snatched a gold chain from a pedestrian near the bus stand and fled.
636,110043025202500636,202500636,2025-05-27 14:00:00,9130,3025,1004,1,2,101,1001,3,4006,2025-05-26 10:00:00,2025-05-26 15:00:00,2025-05-27 14:00:00,13.034803,77.652836,Complainant reported unauthorized debit transactions from bank account following a fake KYC verification call.
637,110053033202500637,202500637,2025-12-06 03:00:00,9197,3033,1005,1,1,103,1005,2,4005,2025-12-04 22:00:00,2025-12-04 23:00:00,2025-12-06 03:00:00,13.083782,77.560788,Unknown miscreants broke open the lock of the house during late night hours and stole gold ornaments and cash.
638,110013002202500638,202500638,2025-04-15 09:00:00,9074,3002,1001,1,1,101,1002,3,4003,2025-04-13 23:00:00,2025-04-14 10:00:00,2025-04-15 09:00:00,12.96824,77.619605,Two persons riding a black motorcycle snatched a gold chain from a pedestrian near the bus stand and fled.
639,110033022202600639,202600639,2026-02-17 10:00:00,9022,3022,1003,1,1,102,1004,1,4015,2026-02-17 08:00:00,2026-02-17 19:00:00,2026-02-17 10:00:00,12.851152,77.531328,Two persons riding a black motorcycle snatched a gold chain from a pedestrian near the bus stand and fled.
640,110013006202500640,202500640,2025-12-31 07:00:00,9166,3006,1001,1,1,104,1007,3,4008,2025-12-29 23:00:00,2025-12-30 04:00:00,2025-12-31 07:00:00,12.977836,77.466292,Two persons riding a black motorcycle snatched a gold chain from a pedestrian near the bus stand and fled.
641,110053034202500641,202500641,2025-02-23 06:00:00,9355,3034,1005,1,2,104,1007,1,4005,2025-02-22 01:00:00,2025-02-22 07:00:00,2025-02-23 06:00:00,13.028058,77.681889,"Accused intercepted a commercial vehicle on the highway, threatened the driver with sharp weapons, and looted goods."
642,110023012202500642,202500642,2025-05-02 11:00:00,9308,3012,1002,1,1,104,1007,1,4009,2025-05-01 11:00:00,2025-05-01 14:00:00,2025-05-02 11:00:00,12.943917,77.681009,"Accused intercepted a commercial vehicle on the highway, threatened the driver with sharp weapons, and looted goods."
643,110043026202600643,202600643,2026-02-15 06:00:00,9251,3026,1004,1,1,104,1007,1,4015,2026-02-13 19:00:00,2026-02-13 21:00:00,2026-02-15 06:00:00,12.88827,77.630329,"Accused intercepted a commercial vehicle on the highway, threatened the driver with sharp weapons, and looted goods."
644,110043031202500644,202500644,2025-04-12 12:00:00,9272,3031,1004,1,2,104,1007,3,4014,2025-04-11 12:00:00,2025-04-11 13:00:00,2025-04-12 12:00:00,12.983032,77.631631,Two persons riding a black motorcycle snatched a gold chain from a pedestrian near the bus stand and fled.
645,110013005202500645,202500645,2025-01-29 11:00:00,9147,3005,1001,1,1,101,1001,3,4008,2025-01-28 12:00:00,2025-01-28 20:00:00,2025-01-29 11:00:00,12.843914,77.506696,Complainant reported unauthorized debit transactions from bank account following a fake KYC verification call.
646,110023016202500646,202500646,2025-01-30 20:00:00,9185,3016,1002,1,2,104,1007,1,4006,2025-01-29 16:00:00,2025-01-29 19:00:00,2025-01-30 20:00:00,13.040281,77.627967,A group of individuals assaulted the victim following a minor road rage incident causing grievous injuries.
647,110053033202500647,202500647,2025-07-04 09:00:00,9341,3033,1005,1,2,102,1003,1,4009,2025-07-02 10:00:00,2025-07-02 15:00:00,2025-07-04 09:00:00,13.062326,77.486028,"Accused intercepted a commercial vehicle on the highway, threatened the driver with sharp weapons, and looted goods."
648,110033017202500648,202500648,2025-05-29 19:00:00,9399,3017,1003,1,2,102,1004,1,4008,2025-05-29 15:00:00,2025-05-30 03:00:00,2025-05-29 19:00:00,12.916135,77.705198,"Accused intercepted a commercial vehicle on the highway, threatened the driver with sharp weapons, and looted goods."
649,110053037202500649,202500649,2025-01-12 19:00:00,9200,3037,1005,1,2,104,1007,1,4012,2025-01-12 00:00:00,2025-01-12 01:00:00,2025-01-12 19:00:00,13.074017,77.483739,"Accused intercepted a commercial vehicle on the highway, threatened the driver with sharp weapons, and looted goods."
650,110053037202500650,202500650,2025-04-14 14:00:00,9215,3037,1005,1,2,101,1002,3,4015,2025-04-12 17:00:00,2025-04-12 18:00:00,2025-04-14 14:00:00,12.92085,77.667746,Complainant reported unauthorized debit transactions from bank account following a fake KYC verification call.
651,110053035202500651,202500651,2025-06-24 17:00:00,9320,3035,1005,1,1,102,1004,2,4007,2025-06-23 01:00:00,2025-06-23 12:00:00,2025-06-24 17:00:00,12.934249,77.668454,Two persons riding a black motorcycle snatched a gold chain from a pedestrian near the bus stand and fled.
652,110023010202500652,202500652,2025-07-31 06:00:00,9136,3010,1002,1,1,104,1007,1,4010,2025-07-31 04:00:00,2025-07-31 05:00:00,2025-07-31 06:00:00,13.111319,77.485841,Two persons riding a black motorcycle snatched a gold chain from a pedestrian near the bus stand and fled.
653,110013002202500653,202500653,2025-08-10 23:00:00,9396,3002,1001,1,2,102,1004,3,4004,2025-08-09 00:00:00,2025-08-09 05:00:00,2025-08-10 23:00:00,13.079487,77.661087,Unknown miscreants broke open the lock of the house during late night hours and stole gold ornaments and cash.
654,110053039202500654,202500654,2025-04-09 13:00:00,9342,3039,1005,1,1,103,1005,1,4004,2025-04-08 20:00:00,2025-04-09 05:00:00,2025-04-09 13:00:00,13.02683,77.630249,"Accused intercepted a commercial vehicle on the highway, threatened the driver with sharp weapons, and looted goods."
655,110023014202500655,202500655,2025-08-29 23:00:00,9079,3014,1002,1,1,104,1007,3,4001,2025-08-29 05:00:00,2025-08-29 09:00:00,2025-08-29 23:00:00,13.042459,77.531799,A group of individuals assaulted the victim following a minor road rage incident causing grievous injuries.
656,110013006202500656,202500656,2025-02-19 10:00:00,9065,3006,1001,1,2,101,1001,2,4010,2025-02-18 14:00:00,2025-02-18 17:00:00,2025-02-19 10:00:00,12.89545,77.649587,Unknown miscreants broke open the lock of the house during late night hours and stole gold ornaments and cash.
657,110033023202600657,202600657,2026-03-10 11:00:00,9325,3023,1003,1,1,103,1005,2,4001,2026-03-09 11:00:00,2026-03-09 22:00:00,2026-03-10 11:00:00,12.908394,77.718875,"Accused intercepted a commercial vehicle on the highway, threatened the driver with sharp weapons, and looted goods."
658,110053039202500658,202500658,2025-09-12 03:00:00,9124,3039,1005,1,2,102,1004,2,4006,2025-09-11 14:00:00,2025-09-12 00:00:00,2025-09-12 03:00:00,13.097579,77.549611,Unknown miscreants broke open the lock of the house during late night hours and stole gold ornaments and cash.
659,110013008202500659,202500659,2025-08-09 23:00:00,9317,3008,1001,1,2,104,1007,3,4015,2025-08-08 11:00:00,2025-08-08 17:00:00,2025-08-09 23:00:00,13.051674,77.60887,A group of individuals assaulted the victim following a minor road rage incident causing grievous injuries.
660,110043025202600660,202600660,2026-01-13 09:00:00,9374,3025,1004,1,1,101,1002,2,4006,2026-01-12 14:00:00,2026-01-12 20:00:00,2026-01-13 09:00:00,12.90043,77.551724,Unknown miscreants broke open the lock of the house during late night hours and stole gold ornaments and cash.
661,110023012202500661,202500661,2025-06-16 19:00:00,9056,3012,1002,1,2,103,1006,1,4005,2025-06-15 03:00:00,2025-06-15 11:00:00,2025-06-16 19:00:00,12.880417,77.452229,Complainant reported unauthorized debit transactions from bank account following a fake KYC verification call.
662,110043026202600662,202600662,2026-03-13 06:00:00,9397,3026,1004,1,2,101,1002,3,4004,2026-03-12 13:00:00,2026-03-12 20:00:00,2026-03-13 06:00:00,12.960884,77.635211,Two persons riding a black motorcycle snatched a gold chain from a pedestrian near the bus stand and fled.
663,110013007202500663,202500663,2025-06-24 19:00:00,9178,3007,1001,1,1,104,1007,3,4002,2025-06-22 23:00:00,2025-06-23 04:00:00,2025-06-24 19:00:00,13.018926,77.451897,"Accused intercepted a commercial vehicle on the highway, threatened the driver with sharp weapons, and looted goods."
664,110013005202500664,202500664,2025-05-28 10:00:00,9249,3005,1001,1,1,101,1001,3,4006,2025-05-27 20:00:00,2025-05-28 02:00:00,2025-05-28 10:00:00,13.07399,77.685489,Complainant reported unauthorized debit transactions from bank account following a fake KYC verification call.
665,110013004202500665,202500665,2025-08-04 05:00:00,9196,3004,1001,1,1,104,1007,1,4011,2025-08-03 16:00:00,2025-08-03 22:00:00,2025-08-04 05:00:00,12.943168,77.687349,Two persons riding a black motorcycle snatched a gold chain from a pedestrian near the bus stand and fled.
666,110033024202600666,202600666,2026-02-17 07:00:00,9128,3024,1003,1,2,103,1005,2,4007,2026-02-15 08:00:00,2026-02-15 14:00:00,2026-02-17 07:00:00,13.089383,77.486826,A group of individuals assaulted the victim following a minor road rage incident causing grievous injuries.
667,110053040202500667,202500667,2025-02-06 08:00:00,9129,3040,1005,1,1,103,1006,3,4015,2025-02-05 14:00:00,2025-02-05 22:00:00,2025-02-06 08:00:00,13.048747,77.658432,"Accused intercepted a commercial vehicle on the highway, threatened the driver with sharp weapons, and looted goods."
668,110013001202600668,202600668,2026-03-11 02:00:00,9382,3001,1001,1,1,103,1006,2,4002,2026-03-09 02:00:00,2026-03-09 13:00:00,2026-03-11 02:00:00,12.825766,77.677516,"Accused intercepted a commercial vehicle on the highway, threatened the driver with sharp weapons, and looted goods."
669,110023015202500669,202500669,2025-09-16 14:00:00,9130,3015,1002,1,1,104,1007,1,4006,2025-09-15 12:00:00,2025-09-15 19:00:00,2025-09-16 14:00:00,12.968716,77.453883,Unknown miscreants broke open the lock of the house during late night hours and stole gold ornaments and cash.
670,110053034202500670,202500670,2025-11-01 21:00:00,9319,3034,1005,1,2,101,1002,1,4011,2025-11-01 06:00:00,2025-11-01 12:00:00,2025-11-01 21:00:00,12.844741,77.502837,Two persons riding a black motorcycle snatched a gold chain from a pedestrian near the bus stand and fled.
671,110053039202500671,202500671,2025-07-15 15:00:00,9144,3039,1005,1,1,104,1007,2,4004,2025-07-15 06:00:00,2025-07-15 11:00:00,2025-07-15 15:00:00,12.985152,77.449215,Two persons riding a black motorcycle snatched a gold chain from a pedestrian near the bus stand and fled.
672,110033024202500672,202500672,2025-06-09 13:00:00,9096,3024,1003,1,1,102,1003,3,4001,2025-06-07 17:00:00,2025-06-07 23:00:00,2025-06-09 13:00:00,12.944553,77.528878,Complainant reported unauthorized debit transactions from bank account following a fake KYC verification call.
673,110053038202600673,202600673,2026-02-12 16:00:00,9140,3038,1005,1,2,102,1004,3,4013,2026-02-12 07:00:00,2026-02-12 19:00:00,2026-02-12 16:00:00,12.876079,77.741832,A group of individuals assaulted the victim following a minor road rage incident causing grievous injuries.
674,110043027202500674,202500674,2025-07-29 06:00:00,9099,3027,1004,1,2,104,1007,1,4012,2025-07-28 12:00:00,2025-07-28 15:00:00,2025-07-29 06:00:00,13.035661,77.536579,"Accused intercepted a commercial vehicle on the highway, threatened the driver with sharp weapons, and looted goods."
675,110023016202600675,202600675,2026-01-10 07:00:00,9314,3016,1002,1,1,102,1003,3,4015,2026-01-09 13:00:00,2026-01-09 18:00:00,2026-01-10 07:00:00,12.938427,77.555928,Unknown miscreants broke open the lock of the house during late night hours and stole gold ornaments and cash.
676,110043028202500676,202500676,2025-08-05 14:00:00,9308,3028,1004,1,1,103,1005,1,4006,2025-08-04 21:00:00,2025-08-05 03:00:00,2025-08-05 14:00:00,12.832936,77.602403,Unknown miscreants broke open the lock of the house during late night hours and stole gold ornaments and cash.
677,110033019202600677,202600677,2026-01-22 04:00:00,9348,3019,1003,1,1,101,1001,3,4008,2026-01-20 21:00:00,2026-01-21 06:00:00,2026-01-22 04:00:00,12.927624,77.508035,Two persons riding a black motorcycle snatched a gold chain from a pedestrian near the bus stand and fled.
678,110023012202600678,202600678,2026-03-26 05:00:00,9145,3012,1002,1,1,103,1005,1,4006,2026-03-24 08:00:00,2026-03-24 17:00:00,2026-03-26 05:00:00,12.893209,77.547422,Complainant reported unauthorized debit transactions from bank account following a fake KYC verification call.
679,110023012202500679,202500679,2025-06-07 06:00:00,9351,3012,1002,1,2,101,1002,1,4003,2025-06-06 21:00:00,2025-06-07 06:00:00,2025-06-07 06:00:00,13.120116,77.621569,Two persons riding a black motorcycle snatched a gold chain from a pedestrian near the bus stand and fled.
680,110013006202500680,202500680,2025-04-10 01:00:00,9099,3006,1001,1,2,102,1004,1,4004,2025-04-09 18:00:00,2025-04-10 04:00:00,2025-04-10 01:00:00,13.000177,77.670042,"Accused intercepted a commercial vehicle on the highway, threatened the driver with sharp weapons, and looted goods."
681,110023011202500681,202500681,2025-03-12 23:00:00,9284,3011,1002,1,2,104,1007,1,4014,2025-03-11 10:00:00,2025-03-11 14:00:00,2025-03-12 23:00:00,12.962884,77.611755,Complainant reported unauthorized debit transactions from bank account following a fake KYC verification call.
682,110033021202500682,202500682,2025-02-23 08:00:00,9094,3021,1003,1,2,101,1002,3,4005,2025-02-21 14:00:00,2025-02-22 02:00:00,2025-02-23 08:00:00,12.96015,77.612308,Unknown miscreants broke open the lock of the house during late night hours and stole gold ornaments and cash.
683,110033022202500683,202500683,2025-10-28 15:00:00,9307,3022,1003,1,2,104,1007,1,4005,2025-10-27 05:00:00,2025-10-27 08:00:00,2025-10-28 15:00:00,13.069235,77.731855,Complainant reported unauthorized debit transactions from bank account following a fake KYC verification call.
684,110043030202500684,202500684,2025-12-25 19:00:00,9110,3030,1004,1,2,102,1004,2,4002,2025-12-23 19:00:00,2025-12-24 02:00:00,2025-12-25 19:00:00,12.838175,77.677094,Two persons riding a black motorcycle snatched a gold chain from a pedestrian near the bus stand and fled.
685,110023010202500685,202500685,2025-09-11 03:00:00,9261,3010,1002,1,2,101,1002,2,4010,2025-09-10 11:00:00,2025-09-10 20:00:00,2025-09-11 03:00:00,12.849448,77.714893,A group of individuals assaulted the victim following a minor road rage incident causing grievous injuries.
686,110013003202500686,202500686,2025-11-01 07:00:00,9039,3003,1001,1,2,102,1003,1,4014,2025-10-30 16:00:00,2025-10-30 19:00:00,2025-11-01 07:00:00,12.876257,77.642376,"Accused intercepted a commercial vehicle on the highway, threatened the driver with sharp weapons, and looted goods."
687,110043032202500687,202500687,2025-06-23 18:00:00,9292,3032,1004,1,2,104,1007,2,4011,2025-06-22 02:00:00,2025-06-22 10:00:00,2025-06-23 18:00:00,12.899158,77.699846,A group of individuals assaulted the victim following a minor road rage incident causing grievous injuries.
688,110023014202500688,202500688,2025-06-08 20:00:00,9274,3014,1002,1,1,104,1007,2,4010,2025-06-07 00:00:00,2025-06-07 06:00:00,2025-06-08 20:00:00,13.06618,77.469983,Unknown miscreants broke open the lock of the house during late night hours and stole gold ornaments and cash.
689,110023015202500689,202500689,2025-08-02 13:00:00,9367,3015,1002,1,2,101,1002,1,4013,2025-08-01 07:00:00,2025-08-01 10:00:00,2025-08-02 13:00:00,12.858227,77.595443,Two persons riding a black motorcycle snatched a gold chain from a pedestrian near the bus stand and fled.
690,110013001202500690,202500690,2025-03-28 21:00:00,9384,3001,1001,1,1,104,1007,3,4004,2025-03-28 07:00:00,2025-03-28 17:00:00,2025-03-28 21:00:00,12.970536,77.511339,Complainant reported unauthorized debit transactions from bank account following a fake KYC verification call.
691,110033018202500691,202500691,2025-12-20 18:00:00,9113,3018,1003,1,2,101,1001,2,4005,2025-12-19 00:00:00,2025-12-19 12:00:00,2025-12-20 18:00:00,13.111696,77.534035,Complainant reported unauthorized debit transactions from bank account following a fake KYC verification call.
692,110043025202500692,202500692,2025-08-06 20:00:00,9179,3025,1004,1,2,102,1003,1,4005,2025-08-05 20:00:00,2025-08-05 23:00:00,2025-08-06 20:00:00,12.946735,77.552399,A group of individuals assaulted the victim following a minor road rage incident causing grievous injuries.
693,110053036202600693,202600693,2026-03-02 15:00:00,9380,3036,1005,1,2,103,1006,2,4004,2026-03-01 22:00:00,2026-03-01 23:00:00,2026-03-02 15:00:00,13.112802,77.551503,Complainant reported unauthorized debit transactions from bank account following a fake KYC verification call.
694,110053038202600694,202600694,2026-03-30 17:00:00,9132,3038,1005,1,1,101,1001,3,4009,2026-03-29 18:00:00,2026-03-30 05:00:00,2026-03-30 17:00:00,12.963075,77.505348,Two persons riding a black motorcycle snatched a gold chain from a pedestrian near the bus stand and fled.
695,110043029202500695,202500695,2025-04-05 16:00:00,9155,3029,1004,1,2,102,1004,1,4004,2025-04-04 11:00:00,2025-04-04 22:00:00,2025-04-05 16:00:00,12.869018,77.717749,Complainant reported unauthorized debit transactions from bank account following a fake KYC verification call.
696,110023012202500696,202500696,2025-06-27 07:00:00,9291,3012,1002,1,1,101,1001,3,4001,2025-06-26 21:00:00,2025-06-27 06:00:00,2025-06-27 07:00:00,12.859449,77.628464,Unknown miscreants broke open the lock of the house during late night hours and stole gold ornaments and cash.
697,110053037202500697,202500697,2025-01-31 19:00:00,9075,3037,1005,1,2,103,1006,3,4010,2025-01-31 16:00:00,2025-01-31 19:00:00,2025-01-31 19:00:00,13.081741,77.652906,Two persons riding a black motorcycle snatched a gold chain from a pedestrian near the bus stand and fled.
698,110023012202600698,202600698,2026-03-19 22:00:00,9277,3012,1002,1,1,101,1001,2,4009,2026-03-17 23:00:00,2026-03-18 09:00:00,2026-03-19 22:00:00,12.884244,77.527347,A group of individuals assaulted the victim following a minor road rage incident causing grievous injuries.
699,110033024202500699,202500699,2025-09-16 08:00:00,9304,3024,1003,1,1,101,1002,2,4006,2025-09-15 18:00:00,2025-09-16 04:00:00,2025-09-16 08:00:00,12.940243,77.722776,A group of individuals assaulted the victim following a minor road rage incident causing grievous injuries.
700,110023011202500700,202500700,2025-02-01 05:00:00,9232,3011,1002,1,2,104,1007,3,4006,2025-01-31 13:00:00,2025-02-01 00:00:00,2025-02-01 05:00:00,12.985613,77.654714,Unknown miscreants broke open the lock of the house during late night hours and stole gold ornaments and cash.
701,110043031202500701,202500701,2025-09-14 03:00:00,9313,3031,1004,1,1,101,1002,2,4007,2025-09-12 23:00:00,2025-09-13 08:00:00,2025-09-14 03:00:00,12.910581,77.483964,A group of individuals assaulted the victim following a minor road rage incident causing grievous injuries.
702,110043025202500702,202500702,2025-04-28 18:00:00,9337,3025,1004,1,2,103,1006,1,4005,2025-04-28 01:00:00,2025-04-28 11:00:00,2025-04-28 18:00:00,12.871731,77.63338,Two persons riding a black motorcycle snatched a gold chain from a pedestrian near the bus stand and fled.
703,110013007202500703,202500703,2025-11-12 16:00:00,9149,3007,1001,1,2,103,1005,2,4003,2025-11-11 06:00:00,2025-11-11 10:00:00,2025-11-12 16:00:00,12.980864,77.680883,Complainant reported unauthorized debit transactions from bank account following a fake KYC verification call.
704,110023014202500704,202500704,2025-08-29 18:00:00,9326,3014,1002,1,2,103,1005,3,4001,2025-08-28 18:00:00,2025-08-28 21:00:00,2025-08-29 18:00:00,12.863523,77.556578,"Accused intercepted a commercial vehicle on the highway, threatened the driver with sharp weapons, and looted goods."
705,110043025202500705,202500705,2025-05-10 05:00:00,9010,3025,1004,1,1,104,1007,3,4003,2025-05-08 21:00:00,2025-05-09 02:00:00,2025-05-10 05:00:00,13.033414,77.703949,Two persons riding a black motorcycle snatched a gold chain from a pedestrian near the bus stand and fled.
706,110053035202500706,202500706,2025-02-01 05:00:00,9008,3035,1005,1,2,102,1004,2,4011,2025-01-31 23:00:00,2025-02-01 09:00:00,2025-02-01 05:00:00,13.105779,77.51786,Complainant reported unauthorized debit transactions from bank account following a fake KYC verification call.
707,110053036202500707,202500707,2025-04-29 03:00:00,9254,3036,1005,1,1,104,1007,1,4015,2025-04-27 22:00:00,2025-04-28 05:00:00,2025-04-29 03:00:00,12.929829,77.572216,Complainant reported unauthorized debit transactions from bank account following a fake KYC verification call.
708,110023009202500708,202500708,2025-02-08 20:00:00,9342,3009,1002,1,2,102,1003,2,4007,2025-02-08 17:00:00,2025-02-09 05:00:00,2025-02-08 20:00:00,12.838502,77.73921,Two persons riding a black motorcycle snatched a gold chain from a pedestrian near the bus stand and fled.
709,110053035202500709,202500709,2025-12-30 02:00:00,9067,3035,1005,1,2,103,1005,3,4009,2025-12-29 23:00:00,2025-12-30 01:00:00,2025-12-30 02:00:00,12.823028,77.553867,Complainant reported unauthorized debit transactions from bank account following a fake KYC verification call.
710,110053033202500710,202500710,2025-12-08 03:00:00,9030,3033,1005,1,2,101,1001,3,4004,2025-12-07 09:00:00,2025-12-07 14:00:00,2025-12-08 03:00:00,13.014723,77.59704,A group of individuals assaulted the victim following a minor road rage incident causing grievous injuries.
711,110033020202500711,202500711,2025-12-07 17:00:00,9362,3020,1003,1,1,101,1001,3,4002,2025-12-06 14:00:00,2025-12-06 23:00:00,2025-12-07 17:00:00,13.033994,77.54029,A group of individuals assaulted the victim following a minor road rage incident causing grievous injuries.
712,110033021202500712,202500712,2025-04-15 20:00:00,9135,3021,1003,1,2,103,1005,1,4005,2025-04-13 22:00:00,2025-04-14 06:00:00,2025-04-15 20:00:00,12.875795,77.556471,Two persons riding a black motorcycle snatched a gold chain from a pedestrian near the bus stand and fled.
713,110043031202500713,202500713,2025-07-12 16:00:00,9338,3031,1004,1,1,101,1002,3,4012,2025-07-10 18:00:00,2025-07-11 06:00:00,2025-07-12 16:00:00,12.832095,77.669771,Two persons riding a black motorcycle snatched a gold chain from a pedestrian near the bus stand and fled.
714,110043029202500714,202500714,2025-08-11 19:00:00,9379,3029,1004,1,2,101,1002,2,4006,2025-08-10 15:00:00,2025-08-10 22:00:00,2025-08-11 19:00:00,12.931914,77.698084,"Accused intercepted a commercial vehicle on the highway, threatened the driver with sharp weapons, and looted goods."
715,110053040202500715,202500715,2025-03-29 19:00:00,9067,3040,1005,1,2,101,1001,2,4004,2025-03-29 08:00:00,2025-03-29 10:00:00,2025-03-29 19:00:00,12.96651,77.501232,Two persons riding a black motorcycle snatched a gold chain from a pedestrian near the bus stand and fled.
716,110053039202500716,202500716,2025-03-20 19:00:00,9162,3039,1005,1,1,102,1003,3,4003,2025-03-19 07:00:00,2025-03-19 08:00:00,2025-03-20 19:00:00,12.854826,77.534371,Complainant reported unauthorized debit transactions from bank account following a fake KYC verification call.
717,110043027202500717,202500717,2025-12-25 02:00:00,9220,3027,1004,1,1,104,1007,1,4013,2025-12-24 12:00:00,2025-12-24 16:00:00,2025-12-25 02:00:00,12.973944,77.522055,Complainant reported unauthorized debit transactions from bank account following a fake KYC verification call.
718,110013007202500718,202500718,2025-01-29 10:00:00,9380,3007,1001,1,1,101,1001,3,4001,2025-01-27 17:00:00,2025-01-28 00:00:00,2025-01-29 10:00:00,12.842159,77.574954,"Accused intercepted a commercial vehicle on the highway, threatened the driver with sharp weapons, and looted goods."
719,110033023202500719,202500719,2025-02-16 15:00:00,9065,3023,1003,1,1,104,1007,1,4004,2025-02-16 04:00:00,2025-02-16 09:00:00,2025-02-16 15:00:00,13.083333,77.681219,Unknown miscreants broke open the lock of the house during late night hours and stole gold ornaments and cash.
720,110043032202500720,202500720,2025-06-05 04:00:00,9070,3032,1004,1,2,102,1003,3,4001,2025-06-03 15:00:00,2025-06-03 18:00:00,2025-06-05 04:00:00,12.872353,77.448335,A group of individuals assaulted the victim following a minor road rage incident causing grievous injuries.
721,110033019202500721,202500721,2025-09-09 16:00:00,9284,3019,1003,1,2,102,1003,1,4005,2025-09-09 08:00:00,2025-09-09 09:00:00,2025-09-09 16:00:00,12.990952,77.503499,A group of individuals assaulted the victim following a minor road rage incident causing grievous injuries.
722,110013001202600722,202600722,2026-01-09 01:00:00,9356,3001,1001,1,1,102,1004,3,4013,2026-01-07 03:00:00,2026-01-07 07:00:00,2026-01-09 01:00:00,13.041024,77.698364,Complainant reported unauthorized debit transactions from bank account following a fake KYC verification call.
723,110043029202500723,202500723,2025-04-28 01:00:00,9107,3029,1004,1,2,102,1003,1,4004,2025-04-27 12:00:00,2025-04-27 15:00:00,2025-04-28 01:00:00,12.964536,77.522421,Complainant reported unauthorized debit transactions from bank account following a fake KYC verification call.
724,110033020202500724,202500724,2025-05-04 08:00:00,9146,3020,1003,1,2,104,1007,3,4015,2025-05-03 20:00:00,2025-05-03 21:00:00,2025-05-04 08:00:00,12.973525,77.549347,Complainant reported unauthorized debit transactions from bank account following a fake KYC verification call.
725,110023015202600725,202600725,2026-03-31 13:00:00,9136,3015,1002,1,2,104,1007,1,4007,2026-03-31 08:00:00,2026-03-31 12:00:00,2026-03-31 13:00:00,13.064389,77.58487,Unknown miscreants broke open the lock of the house during late night hours and stole gold ornaments and cash.
726,110023009202500726,202500726,2025-06-17 17:00:00,9326,3009,1002,1,2,101,1002,2,4015,2025-06-17 00:00:00,2025-06-17 07:00:00,2025-06-17 17:00:00,13.071752,77.482724,Unknown miscreants broke open the lock of the house during late night hours and stole gold ornaments and cash.
727,110043029202600727,202600727,2026-02-23 14:00:00,9101,3029,1004,1,2,104,1007,3,4013,2026-02-23 03:00:00,2026-02-23 08:00:00,2026-02-23 14:00:00,13.067443,77.687215,A group of individuals assaulted the victim following a minor road rage incident causing grievous injuries.
728,110013004202500728,202500728,2025-06-02 00:00:00,9192,3004,1001,1,2,104,1007,2,4003,2025-06-01 00:00:00,2025-06-01 04:00:00,2025-06-02 00:00:00,13.006974,77.687931,Unknown miscreants broke open the lock of the house during late night hours and stole gold ornaments and cash.
729,110033020202500729,202500729,2025-04-05 10:00:00,9227,3020,1003,1,2,103,1005,3,4010,2025-04-03 12:00:00,2025-04-03 19:00:00,2025-04-05 10:00:00,13.00665,77.520606,A group of individuals assaulted the victim following a minor road rage incident causing grievous injuries.
730,110053038202500730,202500730,2025-08-28 08:00:00,9138,3038,1005,1,1,103,1006,3,4007,2025-08-27 11:00:00,2025-08-27 21:00:00,2025-08-28 08:00:00,12.985844,77.683182,Two persons riding a black motorcycle snatched a gold chain from a pedestrian near the bus stand and fled.
731,110043032202500731,202500731,2025-03-27 04:00:00,9114,3032,1004,1,2,102,1004,3,4009,2025-03-26 13:00:00,2025-03-26 14:00:00,2025-03-27 04:00:00,13.018227,77.709598,"Accused intercepted a commercial vehicle on the highway, threatened the driver with sharp weapons, and looted goods."
732,110043028202600732,202600732,2026-02-21 12:00:00,9239,3028,1004,1,2,104,1007,1,4003,2026-02-20 22:00:00,2026-02-21 06:00:00,2026-02-21 12:00:00,13.05798,77.596656,Complainant reported unauthorized debit transactions from bank account following a fake KYC verification call.
733,110043032202500733,202500733,2025-02-27 16:00:00,9325,3032,1004,1,1,102,1003,2,4001,2025-02-26 11:00:00,2025-02-26 18:00:00,2025-02-27 16:00:00,12.99314,77.608452,"Accused intercepted a commercial vehicle on the highway, threatened the driver with sharp weapons, and looted goods."
734,110053039202500734,202500734,2025-10-16 02:00:00,9264,3039,1005,1,2,102,1004,3,4004,2025-10-15 22:00:00,2025-10-16 07:00:00,2025-10-16 02:00:00,13.069773,77.629987,Two persons riding a black motorcycle snatched a gold chain from a pedestrian near the bus stand and fled.
735,110053035202500735,202500735,2025-07-13 19:00:00,9198,3035,1005,1,2,101,1001,3,4015,2025-07-13 15:00:00,2025-07-13 16:00:00,2025-07-13 19:00:00,12.881253,77.593782,A group of individuals assaulted the victim following a minor road rage incident causing grievous injuries.
736,110033023202500736,202500736,2025-05-27 11:00:00,9210,3023,1003,1,1,104,1007,3,4004,2025-05-27 08:00:00,2025-05-27 12:00:00,2025-05-27 11:00:00,13.035761,77.525269,Complainant reported unauthorized debit transactions from bank account following a fake KYC verification call.
737,110033020202500737,202500737,2025-08-15 05:00:00,9253,3020,1003,1,2,104,1007,1,4007,2025-08-14 10:00:00,2025-08-14 18:00:00,2025-08-15 05:00:00,12.922372,77.593928,Unknown miscreants broke open the lock of the house during late night hours and stole gold ornaments and cash.
738,110053036202500738,202500738,2025-06-25 00:00:00,9087,3036,1005,1,1,103,1006,3,4015,2025-06-23 05:00:00,2025-06-23 07:00:00,2025-06-25 00:00:00,13.046968,77.718763,"Accused intercepted a commercial vehicle on the highway, threatened the driver with sharp weapons, and looted goods."
739,110033022202500739,202500739,2025-04-21 13:00:00,9230,3022,1003,1,1,102,1004,1,4011,2025-04-20 09:00:00,2025-04-20 17:00:00,2025-04-21 13:00:00,13.048475,77.696954,Two persons riding a black motorcycle snatched a gold chain from a pedestrian near the bus stand and fled.
740,110023010202500740,202500740,2025-05-16 07:00:00,9216,3010,1002,1,1,101,1001,2,4015,2025-05-15 23:00:00,2025-05-16 09:00:00,2025-05-16 07:00:00,13.120765,77.594456,Two persons riding a black motorcycle snatched a gold chain from a pedestrian near the bus stand and fled.
741,110053034202500741,202500741,2025-10-20 17:00:00,9135,3034,1005,1,1,101,1001,3,4007,2025-10-20 05:00:00,2025-10-20 11:00:00,2025-10-20 17:00:00,12.971237,77.612748,Two persons riding a black motorcycle snatched a gold chain from a pedestrian near the bus stand and fled.
742,110043032202500742,202500742,2025-11-05 03:00:00,9267,3032,1004,1,2,103,1006,1,4015,2025-11-03 12:00:00,2025-11-03 16:00:00,2025-11-05 03:00:00,12.918661,77.531227,Complainant reported unauthorized debit transactions from bank account following a fake KYC verification call.
743,110043029202500743,202500743,2025-11-13 21:00:00,9379,3029,1004,1,2,103,1005,2,4006,2025-11-11 23:00:00,2025-11-12 01:00:00,2025-11-13 21:00:00,13.057466,77.610913,Unknown miscreants broke open the lock of the house during late night hours and stole gold ornaments and cash.
744,110013005202500744,202500744,2025-08-16 18:00:00,9072,3005,1001,1,2,101,1002,3,4006,2025-08-16 11:00:00,2025-08-16 14:00:00,2025-08-16 18:00:00,13.046431,77.743532,A group of individuals assaulted the victim following a minor road rage incident causing grievous injuries.
745,110033018202500745,202500745,2025-02-17 23:00:00,9199,3018,1003,1,2,102,1004,3,4009,2025-02-17 09:00:00,2025-02-17 20:00:00,2025-02-17 23:00:00,12.888581,77.510534,"Accused intercepted a commercial vehicle on the highway, threatened the driver with sharp weapons, and looted goods."
746,110033017202500746,202500746,2025-07-10 02:00:00,9275,3017,1003,1,2,101,1002,1,4015,2025-07-09 23:00:00,2025-07-10 10:00:00,2025-07-10 02:00:00,13.120358,77.714064,Two persons riding a black motorcycle snatched a gold chain from a pedestrian near the bus stand and fled.
747,110033018202500747,202500747,2025-02-16 18:00:00,9066,3018,1003,1,1,104,1007,3,4003,2025-02-16 08:00:00,2025-02-16 12:00:00,2025-02-16 18:00:00,13.08089,77.560543,Two persons riding a black motorcycle snatched a gold chain from a pedestrian near the bus stand and fled.
748,110053034202500748,202500748,2025-11-23 16:00:00,9186,3034,1005,1,1,102,1004,2,4003,2025-11-22 14:00:00,2025-11-22 20:00:00,2025-11-23 16:00:00,12.924424,77.45537,"Accused intercepted a commercial vehicle on the highway, threatened the driver with sharp weapons, and looted goods."
749,110023015202500749,202500749,2025-05-29 15:00:00,9259,3015,1002,1,1,103,1006,3,4014,2025-05-29 02:00:00,2025-05-29 13:00:00,2025-05-29 15:00:00,13.042533,77.509561,A group of individuals assaulted the victim following a minor road rage incident causing grievous injuries.
750,110013002202500750,202500750,2025-04-15 13:00:00,9153,3002,1001,1,2,104,1007,2,4009,2025-04-14 15:00:00,2025-04-14 16:00:00,2025-04-15 13:00:00,12.863345,77.527696,Complainant reported unauthorized debit transactions from bank account following a fake KYC verification call.
751,110033020202500751,202500751,2025-08-09 13:00:00,9306,3020,1003,1,2,101,1001,1,4001,2025-08-07 20:00:00,2025-08-08 08:00:00,2025-08-09 13:00:00,13.099011,77.698809,Unknown miscreants broke open the lock of the house during late night hours and stole gold ornaments and cash.
752,110053037202500752,202500752,2025-06-14 04:00:00,9359,3037,1005,1,1,104,1007,3,4009,2025-06-13 19:00:00,2025-06-14 04:00:00,2025-06-14 04:00:00,12.825613,77.578574,"Accused intercepted a commercial vehicle on the highway, threatened the driver with sharp weapons, and looted goods."
753,110053035202500753,202500753,2025-10-16 08:00:00,9045,3035,1005,1,2,101,1001,3,4012,2025-10-15 12:00:00,2025-10-15 17:00:00,2025-10-16 08:00:00,13.070905,77.573813,"Accused intercepted a commercial vehicle on the highway, threatened the driver with sharp weapons, and looted goods."
754,110023012202600754,202600754,2026-02-18 22:00:00,9314,3012,1002,1,1,102,1004,1,4004,2026-02-18 07:00:00,2026-02-18 12:00:00,2026-02-18 22:00:00,13.075798,77.727964,Two persons riding a black motorcycle snatched a gold chain from a pedestrian near the bus stand and fled.
755,110043027202500755,202500755,2025-07-05 17:00:00,9274,3027,1004,1,1,103,1005,3,4010,2025-07-04 20:00:00,2025-07-05 01:00:00,2025-07-05 17:00:00,12.86318,77.561458,Unknown miscreants broke open the lock of the house during late night hours and stole gold ornaments and cash.
756,110033018202500756,202500756,2025-06-21 10:00:00,9026,3018,1003,1,2,102,1004,3,4007,2025-06-19 22:00:00,2025-06-20 10:00:00,2025-06-21 10:00:00,13.016716,77.612586,A group of individuals assaulted the victim following a minor road rage incident causing grievous injuries.
757,110043028202500757,202500757,2025-10-19 13:00:00,9353,3028,1004,1,1,101,1001,2,4006,2025-10-17 20:00:00,2025-10-18 00:00:00,2025-10-19 13:00:00,13.025839,77.683246,"Accused intercepted a commercial vehicle on the highway, threatened the driver with sharp weapons, and looted goods."
758,110023014202500758,202500758,2025-09-13 19:00:00,9354,3014,1002,1,1,102,1004,1,4011,2025-09-12 23:00:00,2025-09-13 10:00:00,2025-09-13 19:00:00,12.842501,77.593457,Unknown miscreants broke open the lock of the house during late night hours and stole gold ornaments and cash.
759,110023014202500759,202500759,2025-03-19 10:00:00,9231,3014,1002,1,2,104,1007,3,4010,2025-03-18 13:00:00,2025-03-18 22:00:00,2025-03-19 10:00:00,13.032598,77.533783,Complainant reported unauthorized debit transactions from bank account following a fake KYC verification call.
760,110043030202500760,202500760,2025-01-19 23:00:00,9089,3030,1004,1,2,104,1007,3,4012,2025-01-19 19:00:00,2025-01-20 01:00:00,2025-01-19 23:00:00,12.896316,77.466516,Complainant reported unauthorized debit transactions from bank account following a fake KYC verification call.
761,110033024202500761,202500761,2025-12-21 15:00:00,9169,3024,1003,1,2,103,1006,2,4002,2025-12-19 21:00:00,2025-12-20 08:00:00,2025-12-21 15:00:00,12.907513,77.509103,Unknown miscreants broke open the lock of the house during late night hours and stole gold ornaments and cash.
762,110043027202600762,202600762,2026-02-21 09:00:00,9242,3027,1004,1,1,104,1007,2,4004,2026-02-19 13:00:00,2026-02-19 17:00:00,2026-02-21 09:00:00,12.926453,77.64071,Two persons riding a black motorcycle snatched a gold chain from a pedestrian near the bus stand and fled.
763,110053039202600763,202600763,2026-02-25 01:00:00,9040,3039,1005,1,1,102,1003,2,4014,2026-02-24 04:00:00,2026-02-24 08:00:00,2026-02-25 01:00:00,12.930354,77.540913,"Accused intercepted a commercial vehicle on the highway, threatened the driver with sharp weapons, and looted goods."
764,110013004202500764,202500764,2025-03-16 16:00:00,9157,3004,1001,1,1,101,1002,2,4009,2025-03-16 01:00:00,2025-03-16 09:00:00,2025-03-16 16:00:00,13.084237,77.470324,Two persons riding a black motorcycle snatched a gold chain from a pedestrian near the bus stand and fled.
765,110023009202500765,202500765,2025-04-01 20:00:00,9083,3009,1002,1,2,103,1006,3,4010,2025-03-31 19:00:00,2025-04-01 07:00:00,2025-04-01 20:00:00,13.113515,77.701,Two persons riding a black motorcycle snatched a gold chain from a pedestrian near the bus stand and fled.
766,110023010202500766,202500766,2025-01-12 17:00:00,9070,3010,1002,1,1,101,1001,2,4006,2025-01-11 13:00:00,2025-01-11 16:00:00,2025-01-12 17:00:00,13.067574,77.734757,"Accused intercepted a commercial vehicle on the highway, threatened the driver with sharp weapons, and looted goods."
767,110033024202500767,202500767,2025-11-17 08:00:00,9265,3024,1003,1,2,103,1005,3,4007,2025-11-15 13:00:00,2025-11-15 21:00:00,2025-11-17 08:00:00,12.868047,77.636669,A group of individuals assaulted the victim following a minor road rage incident causing grievous injuries.
768,110013004202500768,202500768,2025-07-04 07:00:00,9047,3004,1001,1,2,101,1002,1,4011,2025-07-03 21:00:00,2025-07-04 07:00:00,2025-07-04 07:00:00,12.875215,77.606959,Two persons riding a black motorcycle snatched a gold chain from a pedestrian near the bus stand and fled.
769,110013002202500769,202500769,2025-01-13 10:00:00,9214,3002,1001,1,1,101,1001,3,4003,2025-01-12 18:00:00,2025-01-13 00:00:00,2025-01-13 10:00:00,13.011407,77.541867,A group of individuals assaulted the victim following a minor road rage incident causing grievous injuries.
770,110043025202500770,202500770,2025-10-30 20:00:00,9106,3025,1004,1,1,101,1001,1,4014,2025-10-28 21:00:00,2025-10-29 03:00:00,2025-10-30 20:00:00,12.92433,77.69887,Two persons riding a black motorcycle snatched a gold chain from a pedestrian near the bus stand and fled.
771,110043031202500771,202500771,2025-09-03 06:00:00,9149,3031,1004,1,1,101,1002,2,4015,2025-09-02 17:00:00,2025-09-02 22:00:00,2025-09-03 06:00:00,12.905195,77.499113,"Accused intercepted a commercial vehicle on the highway, threatened the driver with sharp weapons, and looted goods."
772,110053035202600772,202600772,2026-02-17 04:00:00,9062,3035,1005,1,2,104,1007,3,4009,2026-02-16 18:00:00,2026-02-17 05:00:00,2026-02-17 04:00:00,13.076615,77.605613,Unknown miscreants broke open the lock of the house during late night hours and stole gold ornaments and cash.
773,110023014202500773,202500773,2025-04-02 19:00:00,9386,3014,1002,1,2,103,1005,1,4014,2025-03-31 22:00:00,2025-04-01 09:00:00,2025-04-02 19:00:00,13.080851,77.740493,"Accused intercepted a commercial vehicle on the highway, threatened the driver with sharp weapons, and looted goods."
774,110053035202500774,202500774,2025-11-23 07:00:00,9393,3035,1005,1,1,103,1006,2,4009,2025-11-22 16:00:00,2025-11-22 19:00:00,2025-11-23 07:00:00,12.896217,77.445602,"Accused intercepted a commercial vehicle on the highway, threatened the driver with sharp weapons, and looted goods."
775,110053035202500775,202500775,2025-11-30 01:00:00,9066,3035,1005,1,1,102,1003,1,4013,2025-11-28 10:00:00,2025-11-28 18:00:00,2025-11-30 01:00:00,12.955736,77.688518,"Accused intercepted a commercial vehicle on the highway, threatened the driver with sharp weapons, and looted goods."
776,110033017202500776,202500776,2025-04-27 15:00:00,9213,3017,1003,1,1,104,1007,1,4014,2025-04-26 01:00:00,2025-04-26 07:00:00,2025-04-27 15:00:00,13.033779,77.677623,Complainant reported unauthorized debit transactions from bank account following a fake KYC verification call.
777,110053037202500777,202500777,2025-07-04 12:00:00,9005,3037,1005,1,2,101,1001,3,4003,2025-07-03 08:00:00,2025-07-03 15:00:00,2025-07-04 12:00:00,12.940093,77.573551,Unknown miscreants broke open the lock of the house during late night hours and stole gold ornaments and cash.
778,110013004202500778,202500778,2025-05-10 01:00:00,9027,3004,1001,1,1,104,1007,1,4010,2025-05-08 01:00:00,2025-05-08 04:00:00,2025-05-10 01:00:00,13.055301,77.508693,A group of individuals assaulted the victim following a minor road rage incident causing grievous injuries.
779,110033021202500779,202500779,2025-08-23 10:00:00,9043,3021,1003,1,1,102,1003,3,4007,2025-08-22 07:00:00,2025-08-22 08:00:00,2025-08-23 10:00:00,12.945628,77.534315,Two persons riding a black motorcycle snatched a gold chain from a pedestrian near the bus stand and fled.
780,110053038202500780,202500780,2025-01-10 18:00:00,9243,3038,1005,1,1,101,1002,3,4001,2025-01-08 21:00:00,2025-01-09 07:00:00,2025-01-10 18:00:00,13.060374,77.602685,A group of individuals assaulted the victim following a minor road rage incident causing grievous injuries.
781,110013001202600781,202600781,2026-03-24 12:00:00,9295,3001,1001,1,2,102,1003,1,4002,2026-03-23 17:00:00,2026-03-24 04:00:00,2026-03-24 12:00:00,12.9703,77.465899,Two persons riding a black motorcycle snatched a gold chain from a pedestrian near the bus stand and fled.
782,110053035202500782,202500782,2025-11-14 00:00:00,9018,3035,1005,1,2,101,1001,2,4014,2025-11-13 11:00:00,2025-11-13 23:00:00,2025-11-14 00:00:00,12.834407,77.550589,Unknown miscreants broke open the lock of the house during late night hours and stole gold ornaments and cash.
783,110043026202500783,202500783,2025-04-11 23:00:00,9185,3026,1004,1,1,103,1005,3,4001,2025-04-11 14:00:00,2025-04-12 00:00:00,2025-04-11 23:00:00,12.957902,77.622997,"Accused intercepted a commercial vehicle on the highway, threatened the driver with sharp weapons, and looted goods."
784,110053033202500784,202500784,2025-03-03 06:00:00,9017,3033,1005,1,2,104,1007,2,4007,2025-03-01 12:00:00,2025-03-01 15:00:00,2025-03-03 06:00:00,12.869744,77.569676,Complainant reported unauthorized debit transactions from bank account following a fake KYC verification call.
785,110023014202500785,202500785,2025-11-07 23:00:00,9391,3014,1002,1,1,102,1004,3,4012,2025-11-07 02:00:00,2025-11-07 07:00:00,2025-11-07 23:00:00,12.923489,77.446893,A group of individuals assaulted the victim following a minor road rage incident causing grievous injuries.
786,110033018202500786,202500786,2025-07-30 23:00:00,9292,3018,1003,1,2,103,1006,2,4005,2025-07-29 12:00:00,2025-07-29 17:00:00,2025-07-30 23:00:00,12.927414,77.497582,Unknown miscreants broke open the lock of the house during late night hours and stole gold ornaments and cash.
787,110013004202600787,202600787,2026-01-13 23:00:00,9331,3004,1001,1,1,103,1006,2,4009,2026-01-12 12:00:00,2026-01-12 19:00:00,2026-01-13 23:00:00,12.956137,77.575144,Two persons riding a black motorcycle snatched a gold chain from a pedestrian near the bus stand and fled.
788,110043030202500788,202500788,2025-06-09 08:00:00,9007,3030,1004,1,2,102,1004,3,4008,2025-06-08 14:00:00,2025-06-09 01:00:00,2025-06-09 08:00:00,12.869082,77.501365,Unknown miscreants broke open the lock of the house during late night hours and stole gold ornaments and cash.
789,110033024202500789,202500789,2025-11-24 21:00:00,9355,3024,1003,1,1,103,1006,3,4007,2025-11-23 13:00:00,2025-11-23 18:00:00,2025-11-24 21:00:00,12.926986,77.501702,"Accused intercepted a commercial vehicle on the highway, threatened the driver with sharp weapons, and looted goods."
790,110033017202600790,202600790,2026-02-10 23:00:00,9263,3017,1003,1,2,103,1006,3,4012,2026-02-09 15:00:00,2026-02-09 20:00:00,2026-02-10 23:00:00,12.960136,77.723392,A group of individuals assaulted the victim following a minor road rage incident causing grievous injuries.
791,110033021202500791,202500791,2025-04-18 18:00:00,9016,3021,1003,1,1,102,1003,3,4011,2025-04-17 18:00:00,2025-04-18 00:00:00,2025-04-18 18:00:00,12.973498,77.505523,A group of individuals assaulted the victim following a minor road rage incident causing grievous injuries.
792,110043031202500792,202500792,2025-05-24 21:00:00,9315,3031,1004,1,1,103,1006,3,4004,2025-05-24 15:00:00,2025-05-25 01:00:00,2025-05-24 21:00:00,13.006002,77.507485,Unknown miscreants broke open the lock of the house during late night hours and stole gold ornaments and cash.
793,110043029202500793,202500793,2025-07-27 04:00:00,9309,3029,1004,1,1,103,1005,3,4001,2025-07-25 20:00:00,2025-07-25 23:00:00,2025-07-27 04:00:00,13.065009,77.73112,"Accused intercepted a commercial vehicle on the highway, threatened the driver with sharp weapons, and looted goods."
794,110013002202500794,202500794,2025-07-27 09:00:00,9188,3002,1001,1,2,101,1002,1,4007,2025-07-26 22:00:00,2025-07-27 04:00:00,2025-07-27 09:00:00,12.94252,77.479433,A group of individuals assaulted the victim following a minor road rage incident causing grievous injuries.
795,110033024202500795,202500795,2025-01-03 04:00:00,9196,3024,1003,1,1,104,1007,1,4010,2025-01-02 09:00:00,2025-01-02 19:00:00,2025-01-03 04:00:00,13.045525,77.54345,A group of individuals assaulted the victim following a minor road rage incident causing grievous injuries.
796,110033017202500796,202500796,2025-09-07 18:00:00,9290,3017,1003,1,2,104,1007,1,4003,2025-09-05 18:00:00,2025-09-05 19:00:00,2025-09-07 18:00:00,12.942935,77.495505,Complainant reported unauthorized debit transactions from bank account following a fake KYC verification call.
797,110013006202500797,202500797,2025-06-01 03:00:00,9286,3006,1001,1,2,103,1005,2,4015,2025-05-30 23:00:00,2025-05-31 02:00:00,2025-06-01 03:00:00,13.05813,77.66955,Complainant reported unauthorized debit transactions from bank account following a fake KYC verification call.
798,110053040202500798,202500798,2025-02-28 21:00:00,9342,3040,1005,1,2,101,1002,1,4006,2025-02-28 04:00:00,2025-02-28 16:00:00,2025-02-28 21:00:00,13.030461,77.525231,Two persons riding a black motorcycle snatched a gold chain from a pedestrian near the bus stand and fled.
799,110043025202500799,202500799,2025-06-12 08:00:00,9025,3025,1004,1,1,101,1002,1,4014,2025-06-11 08:00:00,2025-06-11 20:00:00,2025-06-12 08:00:00,12.929123,77.521282,Two persons riding a black motorcycle snatched a gold chain from a pedestrian near the bus stand and fled.
800,110023016202500800,202500800,2025-06-24 01:00:00,9360,3016,1002,1,1,101,1001,2,4012,2025-06-23 17:00:00,2025-06-23 18:00:00,2025-06-24 01:00:00,13.018482,77.61011,Complainant reported unauthorized debit transactions from bank account following a fake KYC verification call.
801,110013006202500801,202500801,2025-02-23 04:00:00,9054,3006,1001,1,1,104,1007,2,4015,2025-02-22 05:00:00,2025-02-22 07:00:00,2025-02-23 04:00:00,12.962712,77.706598,Unknown miscreants broke open the lock of the house during late night hours and stole gold ornaments and cash.
802,110043030202500802,202500802,2025-04-13 21:00:00,9225,3030,1004,1,1,104,1007,2,4007,2025-04-12 17:00:00,2025-04-13 01:00:00,2025-04-13 21:00:00,13.07712,77.729791,A group of individuals assaulted the victim following a minor road rage incident causing grievous injuries.
803,110033018202600803,202600803,2026-03-11 16:00:00,9065,3018,1003,1,1,101,1001,3,4006,2026-03-11 08:00:00,2026-03-11 18:00:00,2026-03-11 16:00:00,12.861458,77.670196,"Accused intercepted a commercial vehicle on the highway, threatened the driver with sharp weapons, and looted goods."
804,110023009202500804,202500804,2025-09-17 12:00:00,9066,3009,1002,1,1,101,1002,1,4013,2025-09-16 19:00:00,2025-09-17 05:00:00,2025-09-17 12:00:00,13.010593,77.7156,A group of individuals assaulted the victim following a minor road rage incident causing grievous injuries.
805,110023011202500805,202500805,2025-02-19 23:00:00,9391,3011,1002,1,2,104,1007,2,4005,2025-02-19 11:00:00,2025-02-19 21:00:00,2025-02-19 23:00:00,12.850581,77.577791,Unknown miscreants broke open the lock of the house during late night hours and stole gold ornaments and cash.
806,110023012202500806,202500806,2025-07-07 20:00:00,9256,3012,1002,1,1,104,1007,1,4004,2025-07-06 04:00:00,2025-07-06 11:00:00,2025-07-07 20:00:00,12.995421,77.574457,Complainant reported unauthorized debit transactions from bank account following a fake KYC verification call.
807,110023010202500807,202500807,2025-11-16 04:00:00,9141,3010,1002,1,1,101,1001,3,4007,2025-11-15 11:00:00,2025-11-15 19:00:00,2025-11-16 04:00:00,12.902666,77.656208,"Accused intercepted a commercial vehicle on the highway, threatened the driver with sharp weapons, and looted goods."
808,110013004202500808,202500808,2025-11-19 15:00:00,9031,3004,1001,1,2,103,1006,2,4008,2025-11-17 18:00:00,2025-11-18 04:00:00,2025-11-19 15:00:00,12.831569,77.46643,Complainant reported unauthorized debit transactions from bank account following a fake KYC verification call.
809,110043028202600809,202600809,2026-02-09 13:00:00,9035,3028,1004,1,2,102,1003,2,4001,2026-02-07 21:00:00,2026-02-08 03:00:00,2026-02-09 13:00:00,13.054885,77.709941,"Accused intercepted a commercial vehicle on the highway, threatened the driver with sharp weapons, and looted goods."
810,110013001202500810,202500810,2025-12-06 23:00:00,9225,3001,1001,1,2,102,1003,1,4007,2025-12-05 15:00:00,2025-12-05 20:00:00,2025-12-06 23:00:00,12.889855,77.622137,Two persons riding a black motorcycle snatched a gold chain from a pedestrian near the bus stand and fled.
811,110033024202500811,202500811,2025-03-17 07:00:00,9097,3024,1003,1,2,101,1002,2,4014,2025-03-15 08:00:00,2025-03-15 17:00:00,2025-03-17 07:00:00,12.917148,77.715579,Complainant reported unauthorized debit transactions from bank account following a fake KYC verification call.
812,110053037202500812,202500812,2025-12-08 09:00:00,9251,3037,1005,1,2,103,1005,2,4005,2025-12-06 21:00:00,2025-12-07 01:00:00,2025-12-08 09:00:00,13.022725,77.591029,Unknown miscreants broke open the lock of the house during late night hours and stole gold ornaments and cash.
813,110033021202500813,202500813,2025-12-13 12:00:00,9037,3021,1003,1,2,103,1005,1,4013,2025-12-12 17:00:00,2025-12-13 05:00:00,2025-12-13 12:00:00,12.898746,77.557518,Unknown miscreants broke open the lock of the house during late night hours and stole gold ornaments and cash.
814,110023010202500814,202500814,2025-04-21 02:00:00,9391,3010,1002,1,1,103,1006,1,4007,2025-04-20 05:00:00,2025-04-20 08:00:00,2025-04-21 02:00:00,13.052035,77.733483,A group of individuals assaulted the victim following a minor road rage incident causing grievous injuries.
815,110053033202500815,202500815,2025-05-09 08:00:00,9138,3033,1005,1,1,101,1001,1,4002,2025-05-09 05:00:00,2025-05-09 15:00:00,2025-05-09 08:00:00,13.028836,77.691642,A group of individuals assaulted the victim following a minor road rage incident causing grievous injuries.
816,110013003202500816,202500816,2025-11-16 06:00:00,9347,3003,1001,1,2,102,1003,3,4010,2025-11-16 04:00:00,2025-11-16 15:00:00,2025-11-16 06:00:00,13.060543,77.553097,Complainant reported unauthorized debit transactions from bank account following a fake KYC verification call.
817,110033017202500817,202500817,2025-01-08 19:00:00,9388,3017,1003,1,2,101,1002,3,4009,2025-01-07 14:00:00,2025-01-07 19:00:00,2025-01-08 19:00:00,12.901763,77.458335,"Accused intercepted a commercial vehicle on the highway, threatened the driver with sharp weapons, and looted goods."
818,110023013202500818,202500818,2025-09-24 03:00:00,9354,3013,1002,1,2,103,1005,3,4003,2025-09-23 03:00:00,2025-09-23 11:00:00,2025-09-24 03:00:00,12.950549,77.734363,Complainant reported unauthorized debit transactions from bank account following a fake KYC verification call.
819,110013004202500819,202500819,2025-10-04 11:00:00,9063,3004,1001,1,2,101,1001,3,4014,2025-10-03 22:00:00,2025-10-04 03:00:00,2025-10-04 11:00:00,13.050142,77.444735,Two persons riding a black motorcycle snatched a gold chain from a pedestrian near the bus stand and fled.
820,110013002202500820,202500820,2025-06-23 21:00:00,9392,3002,1001,1,2,104,1007,1,4006,2025-06-23 07:00:00,2025-06-23 14:00:00,2025-06-23 21:00:00,12.998677,77.610821,A group of individuals assaulted the victim following a minor road rage incident causing grievous injuries.
821,110033024202500821,202500821,2025-04-13 12:00:00,9176,3024,1003,1,2,103,1006,1,4012,2025-04-11 17:00:00,2025-04-12 00:00:00,2025-04-13 12:00:00,13.067722,77.56582,Unknown miscreants broke open the lock of the house during late night hours and stole gold ornaments and cash.
822,110023014202500822,202500822,2025-08-10 08:00:00,9374,3014,1002,1,2,102,1004,2,4005,2025-08-09 10:00:00,2025-08-09 22:00:00,2025-08-10 08:00:00,12.980883,77.557762,A group of individuals assaulted the victim following a minor road rage incident causing grievous injuries.
823,110033022202500823,202500823,2025-04-24 19:00:00,9269,3022,1003,1,1,103,1005,3,4009,2025-04-24 15:00:00,2025-04-24 18:00:00,2025-04-24 19:00:00,13.09471,77.481479,Complainant reported unauthorized debit transactions from bank account following a fake KYC verification call.
824,110013006202600824,202600824,2026-02-17 09:00:00,9318,3006,1001,1,1,103,1005,1,4001,2026-02-17 04:00:00,2026-02-17 08:00:00,2026-02-17 09:00:00,12.825153,77.503299,A group of individuals assaulted the victim following a minor road rage incident causing grievous injuries.
825,110013003202500825,202500825,2025-04-10 19:00:00,9060,3003,1001,1,1,102,1003,3,4010,2025-04-08 20:00:00,2025-04-08 23:00:00,2025-04-10 19:00:00,12.840057,77.46685,"Accused intercepted a commercial vehicle on the highway, threatened the driver with sharp weapons, and looted goods."
826,110033021202500826,202500826,2025-12-27 10:00:00,9153,3021,1003,1,2,101,1001,1,4007,2025-12-25 14:00:00,2025-12-25 20:00:00,2025-12-27 10:00:00,13.10203,77.602251,Complainant reported unauthorized debit transactions from bank account following a fake KYC verification call.
827,110013005202500827,202500827,2025-05-24 08:00:00,9356,3005,1001,1,2,103,1005,3,4014,2025-05-24 01:00:00,2025-05-24 12:00:00,2025-05-24 08:00:00,12.850492,77.742494,"Accused intercepted a commercial vehicle on the highway, threatened the driver with sharp weapons, and looted goods."
828,110023011202600828,202600828,2026-03-27 23:00:00,9074,3011,1002,1,1,102,1003,3,4010,2026-03-27 05:00:00,2026-03-27 08:00:00,2026-03-27 23:00:00,13.03179,77.471542,Two persons riding a black motorcycle snatched a gold chain from a pedestrian near the bus stand and fled.
829,110023014202500829,202500829,2025-01-08 19:00:00,9142,3014,1002,1,1,103,1005,3,4010,2025-01-07 13:00:00,2025-01-07 21:00:00,2025-01-08 19:00:00,13.053689,77.462365,A group of individuals assaulted the victim following a minor road rage incident causing grievous injuries.
830,110023016202500830,202500830,2025-09-23 02:00:00,9263,3016,1002,1,1,101,1002,3,4010,2025-09-22 12:00:00,2025-09-22 14:00:00,2025-09-23 02:00:00,13.114081,77.521316,A group of individuals assaulted the victim following a minor road rage incident causing grievous injuries.
831,110033023202500831,202500831,2025-05-09 16:00:00,9349,3023,1003,1,2,103,1005,1,4007,2025-05-08 06:00:00,2025-05-08 16:00:00,2025-05-09 16:00:00,13.007554,77.635862,Two persons riding a black motorcycle snatched a gold chain from a pedestrian near the bus stand and fled.
832,110013003202500832,202500832,2025-10-02 11:00:00,9189,3003,1001,1,1,103,1006,1,4005,2025-09-30 16:00:00,2025-09-30 22:00:00,2025-10-02 11:00:00,13.021097,77.686201,Two persons riding a black motorcycle snatched a gold chain from a pedestrian near the bus stand and fled.
833,110043031202500833,202500833,2025-11-05 18:00:00,9029,3031,1004,1,1,103,1005,1,4010,2025-11-04 06:00:00,2025-11-04 12:00:00,2025-11-05 18:00:00,12.837379,77.506268,Complainant reported unauthorized debit transactions from bank account following a fake KYC verification call.
834,110053039202500834,202500834,2025-05-24 07:00:00,9141,3039,1005,1,2,102,1004,3,4002,2025-05-22 11:00:00,2025-05-22 22:00:00,2025-05-24 07:00:00,12.952811,77.589694,Two persons riding a black motorcycle snatched a gold chain from a pedestrian near the bus stand and fled.
835,110013008202600835,202600835,2026-03-28 01:00:00,9385,3008,1001,1,2,104,1007,2,4015,2026-03-26 14:00:00,2026-03-27 02:00:00,2026-03-28 01:00:00,13.039953,77.627864,Unknown miscreants broke open the lock of the house during late night hours and stole gold ornaments and cash.
836,110013004202600836,202600836,2026-03-14 07:00:00,9307,3004,1001,1,1,102,1003,2,4012,2026-03-13 15:00:00,2026-03-13 17:00:00,2026-03-14 07:00:00,12.991632,77.547073,Unknown miscreants broke open the lock of the house during late night hours and stole gold ornaments and cash.
837,110053039202500837,202500837,2025-06-25 14:00:00,9231,3039,1005,1,1,104,1007,2,4007,2025-06-25 05:00:00,2025-06-25 13:00:00,2025-06-25 14:00:00,12.8676,77.557599,A group of individuals assaulted the victim following a minor road rage incident causing grievous injuries.
838,110013003202500838,202500838,2025-05-01 15:00:00,9034,3003,1001,1,2,102,1003,1,4006,2025-04-29 20:00:00,2025-04-30 05:00:00,2025-05-01 15:00:00,12.855977,77.552502,A group of individuals assaulted the victim following a minor road rage incident causing grievous injuries.
839,110023013202500839,202500839,2025-05-18 17:00:00,9048,3013,1002,1,1,101,1001,3,4003,2025-05-17 05:00:00,2025-05-17 10:00:00,2025-05-18 17:00:00,13.005152,77.513532,Unknown miscreants broke open the lock of the house during late night hours and stole gold ornaments and cash.
840,110023015202500840,202500840,2025-08-24 13:00:00,9217,3015,1002,1,2,104,1007,1,4003,2025-08-23 09:00:00,2025-08-23 12:00:00,2025-08-24 13:00:00,12.858508,77.51432,Complainant reported unauthorized debit transactions from bank account following a fake KYC verification call.
841,110043031202500841,202500841,2025-10-05 03:00:00,9029,3031,1004,1,2,103,1005,2,4015,2025-10-04 23:00:00,2025-10-05 02:00:00,2025-10-05 03:00:00,12.866089,77.480568,A group of individuals assaulted the victim following a minor road rage incident causing grievous injuries.
842,110043027202600842,202600842,2026-02-09 00:00:00,9072,3027,1004,1,2,101,1001,1,4015,2026-02-07 12:00:00,2026-02-07 22:00:00,2026-02-09 00:00:00,12.837789,77.712494,Unknown miscreants broke open the lock of the house during late night hours and stole gold ornaments and cash.
843,110013001202500843,202500843,2025-01-12 23:00:00,9153,3001,1001,1,1,101,1001,3,4001,2025-01-11 21:00:00,2025-01-12 03:00:00,2025-01-12 23:00:00,12.986846,77.598809,Unknown miscreants broke open the lock of the house during late night hours and stole gold ornaments and cash.
844,110043032202500844,202500844,2025-03-16 09:00:00,9138,3032,1004,1,1,101,1002,3,4002,2025-03-14 17:00:00,2025-03-15 02:00:00,2025-03-16 09:00:00,12.98459,77.740712,Unknown miscreants broke open the lock of the house during late night hours and stole gold ornaments and cash.
845,110033017202600845,202600845,2026-02-23 02:00:00,9265,3017,1003,1,1,102,1004,2,4007,2026-02-21 14:00:00,2026-02-21 18:00:00,2026-02-23 02:00:00,13.078074,77.479283,"Accused intercepted a commercial vehicle on the highway, threatened the driver with sharp weapons, and looted goods."
846,110013001202500846,202500846,2025-06-23 04:00:00,9022,3001,1001,1,2,101,1001,3,4005,2025-06-21 20:00:00,2025-06-21 22:00:00,2025-06-23 04:00:00,12.847266,77.689789,Unknown miscreants broke open the lock of the house during late night hours and stole gold ornaments and cash.
847,110033017202500847,202500847,2025-07-06 21:00:00,9200,3017,1003,1,2,103,1006,3,4010,2025-07-05 23:00:00,2025-07-06 05:00:00,2025-07-06 21:00:00,12.920238,77.669713,Unknown miscreants broke open the lock of the house during late night hours and stole gold ornaments and cash.
848,110053037202500848,202500848,2025-02-24 20:00:00,9141,3037,1005,1,1,103,1005,2,4007,2025-02-23 03:00:00,2025-02-23 14:00:00,2025-02-24 20:00:00,12.960473,77.632059,Two persons riding a black motorcycle snatched a gold chain from a pedestrian near the bus stand and fled.
849,110043028202500849,202500849,2025-03-18 07:00:00,9252,3028,1004,1,1,104,1007,3,4008,2025-03-16 16:00:00,2025-03-16 21:00:00,2025-03-18 07:00:00,13.035695,77.550353,A group of individuals assaulted the victim following a minor road rage incident causing grievous injuries.
850,110053039202600850,202600850,2026-02-17 10:00:00,9098,3039,1005,1,2,104,1007,2,4004,2026-02-17 07:00:00,2026-02-17 10:00:00,2026-02-17 10:00:00,12.93085,77.654461,Complainant reported unauthorized debit transactions from bank account following a fake KYC verification call.
851,110043032202500851,202500851,2025-08-10 20:00:00,9051,3032,1004,1,2,104,1007,3,4005,2025-08-10 03:00:00,2025-08-10 10:00:00,2025-08-10 20:00:00,12.872218,77.663702,A group of individuals assaulted the victim following a minor road rage incident causing grievous injuries.
852,110043029202600852,202600852,2026-03-30 05:00:00,9349,3029,1004,1,2,101,1002,1,4014,2026-03-29 02:00:00,2026-03-29 04:00:00,2026-03-30 05:00:00,13.099066,77.544424,A group of individuals assaulted the victim following a minor road rage incident causing grievous injuries.
853,110053035202500853,202500853,2025-10-23 08:00:00,9232,3035,1005,1,2,102,1003,1,4005,2025-10-22 06:00:00,2025-10-22 08:00:00,2025-10-23 08:00:00,12.978998,77.609899,"Accused intercepted a commercial vehicle on the highway, threatened the driver with sharp weapons, and looted goods."
854,110023009202500854,202500854,2025-06-12 05:00:00,9354,3009,1002,1,2,104,1007,2,4002,2025-06-11 03:00:00,2025-06-11 13:00:00,2025-06-12 05:00:00,13.041843,77.646616,Unknown miscreants broke open the lock of the house during late night hours and stole gold ornaments and cash.
855,110033022202500855,202500855,2025-06-02 11:00:00,9278,3022,1003,1,1,102,1004,2,4012,2025-06-02 09:00:00,2025-06-02 14:00:00,2025-06-02 11:00:00,12.906792,77.710591,A group of individuals assaulted the victim following a minor road rage incident causing grievous injuries.
856,110043030202600856,202600856,2026-01-20 08:00:00,9330,3030,1004,1,1,101,1002,2,4006,2026-01-18 18:00:00,2026-01-19 04:00:00,2026-01-20 08:00:00,13.118851,77.715447,Complainant reported unauthorized debit transactions from bank account following a fake KYC verification call.
857,110023009202500857,202500857,2025-04-22 14:00:00,9346,3009,1002,1,2,103,1005,2,4004,2025-04-20 20:00:00,2025-04-21 01:00:00,2025-04-22 14:00:00,13.008803,77.734399,A group of individuals assaulted the victim following a minor road rage incident causing grievous injuries.
858,110053040202600858,202600858,2026-03-18 15:00:00,9071,3040,1005,1,1,103,1005,2,4002,2026-03-18 06:00:00,2026-03-18 13:00:00,2026-03-18 15:00:00,12.943636,77.519044,Two persons riding a black motorcycle snatched a gold chain from a pedestrian near the bus stand and fled.
859,110013005202500859,202500859,2025-07-26 13:00:00,9086,3005,1001,1,2,103,1005,3,4001,2025-07-26 06:00:00,2025-07-26 10:00:00,2025-07-26 13:00:00,12.962297,77.495209,Two persons riding a black motorcycle snatched a gold chain from a pedestrian near the bus stand and fled.
860,110013004202600860,202600860,2026-03-10 15:00:00,9320,3004,1001,1,2,103,1006,3,4014,2026-03-09 15:00:00,2026-03-10 00:00:00,2026-03-10 15:00:00,13.049915,77.445689,Two persons riding a black motorcycle snatched a gold chain from a pedestrian near the bus stand and fled.
861,110043028202500861,202500861,2025-12-31 06:00:00,9280,3028,1004,1,2,104,1007,1,4001,2025-12-30 14:00:00,2025-12-30 21:00:00,2025-12-31 06:00:00,12.931991,77.451758,Unknown miscreants broke open the lock of the house during late night hours and stole gold ornaments and cash.
862,110033018202500862,202500862,2025-04-25 20:00:00,9349,3018,1003,1,2,103,1005,3,4012,2025-04-24 05:00:00,2025-04-24 09:00:00,2025-04-25 20:00:00,12.93747,77.538311,Complainant reported unauthorized debit transactions from bank account following a fake KYC verification call.
863,110053034202500863,202500863,2025-03-04 08:00:00,9086,3034,1005,1,1,102,1004,1,4008,2025-03-02 23:00:00,2025-03-03 05:00:00,2025-03-04 08:00:00,12.878314,77.709621,Two persons riding a black motorcycle snatched a gold chain from a pedestrian near the bus stand and fled.
864,110023012202500864,202500864,2025-02-11 20:00:00,9220,3012,1002,1,2,101,1001,3,4002,2025-02-11 04:00:00,2025-02-11 15:00:00,2025-02-11 20:00:00,13.069062,77.508678,Two persons riding a black motorcycle snatched a gold chain from a pedestrian near the bus stand and fled.
865,110023009202600865,202600865,2026-03-01 17:00:00,9363,3009,1002,1,1,101,1002,1,4014,2026-03-01 08:00:00,2026-03-01 11:00:00,2026-03-01 17:00:00,12.833413,77.550627,Unknown miscreants broke open the lock of the house during late night hours and stole gold ornaments and cash.
866,110013003202500866,202500866,2025-04-28 02:00:00,9127,3003,1001,1,2,101,1001,1,4011,2025-04-27 07:00:00,2025-04-27 09:00:00,2025-04-28 02:00:00,12.872563,77.618953,"Accused intercepted a commercial vehicle on the highway, threatened the driver with sharp weapons, and looted goods."
867,110013003202600867,202600867,2026-02-17 01:00:00,9308,3003,1001,1,2,101,1001,1,4003,2026-02-16 20:00:00,2026-02-17 06:00:00,2026-02-17 01:00:00,12.928356,77.474447,Two persons riding a black motorcycle snatched a gold chain from a pedestrian near the bus stand and fled.
868,110033017202500868,202500868,2025-12-14 06:00:00,9263,3017,1003,1,2,104,1007,3,4002,2025-12-12 07:00:00,2025-12-12 15:00:00,2025-12-14 06:00:00,13.061388,77.459695,"Accused intercepted a commercial vehicle on the highway, threatened the driver with sharp weapons, and looted goods."
869,110033020202500869,202500869,2025-05-22 19:00:00,9107,3020,1003,1,2,102,1003,2,4008,2025-05-21 01:00:00,2025-05-21 07:00:00,2025-05-22 19:00:00,13.104073,77.492008,Unknown miscreants broke open the lock of the house during late night hours and stole gold ornaments and cash.
870,110013001202500870,202500870,2025-12-15 06:00:00,9324,3001,1001,1,2,103,1006,1,4001,2025-12-13 21:00:00,2025-12-14 09:00:00,2025-12-15 06:00:00,12.836669,77.566138,A group of individuals assaulted the victim following a minor road rage incident causing grievous injuries.
871,110013002202500871,202500871,2025-07-02 17:00:00,9330,3002,1001,1,1,104,1007,1,4004,2025-07-02 04:00:00,2025-07-02 09:00:00,2025-07-02 17:00:00,12.858855,77.474578,A group of individuals assaulted the victim following a minor road rage incident causing grievous injuries.
872,110033022202500872,202500872,2025-08-15 17:00:00,9185,3022,1003,1,1,104,1007,1,4013,2025-08-14 09:00:00,2025-08-14 21:00:00,2025-08-15 17:00:00,12.983774,77.53297,Unknown miscreants broke open the lock of the house during late night hours and stole gold ornaments and cash.
873,110043029202500873,202500873,2025-08-17 06:00:00,9381,3029,1004,1,2,101,1001,1,4013,2025-08-16 22:00:00,2025-08-17 03:00:00,2025-08-17 06:00:00,13.084032,77.666377,Complainant reported unauthorized debit transactions from bank account following a fake KYC verification call.
874,110013002202500874,202500874,2025-12-10 00:00:00,9044,3002,1001,1,2,103,1005,3,4003,2025-12-08 09:00:00,2025-12-08 13:00:00,2025-12-10 00:00:00,12.844715,77.660594,A group of individuals assaulted the victim following a minor road rage incident causing grievous injuries.
875,110043030202500875,202500875,2025-12-08 04:00:00,9105,3030,1004,1,1,104,1007,1,4010,2025-12-06 14:00:00,2025-12-06 20:00:00,2025-12-08 04:00:00,12.869416,77.552852,Unknown miscreants broke open the lock of the house during late night hours and stole gold ornaments and cash.
876,110013001202500876,202500876,2025-12-31 01:00:00,9071,3001,1001,1,1,103,1006,3,4001,2025-12-30 15:00:00,2025-12-30 23:00:00,2025-12-31 01:00:00,13.010732,77.661121,Unknown miscreants broke open the lock of the house during late night hours and stole gold ornaments and cash.
877,110033024202600877,202600877,2026-01-29 20:00:00,9082,3024,1003,1,1,103,1006,2,4013,2026-01-29 02:00:00,2026-01-29 09:00:00,2026-01-29 20:00:00,12.88019,77.488211,Unknown miscreants broke open the lock of the house during late night hours and stole gold ornaments and cash.
878,110053040202500878,202500878,2025-09-10 02:00:00,9130,3040,1005,1,1,101,1002,2,4001,2025-09-08 12:00:00,2025-09-08 13:00:00,2025-09-10 02:00:00,12.828337,77.453204,Two persons riding a black motorcycle snatched a gold chain from a pedestrian near the bus stand and fled.
879,110043030202500879,202500879,2025-08-13 12:00:00,9277,3030,1004,1,1,104,1007,1,4010,2025-08-12 03:00:00,2025-08-12 14:00:00,2025-08-13 12:00:00,12.89934,77.662503,Unknown miscreants broke open the lock of the house during late night hours and stole gold ornaments and cash.
880,110033022202500880,202500880,2025-07-17 15:00:00,9294,3022,1003,1,1,104,1007,2,4004,2025-07-16 05:00:00,2025-07-16 10:00:00,2025-07-17 15:00:00,12.85396,77.728053,Unknown miscreants broke open the lock of the house during late night hours and stole gold ornaments and cash.
881,110013008202500881,202500881,2025-06-29 14:00:00,9050,3008,1001,1,2,104,1007,1,4008,2025-06-28 11:00:00,2025-06-28 19:00:00,2025-06-29 14:00:00,13.024508,77.507664,"Accused intercepted a commercial vehicle on the highway, threatened the driver with sharp weapons, and looted goods."
882,110033021202600882,202600882,2026-01-17 23:00:00,9178,3021,1003,1,1,102,1003,1,4012,2026-01-16 15:00:00,2026-01-17 00:00:00,2026-01-17 23:00:00,12.894638,77.649655,Two persons riding a black motorcycle snatched a gold chain from a pedestrian near the bus stand and fled.
883,110013003202500883,202500883,2025-01-06 21:00:00,9019,3003,1001,1,1,102,1003,3,4003,2025-01-05 05:00:00,2025-01-05 15:00:00,2025-01-06 21:00:00,13.112847,77.674992,Unknown miscreants broke open the lock of the house during late night hours and stole gold ornaments and cash.
884,110033018202500884,202500884,2025-04-27 11:00:00,9126,3018,1003,1,1,102,1003,2,4013,2025-04-26 01:00:00,2025-04-26 03:00:00,2025-04-27 11:00:00,12.884215,77.719839,"Accused intercepted a commercial vehicle on the highway, threatened the driver with sharp weapons, and looted goods."
885,110013004202600885,202600885,2026-01-21 19:00:00,9396,3004,1001,1,2,104,1007,1,4013,2026-01-21 05:00:00,2026-01-21 09:00:00,2026-01-21 19:00:00,12.867639,77.543165,A group of individuals assaulted the victim following a minor road rage incident causing grievous injuries.
886,110023014202500886,202500886,2025-04-20 14:00:00,9003,3014,1002,1,1,101,1001,3,4009,2025-04-18 18:00:00,2025-04-19 06:00:00,2025-04-20 14:00:00,12.861849,77.626751,"Accused intercepted a commercial vehicle on the highway, threatened the driver with sharp weapons, and looted goods."
887,110043028202500887,202500887,2025-09-07 17:00:00,9236,3028,1004,1,2,101,1002,2,4014,2025-09-07 12:00:00,2025-09-07 13:00:00,2025-09-07 17:00:00,12.859599,77.581397,A group of individuals assaulted the victim following a minor road rage incident causing grievous injuries.
888,110013005202600888,202600888,2026-02-08 10:00:00,9221,3005,1001,1,1,103,1006,2,4006,2026-02-06 12:00:00,2026-02-06 14:00:00,2026-02-08 10:00:00,13.07005,77.614614,Two persons riding a black motorcycle snatched a gold chain from a pedestrian near the bus stand and fled.
889,110043027202500889,202500889,2025-10-28 19:00:00,9094,3027,1004,1,1,102,1004,3,4012,2025-10-27 07:00:00,2025-10-27 15:00:00,2025-10-28 19:00:00,13.095355,77.458093,Two persons riding a black motorcycle snatched a gold chain from a pedestrian near the bus stand and fled.
890,110033022202600890,202600890,2026-02-13 02:00:00,9119,3022,1003,1,2,104,1007,2,4010,2026-02-11 09:00:00,2026-02-11 13:00:00,2026-02-13 02:00:00,13.002909,77.64982,A group of individuals assaulted the victim following a minor road rage incident causing grievous injuries.
891,110053034202500891,202500891,2025-12-25 14:00:00,9362,3034,1005,1,2,102,1003,1,4015,2025-12-23 16:00:00,2025-12-24 02:00:00,2025-12-25 14:00:00,13.075456,77.722704,Complainant reported unauthorized debit transactions from bank account following a fake KYC verification call.
892,110043028202500892,202500892,2025-05-19 06:00:00,9007,3028,1004,1,2,104,1007,2,4012,2025-05-17 23:00:00,2025-05-18 04:00:00,2025-05-19 06:00:00,13.102588,77.650731,Two persons riding a black motorcycle snatched a gold chain from a pedestrian near the bus stand and fled.
893,110023012202500893,202500893,2025-12-25 22:00:00,9139,3012,1002,1,1,102,1004,2,4012,2025-12-24 23:00:00,2025-12-25 09:00:00,2025-12-25 22:00:00,12.887552,77.590661,Unknown miscreants broke open the lock of the house during late night hours and stole gold ornaments and cash.
894,110033022202600894,202600894,2026-01-11 11:00:00,9234,3022,1003,1,1,101,1001,1,4008,2026-01-10 14:00:00,2026-01-10 17:00:00,2026-01-11 11:00:00,12.995032,77.464258,Complainant reported unauthorized debit transactions from bank account following a fake KYC verification call.
895,110033023202500895,202500895,2025-11-25 23:00:00,9270,3023,1003,1,2,104,1007,3,4011,2025-11-24 21:00:00,2025-11-24 22:00:00,2025-11-25 23:00:00,13.1179,77.685558,"Accused intercepted a commercial vehicle on the highway, threatened the driver with sharp weapons, and looted goods."
896,110013002202500896,202500896,2025-04-02 18:00:00,9292,3002,1001,1,1,101,1002,3,4004,2025-04-01 06:00:00,2025-04-01 11:00:00,2025-04-02 18:00:00,13.085817,77.446687,"Accused intercepted a commercial vehicle on the highway, threatened the driver with sharp weapons, and looted goods."
897,110043028202500897,202500897,2025-04-11 21:00:00,9228,3028,1004,1,1,102,1004,2,4015,2025-04-10 06:00:00,2025-04-10 17:00:00,2025-04-11 21:00:00,13.104264,77.62989,Unknown miscreants broke open the lock of the house during late night hours and stole gold ornaments and cash.
898,110033023202600898,202600898,2026-03-13 01:00:00,9125,3023,1003,1,1,104,1007,1,4010,2026-03-11 21:00:00,2026-03-12 07:00:00,2026-03-13 01:00:00,12.96382,77.522857,A group of individuals assaulted the victim following a minor road rage incident causing grievous injuries.
899,110033021202500899,202500899,2025-08-27 08:00:00,9324,3021,1003,1,2,103,1006,2,4010,2025-08-26 19:00:00,2025-08-27 06:00:00,2025-08-27 08:00:00,12.989264,77.62076,Two persons riding a black motorcycle snatched a gold chain from a pedestrian near the bus stand and fled.
900,110023012202500900,202500900,2025-08-03 18:00:00,9035,3012,1002,1,1,103,1005,1,4014,2025-08-02 16:00:00,2025-08-03 02:00:00,2025-08-03 18:00:00,13.109126,77.720732,"Accused intercepted a commercial vehicle on the highway, threatened the driver with sharp weapons, and looted goods."
901,110023016202500901,202500901,2025-04-10 11:00:00,9042,3016,1002,1,1,104,1007,1,4008,2025-04-09 21:00:00,2025-04-10 08:00:00,2025-04-10 11:00:00,13.06733,77.642748,Complainant reported unauthorized debit transactions from bank account following a fake KYC verification call.
902,110033023202500902,202500902,2025-06-04 15:00:00,9005,3023,1003,1,2,102,1003,1,4006,2025-06-02 21:00:00,2025-06-02 23:00:00,2025-06-04 15:00:00,12.946161,77.547175,Two persons riding a black motorcycle snatched a gold chain from a pedestrian near the bus stand and fled.
903,110023015202600903,202600903,2026-01-09 14:00:00,9263,3015,1002,1,1,104,1007,3,4008,2026-01-08 02:00:00,2026-01-08 14:00:00,2026-01-09 14:00:00,12.948343,77.542412,A group of individuals assaulted the victim following a minor road rage incident causing grievous injuries.
904,110053039202600904,202600904,2026-03-15 01:00:00,9017,3039,1005,1,1,101,1001,1,4015,2026-03-14 09:00:00,2026-03-14 21:00:00,2026-03-15 01:00:00,13.114187,77.570502,"Accused intercepted a commercial vehicle on the highway, threatened the driver with sharp weapons, and looted goods."
905,110033018202500905,202500905,2025-06-02 11:00:00,9100,3018,1003,1,2,103,1006,3,4010,2025-05-31 11:00:00,2025-05-31 22:00:00,2025-06-02 11:00:00,12.90023,77.507692,Unknown miscreants broke open the lock of the house during late night hours and stole gold ornaments and cash.
906,110013003202500906,202500906,2025-05-11 18:00:00,9318,3003,1001,1,2,102,1004,1,4013,2025-05-09 21:00:00,2025-05-10 00:00:00,2025-05-11 18:00:00,12.822949,77.665999,Unknown miscreants broke open the lock of the house during late night hours and stole gold ornaments and cash.
907,110053033202600907,202600907,2026-02-17 22:00:00,9249,3033,1005,1,1,102,1003,2,4006,2026-02-17 10:00:00,2026-02-17 21:00:00,2026-02-17 22:00:00,12.850506,77.493199,Unknown miscreants broke open the lock of the house during late night hours and stole gold ornaments and cash.
908,110013002202500908,202500908,2025-10-26 19:00:00,9384,3002,1001,1,1,101,1002,2,4010,2025-10-24 21:00:00,2025-10-24 23:00:00,2025-10-26 19:00:00,13.025081,77.66366,"Accused intercepted a commercial vehicle on the highway, threatened the driver with sharp weapons, and looted goods."
909,110023011202500909,202500909,2025-12-23 20:00:00,9147,3011,1002,1,1,104,1007,1,4007,2025-12-22 11:00:00,2025-12-22 23:00:00,2025-12-23 20:00:00,12.933164,77.478384,Unknown miscreants broke open the lock of the house during late night hours and stole gold ornaments and cash.
910,110023014202600910,202600910,2026-03-11 23:00:00,9304,3014,1002,1,2,104,1007,1,4008,2026-03-10 20:00:00,2026-03-11 06:00:00,2026-03-11 23:00:00,13.055504,77.539768,"Accused intercepted a commercial vehicle on the highway, threatened the driver with sharp weapons, and looted goods."
911,110043027202500911,202500911,2025-12-28 18:00:00,9283,3027,1004,1,2,102,1004,1,4014,2025-12-26 21:00:00,2025-12-27 06:00:00,2025-12-28 18:00:00,13.004798,77.699035,Two persons riding a black motorcycle snatched a gold chain from a pedestrian near the bus stand and fled.
912,110033018202500912,202500912,2025-08-10 22:00:00,9316,3018,1003,1,1,102,1004,2,4010,2025-08-10 02:00:00,2025-08-10 14:00:00,2025-08-10 22:00:00,12.851293,77.667923,A group of individuals assaulted the victim following a minor road rage incident causing grievous injuries.
913,110023014202500913,202500913,2025-04-03 10:00:00,9370,3014,1002,1,2,101,1002,3,4002,2025-04-02 21:00:00,2025-04-03 05:00:00,2025-04-03 10:00:00,13.054102,77.462564,A group of individuals assaulted the victim following a minor road rage incident causing grievous injuries.
914,110043027202500914,202500914,2025-10-06 11:00:00,9364,3027,1004,1,2,103,1005,2,4008,2025-10-05 20:00:00,2025-10-06 07:00:00,2025-10-06 11:00:00,12.947942,77.616202,Complainant reported unauthorized debit transactions from bank account following a fake KYC verification call.
915,110053039202500915,202500915,2025-12-18 00:00:00,9254,3039,1005,1,1,103,1006,1,4012,2025-12-17 00:00:00,2025-12-17 04:00:00,2025-12-18 00:00:00,12.901904,77.470015,Two persons riding a black motorcycle snatched a gold chain from a pedestrian near the bus stand and fled.
916,110033021202500916,202500916,2025-09-17 11:00:00,9304,3021,1003,1,1,104,1007,2,4009,2025-09-17 03:00:00,2025-09-17 11:00:00,2025-09-17 11:00:00,12.904183,77.455337,Unknown miscreants broke open the lock of the house during late night hours and stole gold ornaments and cash.
917,110043025202500917,202500917,2025-04-29 13:00:00,9370,3025,1004,1,2,101,1002,1,4005,2025-04-28 09:00:00,2025-04-28 16:00:00,2025-04-29 13:00:00,13.091838,77.706423,Complainant reported unauthorized debit transactions from bank account following a fake KYC verification call.
918,110043030202500918,202500918,2025-06-16 12:00:00,9296,3030,1004,1,1,104,1007,1,4010,2025-06-16 01:00:00,2025-06-16 03:00:00,2025-06-16 12:00:00,12.965579,77.555578,Two persons riding a black motorcycle snatched a gold chain from a pedestrian near the bus stand and fled.
919,110053033202500919,202500919,2025-10-15 08:00:00,9001,3033,1005,1,1,102,1004,3,4002,2025-10-15 06:00:00,2025-10-15 13:00:00,2025-10-15 08:00:00,13.106332,77.717897,A group of individuals assaulted the victim following a minor road rage incident causing grievous injuries.
920,110023015202500920,202500920,2025-06-24 11:00:00,9164,3015,1002,1,1,103,1006,1,4010,2025-06-23 21:00:00,2025-06-23 22:00:00,2025-06-24 11:00:00,13.016571,77.456269,A group of individuals assaulted the victim following a minor road rage incident causing grievous injuries.
921,110053036202500921,202500921,2025-06-16 12:00:00,9336,3036,1005,1,2,103,1006,1,4007,2025-06-15 07:00:00,2025-06-15 15:00:00,2025-06-16 12:00:00,13.03526,77.592239,"Accused intercepted a commercial vehicle on the highway, threatened the driver with sharp weapons, and looted goods."
922,110043025202500922,202500922,2025-10-27 02:00:00,9309,3025,1004,1,2,102,1004,2,4011,2025-10-25 06:00:00,2025-10-25 15:00:00,2025-10-27 02:00:00,12.876303,77.650091,"Accused intercepted a commercial vehicle on the highway, threatened the driver with sharp weapons, and looted goods."
923,110023015202500923,202500923,2025-08-11 20:00:00,9052,3015,1002,1,2,101,1002,1,4005,2025-08-11 10:00:00,2025-08-11 12:00:00,2025-08-11 20:00:00,13.055318,77.73128,Complainant reported unauthorized debit transactions from bank account following a fake KYC verification call.
924,110053039202500924,202500924,2025-04-02 04:00:00,9367,3039,1005,1,2,103,1006,2,4001,2025-04-01 23:00:00,2025-04-02 11:00:00,2025-04-02 04:00:00,12.840501,77.539514,Unknown miscreants broke open the lock of the house during late night hours and stole gold ornaments and cash.
925,110053036202500925,202500925,2025-08-21 16:00:00,9103,3036,1005,1,1,104,1007,1,4014,2025-08-19 18:00:00,2025-08-19 22:00:00,2025-08-21 16:00:00,13.035953,77.548827,"Accused intercepted a commercial vehicle on the highway, threatened the driver with sharp weapons, and looted goods."
926,110053035202500926,202500926,2025-09-18 02:00:00,9059,3035,1005,1,1,104,1007,3,4013,2025-09-16 15:00:00,2025-09-17 02:00:00,2025-09-18 02:00:00,12.887648,77.630665,Two persons riding a black motorcycle snatched a gold chain from a pedestrian near the bus stand and fled.
927,110053034202500927,202500927,2025-08-25 21:00:00,9187,3034,1005,1,2,101,1002,2,4011,2025-08-25 14:00:00,2025-08-26 02:00:00,2025-08-25 21:00:00,12.98892,77.675944,Two persons riding a black motorcycle snatched a gold chain from a pedestrian near the bus stand and fled.
928,110033022202500928,202500928,2025-09-15 20:00:00,9374,3022,1003,1,2,104,1007,3,4003,2025-09-15 01:00:00,2025-09-15 13:00:00,2025-09-15 20:00:00,12.887395,77.479689,Two persons riding a black motorcycle snatched a gold chain from a pedestrian near the bus stand and fled.
929,110043027202600929,202600929,2026-03-02 18:00:00,9035,3027,1004,1,2,103,1006,3,4010,2026-03-02 09:00:00,2026-03-02 20:00:00,2026-03-02 18:00:00,12.919557,77.565312,"Accused intercepted a commercial vehicle on the highway, threatened the driver with sharp weapons, and looted goods."
930,110023012202500930,202500930,2025-02-07 13:00:00,9205,3012,1002,1,2,103,1005,2,4003,2025-02-06 12:00:00,2025-02-06 13:00:00,2025-02-07 13:00:00,13.121192,77.518222,Complainant reported unauthorized debit transactions from bank account following a fake KYC verification call.
931,110023014202500931,202500931,2025-06-11 08:00:00,9365,3014,1002,1,2,101,1002,1,4005,2025-06-10 12:00:00,2025-06-10 15:00:00,2025-06-11 08:00:00,12.833055,77.655135,Complainant reported unauthorized debit transactions from bank account following a fake KYC verification call.
932,110033019202600932,202600932,2026-02-27 08:00:00,9206,3019,1003,1,2,101,1002,1,4006,2026-02-26 23:00:00,2026-02-27 03:00:00,2026-02-27 08:00:00,13.025091,77.675891,Unknown miscreants broke open the lock of the house during late night hours and stole gold ornaments and cash.
933,110043030202500933,202500933,2025-09-25 16:00:00,9134,3030,1004,1,2,104,1007,2,4003,2025-09-23 16:00:00,2025-09-24 03:00:00,2025-09-25 16:00:00,13.078086,77.716026,Unknown miscreants broke open the lock of the house during late night hours and stole gold ornaments and cash.
934,110053035202600934,202600934,2026-01-30 04:00:00,9313,3035,1005,1,1,103,1005,3,4007,2026-01-29 08:00:00,2026-01-29 10:00:00,2026-01-30 04:00:00,12.985492,77.517656,Two persons riding a black motorcycle snatched a gold chain from a pedestrian near the bus stand and fled.
935,110013003202500935,202500935,2025-04-01 08:00:00,9177,3003,1001,1,2,101,1001,1,4004,2025-03-31 12:00:00,2025-03-31 15:00:00,2025-04-01 08:00:00,13.076829,77.689641,A group of individuals assaulted the victim following a minor road rage incident causing grievous injuries.
936,110013002202500936,202500936,2025-08-15 15:00:00,9332,3002,1001,1,1,104,1007,3,4001,2025-08-14 02:00:00,2025-08-14 12:00:00,2025-08-15 15:00:00,13.038484,77.595857,Complainant reported unauthorized debit transactions from bank account following a fake KYC verification call.
937,110023010202600937,202600937,2026-02-25 23:00:00,9338,3010,1002,1,1,103,1005,1,4009,2026-02-25 11:00:00,2026-02-25 14:00:00,2026-02-25 23:00:00,13.000661,77.53641,A group of individuals assaulted the victim following a minor road rage incident causing grievous injuries.
938,110053036202500938,202500938,2025-01-01 00:00:00,9264,3036,1005,1,2,103,1006,2,4002,2024-12-30 22:00:00,2024-12-31 00:00:00,2025-01-01 00:00:00,12.876079,77.646455,Two persons riding a black motorcycle snatched a gold chain from a pedestrian near the bus stand and fled.
939,110033024202500939,202500939,2025-05-10 05:00:00,9268,3024,1003,1,2,102,1003,2,4015,2025-05-09 14:00:00,2025-05-09 19:00:00,2025-05-10 05:00:00,13.095134,77.456165,A group of individuals assaulted the victim following a minor road rage incident causing grievous injuries.
940,110023009202600940,202600940,2026-01-19 23:00:00,9139,3009,1002,1,2,103,1005,1,4011,2026-01-18 05:00:00,2026-01-18 12:00:00,2026-01-19 23:00:00,12.831538,77.614612,"Accused intercepted a commercial vehicle on the highway, threatened the driver with sharp weapons, and looted goods."
941,110043026202500941,202500941,2025-07-06 14:00:00,9263,3026,1004,1,1,103,1006,1,4015,2025-07-05 18:00:00,2025-07-06 01:00:00,2025-07-06 14:00:00,12.872082,77.68468,Two persons riding a black motorcycle snatched a gold chain from a pedestrian near the bus stand and fled.
942,110023012202500942,202500942,2025-06-19 06:00:00,9176,3012,1002,1,2,104,1007,1,4002,2025-06-17 07:00:00,2025-06-17 10:00:00,2025-06-19 06:00:00,12.968926,77.643669,"Accused intercepted a commercial vehicle on the highway, threatened the driver with sharp weapons, and looted goods."
943,110013007202500943,202500943,2025-10-18 02:00:00,9135,3007,1001,1,1,101,1001,3,4009,2025-10-16 17:00:00,2025-10-17 04:00:00,2025-10-18 02:00:00,12.926584,77.612212,Unknown miscreants broke open the lock of the house during late night hours and stole gold ornaments and cash.
944,110033022202500944,202500944,2025-01-02 14:00:00,9032,3022,1003,1,1,101,1001,1,4011,2025-01-01 14:00:00,2025-01-01 16:00:00,2025-01-02 14:00:00,12.919471,77.593075,A group of individuals assaulted the victim following a minor road rage incident causing grievous injuries.
945,110033017202500945,202500945,2025-02-04 07:00:00,9020,3017,1003,1,2,102,1003,2,4008,2025-02-03 07:00:00,2025-02-03 13:00:00,2025-02-04 07:00:00,12.887803,77.464532,Complainant reported unauthorized debit transactions from bank account following a fake KYC verification call.
946,110053035202500946,202500946,2025-10-27 10:00:00,9302,3035,1005,1,2,104,1007,2,4002,2025-10-26 15:00:00,2025-10-27 01:00:00,2025-10-27 10:00:00,13.118187,77.523191,Two persons riding a black motorcycle snatched a gold chain from a pedestrian near the bus stand and fled.
947,110043032202500947,202500947,2025-09-15 03:00:00,9078,3032,1004,1,1,104,1007,3,4009,2025-09-13 13:00:00,2025-09-13 20:00:00,2025-09-15 03:00:00,13.067983,77.693598,Two persons riding a black motorcycle snatched a gold chain from a pedestrian near the bus stand and fled.
948,110053039202600948,202600948,2026-01-27 19:00:00,9118,3039,1005,1,1,102,1004,1,4012,2026-01-26 18:00:00,2026-01-27 02:00:00,2026-01-27 19:00:00,12.902818,77.678252,A group of individuals assaulted the victim following a minor road rage incident causing grievous injuries.
949,110033019202500949,202500949,2025-07-13 09:00:00,9068,3019,1003,1,2,102,1004,3,4015,2025-07-13 05:00:00,2025-07-13 08:00:00,2025-07-13 09:00:00,13.067264,77.686427,Complainant reported unauthorized debit transactions from bank account following a fake KYC verification call.
950,110053036202500950,202500950,2025-09-16 22:00:00,9226,3036,1005,1,2,101,1002,3,4005,2025-09-15 11:00:00,2025-09-15 19:00:00,2025-09-16 22:00:00,13.008601,77.572543,Unknown miscreants broke open the lock of the house during late night hours and stole gold ornaments and cash.
951,110033023202500951,202500951,2025-07-12 14:00:00,9086,3023,1003,1,1,102,1003,3,4001,2025-07-11 08:00:00,2025-07-11 18:00:00,2025-07-12 14:00:00,12.984683,77.691441,A group of individuals assaulted the victim following a minor road rage incident causing grievous injuries.
952,110013003202500952,202500952,2025-03-31 00:00:00,9127,3003,1001,1,1,103,1006,2,4002,2025-03-30 16:00:00,2025-03-30 18:00:00,2025-03-31 00:00:00,13.044299,77.703125,A group of individuals assaulted the victim following a minor road rage incident causing grievous injuries.
953,110033020202600953,202600953,2026-02-10 05:00:00,9378,3020,1003,1,2,104,1007,3,4001,2026-02-09 18:00:00,2026-02-09 21:00:00,2026-02-10 05:00:00,13.054832,77.484396,Complainant reported unauthorized debit transactions from bank account following a fake KYC verification call.
954,110023015202500954,202500954,2025-02-20 15:00:00,9338,3015,1002,1,1,104,1007,2,4014,2025-02-19 03:00:00,2025-02-19 11:00:00,2025-02-20 15:00:00,13.090737,77.719163,A group of individuals assaulted the victim following a minor road rage incident causing grievous injuries.
955,110033021202500955,202500955,2025-12-03 15:00:00,9175,3021,1003,1,2,104,1007,1,4002,2025-12-02 22:00:00,2025-12-02 23:00:00,2025-12-03 15:00:00,13.016904,77.729675,A group of individuals assaulted the victim following a minor road rage incident causing grievous injuries.
956,110033017202500956,202500956,2025-05-12 04:00:00,9150,3017,1003,1,1,104,1007,2,4011,2025-05-12 01:00:00,2025-05-12 06:00:00,2025-05-12 04:00:00,12.971755,77.502381,Two persons riding a black motorcycle snatched a gold chain from a pedestrian near the bus stand and fled.
957,110013004202600957,202600957,2026-02-14 12:00:00,9292,3004,1001,1,1,104,1007,2,4005,2026-02-12 16:00:00,2026-02-12 19:00:00,2026-02-14 12:00:00,13.119709,77.635771,A group of individuals assaulted the victim following a minor road rage incident causing grievous injuries.
958,110053037202600958,202600958,2026-03-25 21:00:00,9041,3037,1005,1,1,103,1005,2,4004,2026-03-24 21:00:00,2026-03-25 03:00:00,2026-03-25 21:00:00,13.074776,77.742262,Unknown miscreants broke open the lock of the house during late night hours and stole gold ornaments and cash.
959,110033019202600959,202600959,2026-03-18 10:00:00,9039,3019,1003,1,2,104,1007,2,4013,2026-03-16 22:00:00,2026-03-17 03:00:00,2026-03-18 10:00:00,12.858656,77.532089,Unknown miscreants broke open the lock of the house during late night hours and stole gold ornaments and cash.
960,110013006202500960,202500960,2025-10-08 05:00:00,9363,3006,1001,1,1,102,1004,2,4004,2025-10-06 16:00:00,2025-10-06 20:00:00,2025-10-08 05:00:00,12.988887,77.545084,"Accused intercepted a commercial vehicle on the highway, threatened the driver with sharp weapons, and looted goods."
961,110043027202500961,202500961,2025-01-11 02:00:00,9009,3027,1004,1,1,103,1006,1,4005,2025-01-10 23:00:00,2025-01-11 10:00:00,2025-01-11 02:00:00,12.92078,77.524362,Two persons riding a black motorcycle snatched a gold chain from a pedestrian near the bus stand and fled.
962,110013005202500962,202500962,2025-10-23 17:00:00,9133,3005,1001,1,2,104,1007,2,4008,2025-10-22 06:00:00,2025-10-22 12:00:00,2025-10-23 17:00:00,13.103287,77.612415,Unknown miscreants broke open the lock of the house during late night hours and stole gold ornaments and cash.
963,110053035202500963,202500963,2025-03-09 09:00:00,9355,3035,1005,1,2,102,1003,2,4013,2025-03-09 05:00:00,2025-03-09 14:00:00,2025-03-09 09:00:00,12.8705,77.677613,A group of individuals assaulted the victim following a minor road rage incident causing grievous injuries.
964,110043025202500964,202500964,2025-01-04 00:00:00,9236,3025,1004,1,2,103,1006,2,4006,2025-01-03 01:00:00,2025-01-03 04:00:00,2025-01-04 00:00:00,12.886763,77.676617,Two persons riding a black motorcycle snatched a gold chain from a pedestrian near the bus stand and fled.
965,110053039202600965,202600965,2026-01-26 16:00:00,9076,3039,1005,1,1,101,1001,2,4001,2026-01-26 12:00:00,2026-01-26 19:00:00,2026-01-26 16:00:00,13.114471,77.737894,"Accused intercepted a commercial vehicle on the highway, threatened the driver with sharp weapons, and looted goods."
966,110053035202600966,202600966,2026-01-21 16:00:00,9257,3035,1005,1,2,103,1006,2,4002,2026-01-20 06:00:00,2026-01-20 18:00:00,2026-01-21 16:00:00,12.929252,77.684803,Two persons riding a black motorcycle snatched a gold chain from a pedestrian near the bus stand and fled.
967,110043026202600967,202600967,2026-01-28 11:00:00,9312,3026,1004,1,2,102,1003,3,4003,2026-01-26 23:00:00,2026-01-27 11:00:00,2026-01-28 11:00:00,12.835699,77.45821,A group of individuals assaulted the victim following a minor road rage incident causing grievous injuries.
968,110033021202500968,202500968,2025-01-11 07:00:00,9131,3021,1003,1,1,102,1004,2,4011,2025-01-10 07:00:00,2025-01-10 08:00:00,2025-01-11 07:00:00,12.838699,77.536867,Complainant reported unauthorized debit transactions from bank account following a fake KYC verification call.
969,110053036202500969,202500969,2025-06-07 08:00:00,9342,3036,1005,1,1,103,1006,2,4005,2025-06-07 01:00:00,2025-06-07 03:00:00,2025-06-07 08:00:00,12.895385,77.618292,Complainant reported unauthorized debit transactions from bank account following a fake KYC verification call.
970,110053036202500970,202500970,2025-09-04 05:00:00,9183,3036,1005,1,2,104,1007,3,4010,2025-09-03 15:00:00,2025-09-03 18:00:00,2025-09-04 05:00:00,13.105996,77.47595,Unknown miscreants broke open the lock of the house during late night hours and stole gold ornaments and cash.
971,110043025202500971,202500971,2025-03-13 09:00:00,9363,3025,1004,1,1,103,1005,1,4013,2025-03-12 15:00:00,2025-03-12 23:00:00,2025-03-13 09:00:00,12.950943,77.590666,Complainant reported unauthorized debit transactions from bank account following a fake KYC verification call.
972,110023015202500972,202500972,2025-03-18 01:00:00,9210,3015,1002,1,2,102,1003,1,4003,2025-03-16 17:00:00,2025-03-16 23:00:00,2025-03-18 01:00:00,13.06947,77.730025,"Accused intercepted a commercial vehicle on the highway, threatened the driver with sharp weapons, and looted goods."
973,110053036202500973,202500973,2025-10-27 16:00:00,9030,3036,1005,1,2,103,1006,1,4001,2025-10-27 00:00:00,2025-10-27 08:00:00,2025-10-27 16:00:00,13.063902,77.459123,"Accused intercepted a commercial vehicle on the highway, threatened the driver with sharp weapons, and looted goods."
974,110053036202500974,202500974,2025-10-16 06:00:00,9221,3036,1005,1,2,103,1005,2,4014,2025-10-15 15:00:00,2025-10-15 16:00:00,2025-10-16 06:00:00,12.95603,77.533147,Complainant reported unauthorized debit transactions from bank account following a fake KYC verification call.
975,110053038202500975,202500975,2025-08-23 07:00:00,9284,3038,1005,1,1,102,1004,2,4010,2025-08-22 20:00:00,2025-08-22 22:00:00,2025-08-23 07:00:00,12.978841,77.633005,Unknown miscreants broke open the lock of the house during late night hours and stole gold ornaments and cash.
976,110033020202500976,202500976,2025-01-03 21:00:00,9192,3020,1003,1,1,101,1002,3,4008,2025-01-03 13:00:00,2025-01-03 23:00:00,2025-01-03 21:00:00,13.086472,77.521228,Two persons riding a black motorcycle snatched a gold chain from a pedestrian near the bus stand and fled.
977,110033021202600977,202600977,2026-02-14 05:00:00,9349,3021,1003,1,1,104,1007,1,4010,2026-02-12 05:00:00,2026-02-12 10:00:00,2026-02-14 05:00:00,13.022821,77.649473,Two persons riding a black motorcycle snatched a gold chain from a pedestrian near the bus stand and fled.
978,110013004202500978,202500978,2025-08-21 12:00:00,9270,3004,1001,1,1,101,1002,1,4010,2025-08-19 14:00:00,2025-08-20 01:00:00,2025-08-21 12:00:00,13.007619,77.725034,A group of individuals assaulted the victim following a minor road rage incident causing grievous injuries.
979,110013006202600979,202600979,2026-01-01 23:00:00,9392,3006,1001,1,1,102,1004,3,4005,2025-12-30 23:00:00,2025-12-31 09:00:00,2026-01-01 23:00:00,13.065058,77.476347,Unknown miscreants broke open the lock of the house during late night hours and stole gold ornaments and cash.
980,110053033202500980,202500980,2025-12-28 02:00:00,9390,3033,1005,1,1,104,1007,1,4007,2025-12-27 16:00:00,2025-12-28 01:00:00,2025-12-28 02:00:00,12.993542,77.571047,A group of individuals assaulted the victim following a minor road rage incident causing grievous injuries.
981,110033020202600981,202600981,2026-01-07 21:00:00,9285,3020,1003,1,2,104,1007,3,4007,2026-01-06 00:00:00,2026-01-06 07:00:00,2026-01-07 21:00:00,13.096087,77.494776,Two persons riding a black motorcycle snatched a gold chain from a pedestrian near the bus stand and fled.
982,110033017202500982,202500982,2025-11-05 17:00:00,9011,3017,1003,1,2,102,1004,1,4007,2025-11-05 04:00:00,2025-11-05 05:00:00,2025-11-05 17:00:00,12.863859,77.636698,Unknown miscreants broke open the lock of the house during late night hours and stole gold ornaments and cash.
983,110023016202600983,202600983,2026-02-13 12:00:00,9044,3016,1002,1,2,102,1004,3,4005,2026-02-12 11:00:00,2026-02-12 15:00:00,2026-02-13 12:00:00,13.068363,77.613675,Complainant reported unauthorized debit transactions from bank account following a fake KYC verification call.
984,110013001202500984,202500984,2025-09-01 15:00:00,9255,3001,1001,1,2,102,1004,2,4008,2025-08-30 22:00:00,2025-08-30 23:00:00,2025-09-01 15:00:00,12.867224,77.626859,Unknown miscreants broke open the lock of the house during late night hours and stole gold ornaments and cash.
985,110033022202500985,202500985,2025-08-08 10:00:00,9211,3022,1003,1,1,101,1001,1,4007,2025-08-06 10:00:00,2025-08-06 19:00:00,2025-08-08 10:00:00,12.824168,77.654066,Complainant reported unauthorized debit transactions from bank account following a fake KYC verification call.
986,110043029202500986,202500986,2025-05-30 17:00:00,9192,3029,1004,1,2,102,1003,1,4010,2025-05-28 20:00:00,2025-05-29 08:00:00,2025-05-30 17:00:00,12.920819,77.62645,Complainant reported unauthorized debit transactions from bank account following a fake KYC verification call.
987,110043030202500987,202500987,2025-07-01 13:00:00,9051,3030,1004,1,1,101,1002,2,4001,2025-07-01 08:00:00,2025-07-01 12:00:00,2025-07-01 13:00:00,13.005579,77.705137,Unknown miscreants broke open the lock of the house during late night hours and stole gold ornaments and cash.
988,110013008202500988,202500988,2025-06-01 15:00:00,9063,3008,1001,1,1,104,1007,1,4007,2025-05-30 19:00:00,2025-05-30 21:00:00,2025-06-01 15:00:00,13.068136,77.671311,Two persons riding a black motorcycle snatched a gold chain from a pedestrian near the bus stand and fled.
989,110043028202500989,202500989,2025-04-16 09:00:00,9015,3028,1004,1,2,102,1004,3,4001,2025-04-15 21:00:00,2025-04-16 09:00:00,2025-04-16 09:00:00,12.898806,77.688905,Two persons riding a black motorcycle snatched a gold chain from a pedestrian near the bus stand and fled.
990,110043026202500990,202500990,2025-07-18 08:00:00,9387,3026,1004,1,1,103,1006,2,4009,2025-07-17 20:00:00,2025-07-18 07:00:00,2025-07-18 08:00:00,12.860438,77.620959,Complainant reported unauthorized debit transactions from bank account following a fake KYC verification call.
991,110053038202500991,202500991,2025-11-07 23:00:00,9245,3038,1005,1,2,102,1003,3,4002,2025-11-07 17:00:00,2025-11-07 21:00:00,2025-11-07 23:00:00,13.031438,77.448602,"Accused intercepted a commercial vehicle on the highway, threatened the driver with sharp weapons, and looted goods."
992,110023015202500992,202500992,2025-01-13 02:00:00,9228,3015,1002,1,2,103,1006,3,4009,2025-01-11 18:00:00,2025-01-12 06:00:00,2025-01-13 02:00:00,12.968153,77.688448,Complainant reported unauthorized debit transactions from bank account following a fake KYC verification call.
993,110013006202500993,202500993,2025-04-17 21:00:00,9212,3006,1001,1,2,102,1004,3,4012,2025-04-16 13:00:00,2025-04-16 15:00:00,2025-04-17 21:00:00,13.040455,77.714601,Complainant reported unauthorized debit transactions from bank account following a fake KYC verification call.
994,110043029202500994,202500994,2025-06-24 20:00:00,9261,3029,1004,1,1,104,1007,3,4009,2025-06-23 13:00:00,2025-06-23 20:00:00,2025-06-24 20:00:00,12.964405,77.61048,Unknown miscreants broke open the lock of the house during late night hours and stole gold ornaments and cash.
995,110043031202500995,202500995,2025-09-29 12:00:00,9110,3031,1004,1,2,104,1007,3,4012,2025-09-27 17:00:00,2025-09-28 02:00:00,2025-09-29 12:00:00,13.03552,77.590031,"Accused intercepted a commercial vehicle on the highway, threatened the driver with sharp weapons, and looted goods."
996,110013002202600996,202600996,2026-02-12 07:00:00,9234,3002,1001,1,1,104,1007,2,4014,2026-02-10 07:00:00,2026-02-10 13:00:00,2026-02-12 07:00:00,12.920271,77.722598,Two persons riding a black motorcycle snatched a gold chain from a pedestrian near the bus stand and fled.
997,110053038202500997,202500997,2025-08-23 23:00:00,9352,3038,1005,1,2,104,1007,3,4004,2025-08-23 12:00:00,2025-08-23 14:00:00,2025-08-23 23:00:00,13.00169,77.486433,A group of individuals assaulted the victim following a minor road rage incident causing grievous injuries.
998,110043025202500998,202500998,2025-10-28 01:00:00,9252,3025,1004,1,2,101,1002,2,4011,2025-10-26 07:00:00,2025-10-26 13:00:00,2025-10-28 01:00:00,13.054804,77.451339,A group of individuals assaulted the victim following a minor road rage incident causing grievous injuries.
999,110053038202500999,202500999,2025-12-29 13:00:00,9347,3038,1005,1,2,102,1003,1,4005,2025-12-28 08:00:00,2025-12-28 15:00:00,2025-12-29 13:00:00,12.92969,77.51054,Unknown miscreants broke open the lock of the house during late night hours and stole gold ornaments and cash.
1000,110043025202501000,202501000,2025-11-23 15:00:00,9130,3025,1004,1,1,102,1004,1,4015,2025-11-21 21:00:00,2025-11-22 01:00:00,2025-11-23 15:00:00,13.057599,77.705906,Two persons riding a black motorcycle snatched a gold chain from a pedestrian near the bus stand and fled.
1001,110013008202501001,202501001,2025-08-16 12:00:00,9291,3008,1001,1,2,101,1002,3,4009,2025-08-15 08:00:00,2025-08-15 20:00:00,2025-08-16 12:00:00,13.120203,77.544982,Unknown miscreants broke open the lock of the house during late night hours and stole gold ornaments and cash.
1002,110013006202501002,202501002,2025-05-13 16:00:00,9139,3006,1001,1,2,102,1004,2,4015,2025-05-12 02:00:00,2025-05-12 07:00:00,2025-05-13 16:00:00,13.016657,77.73157,Complainant reported unauthorized debit transactions from bank account following a fake KYC verification call.
1003,110013004202601003,202601003,2026-01-01 03:00:00,9158,3004,1001,1,2,103,1005,3,4001,2025-12-31 11:00:00,2025-12-31 23:00:00,2026-01-01 03:00:00,13.100698,77.669358,Complainant reported unauthorized debit transactions from bank account following a fake KYC verification call.
1004,110033019202501004,202501004,2025-02-13 05:00:00,9395,3019,1003,1,2,101,1002,2,4005,2025-02-12 20:00:00,2025-02-13 07:00:00,2025-02-13 05:00:00,12.912752,77.572284,Complainant reported unauthorized debit transactions from bank account following a fake KYC verification call.
1005,110023016202501005,202501005,2025-03-23 18:00:00,9114,3016,1002,1,2,101,1001,2,4002,2025-03-21 23:00:00,2025-03-22 11:00:00,2025-03-23 18:00:00,13.077152,77.71584,Two persons riding a black motorcycle snatched a gold chain from a pedestrian near the bus stand and fled.
1006,110023016202501006,202501006,2025-06-29 22:00:00,9367,3016,1002,1,1,102,1003,2,4004,2025-06-29 10:00:00,2025-06-29 21:00:00,2025-06-29 22:00:00,13.106217,77.693637,Complainant reported unauthorized debit transactions from bank account following a fake KYC verification call.
1007,110033021202501007,202501007,2025-01-08 23:00:00,9198,3021,1003,1,2,101,1002,3,4008,2025-01-07 16:00:00,2025-01-08 04:00:00,2025-01-08 23:00:00,12.92859,77.500655,Two persons riding a black motorcycle snatched a gold chain from a pedestrian near the bus stand and fled.
1008,110053033202601008,202601008,2026-03-22 14:00:00,9197,3033,1005,1,1,102,1004,3,4014,2026-03-20 17:00:00,2026-03-20 19:00:00,2026-03-22 14:00:00,13.077368,77.627954,"Accused intercepted a commercial vehicle on the highway, threatened the driver with sharp weapons, and looted goods."
1009,110013005202501009,202501009,2025-12-16 10:00:00,9006,3005,1001,1,1,101,1001,3,4014,2025-12-15 19:00:00,2025-12-15 20:00:00,2025-12-16 10:00:00,12.922431,77.58759,Complainant reported unauthorized debit transactions from bank account following a fake KYC verification call.
1010,110023012202601010,202601010,2026-01-01 20:00:00,9147,3012,1002,1,1,102,1003,1,4009,2025-12-31 13:00:00,2025-12-31 23:00:00,2026-01-01 20:00:00,13.097673,77.614984,Complainant reported unauthorized debit transactions from bank account following a fake KYC verification call.
1011,110033018202501011,202501011,2025-12-31 13:00:00,9106,3018,1003,1,1,102,1003,3,4005,2025-12-30 03:00:00,2025-12-30 09:00:00,2025-12-31 13:00:00,12.963343,77.675579,Unknown miscreants broke open the lock of the house during late night hours and stole gold ornaments and cash.
1012,110053039202501012,202501012,2025-05-25 17:00:00,9084,3039,1005,1,1,102,1003,2,4004,2025-05-24 04:00:00,2025-05-24 14:00:00,2025-05-25 17:00:00,13.108576,77.695224,Unknown miscreants broke open the lock of the house during late night hours and stole gold ornaments and cash.
1013,110033023202601013,202601013,2026-01-16 09:00:00,9349,3023,1003,1,1,102,1004,1,4011,2026-01-14 14:00:00,2026-01-15 00:00:00,2026-01-16 09:00:00,13.070271,77.659268,"Accused intercepted a commercial vehicle on the highway, threatened the driver with sharp weapons, and looted goods."
1014,110013003202501014,202501014,2025-02-07 18:00:00,9331,3003,1001,1,2,102,1004,1,4007,2025-02-06 00:00:00,2025-02-06 01:00:00,2025-02-07 18:00:00,12.965486,77.582663,"Accused intercepted a commercial vehicle on the highway, threatened the driver with sharp weapons, and looted goods."
1015,110043025202501015,202501015,2025-11-06 14:00:00,9265,3025,1004,1,2,104,1007,2,4004,2025-11-06 12:00:00,2025-11-06 18:00:00,2025-11-06 14:00:00,12.971943,77.646416,Two persons riding a black motorcycle snatched a gold chain from a pedestrian near the bus stand and fled.
1016,110053039202501016,202501016,2025-04-23 19:00:00,9248,3039,1005,1,1,102,1004,1,4004,2025-04-22 04:00:00,2025-04-22 10:00:00,2025-04-23 19:00:00,13.019678,77.736538,Complainant reported unauthorized debit transactions from bank account following a fake KYC verification call.
1017,110053040202501017,202501017,2025-10-29 19:00:00,9077,3040,1005,1,2,102,1004,3,4005,2025-10-27 21:00:00,2025-10-28 05:00:00,2025-10-29 19:00:00,12.937441,77.473814,Unknown miscreants broke open the lock of the house during late night hours and stole gold ornaments and cash.
1018,110043029202601018,202601018,2026-03-09 20:00:00,9165,3029,1004,1,1,101,1002,2,4003,2026-03-09 06:00:00,2026-03-09 07:00:00,2026-03-09 20:00:00,12.923015,77.631259,Unknown miscreants broke open the lock of the house during late night hours and stole gold ornaments and cash.
1019,110043027202501019,202501019,2025-04-23 06:00:00,9223,3027,1004,1,1,102,1003,1,4014,2025-04-21 10:00:00,2025-04-21 11:00:00,2025-04-23 06:00:00,12.891005,77.662931,A group of individuals assaulted the victim following a minor road rage incident causing grievous injuries.
1020,110023010202501020,202501020,2025-05-28 13:00:00,9347,3010,1002,1,1,101,1002,2,4001,2025-05-28 06:00:00,2025-05-28 18:00:00,2025-05-28 13:00:00,13.032778,77.576054,"Accused intercepted a commercial vehicle on the highway, threatened the driver with sharp weapons, and looted goods."
1021,110053035202501021,202501021,2025-06-27 16:00:00,9229,3035,1005,1,1,104,1007,3,4006,2025-06-26 23:00:00,2025-06-27 08:00:00,2025-06-27 16:00:00,13.001468,77.685295,A group of individuals assaulted the victim following a minor road rage incident causing grievous injuries.
1022,110013006202501022,202501022,2025-05-19 11:00:00,9349,3006,1001,1,1,103,1006,2,4015,2025-05-18 19:00:00,2025-05-19 05:00:00,2025-05-19 11:00:00,13.018302,77.569977,A group of individuals assaulted the victim following a minor road rage incident causing grievous injuries.
1023,110053033202501023,202501023,2025-04-10 14:00:00,9065,3033,1005,1,2,103,1005,2,4014,2025-04-10 01:00:00,2025-04-10 08:00:00,2025-04-10 14:00:00,12.887447,77.45411,Complainant reported unauthorized debit transactions from bank account following a fake KYC verification call.
1024,110043031202501024,202501024,2025-04-18 16:00:00,9238,3031,1004,1,1,104,1007,2,4002,2025-04-18 13:00:00,2025-04-18 15:00:00,2025-04-18 16:00:00,13.021417,77.611892,Two persons riding a black motorcycle snatched a gold chain from a pedestrian near the bus stand and fled.
1025,110033020202501025,202501025,2025-06-18 07:00:00,9348,3020,1003,1,2,102,1004,3,4014,2025-06-17 13:00:00,2025-06-17 23:00:00,2025-06-18 07:00:00,13.036712,77.560677,"Accused intercepted a commercial vehicle on the highway, threatened the driver with sharp weapons, and looted goods."
1026,110023014202601026,202601026,2026-03-09 17:00:00,9057,3014,1002,1,2,104,1007,2,4005,2026-03-09 02:00:00,2026-03-09 11:00:00,2026-03-09 17:00:00,12.892434,77.621873,"Accused intercepted a commercial vehicle on the highway, threatened the driver with sharp weapons, and looted goods."
1027,110053039202601027,202601027,2026-03-17 04:00:00,9212,3039,1005,1,1,102,1004,2,4009,2026-03-17 01:00:00,2026-03-17 11:00:00,2026-03-17 04:00:00,12.835081,77.70895,Two persons riding a black motorcycle snatched a gold chain from a pedestrian near the bus stand and fled.
1028,110043032202501028,202501028,2025-02-28 04:00:00,9004,3032,1004,1,1,102,1004,2,4005,2025-02-26 16:00:00,2025-02-26 21:00:00,2025-02-28 04:00:00,13.031661,77.625764,"Accused intercepted a commercial vehicle on the highway, threatened the driver with sharp weapons, and looted goods."
1029,110043030202601029,202601029,2026-02-24 18:00:00,9092,3030,1004,1,2,102,1003,2,4013,2026-02-24 10:00:00,2026-02-24 16:00:00,2026-02-24 18:00:00,13.030062,77.530412,Two persons riding a black motorcycle snatched a gold chain from a pedestrian near the bus stand and fled.
1030,110013001202501030,202501030,2025-12-13 15:00:00,9283,3001,1001,1,2,104,1007,3,4009,2025-12-13 12:00:00,2025-12-13 20:00:00,2025-12-13 15:00:00,13.106376,77.728586,Complainant reported unauthorized debit transactions from bank account following a fake KYC verification call.
1031,110013002202501031,202501031,2025-08-12 08:00:00,9343,3002,1001,1,2,103,1005,2,4009,2025-08-12 04:00:00,2025-08-12 09:00:00,2025-08-12 08:00:00,12.909476,77.590204,Complainant reported unauthorized debit transactions from bank account following a fake KYC verification call.
1032,110033023202501032,202501032,2025-06-15 12:00:00,9186,3023,1003,1,2,104,1007,3,4003,2025-06-14 18:00:00,2025-06-15 00:00:00,2025-06-15 12:00:00,12.822496,77.655254,Unknown miscreants broke open the lock of the house during late night hours and stole gold ornaments and cash.
1033,110033021202501033,202501033,2025-08-19 20:00:00,9363,3021,1003,1,1,104,1007,1,4015,2025-08-19 07:00:00,2025-08-19 18:00:00,2025-08-19 20:00:00,13.117278,77.614798,A group of individuals assaulted the victim following a minor road rage incident causing grievous injuries.
1034,110013006202501034,202501034,2025-12-14 17:00:00,9053,3006,1001,1,1,103,1005,3,4014,2025-12-13 01:00:00,2025-12-13 09:00:00,2025-12-14 17:00:00,12.945094,77.727898,Unknown miscreants broke open the lock of the house during late night hours and stole gold ornaments and cash.
1035,110043031202501035,202501035,2025-10-15 15:00:00,9072,3031,1004,1,1,103,1005,1,4015,2025-10-14 05:00:00,2025-10-14 09:00:00,2025-10-15 15:00:00,12.854973,77.58445,Two persons riding a black motorcycle snatched a gold chain from a pedestrian near the bus stand and fled.
1036,110023010202501036,202501036,2025-06-17 19:00:00,9045,3010,1002,1,1,101,1001,2,4003,2025-06-16 05:00:00,2025-06-16 15:00:00,2025-06-17 19:00:00,12.85938,77.614738,A group of individuals assaulted the victim following a minor road rage incident causing grievous injuries.
1037,110053034202601037,202601037,2026-03-07 04:00:00,9267,3034,1005,1,1,102,1003,1,4010,2026-03-05 11:00:00,2026-03-05 23:00:00,2026-03-07 04:00:00,12.855184,77.57576,Complainant reported unauthorized debit transactions from bank account following a fake KYC verification call.
1038,110013006202501038,202501038,2025-03-09 06:00:00,9231,3006,1001,1,2,104,1007,1,4006,2025-03-07 11:00:00,2025-03-07 13:00:00,2025-03-09 06:00:00,12.880531,77.468645,Two persons riding a black motorcycle snatched a gold chain from a pedestrian near the bus stand and fled.
1039,110043026202601039,202601039,2026-01-25 02:00:00,9371,3026,1004,1,2,104,1007,1,4006,2026-01-23 12:00:00,2026-01-23 22:00:00,2026-01-25 02:00:00,12.957229,77.664599,"Accused intercepted a commercial vehicle on the highway, threatened the driver with sharp weapons, and looted goods."
1040,110043030202501040,202501040,2025-10-14 15:00:00,9132,3030,1004,1,1,104,1007,3,4009,2025-10-12 17:00:00,2025-10-12 21:00:00,2025-10-14 15:00:00,13.107645,77.658417,Two persons riding a black motorcycle snatched a gold chain from a pedestrian near the bus stand and fled.
1041,110023016202501041,202501041,2025-01-17 14:00:00,9311,3016,1002,1,1,103,1006,2,4001,2025-01-17 12:00:00,2025-01-17 15:00:00,2025-01-17 14:00:00,12.979947,77.611907,"Accused intercepted a commercial vehicle on the highway, threatened the driver with sharp weapons, and looted goods."
1042,110023014202501042,202501042,2025-03-31 22:00:00,9112,3014,1002,1,1,104,1007,1,4001,2025-03-31 00:00:00,2025-03-31 02:00:00,2025-03-31 22:00:00,13.030654,77.59804,Unknown miscreants broke open the lock of the house during late night hours and stole gold ornaments and cash.
1043,110013007202601043,202601043,2026-01-14 08:00:00,9148,3007,1001,1,1,103,1005,2,4002,2026-01-12 21:00:00,2026-01-12 23:00:00,2026-01-14 08:00:00,12.824781,77.551615,"Accused intercepted a commercial vehicle on the highway, threatened the driver with sharp weapons, and looted goods."
1044,110013007202501044,202501044,2025-04-26 03:00:00,9332,3007,1001,1,2,103,1006,1,4013,2025-04-24 21:00:00,2025-04-24 23:00:00,2025-04-26 03:00:00,12.959196,77.445354,Unknown miscreants broke open the lock of the house during late night hours and stole gold ornaments and cash.
1045,110023014202601045,202601045,2026-02-02 14:00:00,9140,3014,1002,1,2,104,1007,2,4006,2026-02-02 07:00:00,2026-02-02 08:00:00,2026-02-02 14:00:00,12.878312,77.560186,Unknown miscreants broke open the lock of the house during late night hours and stole gold ornaments and cash.
1046,110033024202501046,202501046,2025-06-27 09:00:00,9182,3024,1003,1,2,102,1003,1,4009,2025-06-26 03:00:00,2025-06-26 10:00:00,2025-06-27 09:00:00,12.999904,77.526793,Two persons riding a black motorcycle snatched a gold chain from a pedestrian near the bus stand and fled.
1047,110033021202501047,202501047,2025-07-26 05:00:00,9324,3021,1003,1,1,103,1005,1,4014,2025-07-25 14:00:00,2025-07-25 22:00:00,2025-07-26 05:00:00,12.953911,77.583749,Unknown miscreants broke open the lock of the house during late night hours and stole gold ornaments and cash.
1048,110053036202501048,202501048,2025-07-16 11:00:00,9025,3036,1005,1,2,102,1004,1,4009,2025-07-14 21:00:00,2025-07-15 00:00:00,2025-07-16 11:00:00,12.889567,77.607309,"Accused intercepted a commercial vehicle on the highway, threatened the driver with sharp weapons, and looted goods."
1049,110023013202501049,202501049,2025-06-18 13:00:00,9375,3013,1002,1,1,101,1001,2,4012,2025-06-17 02:00:00,2025-06-17 07:00:00,2025-06-18 13:00:00,12.953023,77.454472,Unknown miscreants broke open the lock of the house during late night hours and stole gold ornaments and cash.
1050,110053034202501050,202501050,2025-05-21 20:00:00,9100,3034,1005,1,1,101,1001,1,4015,2025-05-19 21:00:00,2025-05-20 09:00:00,2025-05-21 20:00:00,13.050571,77.69722,Unknown miscreants broke open the lock of the house during late night hours and stole gold ornaments and cash.
1051,110033023202501051,202501051,2025-02-07 20:00:00,9237,3023,1003,1,1,102,1003,2,4008,2025-02-07 16:00:00,2025-02-07 17:00:00,2025-02-07 20:00:00,13.091797,77.623232,A group of individuals assaulted the victim following a minor road rage incident causing grievous injuries.
1052,110043025202501052,202501052,2025-05-05 16:00:00,9178,3025,1004,1,1,104,1007,2,4009,2025-05-04 22:00:00,2025-05-04 23:00:00,2025-05-05 16:00:00,12.850198,77.521486,Unknown miscreants broke open the lock of the house during late night hours and stole gold ornaments and cash.
1053,110053038202601053,202601053,2026-03-01 20:00:00,9134,3038,1005,1,1,103,1006,1,4003,2026-02-28 04:00:00,2026-02-28 14:00:00,2026-03-01 20:00:00,12.889301,77.633682,Unknown miscreants broke open the lock of the house during late night hours and stole gold ornaments and cash.
1054,110023013202601054,202601054,2026-03-10 20:00:00,9371,3013,1002,1,2,102,1004,1,4002,2026-03-10 16:00:00,2026-03-10 19:00:00,2026-03-10 20:00:00,12.858254,77.669934,Unknown miscreants broke open the lock of the house during late night hours and stole gold ornaments and cash.
1055,110053034202501055,202501055,2025-01-26 04:00:00,9106,3034,1005,1,2,104,1007,2,4002,2025-01-25 05:00:00,2025-01-25 14:00:00,2025-01-26 04:00:00,12.874701,77.619263,"Accused intercepted a commercial vehicle on the highway, threatened the driver with sharp weapons, and looted goods."
1056,110013002202501056,202501056,2025-08-22 11:00:00,9257,3002,1001,1,1,102,1003,2,4012,2025-08-21 09:00:00,2025-08-21 16:00:00,2025-08-22 11:00:00,12.97771,77.512668,A group of individuals assaulted the victim following a minor road rage incident causing grievous injuries.
1057,110053035202501057,202501057,2025-04-13 18:00:00,9354,3035,1005,1,2,102,1004,2,4015,2025-04-13 02:00:00,2025-04-13 05:00:00,2025-04-13 18:00:00,13.066297,77.525645,Complainant reported unauthorized debit transactions from bank account following a fake KYC verification call.
1058,110033022202601058,202601058,2026-02-23 00:00:00,9144,3022,1003,1,2,104,1007,2,4012,2026-02-22 07:00:00,2026-02-22 11:00:00,2026-02-23 00:00:00,13.024506,77.448382,A group of individuals assaulted the victim following a minor road rage incident causing grievous injuries.
1059,110043029202501059,202501059,2025-03-26 23:00:00,9326,3029,1004,1,2,103,1006,2,4015,2025-03-25 20:00:00,2025-03-25 23:00:00,2025-03-26 23:00:00,12.992292,77.581731,Complainant reported unauthorized debit transactions from bank account following a fake KYC verification call.
1060,110033020202501060,202501060,2025-09-03 11:00:00,9083,3020,1003,1,2,104,1007,2,4008,2025-09-03 06:00:00,2025-09-03 15:00:00,2025-09-03 11:00:00,12.891989,77.570444,Two persons riding a black motorcycle snatched a gold chain from a pedestrian near the bus stand and fled.
1061,110013005202501061,202501061,2025-10-24 10:00:00,9155,3005,1001,1,2,103,1006,2,4004,2025-10-23 16:00:00,2025-10-24 03:00:00,2025-10-24 10:00:00,12.973072,77.632826,"Accused intercepted a commercial vehicle on the highway, threatened the driver with sharp weapons, and looted goods."
1062,110053035202501062,202501062,2025-07-15 07:00:00,9369,3035,1005,1,2,103,1006,3,4008,2025-07-14 14:00:00,2025-07-14 15:00:00,2025-07-15 07:00:00,12.963956,77.54947,A group of individuals assaulted the victim following a minor road rage incident causing grievous injuries.
1063,110023010202601063,202601063,2026-01-12 06:00:00,9216,3010,1002,1,2,102,1003,3,4001,2026-01-11 06:00:00,2026-01-11 07:00:00,2026-01-12 06:00:00,12.91888,77.456658,Unknown miscreants broke open the lock of the house during late night hours and stole gold ornaments and cash.
1064,110013008202501064,202501064,2025-05-31 14:00:00,9288,3008,1001,1,1,101,1002,2,4004,2025-05-30 09:00:00,2025-05-30 17:00:00,2025-05-31 14:00:00,12.828348,77.555467,Complainant reported unauthorized debit transactions from bank account following a fake KYC verification call.
1065,110043031202501065,202501065,2025-02-20 16:00:00,9138,3031,1004,1,2,101,1001,2,4014,2025-02-20 09:00:00,2025-02-20 14:00:00,2025-02-20 16:00:00,13.066166,77.609906,Two persons riding a black motorcycle snatched a gold chain from a pedestrian near the bus stand and fled.
1066,110053039202501066,202501066,2025-02-18 15:00:00,9325,3039,1005,1,1,103,1006,1,4008,2025-02-18 02:00:00,2025-02-18 07:00:00,2025-02-18 15:00:00,12.977204,77.575368,"Accused intercepted a commercial vehicle on the highway, threatened the driver with sharp weapons, and looted goods."
1067,110053039202501067,202501067,2025-11-11 04:00:00,9200,3039,1005,1,2,101,1002,3,4011,2025-11-10 20:00:00,2025-11-10 22:00:00,2025-11-11 04:00:00,13.006076,77.486025,"Accused intercepted a commercial vehicle on the highway, threatened the driver with sharp weapons, and looted goods."
1068,110023016202601068,202601068,2026-01-11 03:00:00,9207,3016,1002,1,2,104,1007,1,4010,2026-01-10 22:00:00,2026-01-11 08:00:00,2026-01-11 03:00:00,12.91557,77.645041,Complainant reported unauthorized debit transactions from bank account following a fake KYC verification call.
1069,110053040202501069,202501069,2025-04-05 20:00:00,9335,3040,1005,1,1,101,1002,1,4006,2025-04-04 03:00:00,2025-04-04 12:00:00,2025-04-05 20:00:00,12.893024,77.632852,Two persons riding a black motorcycle snatched a gold chain from a pedestrian near the bus stand and fled.
1070,110023013202501070,202501070,2025-06-21 15:00:00,9300,3013,1002,1,2,101,1001,3,4015,2025-06-20 19:00:00,2025-06-20 20:00:00,2025-06-21 15:00:00,13.117452,77.570643,Two persons riding a black motorcycle snatched a gold chain from a pedestrian near the bus stand and fled.
1071,110013001202601071,202601071,2026-02-12 14:00:00,9041,3001,1001,1,1,102,1004,1,4012,2026-02-11 11:00:00,2026-02-11 18:00:00,2026-02-12 14:00:00,13.037555,77.739045,Two persons riding a black motorcycle snatched a gold chain from a pedestrian near the bus stand and fled.
1072,110023009202601072,202601072,2026-01-12 21:00:00,9251,3009,1002,1,2,104,1007,2,4003,2026-01-12 00:00:00,2026-01-12 10:00:00,2026-01-12 21:00:00,12.888468,77.673745,A group of individuals assaulted the victim following a minor road rage incident causing grievous injuries.
1073,110033020202501073,202501073,2025-11-11 22:00:00,9014,3020,1003,1,1,102,1004,2,4008,2025-11-10 01:00:00,2025-11-10 11:00:00,2025-11-11 22:00:00,13.105111,77.562913,Unknown miscreants broke open the lock of the house during late night hours and stole gold ornaments and cash.
1074,110013008202501074,202501074,2025-12-13 18:00:00,9392,3008,1001,1,2,104,1007,3,4003,2025-12-12 15:00:00,2025-12-12 22:00:00,2025-12-13 18:00:00,12.96768,77.711674,Complainant reported unauthorized debit transactions from bank account following a fake KYC verification call.
1075,110033018202601075,202601075,2026-03-04 21:00:00,9334,3018,1003,1,1,101,1002,2,4002,2026-03-02 21:00:00,2026-03-03 05:00:00,2026-03-04 21:00:00,12.8821,77.629972,Unknown miscreants broke open the lock of the house during late night hours and stole gold ornaments and cash.
1076,110043029202501076,202501076,2025-10-04 11:00:00,9179,3029,1004,1,2,101,1001,2,4005,2025-10-03 06:00:00,2025-10-03 14:00:00,2025-10-04 11:00:00,13.080788,77.659669,Complainant reported unauthorized debit transactions from bank account following a fake KYC verification call.
1077,110043029202501077,202501077,2025-09-11 19:00:00,9291,3029,1004,1,1,103,1006,2,4015,2025-09-10 21:00:00,2025-09-11 05:00:00,2025-09-11 19:00:00,12.919775,77.560438,Complainant reported unauthorized debit transactions from bank account following a fake KYC verification call.
1078,110043029202501078,202501078,2025-11-03 20:00:00,9102,3029,1004,1,1,102,1004,2,4002,2025-11-02 12:00:00,2025-11-02 17:00:00,2025-11-03 20:00:00,12.917712,77.552924,Two persons riding a black motorcycle snatched a gold chain from a pedestrian near the bus stand and fled.
1079,110013003202501079,202501079,2025-10-17 16:00:00,9226,3003,1001,1,2,104,1007,2,4004,2025-10-17 05:00:00,2025-10-17 15:00:00,2025-10-17 16:00:00,13.007407,77.522346,Unknown miscreants broke open the lock of the house during late night hours and stole gold ornaments and cash.
1080,110033024202601080,202601080,2026-02-09 06:00:00,9125,3024,1003,1,1,101,1001,2,4001,2026-02-08 05:00:00,2026-02-08 17:00:00,2026-02-09 06:00:00,13.007731,77.581516,Unknown miscreants broke open the lock of the house during late night hours and stole gold ornaments and cash.
1081,110013004202501081,202501081,2025-07-29 05:00:00,9348,3004,1001,1,2,102,1003,2,4013,2025-07-27 11:00:00,2025-07-27 16:00:00,2025-07-29 05:00:00,13.101219,77.4942,Complainant reported unauthorized debit transactions from bank account following a fake KYC verification call.
1082,110023009202501082,202501082,2025-05-26 02:00:00,9221,3009,1002,1,1,102,1003,2,4009,2025-05-24 07:00:00,2025-05-24 17:00:00,2025-05-26 02:00:00,13.077746,77.471023,Two persons riding a black motorcycle snatched a gold chain from a pedestrian near the bus stand and fled.
1083,110033019202501083,202501083,2025-11-09 21:00:00,9106,3019,1003,1,2,101,1001,1,4001,2025-11-08 15:00:00,2025-11-08 21:00:00,2025-11-09 21:00:00,13.113983,77.527737,"Accused intercepted a commercial vehicle on the highway, threatened the driver with sharp weapons, and looted goods."
1084,110053040202501084,202501084,2025-02-08 02:00:00,9224,3040,1005,1,2,101,1002,3,4009,2025-02-07 21:00:00,2025-02-08 02:00:00,2025-02-08 02:00:00,12.856253,77.609431,Two persons riding a black motorcycle snatched a gold chain from a pedestrian near the bus stand and fled.
1085,110053033202501085,202501085,2025-06-16 09:00:00,9120,3033,1005,1,1,103,1005,2,4005,2025-06-14 21:00:00,2025-06-15 02:00:00,2025-06-16 09:00:00,12.830186,77.624344,A group of individuals assaulted the victim following a minor road rage incident causing grievous injuries.
1086,110033018202501086,202501086,2025-10-03 10:00:00,9328,3018,1003,1,2,103,1006,2,4003,2025-10-01 11:00:00,2025-10-01 16:00:00,2025-10-03 10:00:00,13.033262,77.723313,"Accused intercepted a commercial vehicle on the highway, threatened the driver with sharp weapons, and looted goods."
1087,110053039202501087,202501087,2025-03-10 19:00:00,9290,3039,1005,1,1,103,1006,3,4008,2025-03-09 19:00:00,2025-03-10 02:00:00,2025-03-10 19:00:00,12.827026,77.489866,Unknown miscreants broke open the lock of the house during late night hours and stole gold ornaments and cash.
1088,110033024202501088,202501088,2025-05-23 11:00:00,9099,3024,1003,1,1,102,1004,2,4014,2025-05-22 19:00:00,2025-05-22 20:00:00,2025-05-23 11:00:00,12.936301,77.673739,Unknown miscreants broke open the lock of the house during late night hours and stole gold ornaments and cash.
1089,110023011202601089,202601089,2026-02-09 18:00:00,9356,3011,1002,1,1,101,1002,1,4010,2026-02-07 18:00:00,2026-02-07 19:00:00,2026-02-09 18:00:00,13.073132,77.738303,A group of individuals assaulted the victim following a minor road rage incident causing grievous injuries.
1090,110013006202501090,202501090,2025-12-17 05:00:00,9041,3006,1001,1,1,104,1007,1,4010,2025-12-16 23:00:00,2025-12-17 02:00:00,2025-12-17 05:00:00,13.117711,77.667811,"Accused intercepted a commercial vehicle on the highway, threatened the driver with sharp weapons, and looted goods."
1091,110023014202501091,202501091,2025-09-27 10:00:00,9308,3014,1002,1,1,102,1004,1,4003,2025-09-27 03:00:00,2025-09-27 15:00:00,2025-09-27 10:00:00,12.91929,77.634424,"Accused intercepted a commercial vehicle on the highway, threatened the driver with sharp weapons, and looted goods."
1092,110013006202501092,202501092,2025-06-15 05:00:00,9040,3006,1001,1,1,102,1004,2,4002,2025-06-14 15:00:00,2025-06-15 01:00:00,2025-06-15 05:00:00,13.065037,77.480755,Unknown miscreants broke open the lock of the house during late night hours and stole gold ornaments and cash.
1093,110013002202501093,202501093,2025-04-19 21:00:00,9296,3002,1001,1,2,101,1002,2,4008,2025-04-18 09:00:00,2025-04-18 16:00:00,2025-04-19 21:00:00,12.991633,77.489179,"Accused intercepted a commercial vehicle on the highway, threatened the driver with sharp weapons, and looted goods."
1094,110013003202601094,202601094,2026-02-21 23:00:00,9398,3003,1001,1,1,101,1001,1,4009,2026-02-20 04:00:00,2026-02-20 09:00:00,2026-02-21 23:00:00,12.988489,77.493837,A group of individuals assaulted the victim following a minor road rage incident causing grievous injuries.
1095,110013003202501095,202501095,2025-09-05 13:00:00,9025,3003,1001,1,2,104,1007,2,4012,2025-09-05 00:00:00,2025-09-05 06:00:00,2025-09-05 13:00:00,13.062857,77.465294,"Accused intercepted a commercial vehicle on the highway, threatened the driver with sharp weapons, and looted goods."
1096,110043032202501096,202501096,2025-02-15 10:00:00,9123,3032,1004,1,1,102,1004,2,4002,2025-02-14 19:00:00,2025-02-15 02:00:00,2025-02-15 10:00:00,12.838933,77.678634,Complainant reported unauthorized debit transactions from bank account following a fake KYC verification call.
1097,110043026202501097,202501097,2025-07-20 07:00:00,9213,3026,1004,1,2,104,1007,2,4015,2025-07-19 08:00:00,2025-07-19 10:00:00,2025-07-20 07:00:00,12.972984,77.659857,"Accused intercepted a commercial vehicle on the highway, threatened the driver with sharp weapons, and looted goods."
1098,110043026202501098,202501098,2025-12-27 06:00:00,9012,3026,1004,1,2,102,1004,3,4009,2025-12-27 00:00:00,2025-12-27 05:00:00,2025-12-27 06:00:00,13.086688,77.725162,A group of individuals assaulted the victim following a minor road rage incident causing grievous injuries.
1099,110013006202501099,202501099,2025-11-12 18:00:00,9028,3006,1001,1,1,102,1004,3,4004,2025-11-10 19:00:00,2025-11-11 07:00:00,2025-11-12 18:00:00,12.964901,77.72492,Complainant reported unauthorized debit transactions from bank account following a fake KYC verification call.
1100,110033022202501100,202501100,2025-05-09 00:00:00,9251,3022,1003,1,1,102,1004,1,4012,2025-05-08 09:00:00,2025-05-08 15:00:00,2025-05-09 00:00:00,13.00254,77.507873,Unknown miscreants broke open the lock of the house during late night hours and stole gold ornaments and cash.
1101,110043031202601101,202601101,2026-03-03 13:00:00,9359,3031,1004,1,2,104,1007,2,4013,2026-03-01 16:00:00,2026-03-02 02:00:00,2026-03-03 13:00:00,13.019532,77.654606,Two persons riding a black motorcycle snatched a gold chain from a pedestrian near the bus stand and fled.
1102,110033022202501102,202501102,2025-03-29 21:00:00,9080,3022,1003,1,2,104,1007,1,4001,2025-03-28 05:00:00,2025-03-28 08:00:00,2025-03-29 21:00:00,12.872713,77.588372,Complainant reported unauthorized debit transactions from bank account following a fake KYC verification call.
1103,110013005202501103,202501103,2025-05-14 21:00:00,9143,3005,1001,1,1,104,1007,1,4009,2025-05-14 17:00:00,2025-05-15 00:00:00,2025-05-14 21:00:00,12.890197,77.448191,A group of individuals assaulted the victim following a minor road rage incident causing grievous injuries.
1104,110053033202501104,202501104,2025-02-21 02:00:00,9315,3033,1005,1,1,101,1001,3,4014,2025-02-20 14:00:00,2025-02-20 20:00:00,2025-02-21 02:00:00,12.906183,77.676264,Two persons riding a black motorcycle snatched a gold chain from a pedestrian near the bus stand and fled.
1105,110023011202501105,202501105,2025-07-25 11:00:00,9233,3011,1002,1,1,102,1004,2,4007,2025-07-24 21:00:00,2025-07-25 06:00:00,2025-07-25 11:00:00,12.970006,77.67155,A group of individuals assaulted the victim following a minor road rage incident causing grievous injuries.
1106,110033018202601106,202601106,2026-03-01 18:00:00,9252,3018,1003,1,2,101,1002,1,4001,2026-03-01 02:00:00,2026-03-01 09:00:00,2026-03-01 18:00:00,12.852052,77.537576,A group of individuals assaulted the victim following a minor road rage incident causing grievous injuries.
1107,110043029202501107,202501107,2025-05-09 07:00:00,9031,3029,1004,1,2,104,1007,1,4012,2025-05-08 17:00:00,2025-05-09 00:00:00,2025-05-09 07:00:00,12.864483,77.502242,"Accused intercepted a commercial vehicle on the highway, threatened the driver with sharp weapons, and looted goods."
1108,110033019202601108,202601108,2026-02-18 23:00:00,9182,3019,1003,1,2,104,1007,1,4014,2026-02-18 12:00:00,2026-02-18 20:00:00,2026-02-18 23:00:00,12.959888,77.616805,Two persons riding a black motorcycle snatched a gold chain from a pedestrian near the bus stand and fled.
1109,110033022202501109,202501109,2025-07-20 18:00:00,9140,3022,1003,1,1,103,1005,3,4005,2025-07-19 10:00:00,2025-07-19 19:00:00,2025-07-20 18:00:00,13.066522,77.49188,Complainant reported unauthorized debit transactions from bank account following a fake KYC verification call.
1110,110053036202501110,202501110,2025-05-05 22:00:00,9033,3036,1005,1,2,102,1004,3,4013,2025-05-05 04:00:00,2025-05-05 05:00:00,2025-05-05 22:00:00,13.060975,77.648646,Unknown miscreants broke open the lock of the house during late night hours and stole gold ornaments and cash.
1111,110043026202501111,202501111,2025-12-21 03:00:00,9297,3026,1004,1,1,104,1007,1,4015,2025-12-19 14:00:00,2025-12-19 18:00:00,2025-12-21 03:00:00,12.858126,77.669164,"Accused intercepted a commercial vehicle on the highway, threatened the driver with sharp weapons, and looted goods."
1112,110043028202501112,202501112,2025-11-12 23:00:00,9278,3028,1004,1,1,104,1007,2,4001,2025-11-12 19:00:00,2025-11-13 03:00:00,2025-11-12 23:00:00,12.857587,77.482788,Unknown miscreants broke open the lock of the house during late night hours and stole gold ornaments and cash.
1113,110043027202601113,202601113,2026-03-28 14:00:00,9110,3027,1004,1,2,101,1002,2,4014,2026-03-27 11:00:00,2026-03-27 18:00:00,2026-03-28 14:00:00,12.846643,77.458511,"Accused intercepted a commercial vehicle on the highway, threatened the driver with sharp weapons, and looted goods."
1114,110013005202501114,202501114,2025-12-22 14:00:00,9147,3005,1001,1,2,104,1007,3,4014,2025-12-21 21:00:00,2025-12-22 00:00:00,2025-12-22 14:00:00,13.098346,77.593638,A group of individuals assaulted the victim following a minor road rage incident causing grievous injuries.
1115,110033018202501115,202501115,2025-12-14 05:00:00,9004,3018,1003,1,2,102,1003,3,4013,2025-12-13 08:00:00,2025-12-13 18:00:00,2025-12-14 05:00:00,13.105809,77.531846,A group of individuals assaulted the victim following a minor road rage incident causing grievous injuries.
1116,110023014202501116,202501116,2025-12-01 19:00:00,9011,3014,1002,1,2,103,1006,3,4004,2025-12-01 06:00:00,2025-12-01 10:00:00,2025-12-01 19:00:00,12.991985,77.689291,"Accused intercepted a commercial vehicle on the highway, threatened the driver with sharp weapons, and looted goods."
1117,110043031202501117,202501117,2025-02-25 06:00:00,9205,3031,1004,1,1,102,1003,2,4004,2025-02-24 09:00:00,2025-02-24 16:00:00,2025-02-25 06:00:00,12.867129,77.707791,Unknown miscreants broke open the lock of the house during late night hours and stole gold ornaments and cash.
1118,110043029202501118,202501118,2025-06-29 00:00:00,9028,3029,1004,1,2,101,1002,1,4004,2025-06-27 06:00:00,2025-06-27 12:00:00,2025-06-29 00:00:00,12.873092,77.585747,Two persons riding a black motorcycle snatched a gold chain from a pedestrian near the bus stand and fled.
1119,110033020202501119,202501119,2025-02-10 05:00:00,9279,3020,1003,1,2,104,1007,2,4015,2025-02-09 08:00:00,2025-02-09 14:00:00,2025-02-10 05:00:00,12.934428,77.515687,Unknown miscreants broke open the lock of the house during late night hours and stole gold ornaments and cash.
1120,110043031202601120,202601120,2026-01-22 23:00:00,9285,3031,1004,1,2,103,1005,2,4003,2026-01-22 16:00:00,2026-01-23 01:00:00,2026-01-22 23:00:00,12.858557,77.533819,"Accused intercepted a commercial vehicle on the highway, threatened the driver with sharp weapons, and looted goods."
1121,110033018202501121,202501121,2025-05-28 20:00:00,9255,3018,1003,1,2,102,1003,2,4010,2025-05-28 05:00:00,2025-05-28 16:00:00,2025-05-28 20:00:00,12.924883,77.556711,Two persons riding a black motorcycle snatched a gold chain from a pedestrian near the bus stand and fled.
1122,110043031202601122,202601122,2026-02-02 14:00:00,9311,3031,1004,1,2,101,1001,3,4008,2026-02-02 11:00:00,2026-02-02 23:00:00,2026-02-02 14:00:00,13.101901,77.62184,A group of individuals assaulted the victim following a minor road rage incident causing grievous injuries.
1123,110013006202501123,202501123,2025-05-04 22:00:00,9251,3006,1001,1,2,102,1003,1,4012,2025-05-02 22:00:00,2025-05-03 03:00:00,2025-05-04 22:00:00,12.959272,77.64636,A group of individuals assaulted the victim following a minor road rage incident causing grievous injuries.
1124,110033024202501124,202501124,2025-10-30 11:00:00,9369,3024,1003,1,2,103,1005,1,4015,2025-10-29 01:00:00,2025-10-29 06:00:00,2025-10-30 11:00:00,13.049934,77.629109,Unknown miscreants broke open the lock of the house during late night hours and stole gold ornaments and cash.
1125,110013006202501125,202501125,2025-12-21 17:00:00,9328,3006,1001,1,1,101,1002,3,4007,2025-12-20 19:00:00,2025-12-20 21:00:00,2025-12-21 17:00:00,12.911923,77.710507,A group of individuals assaulted the victim following a minor road rage incident causing grievous injuries.
1126,110013001202501126,202501126,2025-05-03 06:00:00,9246,3001,1001,1,2,101,1002,2,4010,2025-05-03 01:00:00,2025-05-03 06:00:00,2025-05-03 06:00:00,13.077633,77.557456,A group of individuals assaulted the victim following a minor road rage incident causing grievous injuries.
1127,110033023202501127,202501127,2025-08-13 07:00:00,9177,3023,1003,1,1,101,1002,1,4011,2025-08-12 23:00:00,2025-08-13 11:00:00,2025-08-13 07:00:00,12.892638,77.744474,A group of individuals assaulted the victim following a minor road rage incident causing grievous injuries.
1128,110013003202501128,202501128,2025-08-23 19:00:00,9076,3003,1001,1,2,101,1001,1,4006,2025-08-23 11:00:00,2025-08-23 15:00:00,2025-08-23 19:00:00,13.004268,77.516416,Complainant reported unauthorized debit transactions from bank account following a fake KYC verification call.
1129,110033017202501129,202501129,2025-02-12 19:00:00,9281,3017,1003,1,2,103,1005,1,4007,2025-02-11 01:00:00,2025-02-11 09:00:00,2025-02-12 19:00:00,12.885633,77.712977,Complainant reported unauthorized debit transactions from bank account following a fake KYC verification call.
1130,110043030202501130,202501130,2025-07-08 22:00:00,9391,3030,1004,1,2,101,1002,2,4002,2025-07-08 08:00:00,2025-07-08 15:00:00,2025-07-08 22:00:00,12.832113,77.708406,Complainant reported unauthorized debit transactions from bank account following a fake KYC verification call.
1131,110043027202601131,202601131,2026-03-28 14:00:00,9261,3027,1004,1,1,101,1002,2,4015,2026-03-27 06:00:00,2026-03-27 16:00:00,2026-03-28 14:00:00,12.860038,77.627241,A group of individuals assaulted the victim following a minor road rage incident causing grievous injuries.
1132,110053040202501132,202501132,2025-09-21 09:00:00,9232,3040,1005,1,2,101,1002,1,4008,2025-09-21 03:00:00,2025-09-21 12:00:00,2025-09-21 09:00:00,12.839603,77.545657,"Accused intercepted a commercial vehicle on the highway, threatened the driver with sharp weapons, and looted goods."
1133,110033018202501133,202501133,2025-09-23 08:00:00,9186,3018,1003,1,1,101,1002,3,4011,2025-09-21 19:00:00,2025-09-22 02:00:00,2025-09-23 08:00:00,13.114208,77.537509,A group of individuals assaulted the victim following a minor road rage incident causing grievous injuries.
1134,110013001202501134,202501134,2025-07-01 06:00:00,9211,3001,1001,1,1,102,1004,3,4012,2025-06-30 15:00:00,2025-07-01 03:00:00,2025-07-01 06:00:00,12.903307,77.474006,A group of individuals assaulted the victim following a minor road rage incident causing grievous injuries.
1135,110023012202501135,202501135,2025-06-27 14:00:00,9227,3012,1002,1,1,104,1007,3,4006,2025-06-25 20:00:00,2025-06-25 21:00:00,2025-06-27 14:00:00,12.953973,77.524945,A group of individuals assaulted the victim following a minor road rage incident causing grievous injuries.
1136,110013003202501136,202501136,2025-08-10 17:00:00,9252,3003,1001,1,2,103,1005,2,4009,2025-08-09 20:00:00,2025-08-10 00:00:00,2025-08-10 17:00:00,12.849377,77.729014,Two persons riding a black motorcycle snatched a gold chain from a pedestrian near the bus stand and fled.
1137,110033022202501137,202501137,2025-06-19 07:00:00,9209,3022,1003,1,2,101,1002,2,4009,2025-06-18 12:00:00,2025-06-18 17:00:00,2025-06-19 07:00:00,12.921649,77.476121,A group of individuals assaulted the victim following a minor road rage incident causing grievous injuries.
1138,110013003202601138,202601138,2026-01-02 11:00:00,9082,3003,1001,1,1,101,1002,1,4013,2026-01-01 07:00:00,2026-01-01 17:00:00,2026-01-02 11:00:00,13.053133,77.477637,Complainant reported unauthorized debit transactions from bank account following a fake KYC verification call.
1139,110023014202601139,202601139,2026-03-06 06:00:00,9201,3014,1002,1,1,101,1002,3,4005,2026-03-05 06:00:00,2026-03-05 10:00:00,2026-03-06 06:00:00,12.853661,77.700134,Two persons riding a black motorcycle snatched a gold chain from a pedestrian near the bus stand and fled.
1140,110023016202601140,202601140,2026-01-22 06:00:00,9159,3016,1002,1,1,101,1002,1,4007,2026-01-21 22:00:00,2026-01-22 04:00:00,2026-01-22 06:00:00,12.886956,77.638802,Complainant reported unauthorized debit transactions from bank account following a fake KYC verification call.
1141,110033021202601141,202601141,2026-01-19 19:00:00,9373,3021,1003,1,2,103,1006,2,4015,2026-01-19 11:00:00,2026-01-19 12:00:00,2026-01-19 19:00:00,13.051323,77.724343,Complainant reported unauthorized debit transactions from bank account following a fake KYC verification call.
1142,110053039202501142,202501142,2025-02-09 07:00:00,9382,3039,1005,1,1,101,1002,2,4015,2025-02-08 11:00:00,2025-02-08 21:00:00,2025-02-09 07:00:00,12.990653,77.536454,Two persons riding a black motorcycle snatched a gold chain from a pedestrian near the bus stand and fled.
1143,110033023202501143,202501143,2025-01-11 14:00:00,9210,3023,1003,1,2,101,1002,2,4014,2025-01-09 21:00:00,2025-01-10 07:00:00,2025-01-11 14:00:00,13.114906,77.661316,Two persons riding a black motorcycle snatched a gold chain from a pedestrian near the bus stand and fled.
1144,110033021202501144,202501144,2025-12-02 09:00:00,9177,3021,1003,1,1,102,1003,2,4004,2025-12-01 10:00:00,2025-12-01 21:00:00,2025-12-02 09:00:00,13.026909,77.70721,A group of individuals assaulted the victim following a minor road rage incident causing grievous injuries.
1145,110023013202601145,202601145,2026-02-21 10:00:00,9297,3013,1002,1,1,104,1007,2,4015,2026-02-20 02:00:00,2026-02-20 07:00:00,2026-02-21 10:00:00,12.856399,77.502529,"Accused intercepted a commercial vehicle on the highway, threatened the driver with sharp weapons, and looted goods."
1146,110023013202501146,202501146,2025-10-08 16:00:00,9080,3013,1002,1,2,103,1005,3,4003,2025-10-06 21:00:00,2025-10-07 04:00:00,2025-10-08 16:00:00,13.111657,77.576953,A group of individuals assaulted the victim following a minor road rage incident causing grievous injuries.
1147,110043027202601147,202601147,2026-01-15 23:00:00,9062,3027,1004,1,2,102,1004,2,4013,2026-01-14 06:00:00,2026-01-14 08:00:00,2026-01-15 23:00:00,13.073559,77.571384,Unknown miscreants broke open the lock of the house during late night hours and stole gold ornaments and cash.
1148,110013007202501148,202501148,2025-08-18 07:00:00,9273,3007,1001,1,2,103,1006,1,4001,2025-08-16 21:00:00,2025-08-17 03:00:00,2025-08-18 07:00:00,12.974775,77.598351,Unknown miscreants broke open the lock of the house during late night hours and stole gold ornaments and cash.
1149,110053035202501149,202501149,2025-12-29 21:00:00,9095,3035,1005,1,1,101,1001,3,4003,2025-12-29 11:00:00,2025-12-29 14:00:00,2025-12-29 21:00:00,12.910593,77.632211,Two persons riding a black motorcycle snatched a gold chain from a pedestrian near the bus stand and fled.
1150,110033018202601150,202601150,2026-01-30 02:00:00,9092,3018,1003,1,1,103,1005,1,4009,2026-01-29 00:00:00,2026-01-29 06:00:00,2026-01-30 02:00:00,12.864591,77.699883,Two persons riding a black motorcycle snatched a gold chain from a pedestrian near the bus stand and fled.
1151,110053037202501151,202501151,2025-09-01 05:00:00,9025,3037,1005,1,1,102,1003,1,4002,2025-08-31 07:00:00,2025-08-31 16:00:00,2025-09-01 05:00:00,12.935312,77.533241,Complainant reported unauthorized debit transactions from bank account following a fake KYC verification call.
1152,110033021202501152,202501152,2025-10-14 02:00:00,9156,3021,1003,1,1,101,1002,1,4002,2025-10-13 02:00:00,2025-10-13 04:00:00,2025-10-14 02:00:00,12.825498,77.716431,Unknown miscreants broke open the lock of the house during late night hours and stole gold ornaments and cash.
1153,110013002202501153,202501153,2025-12-11 22:00:00,9074,3002,1001,1,2,103,1005,2,4008,2025-12-10 17:00:00,2025-12-11 01:00:00,2025-12-11 22:00:00,12.919248,77.547105,A group of individuals assaulted the victim following a minor road rage incident causing grievous injuries.
1154,110053037202601154,202601154,2026-02-11 14:00:00,9056,3037,1005,1,2,103,1005,2,4006,2026-02-10 14:00:00,2026-02-10 22:00:00,2026-02-11 14:00:00,12.963729,77.717822,Two persons riding a black motorcycle snatched a gold chain from a pedestrian near the bus stand and fled.
1155,110053033202601155,202601155,2026-01-03 06:00:00,9014,3033,1005,1,1,104,1007,1,4005,2026-01-01 21:00:00,2026-01-01 22:00:00,2026-01-03 06:00:00,13.118406,77.502195,A group of individuals assaulted the victim following a minor road rage incident causing grievous injuries.
1156,110053034202501156,202501156,2025-04-28 18:00:00,9236,3034,1005,1,2,102,1003,2,4015,2025-04-28 16:00:00,2025-04-28 23:00:00,2025-04-28 18:00:00,12.91394,77.459215,A group of individuals assaulted the victim following a minor road rage incident causing grievous injuries.
1157,110043030202501157,202501157,2025-03-04 15:00:00,9079,3030,1004,1,1,104,1007,1,4003,2025-03-04 03:00:00,2025-03-04 09:00:00,2025-03-04 15:00:00,12.832662,77.474791,Two persons riding a black motorcycle snatched a gold chain from a pedestrian near the bus stand and fled.
1158,110033023202501158,202501158,2025-11-24 01:00:00,9190,3023,1003,1,2,104,1007,2,4015,2025-11-22 08:00:00,2025-11-22 11:00:00,2025-11-24 01:00:00,13.094353,77.454266,"Accused intercepted a commercial vehicle on the highway, threatened the driver with sharp weapons, and looted goods."
1159,110013003202501159,202501159,2025-01-12 17:00:00,9281,3003,1001,1,2,101,1001,3,4015,2025-01-12 12:00:00,2025-01-12 19:00:00,2025-01-12 17:00:00,12.96612,77.659724,"Accused intercepted a commercial vehicle on the highway, threatened the driver with sharp weapons, and looted goods."
1160,110053033202601160,202601160,2026-02-09 03:00:00,9316,3033,1005,1,1,103,1005,3,4008,2026-02-08 05:00:00,2026-02-08 16:00:00,2026-02-09 03:00:00,12.952004,77.566468,Unknown miscreants broke open the lock of the house during late night hours and stole gold ornaments and cash.
1161,110023009202501161,202501161,2025-04-14 14:00:00,9356,3009,1002,1,2,104,1007,2,4009,2025-04-13 08:00:00,2025-04-13 10:00:00,2025-04-14 14:00:00,12.887224,77.572833,Two persons riding a black motorcycle snatched a gold chain from a pedestrian near the bus stand and fled.
1162,110023015202501162,202501162,2025-09-06 14:00:00,9221,3015,1002,1,1,104,1007,3,4006,2025-09-05 00:00:00,2025-09-05 06:00:00,2025-09-06 14:00:00,12.914704,77.554806,Two persons riding a black motorcycle snatched a gold chain from a pedestrian near the bus stand and fled.
1163,110043030202501163,202501163,2025-08-17 21:00:00,9038,3030,1004,1,1,101,1002,2,4006,2025-08-16 22:00:00,2025-08-17 10:00:00,2025-08-17 21:00:00,13.02541,77.563912,Complainant reported unauthorized debit transactions from bank account following a fake KYC verification call.
1164,110023014202501164,202501164,2025-02-23 06:00:00,9171,3014,1002,1,2,103,1005,1,4015,2025-02-21 16:00:00,2025-02-22 01:00:00,2025-02-23 06:00:00,13.075506,77.484536,A group of individuals assaulted the victim following a minor road rage incident causing grievous injuries.
1165,110023016202501165,202501165,2025-04-12 05:00:00,9146,3016,1002,1,1,103,1006,2,4001,2025-04-10 18:00:00,2025-04-10 23:00:00,2025-04-12 05:00:00,13.001987,77.538329,Unknown miscreants broke open the lock of the house during late night hours and stole gold ornaments and cash.
1166,110043032202501166,202501166,2025-11-13 13:00:00,9233,3032,1004,1,1,104,1007,3,4005,2025-11-12 10:00:00,2025-11-12 15:00:00,2025-11-13 13:00:00,13.018187,77.675828,Two persons riding a black motorcycle snatched a gold chain from a pedestrian near the bus stand and fled.
1167,110013002202501167,202501167,2025-10-23 22:00:00,9041,3002,1001,1,2,101,1002,1,4014,2025-10-23 18:00:00,2025-10-24 06:00:00,2025-10-23 22:00:00,12.963737,77.699087,Complainant reported unauthorized debit transactions from bank account following a fake KYC verification call.
1168,110023013202601168,202601168,2026-02-03 22:00:00,9047,3013,1002,1,2,104,1007,3,4013,2026-02-03 05:00:00,2026-02-03 07:00:00,2026-02-03 22:00:00,12.839691,77.655871,Unknown miscreants broke open the lock of the house during late night hours and stole gold ornaments and cash.
1169,110023013202601169,202601169,2026-02-20 17:00:00,9328,3013,1002,1,1,101,1001,3,4006,2026-02-19 12:00:00,2026-02-19 13:00:00,2026-02-20 17:00:00,12.960095,77.647416,Unknown miscreants broke open the lock of the house during late night hours and stole gold ornaments and cash.
1170,110053033202501170,202501170,2025-10-17 01:00:00,9012,3033,1005,1,2,102,1003,2,4010,2025-10-15 22:00:00,2025-10-16 03:00:00,2025-10-17 01:00:00,13.041546,77.737213,"Accused intercepted a commercial vehicle on the highway, threatened the driver with sharp weapons, and looted goods."
1171,110013005202501171,202501171,2025-11-13 14:00:00,9248,3005,1001,1,2,102,1004,2,4006,2025-11-12 06:00:00,2025-11-12 09:00:00,2025-11-13 14:00:00,13.020514,77.643952,Complainant reported unauthorized debit transactions from bank account following a fake KYC verification call.
1172,110013008202501172,202501172,2025-06-20 03:00:00,9255,3008,1001,1,1,102,1003,1,4013,2025-06-19 10:00:00,2025-06-19 17:00:00,2025-06-20 03:00:00,12.890497,77.53293,Two persons riding a black motorcycle snatched a gold chain from a pedestrian near the bus stand and fled.
1173,110033021202601173,202601173,2026-01-13 22:00:00,9316,3021,1003,1,2,103,1006,1,4006,2026-01-13 19:00:00,2026-01-14 06:00:00,2026-01-13 22:00:00,12.975879,77.636217,Two persons riding a black motorcycle snatched a gold chain from a pedestrian near the bus stand and fled.
1174,110013003202501174,202501174,2025-09-04 16:00:00,9206,3003,1001,1,2,101,1002,1,4015,2025-09-04 09:00:00,2025-09-04 12:00:00,2025-09-04 16:00:00,12.926263,77.722978,A group of individuals assaulted the victim following a minor road rage incident causing grievous injuries.
1175,110053036202501175,202501175,2025-07-02 19:00:00,9195,3036,1005,1,1,102,1003,2,4012,2025-07-01 14:00:00,2025-07-02 00:00:00,2025-07-02 19:00:00,12.948673,77.508229,Complainant reported unauthorized debit transactions from bank account following a fake KYC verification call.
1176,110013008202501176,202501176,2025-03-12 03:00:00,9148,3008,1001,1,1,102,1004,3,4012,2025-03-11 04:00:00,2025-03-11 12:00:00,2025-03-12 03:00:00,12.975919,77.729493,Complainant reported unauthorized debit transactions from bank account following a fake KYC verification call.
1177,110023013202501177,202501177,2025-02-10 13:00:00,9058,3013,1002,1,1,102,1003,1,4001,2025-02-09 21:00:00,2025-02-10 00:00:00,2025-02-10 13:00:00,12.921976,77.704928,Two persons riding a black motorcycle snatched a gold chain from a pedestrian near the bus stand and fled.
1178,110053035202501178,202501178,2025-12-06 06:00:00,9321,3035,1005,1,2,104,1007,3,4003,2025-12-05 20:00:00,2025-12-06 02:00:00,2025-12-06 06:00:00,13.111609,77.742397,"Accused intercepted a commercial vehicle on the highway, threatened the driver with sharp weapons, and looted goods."
1179,110023015202501179,202501179,2025-12-28 22:00:00,9059,3015,1002,1,1,101,1002,1,4005,2025-12-26 22:00:00,2025-12-27 05:00:00,2025-12-28 22:00:00,12.892577,77.606815,Two persons riding a black motorcycle snatched a gold chain from a pedestrian near the bus stand and fled.
1180,110043030202601180,202601180,2026-01-13 13:00:00,9288,3030,1004,1,2,104,1007,2,4013,2026-01-11 22:00:00,2026-01-12 04:00:00,2026-01-13 13:00:00,13.053096,77.620753,A group of individuals assaulted the victim following a minor road rage incident causing grievous injuries.
1181,110033022202501181,202501181,2025-06-22 03:00:00,9042,3022,1003,1,2,101,1001,2,4012,2025-06-20 08:00:00,2025-06-20 16:00:00,2025-06-22 03:00:00,13.069298,77.449611,"Accused intercepted a commercial vehicle on the highway, threatened the driver with sharp weapons, and looted goods."
1182,110013006202601182,202601182,2026-03-24 03:00:00,9024,3006,1001,1,1,101,1001,1,4007,2026-03-23 12:00:00,2026-03-24 00:00:00,2026-03-24 03:00:00,12.980123,77.480205,Unknown miscreants broke open the lock of the house during late night hours and stole gold ornaments and cash.
1183,110013007202501183,202501183,2025-12-21 09:00:00,9343,3007,1001,1,2,101,1001,3,4007,2025-12-20 11:00:00,2025-12-20 12:00:00,2025-12-21 09:00:00,12.972582,77.709831,Unknown miscreants broke open the lock of the house during late night hours and stole gold ornaments and cash.
1184,110023014202501184,202501184,2025-03-26 11:00:00,9190,3014,1002,1,2,104,1007,3,4009,2025-03-24 16:00:00,2025-03-24 23:00:00,2025-03-26 11:00:00,12.88565,77.515658,Unknown miscreants broke open the lock of the house during late night hours and stole gold ornaments and cash.
1185,110033018202501185,202501185,2025-12-21 16:00:00,9289,3018,1003,1,1,104,1007,1,4007,2025-12-19 23:00:00,2025-12-20 10:00:00,2025-12-21 16:00:00,12.92617,77.472939,Two persons riding a black motorcycle snatched a gold chain from a pedestrian near the bus stand and fled.
1186,110043028202501186,202501186,2025-01-31 00:00:00,9011,3028,1004,1,2,103,1006,3,4013,2025-01-29 03:00:00,2025-01-29 06:00:00,2025-01-31 00:00:00,12.894345,77.627528,Complainant reported unauthorized debit transactions from bank account following a fake KYC verification call.
1187,110023014202501187,202501187,2025-10-09 02:00:00,9144,3014,1002,1,1,102,1004,2,4013,2025-10-07 14:00:00,2025-10-07 16:00:00,2025-10-09 02:00:00,12.830924,77.718624,A group of individuals assaulted the victim following a minor road rage incident causing grievous injuries.
1188,110023011202501188,202501188,2025-10-28 23:00:00,9201,3011,1002,1,2,104,1007,3,4005,2025-10-28 01:00:00,2025-10-28 08:00:00,2025-10-28 23:00:00,13.046653,77.626962,Two persons riding a black motorcycle snatched a gold chain from a pedestrian near the bus stand and fled.
1189,110023010202501189,202501189,2025-12-20 12:00:00,9358,3010,1002,1,2,102,1004,1,4007,2025-12-19 10:00:00,2025-12-19 16:00:00,2025-12-20 12:00:00,12.901779,77.505075,Complainant reported unauthorized debit transactions from bank account following a fake KYC verification call.
1190,110053034202501190,202501190,2025-04-13 08:00:00,9040,3034,1005,1,1,101,1001,2,4015,2025-04-11 23:00:00,2025-04-12 01:00:00,2025-04-13 08:00:00,13.070116,77.456866,Unknown miscreants broke open the lock of the house during late night hours and stole gold ornaments and cash.
1191,110013003202501191,202501191,2025-02-25 13:00:00,9244,3003,1001,1,2,102,1003,1,4011,2025-02-24 15:00:00,2025-02-24 20:00:00,2025-02-25 13:00:00,12.960675,77.652021,"Accused intercepted a commercial vehicle on the highway, threatened the driver with sharp weapons, and looted goods."
1192,110043026202501192,202501192,2025-05-26 00:00:00,9229,3026,1004,1,2,104,1007,2,4007,2025-05-24 04:00:00,2025-05-24 07:00:00,2025-05-26 00:00:00,13.047758,77.640941,Two persons riding a black motorcycle snatched a gold chain from a pedestrian near the bus stand and fled.
1193,110013005202501193,202501193,2025-01-14 11:00:00,9139,3005,1001,1,2,104,1007,1,4001,2025-01-12 14:00:00,2025-01-12 22:00:00,2025-01-14 11:00:00,12.877118,77.446252,Unknown miscreants broke open the lock of the house during late night hours and stole gold ornaments and cash.
1194,110043032202601194,202601194,2026-03-18 05:00:00,9207,3032,1004,1,1,101,1002,1,4004,2026-03-17 19:00:00,2026-03-17 20:00:00,2026-03-18 05:00:00,12.90988,77.728416,Unknown miscreants broke open the lock of the house during late night hours and stole gold ornaments and cash.
1195,110033021202501195,202501195,2025-04-14 05:00:00,9394,3021,1003,1,2,103,1005,1,4014,2025-04-13 00:00:00,2025-04-13 12:00:00,2025-04-14 05:00:00,13.110686,77.486378,A group of individuals assaulted the victim following a minor road rage incident causing grievous injuries.
1196,110033024202501196,202501196,2025-07-01 18:00:00,9298,3024,1003,1,2,103,1006,3,4009,2025-06-29 21:00:00,2025-06-30 06:00:00,2025-07-01 18:00:00,12.822312,77.558163,A group of individuals assaulted the victim following a minor road rage incident causing grievous injuries.
1197,110043030202601197,202601197,2026-01-02 18:00:00,9065,3030,1004,1,2,101,1001,2,4003,2025-12-31 23:00:00,2026-01-01 02:00:00,2026-01-02 18:00:00,13.034291,77.514321,Two persons riding a black motorcycle snatched a gold chain from a pedestrian near the bus stand and fled.
1198,110043025202501198,202501198,2025-04-03 07:00:00,9102,3025,1004,1,2,101,1001,1,4013,2025-04-01 17:00:00,2025-04-01 19:00:00,2025-04-03 07:00:00,12.943683,77.571585,Two persons riding a black motorcycle snatched a gold chain from a pedestrian near the bus stand and fled.
1199,110033023202501199,202501199,2025-05-15 17:00:00,9110,3023,1003,1,2,102,1004,1,4013,2025-05-15 09:00:00,2025-05-15 13:00:00,2025-05-15 17:00:00,12.885724,77.54538,Complainant reported unauthorized debit transactions from bank account following a fake KYC verification call.
1200,110023013202601200,202601200,2026-03-02 04:00:00,9014,3013,1002,1,1,101,1001,1,4004,2026-03-01 13:00:00,2026-03-01 17:00:00,2026-03-02 04:00:00,12.934234,77.707222,Two persons riding a black motorcycle snatched a gold chain from a pedestrian near the bus stand and fled.
1201,110033021202601201,202601201,2026-02-24 01:00:00,9243,3021,1003,1,2,104,1007,2,4008,2026-02-22 23:00:00,2026-02-23 09:00:00,2026-02-24 01:00:00,13.095981,77.478095,Complainant reported unauthorized debit transactions from bank account following a fake KYC verification call.
1202,110043025202501202,202501202,2025-12-14 02:00:00,9230,3025,1004,1,1,104,1007,2,4009,2025-12-12 15:00:00,2025-12-12 20:00:00,2025-12-14 02:00:00,12.89265,77.715666,A group of individuals assaulted the victim following a minor road rage incident causing grievous injuries.
1203,110013002202501203,202501203,2025-06-21 22:00:00,9278,3002,1001,1,1,103,1005,3,4001,2025-06-20 03:00:00,2025-06-20 10:00:00,2025-06-21 22:00:00,12.877155,77.514939,A group of individuals assaulted the victim following a minor road rage incident causing grievous injuries.
1204,110033018202501204,202501204,2025-01-01 23:00:00,9343,3018,1003,1,1,102,1003,3,4003,2024-12-31 09:00:00,2024-12-31 15:00:00,2025-01-01 23:00:00,12.944295,77.721254,"Accused intercepted a commercial vehicle on the highway, threatened the driver with sharp weapons, and looted goods."
1205,110043025202501205,202501205,2025-12-21 17:00:00,9355,3025,1004,1,2,102,1004,1,4010,2025-12-20 02:00:00,2025-12-20 14:00:00,2025-12-21 17:00:00,13.007897,77.685099,A group of individuals assaulted the victim following a minor road rage incident causing grievous injuries.
1206,110013003202601206,202601206,2026-01-09 02:00:00,9114,3003,1001,1,1,102,1003,1,4009,2026-01-08 00:00:00,2026-01-08 12:00:00,2026-01-09 02:00:00,12.953278,77.690497,Complainant reported unauthorized debit transactions from bank account following a fake KYC verification call.
1207,110023015202501207,202501207,2025-08-11 01:00:00,9354,3015,1002,1,2,102,1003,1,4003,2025-08-10 05:00:00,2025-08-10 08:00:00,2025-08-11 01:00:00,13.090513,77.716233,Unknown miscreants broke open the lock of the house during late night hours and stole gold ornaments and cash.
1208,110023009202501208,202501208,2025-10-28 12:00:00,9038,3009,1002,1,1,101,1001,2,4003,2025-10-27 07:00:00,2025-10-27 15:00:00,2025-10-28 12:00:00,13.0981,77.728877,Complainant reported unauthorized debit transactions from bank account following a fake KYC verification call.
1209,110053037202501209,202501209,2025-12-13 06:00:00,9275,3037,1005,1,2,102,1004,2,4010,2025-12-11 18:00:00,2025-12-11 21:00:00,2025-12-13 06:00:00,13.004311,77.536953,Complainant reported unauthorized debit transactions from bank account following a fake KYC verification call.
1210,110023010202501210,202501210,2025-07-27 07:00:00,9007,3010,1002,1,2,101,1002,1,4006,2025-07-27 02:00:00,2025-07-27 14:00:00,2025-07-27 07:00:00,12.948134,77.664459,Unknown miscreants broke open the lock of the house during late night hours and stole gold ornaments and cash.
1211,110013004202501211,202501211,2025-07-06 20:00:00,9099,3004,1001,1,2,102,1004,2,4009,2025-07-05 04:00:00,2025-07-05 07:00:00,2025-07-06 20:00:00,12.976723,77.697459,A group of individuals assaulted the victim following a minor road rage incident causing grievous injuries.
1212,110043030202501212,202501212,2025-01-27 21:00:00,9150,3030,1004,1,2,104,1007,2,4015,2025-01-27 15:00:00,2025-01-27 21:00:00,2025-01-27 21:00:00,12.881244,77.504257,"Accused intercepted a commercial vehicle on the highway, threatened the driver with sharp weapons, and looted goods."
1213,110053038202501213,202501213,2025-07-10 04:00:00,9094,3038,1005,1,2,104,1007,3,4005,2025-07-09 18:00:00,2025-07-09 19:00:00,2025-07-10 04:00:00,12.970878,77.648617,Unknown miscreants broke open the lock of the house during late night hours and stole gold ornaments and cash.
1214,110023009202501214,202501214,2025-10-25 01:00:00,9356,3009,1002,1,1,102,1003,1,4004,2025-10-24 02:00:00,2025-10-24 03:00:00,2025-10-25 01:00:00,13.067063,77.744125,"Accused intercepted a commercial vehicle on the highway, threatened the driver with sharp weapons, and looted goods."
1215,110013006202501215,202501215,2025-04-27 17:00:00,9197,3006,1001,1,1,103,1005,3,4007,2025-04-26 07:00:00,2025-04-26 08:00:00,2025-04-27 17:00:00,12.932499,77.609017,"Accused intercepted a commercial vehicle on the highway, threatened the driver with sharp weapons, and looted goods."
1216,110043026202501216,202501216,2025-07-26 23:00:00,9205,3026,1004,1,1,102,1003,3,4011,2025-07-25 20:00:00,2025-07-25 22:00:00,2025-07-26 23:00:00,12.8859,77.658071,Complainant reported unauthorized debit transactions from bank account following a fake KYC verification call.
1217,110013007202501217,202501217,2025-05-21 17:00:00,9060,3007,1001,1,2,103,1006,2,4004,2025-05-20 02:00:00,2025-05-20 14:00:00,2025-05-21 17:00:00,12.847137,77.646654,Complainant reported unauthorized debit transactions from bank account following a fake KYC verification call.
1218,110023009202601218,202601218,2026-02-18 13:00:00,9195,3009,1002,1,2,103,1005,3,4006,2026-02-16 22:00:00,2026-02-17 03:00:00,2026-02-18 13:00:00,13.024766,77.49539,A group of individuals assaulted the victim following a minor road rage incident causing grievous injuries.
1219,110053035202501219,202501219,2025-08-04 14:00:00,9118,3035,1005,1,2,101,1001,2,4006,2025-08-02 22:00:00,2025-08-03 05:00:00,2025-08-04 14:00:00,13.050988,77.453007,Unknown miscreants broke open the lock of the house during late night hours and stole gold ornaments and cash.
1220,110033022202501220,202501220,2025-12-12 21:00:00,9315,3022,1003,1,2,104,1007,2,4003,2025-12-11 11:00:00,2025-12-11 23:00:00,2025-12-12 21:00:00,13.015834,77.609223,"Accused intercepted a commercial vehicle on the highway, threatened the driver with sharp weapons, and looted goods."
1221,110043025202601221,202601221,2026-03-19 21:00:00,9087,3025,1004,1,1,103,1005,2,4008,2026-03-18 08:00:00,2026-03-18 16:00:00,2026-03-19 21:00:00,12.824807,77.711864,Unknown miscreants broke open the lock of the house during late night hours and stole gold ornaments and cash.
1222,110013002202501222,202501222,2025-04-12 05:00:00,9159,3002,1001,1,2,104,1007,3,4013,2025-04-10 19:00:00,2025-04-10 21:00:00,2025-04-12 05:00:00,12.935859,77.710225,"Accused intercepted a commercial vehicle on the highway, threatened the driver with sharp weapons, and looted goods."
1223,110023011202501223,202501223,2025-11-07 03:00:00,9150,3011,1002,1,2,103,1005,1,4006,2025-11-05 16:00:00,2025-11-05 23:00:00,2025-11-07 03:00:00,12.937545,77.671236,Two persons riding a black motorcycle snatched a gold chain from a pedestrian near the bus stand and fled.
1224,110043032202601224,202601224,2026-03-30 10:00:00,9309,3032,1004,1,1,101,1002,3,4015,2026-03-28 23:00:00,2026-03-29 02:00:00,2026-03-30 10:00:00,12.869047,77.489605,"Accused intercepted a commercial vehicle on the highway, threatened the driver with sharp weapons, and looted goods."
1225,110053038202501225,202501225,2025-10-16 09:00:00,9360,3038,1005,1,1,102,1004,2,4013,2025-10-16 02:00:00,2025-10-16 07:00:00,2025-10-16 09:00:00,12.896567,77.637721,Two persons riding a black motorcycle snatched a gold chain from a pedestrian near the bus stand and fled.
1226,110053039202501226,202501226,2025-09-02 23:00:00,9389,3039,1005,1,2,104,1007,3,4014,2025-09-02 11:00:00,2025-09-02 16:00:00,2025-09-02 23:00:00,13.011229,77.642022,Complainant reported unauthorized debit transactions from bank account following a fake KYC verification call.
1227,110043030202501227,202501227,2025-04-13 15:00:00,9259,3030,1004,1,2,101,1001,2,4005,2025-04-12 22:00:00,2025-04-13 06:00:00,2025-04-13 15:00:00,13.104253,77.691942,Complainant reported unauthorized debit transactions from bank account following a fake KYC verification call.
1228,110023013202501228,202501228,2025-06-25 09:00:00,9033,3013,1002,1,1,104,1007,1,4014,2025-06-23 16:00:00,2025-06-24 04:00:00,2025-06-25 09:00:00,12.989754,77.72021,Unknown miscreants broke open the lock of the house during late night hours and stole gold ornaments and cash.
1229,110033022202501229,202501229,2025-12-22 20:00:00,9014,3022,1003,1,1,102,1004,2,4008,2025-12-21 14:00:00,2025-12-21 18:00:00,2025-12-22 20:00:00,12.954717,77.592796,A group of individuals assaulted the victim following a minor road rage incident causing grievous injuries.
1230,110013004202501230,202501230,2025-02-19 20:00:00,9293,3004,1001,1,1,101,1001,3,4007,2025-02-18 07:00:00,2025-02-18 17:00:00,2025-02-19 20:00:00,12.985201,77.600115,Two persons riding a black motorcycle snatched a gold chain from a pedestrian near the bus stand and fled.
1231,110043025202601231,202601231,2026-03-14 15:00:00,9173,3025,1004,1,1,104,1007,3,4013,2026-03-13 04:00:00,2026-03-13 11:00:00,2026-03-14 15:00:00,13.004014,77.605425,"Accused intercepted a commercial vehicle on the highway, threatened the driver with sharp weapons, and looted goods."
1232,110053035202501232,202501232,2025-04-18 17:00:00,9080,3035,1005,1,1,104,1007,2,4015,2025-04-17 14:00:00,2025-04-17 15:00:00,2025-04-18 17:00:00,13.024757,77.629872,A group of individuals assaulted the victim following a minor road rage incident causing grievous injuries.
1233,110013006202501233,202501233,2025-01-13 00:00:00,9327,3006,1001,1,1,104,1007,3,4012,2025-01-11 14:00:00,2025-01-12 00:00:00,2025-01-13 00:00:00,12.873409,77.688518,Complainant reported unauthorized debit transactions from bank account following a fake KYC verification call.
1234,110053038202501234,202501234,2025-02-24 20:00:00,9084,3038,1005,1,1,103,1005,2,4013,2025-02-23 12:00:00,2025-02-23 15:00:00,2025-02-24 20:00:00,12.8609,77.710357,A group of individuals assaulted the victim following a minor road rage incident causing grievous injuries.
1235,110043026202601235,202601235,2026-03-25 02:00:00,9218,3026,1004,1,1,101,1002,1,4014,2026-03-24 14:00:00,2026-03-25 00:00:00,2026-03-25 02:00:00,13.11838,77.552717,A group of individuals assaulted the victim following a minor road rage incident causing grievous injuries.
1236,110023016202501236,202501236,2025-02-24 03:00:00,9337,3016,1002,1,1,103,1006,2,4006,2025-02-22 16:00:00,2025-02-23 04:00:00,2025-02-24 03:00:00,12.956006,77.503715,Complainant reported unauthorized debit transactions from bank account following a fake KYC verification call.
1237,110043027202501237,202501237,2025-08-27 13:00:00,9250,3027,1004,1,1,101,1001,2,4009,2025-08-27 07:00:00,2025-08-27 11:00:00,2025-08-27 13:00:00,13.063955,77.614377,Complainant reported unauthorized debit transactions from bank account following a fake KYC verification call.
1238,110013008202501238,202501238,2025-12-29 22:00:00,9355,3008,1001,1,2,102,1004,3,4011,2025-12-28 22:00:00,2025-12-29 03:00:00,2025-12-29 22:00:00,12.974895,77.703397,Two persons riding a black motorcycle snatched a gold chain from a pedestrian near the bus stand and fled.
1239,110033019202501239,202501239,2025-08-13 01:00:00,9054,3019,1003,1,2,101,1001,3,4014,2025-08-12 01:00:00,2025-08-12 03:00:00,2025-08-13 01:00:00,12.905668,77.504116,Unknown miscreants broke open the lock of the house during late night hours and stole gold ornaments and cash.
1240,110043025202501240,202501240,2025-06-12 10:00:00,9025,3025,1004,1,1,102,1003,1,4002,2025-06-11 16:00:00,2025-06-11 21:00:00,2025-06-12 10:00:00,12.834544,77.64307,"Accused intercepted a commercial vehicle on the highway, threatened the driver with sharp weapons, and looted goods."
1241,110043032202501241,202501241,2025-08-19 07:00:00,9377,3032,1004,1,2,103,1006,1,4001,2025-08-17 07:00:00,2025-08-17 09:00:00,2025-08-19 07:00:00,12.840973,77.573325,A group of individuals assaulted the victim following a minor road rage incident causing grievous injuries.
1242,110013004202501242,202501242,2025-05-17 01:00:00,9384,3004,1001,1,2,104,1007,1,4007,2025-05-15 02:00:00,2025-05-15 08:00:00,2025-05-17 01:00:00,12.91427,77.470308,A group of individuals assaulted the victim following a minor road rage incident causing grievous injuries.
1243,110013008202501243,202501243,2025-03-11 20:00:00,9302,3008,1001,1,2,104,1007,3,4011,2025-03-10 07:00:00,2025-03-10 16:00:00,2025-03-11 20:00:00,13.108475,77.599375,A group of individuals assaulted the victim following a minor road rage incident causing grievous injuries.
1244,110053040202501244,202501244,2025-03-09 10:00:00,9016,3040,1005,1,1,101,1001,2,4014,2025-03-07 23:00:00,2025-03-08 00:00:00,2025-03-09 10:00:00,13.067153,77.461493,Complainant reported unauthorized debit transactions from bank account following a fake KYC verification call.
1245,110053038202601245,202601245,2026-03-04 13:00:00,9137,3038,1005,1,2,101,1001,1,4013,2026-03-04 05:00:00,2026-03-04 11:00:00,2026-03-04 13:00:00,13.047937,77.721311,Two persons riding a black motorcycle snatched a gold chain from a pedestrian near the bus stand and fled.
1246,110053033202601246,202601246,2026-02-13 10:00:00,9045,3033,1005,1,2,104,1007,2,4008,2026-02-13 02:00:00,2026-02-13 08:00:00,2026-02-13 10:00:00,12.842933,77.669231,Complainant reported unauthorized debit transactions from bank account following a fake KYC verification call.
1247,110043027202501247,202501247,2025-08-12 08:00:00,9214,3027,1004,1,1,102,1003,3,4004,2025-08-10 11:00:00,2025-08-10 19:00:00,2025-08-12 08:00:00,13.005068,77.658089,Two persons riding a black motorcycle snatched a gold chain from a pedestrian near the bus stand and fled.
1248,110053034202501248,202501248,2025-08-09 21:00:00,9080,3034,1005,1,1,102,1003,3,4008,2025-08-08 05:00:00,2025-08-08 08:00:00,2025-08-09 21:00:00,12.867539,77.50045,A group of individuals assaulted the victim following a minor road rage incident causing grievous injuries.
1249,110053035202501249,202501249,2025-07-12 15:00:00,9146,3035,1005,1,2,103,1005,3,4007,2025-07-11 21:00:00,2025-07-12 02:00:00,2025-07-12 15:00:00,12.969985,77.611678,Complainant reported unauthorized debit transactions from bank account following a fake KYC verification call.
1250,110033024202501250,202501250,2025-08-17 04:00:00,9356,3024,1003,1,1,103,1005,1,4004,2025-08-15 14:00:00,2025-08-16 01:00:00,2025-08-17 04:00:00,12.931226,77.583189,A group of individuals assaulted the victim following a minor road rage incident causing grievous injuries.
1251,110013006202501251,202501251,2025-06-28 22:00:00,9349,3006,1001,1,1,103,1005,3,4008,2025-06-27 10:00:00,2025-06-27 17:00:00,2025-06-28 22:00:00,12.941413,77.489307,Two persons riding a black motorcycle snatched a gold chain from a pedestrian near the bus stand and fled.
1252,110043025202501252,202501252,2025-03-16 03:00:00,9005,3025,1004,1,2,103,1005,2,4004,2025-03-14 05:00:00,2025-03-14 13:00:00,2025-03-16 03:00:00,12.822807,77.668801,"Accused intercepted a commercial vehicle on the highway, threatened the driver with sharp weapons, and looted goods."
1253,110043027202501253,202501253,2025-10-28 05:00:00,9373,3027,1004,1,1,104,1007,1,4004,2025-10-28 03:00:00,2025-10-28 13:00:00,2025-10-28 05:00:00,13.070051,77.474885,Complainant reported unauthorized debit transactions from bank account following a fake KYC verification call.
1254,110013007202501254,202501254,2025-06-15 07:00:00,9177,3007,1001,1,2,104,1007,1,4002,2025-06-15 02:00:00,2025-06-15 08:00:00,2025-06-15 07:00:00,12.9659,77.656058,Complainant reported unauthorized debit transactions from bank account following a fake KYC verification call.
1255,110043030202601255,202601255,2026-02-13 01:00:00,9114,3030,1004,1,2,104,1007,3,4014,2026-02-11 02:00:00,2026-02-11 12:00:00,2026-02-13 01:00:00,13.066504,77.507909,Unknown miscreants broke open the lock of the house during late night hours and stole gold ornaments and cash.
1256,110023010202501256,202501256,2025-05-29 07:00:00,9041,3010,1002,1,2,103,1006,1,4006,2025-05-29 02:00:00,2025-05-29 11:00:00,2025-05-29 07:00:00,12.920585,77.732758,Complainant reported unauthorized debit transactions from bank account following a fake KYC verification call.
1257,110023014202501257,202501257,2025-09-04 22:00:00,9353,3014,1002,1,2,101,1002,3,4013,2025-09-04 02:00:00,2025-09-04 10:00:00,2025-09-04 22:00:00,12.859995,77.542327,Two persons riding a black motorcycle snatched a gold chain from a pedestrian near the bus stand and fled.
1258,110023013202601258,202601258,2026-02-06 07:00:00,9177,3013,1002,1,2,104,1007,1,4015,2026-02-05 07:00:00,2026-02-05 09:00:00,2026-02-06 07:00:00,13.025212,77.57594,A group of individuals assaulted the victim following a minor road rage incident causing grievous injuries.
1259,110033023202501259,202501259,2025-10-14 01:00:00,9157,3023,1003,1,1,102,1004,3,4011,2025-10-12 02:00:00,2025-10-12 10:00:00,2025-10-14 01:00:00,13.101903,77.658556,A group of individuals assaulted the victim following a minor road rage incident causing grievous injuries.
1260,110043026202501260,202501260,2025-02-21 04:00:00,9265,3026,1004,1,2,102,1003,3,4014,2025-02-19 22:00:00,2025-02-20 00:00:00,2025-02-21 04:00:00,12.98052,77.737387,"Accused intercepted a commercial vehicle on the highway, threatened the driver with sharp weapons, and looted goods."
1261,110023012202501261,202501261,2025-10-05 09:00:00,9076,3012,1002,1,1,104,1007,3,4010,2025-10-05 01:00:00,2025-10-05 08:00:00,2025-10-05 09:00:00,12.950956,77.728677,A group of individuals assaulted the victim following a minor road rage incident causing grievous injuries.
1262,110013003202501262,202501262,2025-06-20 18:00:00,9186,3003,1001,1,1,103,1005,3,4006,2025-06-20 16:00:00,2025-06-20 18:00:00,2025-06-20 18:00:00,12.925428,77.642742,Unknown miscreants broke open the lock of the house during late night hours and stole gold ornaments and cash.
1263,110033020202501263,202501263,2025-01-21 04:00:00,9207,3020,1003,1,2,104,1007,1,4012,2025-01-19 17:00:00,2025-01-19 21:00:00,2025-01-21 04:00:00,12.987238,77.616101,"Accused intercepted a commercial vehicle on the highway, threatened the driver with sharp weapons, and looted goods."
1264,110053039202501264,202501264,2025-07-09 15:00:00,9309,3039,1005,1,2,104,1007,2,4004,2025-07-09 12:00:00,2025-07-09 14:00:00,2025-07-09 15:00:00,12.990283,77.6886,Complainant reported unauthorized debit transactions from bank account following a fake KYC verification call.
1265,110053033202501265,202501265,2025-11-23 12:00:00,9212,3033,1005,1,2,104,1007,3,4003,2025-11-22 21:00:00,2025-11-23 02:00:00,2025-11-23 12:00:00,12.881106,77.493995,"Accused intercepted a commercial vehicle on the highway, threatened the driver with sharp weapons, and looted goods."
1266,110013001202501266,202501266,2025-05-15 18:00:00,9056,3001,1001,1,2,101,1002,3,4011,2025-05-15 11:00:00,2025-05-15 19:00:00,2025-05-15 18:00:00,12.913722,77.602744,Two persons riding a black motorcycle snatched a gold chain from a pedestrian near the bus stand and fled.
1267,110013008202501267,202501267,2025-08-06 15:00:00,9230,3008,1001,1,2,103,1005,3,4006,2025-08-05 18:00:00,2025-08-05 23:00:00,2025-08-06 15:00:00,12.902575,77.656427,Complainant reported unauthorized debit transactions from bank account following a fake KYC verification call.
1268,110053035202601268,202601268,2026-02-06 10:00:00,9043,3035,1005,1,1,101,1001,1,4009,2026-02-06 00:00:00,2026-02-06 10:00:00,2026-02-06 10:00:00,12.926908,77.676572,Complainant reported unauthorized debit transactions from bank account following a fake KYC verification call.
1269,110013007202501269,202501269,2025-12-24 05:00:00,9116,3007,1001,1,1,103,1005,1,4003,2025-12-23 20:00:00,2025-12-24 00:00:00,2025-12-24 05:00:00,12.977137,77.617037,"Accused intercepted a commercial vehicle on the highway, threatened the driver with sharp weapons, and looted goods."
1270,110053034202501270,202501270,2025-10-31 13:00:00,9374,3034,1005,1,1,104,1007,2,4014,2025-10-29 18:00:00,2025-10-30 03:00:00,2025-10-31 13:00:00,13.105921,77.487303,"Accused intercepted a commercial vehicle on the highway, threatened the driver with sharp weapons, and looted goods."
1271,110033023202501271,202501271,2025-11-25 23:00:00,9231,3023,1003,1,2,103,1005,3,4012,2025-11-24 08:00:00,2025-11-24 09:00:00,2025-11-25 23:00:00,12.958411,77.611783,Two persons riding a black motorcycle snatched a gold chain from a pedestrian near the bus stand and fled.
1272,110043029202501272,202501272,2025-11-27 11:00:00,9158,3029,1004,1,2,104,1007,3,4014,2025-11-27 01:00:00,2025-11-27 12:00:00,2025-11-27 11:00:00,12.867313,77.591025,Complainant reported unauthorized debit transactions from bank account following a fake KYC verification call.
1273,110033023202501273,202501273,2025-06-26 23:00:00,9154,3023,1003,1,1,102,1004,2,4012,2025-06-26 12:00:00,2025-06-26 14:00:00,2025-06-26 23:00:00,12.948514,77.704734,Two persons riding a black motorcycle snatched a gold chain from a pedestrian near the bus stand and fled.
1274,110053040202601274,202601274,2026-01-12 21:00:00,9367,3040,1005,1,2,104,1007,1,4012,2026-01-11 23:00:00,2026-01-12 09:00:00,2026-01-12 21:00:00,12.867991,77.693907,Two persons riding a black motorcycle snatched a gold chain from a pedestrian near the bus stand and fled.
1275,110013002202501275,202501275,2025-01-30 07:00:00,9004,3002,1001,1,2,101,1002,1,4010,2025-01-29 07:00:00,2025-01-29 17:00:00,2025-01-30 07:00:00,12.948612,77.451389,Two persons riding a black motorcycle snatched a gold chain from a pedestrian near the bus stand and fled.
1276,110023012202601276,202601276,2026-02-11 22:00:00,9042,3012,1002,1,2,104,1007,3,4007,2026-02-11 05:00:00,2026-02-11 09:00:00,2026-02-11 22:00:00,12.984084,77.540705,Unknown miscreants broke open the lock of the house during late night hours and stole gold ornaments and cash.
1277,110043027202501277,202501277,2025-08-08 13:00:00,9331,3027,1004,1,2,104,1007,2,4015,2025-08-07 00:00:00,2025-08-07 12:00:00,2025-08-08 13:00:00,13.115153,77.693348,Unknown miscreants broke open the lock of the house during late night hours and stole gold ornaments and cash.
1278,110043030202601278,202601278,2026-02-27 13:00:00,9370,3030,1004,1,1,104,1007,3,4013,2026-02-25 21:00:00,2026-02-25 23:00:00,2026-02-27 13:00:00,12.951772,77.555594,A group of individuals assaulted the victim following a minor road rage incident causing grievous injuries.
1279,110013003202501279,202501279,2025-08-16 21:00:00,9141,3003,1001,1,1,101,1001,2,4010,2025-08-15 09:00:00,2025-08-15 12:00:00,2025-08-16 21:00:00,12.869848,77.624951,"Accused intercepted a commercial vehicle on the highway, threatened the driver with sharp weapons, and looted goods."
1280,110053037202501280,202501280,2025-03-11 17:00:00,9026,3037,1005,1,1,104,1007,1,4013,2025-03-10 16:00:00,2025-03-10 22:00:00,2025-03-11 17:00:00,12.939935,77.540291,Two persons riding a black motorcycle snatched a gold chain from a pedestrian near the bus stand and fled.
1281,110053033202601281,202601281,2026-02-10 13:00:00,9359,3033,1005,1,1,104,1007,2,4007,2026-02-10 10:00:00,2026-02-10 14:00:00,2026-02-10 13:00:00,13.068184,77.653975,Complainant reported unauthorized debit transactions from bank account following a fake KYC verification call.
1282,110023014202501282,202501282,2025-07-15 06:00:00,9094,3014,1002,1,1,103,1005,1,4008,2025-07-14 12:00:00,2025-07-14 18:00:00,2025-07-15 06:00:00,13.03195,77.461128,Complainant reported unauthorized debit transactions from bank account following a fake KYC verification call.
1283,110053033202501283,202501283,2025-02-19 08:00:00,9309,3033,1005,1,2,103,1006,3,4006,2025-02-17 20:00:00,2025-02-18 05:00:00,2025-02-19 08:00:00,13.101936,77.643854,Complainant reported unauthorized debit transactions from bank account following a fake KYC verification call.
1284,110053036202501284,202501284,2025-12-19 21:00:00,9127,3036,1005,1,1,101,1002,2,4010,2025-12-18 13:00:00,2025-12-18 19:00:00,2025-12-19 21:00:00,12.839139,77.671231,Two persons riding a black motorcycle snatched a gold chain from a pedestrian near the bus stand and fled.
1285,110023014202501285,202501285,2025-09-08 14:00:00,9311,3014,1002,1,2,104,1007,2,4002,2025-09-07 06:00:00,2025-09-07 07:00:00,2025-09-08 14:00:00,13.026007,77.579314,Complainant reported unauthorized debit transactions from bank account following a fake KYC verification call.
1286,110013008202501286,202501286,2025-05-10 10:00:00,9332,3008,1001,1,2,101,1002,1,4005,2025-05-10 06:00:00,2025-05-10 10:00:00,2025-05-10 10:00:00,12.952638,77.557075,Two persons riding a black motorcycle snatched a gold chain from a pedestrian near the bus stand and fled.
1287,110033023202601287,202601287,2026-03-19 03:00:00,9031,3023,1003,1,2,102,1004,2,4001,2026-03-18 19:00:00,2026-03-18 20:00:00,2026-03-19 03:00:00,12.822745,77.605605,Unknown miscreants broke open the lock of the house during late night hours and stole gold ornaments and cash.
1288,110023011202501288,202501288,2025-03-07 00:00:00,9013,3011,1002,1,2,101,1002,2,4008,2025-03-06 09:00:00,2025-03-06 21:00:00,2025-03-07 00:00:00,13.084289,77.679209,Complainant reported unauthorized debit transactions from bank account following a fake KYC verification call.
1289,110043026202601289,202601289,2026-03-28 09:00:00,9155,3026,1004,1,2,102,1004,1,4011,2026-03-26 15:00:00,2026-03-27 02:00:00,2026-03-28 09:00:00,13.095799,77.516519,Unknown miscreants broke open the lock of the house during late night hours and stole gold ornaments and cash.
1290,110013005202501290,202501290,2025-01-01 06:00:00,9166,3005,1001,1,1,101,1002,2,4007,2024-12-30 17:00:00,2024-12-30 23:00:00,2025-01-01 06:00:00,12.902466,77.723197,Complainant reported unauthorized debit transactions from bank account following a fake KYC verification call.
1291,110013007202501291,202501291,2025-11-27 07:00:00,9378,3007,1001,1,1,104,1007,1,4007,2025-11-25 18:00:00,2025-11-26 06:00:00,2025-11-27 07:00:00,13.063944,77.652793,Complainant reported unauthorized debit transactions from bank account following a fake KYC verification call.
1292,110013005202501292,202501292,2025-10-02 11:00:00,9392,3005,1001,1,1,103,1006,3,4012,2025-10-01 19:00:00,2025-10-02 01:00:00,2025-10-02 11:00:00,12.889528,77.542573,Two persons riding a black motorcycle snatched a gold chain from a pedestrian near the bus stand and fled.
1293,110023010202501293,202501293,2025-05-14 19:00:00,9047,3010,1002,1,2,101,1002,1,4005,2025-05-13 03:00:00,2025-05-13 12:00:00,2025-05-14 19:00:00,12.951394,77.666266,Two persons riding a black motorcycle snatched a gold chain from a pedestrian near the bus stand and fled.
1294,110053034202501294,202501294,2025-08-11 11:00:00,9044,3034,1005,1,1,104,1007,1,4009,2025-08-11 08:00:00,2025-08-11 13:00:00,2025-08-11 11:00:00,13.029515,77.492655,A group of individuals assaulted the victim following a minor road rage incident causing grievous injuries.
1295,110043031202501295,202501295,2025-06-02 14:00:00,9330,3031,1004,1,2,102,1003,1,4011,2025-05-31 21:00:00,2025-06-01 04:00:00,2025-06-02 14:00:00,12.928874,77.741224,Unknown miscreants broke open the lock of the house during late night hours and stole gold ornaments and cash.
1296,110053035202601296,202601296,2026-02-14 23:00:00,9254,3035,1005,1,1,101,1002,2,4005,2026-02-14 19:00:00,2026-02-15 04:00:00,2026-02-14 23:00:00,12.933868,77.597994,Unknown miscreants broke open the lock of the house during late night hours and stole gold ornaments and cash.
1297,110043027202501297,202501297,2025-07-28 01:00:00,9031,3027,1004,1,2,101,1001,2,4004,2025-07-27 23:00:00,2025-07-28 04:00:00,2025-07-28 01:00:00,12.949926,77.489973,Complainant reported unauthorized debit transactions from bank account following a fake KYC verification call.
1298,110033023202501298,202501298,2025-08-09 19:00:00,9164,3023,1003,1,1,101,1002,3,4008,2025-08-09 03:00:00,2025-08-09 09:00:00,2025-08-09 19:00:00,12.921995,77.538486,Complainant reported unauthorized debit transactions from bank account following a fake KYC verification call.
1299,110053040202501299,202501299,2025-06-14 09:00:00,9208,3040,1005,1,1,101,1001,1,4004,2025-06-12 12:00:00,2025-06-12 13:00:00,2025-06-14 09:00:00,13.070666,77.598815,Unknown miscreants broke open the lock of the house during late night hours and stole gold ornaments and cash.
1300,110053038202601300,202601300,2026-01-26 21:00:00,9283,3038,1005,1,2,104,1007,3,4004,2026-01-25 10:00:00,2026-01-25 16:00:00,2026-01-26 21:00:00,12.976888,77.495597,Two persons riding a black motorcycle snatched a gold chain from a pedestrian near the bus stand and fled.
1301,110023010202501301,202501301,2025-02-25 04:00:00,9262,3010,1002,1,1,103,1006,1,4003,2025-02-24 23:00:00,2025-02-25 01:00:00,2025-02-25 04:00:00,12.871036,77.69635,Complainant reported unauthorized debit transactions from bank account following a fake KYC verification call.
1302,110033022202501302,202501302,2025-01-27 05:00:00,9014,3022,1003,1,2,101,1002,2,4005,2025-01-26 07:00:00,2025-01-26 15:00:00,2025-01-27 05:00:00,12.913115,77.558878,Two persons riding a black motorcycle snatched a gold chain from a pedestrian near the bus stand and fled.
1303,110013007202501303,202501303,2025-02-02 04:00:00,9154,3007,1001,1,1,104,1007,1,4005,2025-02-01 00:00:00,2025-02-01 05:00:00,2025-02-02 04:00:00,12.946234,77.49973,"Accused intercepted a commercial vehicle on the highway, threatened the driver with sharp weapons, and looted goods."
1304,110053034202601304,202601304,2026-02-15 19:00:00,9394,3034,1005,1,2,104,1007,3,4010,2026-02-15 01:00:00,2026-02-15 10:00:00,2026-02-15 19:00:00,12.871897,77.457893,Two persons riding a black motorcycle snatched a gold chain from a pedestrian near the bus stand and fled.
1305,110043028202501305,202501305,2025-10-11 05:00:00,9326,3028,1004,1,1,104,1007,1,4012,2025-10-09 06:00:00,2025-10-09 16:00:00,2025-10-11 05:00:00,12.878665,77.461785,A group of individuals assaulted the victim following a minor road rage incident causing grievous injuries.
1306,110033017202501306,202501306,2025-06-16 23:00:00,9330,3017,1003,1,2,102,1004,3,4011,2025-06-15 13:00:00,2025-06-15 17:00:00,2025-06-16 23:00:00,12.847981,77.462073,Unknown miscreants broke open the lock of the house during late night hours and stole gold ornaments and cash.
1307,110053034202601307,202601307,2026-02-17 08:00:00,9383,3034,1005,1,1,101,1001,2,4009,2026-02-16 15:00:00,2026-02-16 17:00:00,2026-02-17 08:00:00,12.919,77.679947,A group of individuals assaulted the victim following a minor road rage incident causing grievous injuries.
1308,110043029202501308,202501308,2025-12-10 01:00:00,9081,3029,1004,1,1,103,1006,3,4001,2025-12-08 17:00:00,2025-12-09 02:00:00,2025-12-10 01:00:00,12.969637,77.607041,Complainant reported unauthorized debit transactions from bank account following a fake KYC verification call.
1309,110013002202501309,202501309,2025-11-03 13:00:00,9178,3002,1001,1,1,101,1002,2,4001,2025-11-01 20:00:00,2025-11-01 21:00:00,2025-11-03 13:00:00,13.028673,77.509448,A group of individuals assaulted the victim following a minor road rage incident causing grievous injuries.
1310,110053040202601310,202601310,2026-02-17 22:00:00,9022,3040,1005,1,2,104,1007,1,4010,2026-02-16 16:00:00,2026-02-16 18:00:00,2026-02-17 22:00:00,12.892105,77.633433,Two persons riding a black motorcycle snatched a gold chain from a pedestrian near the bus stand and fled.
1311,110033019202501311,202501311,2025-04-10 02:00:00,9158,3019,1003,1,2,102,1003,3,4015,2025-04-08 22:00:00,2025-04-09 05:00:00,2025-04-10 02:00:00,13.102487,77.459152,Unknown miscreants broke open the lock of the house during late night hours and stole gold ornaments and cash.
1312,110013007202501312,202501312,2025-12-05 13:00:00,9103,3007,1001,1,1,102,1004,1,4006,2025-12-05 05:00:00,2025-12-05 08:00:00,2025-12-05 13:00:00,12.908382,77.552672,Complainant reported unauthorized debit transactions from bank account following a fake KYC verification call.
1313,110043031202501313,202501313,2025-11-19 00:00:00,9371,3031,1004,1,2,104,1007,2,4005,2025-11-18 11:00:00,2025-11-18 15:00:00,2025-11-19 00:00:00,12.929384,77.552896,"Accused intercepted a commercial vehicle on the highway, threatened the driver with sharp weapons, and looted goods."
1314,110033017202501314,202501314,2025-05-30 14:00:00,9316,3017,1003,1,2,104,1007,2,4012,2025-05-30 06:00:00,2025-05-30 13:00:00,2025-05-30 14:00:00,13.052233,77.578771,Two persons riding a black motorcycle snatched a gold chain from a pedestrian near the bus stand and fled.
1315,110053039202501315,202501315,2025-07-26 10:00:00,9383,3039,1005,1,2,104,1007,2,4001,2025-07-25 21:00:00,2025-07-26 01:00:00,2025-07-26 10:00:00,12.996363,77.500558,Two persons riding a black motorcycle snatched a gold chain from a pedestrian near the bus stand and fled.
1316,110013003202501316,202501316,2025-02-15 15:00:00,9032,3003,1001,1,2,104,1007,3,4005,2025-02-13 19:00:00,2025-02-14 02:00:00,2025-02-15 15:00:00,12.831962,77.583,Unknown miscreants broke open the lock of the house during late night hours and stole gold ornaments and cash.
1317,110053039202601317,202601317,2026-03-15 12:00:00,9273,3039,1005,1,1,102,1004,3,4010,2026-03-14 03:00:00,2026-03-14 10:00:00,2026-03-15 12:00:00,12.979088,77.537403,Complainant reported unauthorized debit transactions from bank account following a fake KYC verification call.
1318,110053033202501318,202501318,2025-12-22 05:00:00,9199,3033,1005,1,2,102,1004,3,4015,2025-12-20 16:00:00,2025-12-20 18:00:00,2025-12-22 05:00:00,12.862269,77.572233,Two persons riding a black motorcycle snatched a gold chain from a pedestrian near the bus stand and fled.
1319,110043026202501319,202501319,2025-06-21 05:00:00,9235,3026,1004,1,1,103,1006,3,4015,2025-06-20 18:00:00,2025-06-21 01:00:00,2025-06-21 05:00:00,13.023413,77.475678,Unknown miscreants broke open the lock of the house during late night hours and stole gold ornaments and cash.
1320,110013007202601320,202601320,2026-01-05 21:00:00,9102,3007,1001,1,1,102,1004,2,4005,2026-01-04 03:00:00,2026-01-04 07:00:00,2026-01-05 21:00:00,12.846728,77.71461,Complainant reported unauthorized debit transactions from bank account following a fake KYC verification call.
1321,110053033202501321,202501321,2025-07-06 11:00:00,9380,3033,1005,1,1,104,1007,2,4014,2025-07-06 03:00:00,2025-07-06 11:00:00,2025-07-06 11:00:00,12.962408,77.717417,Two persons riding a black motorcycle snatched a gold chain from a pedestrian near the bus stand and fled.
1322,110053037202501322,202501322,2025-06-03 18:00:00,9300,3037,1005,1,1,101,1002,1,4014,2025-06-02 13:00:00,2025-06-02 21:00:00,2025-06-03 18:00:00,12.904489,77.656706,"Accused intercepted a commercial vehicle on the highway, threatened the driver with sharp weapons, and looted goods."
1323,110023015202601323,202601323,2026-03-24 13:00:00,9206,3015,1002,1,2,104,1007,2,4004,2026-03-23 04:00:00,2026-03-23 08:00:00,2026-03-24 13:00:00,12.878199,77.581533,A group of individuals assaulted the victim following a minor road rage incident causing grievous injuries.
1324,110023011202501324,202501324,2025-07-09 16:00:00,9013,3011,1002,1,1,102,1003,1,4004,2025-07-08 09:00:00,2025-07-08 18:00:00,2025-07-09 16:00:00,12.84133,77.482697,Two persons riding a black motorcycle snatched a gold chain from a pedestrian near the bus stand and fled.
1325,110013003202501325,202501325,2025-04-08 18:00:00,9009,3003,1001,1,1,101,1002,2,4007,2025-04-08 14:00:00,2025-04-09 02:00:00,2025-04-08 18:00:00,13.118387,77.581788,Unknown miscreants broke open the lock of the house during late night hours and stole gold ornaments and cash.
1326,110053039202601326,202601326,2026-02-19 00:00:00,9300,3039,1005,1,1,104,1007,2,4012,2026-02-18 07:00:00,2026-02-18 14:00:00,2026-02-19 00:00:00,12.966288,77.459169,A group of individuals assaulted the victim following a minor road rage incident causing grievous injuries.
1327,110053040202501327,202501327,2025-01-16 16:00:00,9318,3040,1005,1,1,102,1004,1,4010,2025-01-14 20:00:00,2025-01-15 04:00:00,2025-01-16 16:00:00,12.910549,77.500734,"Accused intercepted a commercial vehicle on the highway, threatened the driver with sharp weapons, and looted goods."
1328,110013002202501328,202501328,2025-08-15 23:00:00,9255,3002,1001,1,1,104,1007,1,4008,2025-08-14 03:00:00,2025-08-14 08:00:00,2025-08-15 23:00:00,12.932861,77.491192,"Accused intercepted a commercial vehicle on the highway, threatened the driver with sharp weapons, and looted goods."
1329,110053034202501329,202501329,2025-12-17 18:00:00,9071,3034,1005,1,2,104,1007,2,4011,2025-12-16 08:00:00,2025-12-16 14:00:00,2025-12-17 18:00:00,12.927009,77.513397,Two persons riding a black motorcycle snatched a gold chain from a pedestrian near the bus stand and fled.
1330,110033021202501330,202501330,2025-05-25 11:00:00,9220,3021,1003,1,2,103,1006,1,4012,2025-05-25 09:00:00,2025-05-25 19:00:00,2025-05-25 11:00:00,13.002611,77.713898,Two persons riding a black motorcycle snatched a gold chain from a pedestrian near the bus stand and fled.
1331,110043030202501331,202501331,2025-04-20 12:00:00,9326,3030,1004,1,1,101,1002,2,4012,2025-04-19 16:00:00,2025-04-19 22:00:00,2025-04-20 12:00:00,12.844588,77.477397,Unknown miscreants broke open the lock of the house during late night hours and stole gold ornaments and cash.
1332,110033017202501332,202501332,2025-12-18 03:00:00,9233,3017,1003,1,1,103,1006,2,4012,2025-12-17 12:00:00,2025-12-17 17:00:00,2025-12-18 03:00:00,13.015524,77.724454,Unknown miscreants broke open the lock of the house during late night hours and stole gold ornaments and cash.
1333,110023009202501333,202501333,2025-05-12 10:00:00,9015,3009,1002,1,2,102,1003,3,4002,2025-05-11 02:00:00,2025-05-11 07:00:00,2025-05-12 10:00:00,13.058365,77.544904,A group of individuals assaulted the victim following a minor road rage incident causing grievous injuries.
1334,110043030202501334,202501334,2025-05-28 08:00:00,9270,3030,1004,1,2,104,1007,3,4011,2025-05-28 01:00:00,2025-05-28 13:00:00,2025-05-28 08:00:00,12.949072,77.601536,Unknown miscreants broke open the lock of the house during late night hours and stole gold ornaments and cash.
1335,110043031202501335,202501335,2025-09-25 00:00:00,9338,3031,1004,1,2,102,1003,3,4011,2025-09-23 12:00:00,2025-09-23 18:00:00,2025-09-25 00:00:00,13.015817,77.522955,Complainant reported unauthorized debit transactions from bank account following a fake KYC verification call.
1336,110033023202501336,202501336,2025-04-10 19:00:00,9037,3023,1003,1,2,103,1006,3,4014,2025-04-09 03:00:00,2025-04-09 14:00:00,2025-04-10 19:00:00,12.935342,77.605232,Unknown miscreants broke open the lock of the house during late night hours and stole gold ornaments and cash.
1337,110023015202501337,202501337,2025-12-04 11:00:00,9349,3015,1002,1,2,101,1001,2,4012,2025-12-04 09:00:00,2025-12-04 18:00:00,2025-12-04 11:00:00,13.097236,77.56897,A group of individuals assaulted the victim following a minor road rage incident causing grievous injuries.
1338,110013006202501338,202501338,2025-02-17 08:00:00,9158,3006,1001,1,1,102,1004,1,4007,2025-02-17 02:00:00,2025-02-17 10:00:00,2025-02-17 08:00:00,12.855324,77.604266,A group of individuals assaulted the victim following a minor road rage incident causing grievous injuries.
1339,110013004202501339,202501339,2025-11-11 06:00:00,9137,3004,1001,1,2,102,1004,2,4003,2025-11-10 05:00:00,2025-11-10 10:00:00,2025-11-11 06:00:00,12.861732,77.590085,Unknown miscreants broke open the lock of the house during late night hours and stole gold ornaments and cash.
1340,110043032202501340,202501340,2025-12-03 10:00:00,9129,3032,1004,1,2,101,1001,2,4013,2025-12-01 18:00:00,2025-12-02 06:00:00,2025-12-03 10:00:00,13.088441,77.738846,A group of individuals assaulted the victim following a minor road rage incident causing grievous injuries.
1341,110033017202501341,202501341,2025-08-29 14:00:00,9039,3017,1003,1,1,101,1002,1,4005,2025-08-29 02:00:00,2025-08-29 14:00:00,2025-08-29 14:00:00,13.115692,77.626662,"Accused intercepted a commercial vehicle on the highway, threatened the driver with sharp weapons, and looted goods."
1342,110013003202601342,202601342,2026-01-21 23:00:00,9067,3003,1001,1,2,101,1001,3,4005,2026-01-20 01:00:00,2026-01-20 03:00:00,2026-01-21 23:00:00,13.024885,77.445095,Complainant reported unauthorized debit transactions from bank account following a fake KYC verification call.
1343,110013007202501343,202501343,2025-03-15 05:00:00,9006,3007,1001,1,1,102,1003,1,4012,2025-03-14 16:00:00,2025-03-14 22:00:00,2025-03-15 05:00:00,13.003597,77.458043,Complainant reported unauthorized debit transactions from bank account following a fake KYC verification call.
1344,110033018202501344,202501344,2025-06-12 23:00:00,9321,3018,1003,1,2,104,1007,2,4015,2025-06-12 15:00:00,2025-06-13 02:00:00,2025-06-12 23:00:00,12.985892,77.564759,Two persons riding a black motorcycle snatched a gold chain from a pedestrian near the bus stand and fled.
1345,110013003202501345,202501345,2025-04-11 17:00:00,9243,3003,1001,1,1,102,1003,3,4009,2025-04-10 14:00:00,2025-04-11 02:00:00,2025-04-11 17:00:00,13.100547,77.653771,Complainant reported unauthorized debit transactions from bank account following a fake KYC verification call.
1346,110023012202501346,202501346,2025-06-28 12:00:00,9330,3012,1002,1,1,101,1001,3,4011,2025-06-27 07:00:00,2025-06-27 17:00:00,2025-06-28 12:00:00,13.118069,77.716245,Unknown miscreants broke open the lock of the house during late night hours and stole gold ornaments and cash.
1347,110023016202501347,202501347,2025-01-18 14:00:00,9072,3016,1002,1,1,103,1005,3,4009,2025-01-18 02:00:00,2025-01-18 08:00:00,2025-01-18 14:00:00,12.873897,77.699698,Two persons riding a black motorcycle snatched a gold chain from a pedestrian near the bus stand and fled.
1348,110013006202501348,202501348,2025-03-18 09:00:00,9251,3006,1001,1,1,101,1001,1,4005,2025-03-17 06:00:00,2025-03-17 08:00:00,2025-03-18 09:00:00,12.916562,77.478495,Unknown miscreants broke open the lock of the house during late night hours and stole gold ornaments and cash.
1349,110033024202501349,202501349,2025-08-01 17:00:00,9364,3024,1003,1,1,103,1006,3,4002,2025-07-31 19:00:00,2025-08-01 02:00:00,2025-08-01 17:00:00,12.994232,77.471955,Two persons riding a black motorcycle snatched a gold chain from a pedestrian near the bus stand and fled.
1350,110043029202501350,202501350,2025-01-11 09:00:00,9295,3029,1004,1,1,101,1002,3,4009,2025-01-10 03:00:00,2025-01-10 06:00:00,2025-01-11 09:00:00,12.958123,77.64665,Complainant reported unauthorized debit transactions from bank account following a fake KYC verification call.
1351,110013006202501351,202501351,2025-02-24 20:00:00,9113,3006,1001,1,2,102,1003,2,4014,2025-02-22 22:00:00,2025-02-23 10:00:00,2025-02-24 20:00:00,13.036725,77.689271,A group of individuals assaulted the victim following a minor road rage incident causing grievous injuries.
1352,110013007202501352,202501352,2025-02-07 11:00:00,9365,3007,1001,1,1,103,1006,3,4007,2025-02-06 14:00:00,2025-02-06 17:00:00,2025-02-07 11:00:00,12.871471,77.579649,A group of individuals assaulted the victim following a minor road rage incident causing grievous injuries.
1353,110033017202501353,202501353,2025-08-18 23:00:00,9073,3017,1003,1,1,103,1006,2,4005,2025-08-17 15:00:00,2025-08-17 18:00:00,2025-08-18 23:00:00,12.968569,77.466801,Unknown miscreants broke open the lock of the house during late night hours and stole gold ornaments and cash.
1354,110043027202501354,202501354,2025-06-18 14:00:00,9087,3027,1004,1,1,104,1007,1,4013,2025-06-17 00:00:00,2025-06-17 02:00:00,2025-06-18 14:00:00,12.971594,77.663596,Unknown miscreants broke open the lock of the house during late night hours and stole gold ornaments and cash.
1355,110033019202501355,202501355,2025-07-13 17:00:00,9244,3019,1003,1,1,103,1005,1,4013,2025-07-12 02:00:00,2025-07-12 10:00:00,2025-07-13 17:00:00,13.084801,77.6518,A group of individuals assaulted the victim following a minor road rage incident causing grievous injuries.
1356,110023016202501356,202501356,2025-02-15 13:00:00,9340,3016,1002,1,1,103,1005,1,4003,2025-02-13 17:00:00,2025-02-14 00:00:00,2025-02-15 13:00:00,13.024161,77.625344,Two persons riding a black motorcycle snatched a gold chain from a pedestrian near the bus stand and fled.
1357,110013008202501357,202501357,2025-09-10 15:00:00,9165,3008,1001,1,2,101,1002,1,4001,2025-09-09 02:00:00,2025-09-09 07:00:00,2025-09-10 15:00:00,12.917011,77.624013,Two persons riding a black motorcycle snatched a gold chain from a pedestrian near the bus stand and fled.
1358,110013002202601358,202601358,2026-02-05 11:00:00,9135,3002,1001,1,1,101,1001,1,4007,2026-02-04 10:00:00,2026-02-04 18:00:00,2026-02-05 11:00:00,13.10995,77.645369,"Accused intercepted a commercial vehicle on the highway, threatened the driver with sharp weapons, and looted goods."
1359,110053034202501359,202501359,2025-02-18 04:00:00,9296,3034,1005,1,2,103,1005,3,4001,2025-02-16 04:00:00,2025-02-16 15:00:00,2025-02-18 04:00:00,12.922081,77.701488,Unknown miscreants broke open the lock of the house during late night hours and stole gold ornaments and cash.
1360,110013004202501360,202501360,2025-05-23 23:00:00,9262,3004,1001,1,1,104,1007,1,4008,2025-05-22 11:00:00,2025-05-22 21:00:00,2025-05-23 23:00:00,13.085177,77.612885,Two persons riding a black motorcycle snatched a gold chain from a pedestrian near the bus stand and fled.
1361,110013004202601361,202601361,2026-01-23 06:00:00,9348,3004,1001,1,2,103,1005,1,4007,2026-01-21 10:00:00,2026-01-21 14:00:00,2026-01-23 06:00:00,12.83419,77.61274,Unknown miscreants broke open the lock of the house during late night hours and stole gold ornaments and cash.
1362,110053037202501362,202501362,2025-10-12 10:00:00,9284,3037,1005,1,1,101,1001,2,4012,2025-10-10 21:00:00,2025-10-11 08:00:00,2025-10-12 10:00:00,13.06242,77.560747,Complainant reported unauthorized debit transactions from bank account following a fake KYC verification call.
1363,110033019202501363,202501363,2025-12-22 16:00:00,9346,3019,1003,1,1,103,1005,2,4015,2025-12-21 17:00:00,2025-12-21 19:00:00,2025-12-22 16:00:00,12.963815,77.593452,Complainant reported unauthorized debit transactions from bank account following a fake KYC verification call.
1364,110023016202501364,202501364,2025-05-26 04:00:00,9109,3016,1002,1,1,104,1007,1,4009,2025-05-25 20:00:00,2025-05-26 08:00:00,2025-05-26 04:00:00,12.858502,77.528221,Unknown miscreants broke open the lock of the house during late night hours and stole gold ornaments and cash.
1365,110023016202601365,202601365,2026-01-03 12:00:00,9010,3016,1002,1,1,103,1005,1,4008,2026-01-02 01:00:00,2026-01-02 07:00:00,2026-01-03 12:00:00,13.042034,77.57584,Unknown miscreants broke open the lock of the house during late night hours and stole gold ornaments and cash.
1366,110023009202501366,202501366,2025-01-10 10:00:00,9267,3009,1002,1,1,102,1004,3,4003,2025-01-09 20:00:00,2025-01-10 06:00:00,2025-01-10 10:00:00,13.085841,77.560324,"Accused intercepted a commercial vehicle on the highway, threatened the driver with sharp weapons, and looted goods."
1367,110033019202501367,202501367,2025-09-16 11:00:00,9043,3019,1003,1,2,104,1007,2,4003,2025-09-15 02:00:00,2025-09-15 12:00:00,2025-09-16 11:00:00,12.955598,77.595364,Unknown miscreants broke open the lock of the house during late night hours and stole gold ornaments and cash.
1368,110013006202501368,202501368,2025-08-11 01:00:00,9074,3006,1001,1,2,102,1003,3,4012,2025-08-09 01:00:00,2025-08-09 08:00:00,2025-08-11 01:00:00,12.842777,77.729073,Unknown miscreants broke open the lock of the house during late night hours and stole gold ornaments and cash.
1369,110053037202601369,202601369,2026-03-24 06:00:00,9092,3037,1005,1,2,101,1001,2,4006,2026-03-22 16:00:00,2026-03-22 19:00:00,2026-03-24 06:00:00,12.953647,77.618051,Complainant reported unauthorized debit transactions from bank account following a fake KYC verification call.
1370,110053033202501370,202501370,2025-08-01 22:00:00,9033,3033,1005,1,2,102,1004,1,4001,2025-08-01 20:00:00,2025-08-02 05:00:00,2025-08-01 22:00:00,12.972735,77.663732,Unknown miscreants broke open the lock of the house during late night hours and stole gold ornaments and cash.
1371,110013005202501371,202501371,2025-09-16 18:00:00,9377,3005,1001,1,2,104,1007,2,4008,2025-09-15 17:00:00,2025-09-16 05:00:00,2025-09-16 18:00:00,13.025348,77.54358,A group of individuals assaulted the victim following a minor road rage incident causing grievous injuries.
1372,110013004202501372,202501372,2025-09-28 13:00:00,9208,3004,1001,1,1,104,1007,2,4005,2025-09-26 14:00:00,2025-09-26 19:00:00,2025-09-28 13:00:00,13.116164,77.740776,A group of individuals assaulted the victim following a minor road rage incident causing grievous injuries.
1373,110013008202501373,202501373,2025-01-04 13:00:00,9207,3008,1001,1,1,102,1004,3,4002,2025-01-02 22:00:00,2025-01-03 06:00:00,2025-01-04 13:00:00,12.926519,77.65936,A group of individuals assaulted the victim following a minor road rage incident causing grievous injuries.
1374,110023010202501374,202501374,2025-03-05 14:00:00,9131,3010,1002,1,1,104,1007,2,4008,2025-03-04 10:00:00,2025-03-04 11:00:00,2025-03-05 14:00:00,12.999087,77.734627,Unknown miscreants broke open the lock of the house during late night hours and stole gold ornaments and cash.
1375,110053035202501375,202501375,2025-04-06 05:00:00,9237,3035,1005,1,1,104,1007,2,4014,2025-04-05 01:00:00,2025-04-05 02:00:00,2025-04-06 05:00:00,12.980809,77.60831,Complainant reported unauthorized debit transactions from bank account following a fake KYC verification call.
1376,110033019202601376,202601376,2026-01-30 12:00:00,9370,3019,1003,1,1,104,1007,3,4003,2026-01-30 03:00:00,2026-01-30 14:00:00,2026-01-30 12:00:00,12.967103,77.532119,"Accused intercepted a commercial vehicle on the highway, threatened the driver with sharp weapons, and looted goods."
1377,110023009202501377,202501377,2025-04-10 20:00:00,9398,3009,1002,1,1,103,1005,1,4015,2025-04-09 14:00:00,2025-04-09 20:00:00,2025-04-10 20:00:00,12.83416,77.684498,Complainant reported unauthorized debit transactions from bank account following a fake KYC verification call.
1378,110023009202501378,202501378,2025-02-19 21:00:00,9058,3009,1002,1,2,103,1005,1,4009,2025-02-18 09:00:00,2025-02-18 13:00:00,2025-02-19 21:00:00,13.050746,77.492931,Complainant reported unauthorized debit transactions from bank account following a fake KYC verification call.
1379,110033023202501379,202501379,2025-12-27 02:00:00,9354,3023,1003,1,1,104,1007,2,4008,2025-12-25 03:00:00,2025-12-25 14:00:00,2025-12-27 02:00:00,13.110823,77.482787,A group of individuals assaulted the victim following a minor road rage incident causing grievous injuries.
1380,110043030202501380,202501380,2025-08-11 16:00:00,9016,3030,1004,1,2,104,1007,2,4005,2025-08-09 20:00:00,2025-08-10 00:00:00,2025-08-11 16:00:00,13.102713,77.639238,Two persons riding a black motorcycle snatched a gold chain from a pedestrian near the bus stand and fled.
1381,110043031202601381,202601381,2026-02-13 04:00:00,9314,3031,1004,1,2,101,1001,1,4012,2026-02-11 12:00:00,2026-02-11 18:00:00,2026-02-13 04:00:00,12.828174,77.485077,Two persons riding a black motorcycle snatched a gold chain from a pedestrian near the bus stand and fled.
1382,110013003202501382,202501382,2025-02-03 05:00:00,9001,3003,1001,1,1,102,1003,3,4006,2025-02-01 10:00:00,2025-02-01 20:00:00,2025-02-03 05:00:00,13.096987,77.496638,Two persons riding a black motorcycle snatched a gold chain from a pedestrian near the bus stand and fled.
1383,110043029202601383,202601383,2026-01-28 19:00:00,9326,3029,1004,1,2,104,1007,3,4002,2026-01-27 14:00:00,2026-01-27 22:00:00,2026-01-28 19:00:00,13.00939,77.518537,A group of individuals assaulted the victim following a minor road rage incident causing grievous injuries.
1384,110053036202501384,202501384,2025-10-24 03:00:00,9153,3036,1005,1,1,104,1007,1,4009,2025-10-22 21:00:00,2025-10-23 08:00:00,2025-10-24 03:00:00,12.969114,77.703398,Two persons riding a black motorcycle snatched a gold chain from a pedestrian near the bus stand and fled.
1385,110013005202501385,202501385,2025-04-15 09:00:00,9029,3005,1001,1,2,104,1007,2,4006,2025-04-14 23:00:00,2025-04-15 08:00:00,2025-04-15 09:00:00,12.928693,77.640108,Unknown miscreants broke open the lock of the house during late night hours and stole gold ornaments and cash.
1386,110053038202501386,202501386,2025-12-05 15:00:00,9227,3038,1005,1,2,101,1002,2,4014,2025-12-04 17:00:00,2025-12-05 02:00:00,2025-12-05 15:00:00,12.938651,77.74428,"Accused intercepted a commercial vehicle on the highway, threatened the driver with sharp weapons, and looted goods."
1387,110023016202501387,202501387,2025-07-01 21:00:00,9007,3016,1002,1,1,104,1007,2,4002,2025-06-30 08:00:00,2025-06-30 19:00:00,2025-07-01 21:00:00,13.07605,77.699611,"Accused intercepted a commercial vehicle on the highway, threatened the driver with sharp weapons, and looted goods."
1388,110013005202501388,202501388,2025-04-16 09:00:00,9139,3005,1001,1,2,101,1002,3,4015,2025-04-15 11:00:00,2025-04-15 15:00:00,2025-04-16 09:00:00,12.89035,77.651359,"Accused intercepted a commercial vehicle on the highway, threatened the driver with sharp weapons, and looted goods."
1389,110033018202501389,202501389,2025-10-09 09:00:00,9270,3018,1003,1,2,101,1001,2,4001,2025-10-08 16:00:00,2025-10-09 03:00:00,2025-10-09 09:00:00,12.830246,77.716394,Two persons riding a black motorcycle snatched a gold chain from a pedestrian near the bus stand and fled.
1390,110043031202501390,202501390,2025-06-29 15:00:00,9270,3031,1004,1,2,103,1005,2,4003,2025-06-28 17:00:00,2025-06-29 01:00:00,2025-06-29 15:00:00,12.945859,77.634022,Complainant reported unauthorized debit transactions from bank account following a fake KYC verification call.
1391,110053037202501391,202501391,2025-04-13 15:00:00,9015,3037,1005,1,2,101,1001,2,4008,2025-04-13 09:00:00,2025-04-13 18:00:00,2025-04-13 15:00:00,12.846652,77.491414,A group of individuals assaulted the victim following a minor road rage incident causing grievous injuries.
1392,110043026202501392,202501392,2025-10-25 08:00:00,9032,3026,1004,1,2,102,1004,1,4002,2025-10-24 04:00:00,2025-10-24 07:00:00,2025-10-25 08:00:00,12.863322,77.539143,A group of individuals assaulted the victim following a minor road rage incident causing grievous injuries.
1393,110033024202501393,202501393,2025-01-14 23:00:00,9096,3024,1003,1,2,101,1002,1,4014,2025-01-14 16:00:00,2025-01-14 18:00:00,2025-01-14 23:00:00,12.980474,77.576112,Complainant reported unauthorized debit transactions from bank account following a fake KYC verification call.
1394,110043032202501394,202501394,2025-06-24 16:00:00,9144,3032,1004,1,2,102,1004,1,4009,2025-06-24 11:00:00,2025-06-24 16:00:00,2025-06-24 16:00:00,12.825074,77.656168,Two persons riding a black motorcycle snatched a gold chain from a pedestrian near the bus stand and fled.
1395,110053040202501395,202501395,2025-01-30 01:00:00,9225,3040,1005,1,1,102,1004,2,4008,2025-01-29 19:00:00,2025-01-30 07:00:00,2025-01-30 01:00:00,12.990023,77.646845,A group of individuals assaulted the victim following a minor road rage incident causing grievous injuries.
1396,110053036202501396,202501396,2025-03-01 04:00:00,9005,3036,1005,1,2,102,1004,3,4002,2025-02-28 16:00:00,2025-03-01 03:00:00,2025-03-01 04:00:00,13.060316,77.512878,Complainant reported unauthorized debit transactions from bank account following a fake KYC verification call.
1397,110023009202501397,202501397,2025-12-03 06:00:00,9010,3009,1002,1,1,102,1004,1,4002,2025-12-01 23:00:00,2025-12-02 05:00:00,2025-12-03 06:00:00,12.927947,77.524782,"Accused intercepted a commercial vehicle on the highway, threatened the driver with sharp weapons, and looted goods."
1398,110013002202501398,202501398,2025-01-07 12:00:00,9310,3002,1001,1,2,102,1003,1,4013,2025-01-05 23:00:00,2025-01-06 09:00:00,2025-01-07 12:00:00,12.868324,77.692118,A group of individuals assaulted the victim following a minor road rage incident causing grievous injuries.
1399,110033024202501399,202501399,2025-12-04 10:00:00,9133,3024,1003,1,1,104,1007,1,4006,2025-12-02 16:00:00,2025-12-03 02:00:00,2025-12-04 10:00:00,13.068435,77.621644,Complainant reported unauthorized debit transactions from bank account following a fake KYC verification call.
1400,110033023202501400,202501400,2025-12-10 06:00:00,9017,3023,1003,1,1,103,1006,1,4007,2025-12-09 11:00:00,2025-12-09 15:00:00,2025-12-10 06:00:00,12.866572,77.587439,Complainant reported unauthorized debit transactions from bank account following a fake KYC verification call.
1401,110053036202501401,202501401,2025-09-26 09:00:00,9113,3036,1005,1,1,102,1004,3,4014,2025-09-24 23:00:00,2025-09-25 04:00:00,2025-09-26 09:00:00,12.864553,77.580448,Complainant reported unauthorized debit transactions from bank account following a fake KYC verification call.
1402,110033021202501402,202501402,2025-05-09 14:00:00,9065,3021,1003,1,2,103,1005,1,4006,2025-05-08 00:00:00,2025-05-08 07:00:00,2025-05-09 14:00:00,12.973733,77.511137,"Accused intercepted a commercial vehicle on the highway, threatened the driver with sharp weapons, and looted goods."
1403,110023015202501403,202501403,2025-05-27 23:00:00,9031,3015,1002,1,2,104,1007,2,4005,2025-05-26 12:00:00,2025-05-26 14:00:00,2025-05-27 23:00:00,12.998338,77.699394,A group of individuals assaulted the victim following a minor road rage incident causing grievous injuries.
1404,110033018202501404,202501404,2025-07-05 05:00:00,9150,3018,1003,1,2,102,1003,3,4001,2025-07-03 07:00:00,2025-07-03 09:00:00,2025-07-05 05:00:00,12.899248,77.706951,"Accused intercepted a commercial vehicle on the highway, threatened the driver with sharp weapons, and looted goods."
1405,110043030202501405,202501405,2025-04-23 23:00:00,9256,3030,1004,1,2,104,1007,3,4013,2025-04-23 21:00:00,2025-04-24 03:00:00,2025-04-23 23:00:00,13.020264,77.568163,A group of individuals assaulted the victim following a minor road rage incident causing grievous injuries.
1406,110023009202601406,202601406,2026-02-26 09:00:00,9346,3009,1002,1,2,102,1003,2,4015,2026-02-25 08:00:00,2026-02-25 17:00:00,2026-02-26 09:00:00,12.854446,77.452327,A group of individuals assaulted the victim following a minor road rage incident causing grievous injuries.
1407,110043031202501407,202501407,2025-09-06 17:00:00,9295,3031,1004,1,2,104,1007,2,4002,2025-09-06 06:00:00,2025-09-06 18:00:00,2025-09-06 17:00:00,12.86286,77.670425,Unknown miscreants broke open the lock of the house during late night hours and stole gold ornaments and cash.
1408,110043028202501408,202501408,2025-11-30 16:00:00,9216,3028,1004,1,2,103,1006,3,4006,2025-11-30 07:00:00,2025-11-30 16:00:00,2025-11-30 16:00:00,12.957637,77.725426,A group of individuals assaulted the victim following a minor road rage incident causing grievous injuries.
1409,110023016202601409,202601409,2026-01-27 11:00:00,9174,3016,1002,1,2,101,1001,2,4006,2026-01-27 00:00:00,2026-01-27 02:00:00,2026-01-27 11:00:00,13.015205,77.739573,Two persons riding a black motorcycle snatched a gold chain from a pedestrian near the bus stand and fled.
1410,110043026202501410,202501410,2025-03-30 14:00:00,9075,3026,1004,1,2,102,1003,2,4010,2025-03-28 22:00:00,2025-03-29 10:00:00,2025-03-30 14:00:00,12.977437,77.617622,Unknown miscreants broke open the lock of the house during late night hours and stole gold ornaments and cash.
1411,110033017202501411,202501411,2025-04-17 08:00:00,9202,3017,1003,1,1,103,1005,2,4002,2025-04-16 09:00:00,2025-04-16 19:00:00,2025-04-17 08:00:00,13.05658,77.660034,"Accused intercepted a commercial vehicle on the highway, threatened the driver with sharp weapons, and looted goods."
1412,110033023202501412,202501412,2025-07-08 19:00:00,9290,3023,1003,1,1,102,1004,2,4001,2025-07-07 03:00:00,2025-07-07 14:00:00,2025-07-08 19:00:00,13.104287,77.698345,Unknown miscreants broke open the lock of the house during late night hours and stole gold ornaments and cash.
1413,110053038202501413,202501413,2025-02-10 20:00:00,9242,3038,1005,1,2,103,1005,2,4002,2025-02-10 08:00:00,2025-02-10 20:00:00,2025-02-10 20:00:00,13.079324,77.534646,Unknown miscreants broke open the lock of the house during late night hours and stole gold ornaments and cash.
1414,110013001202501414,202501414,2025-02-06 23:00:00,9234,3001,1001,1,1,102,1003,3,4005,2025-02-05 00:00:00,2025-02-05 10:00:00,2025-02-06 23:00:00,12.85244,77.568788,Unknown miscreants broke open the lock of the house during late night hours and stole gold ornaments and cash.
1415,110043029202601415,202601415,2026-03-07 07:00:00,9192,3029,1004,1,2,104,1007,3,4012,2026-03-05 13:00:00,2026-03-05 19:00:00,2026-03-07 07:00:00,13.070634,77.709943,"Accused intercepted a commercial vehicle on the highway, threatened the driver with sharp weapons, and looted goods."
1416,110013005202501416,202501416,2025-03-10 03:00:00,9035,3005,1001,1,2,101,1002,2,4006,2025-03-09 15:00:00,2025-03-10 00:00:00,2025-03-10 03:00:00,12.853533,77.623938,"Accused intercepted a commercial vehicle on the highway, threatened the driver with sharp weapons, and looted goods."
1417,110013002202501417,202501417,2025-03-11 17:00:00,9209,3002,1001,1,1,104,1007,3,4013,2025-03-10 17:00:00,2025-03-11 02:00:00,2025-03-11 17:00:00,12.915671,77.497365,Unknown miscreants broke open the lock of the house during late night hours and stole gold ornaments and cash.
1418,110023011202501418,202501418,2025-05-18 18:00:00,9172,3011,1002,1,2,103,1005,3,4006,2025-05-17 12:00:00,2025-05-17 15:00:00,2025-05-18 18:00:00,13.063929,77.690504,"Accused intercepted a commercial vehicle on the highway, threatened the driver with sharp weapons, and looted goods."
1419,110053033202501419,202501419,2025-11-22 11:00:00,9156,3033,1005,1,2,103,1006,2,4004,2025-11-21 16:00:00,2025-11-22 04:00:00,2025-11-22 11:00:00,12.891815,77.688598,Complainant reported unauthorized debit transactions from bank account following a fake KYC verification call.
1420,110033017202501420,202501420,2025-02-01 19:00:00,9270,3017,1003,1,2,102,1004,2,4009,2025-02-01 02:00:00,2025-02-01 03:00:00,2025-02-01 19:00:00,12.964611,77.743935,A group of individuals assaulted the victim following a minor road rage incident causing grievous injuries.
1421,110033022202501421,202501421,2025-09-06 01:00:00,9250,3022,1003,1,2,103,1006,3,4005,2025-09-05 11:00:00,2025-09-05 12:00:00,2025-09-06 01:00:00,12.856925,77.504679,Unknown miscreants broke open the lock of the house during late night hours and stole gold ornaments and cash.
1422,110023012202601422,202601422,2026-01-15 20:00:00,9283,3012,1002,1,2,101,1002,2,4009,2026-01-15 03:00:00,2026-01-15 08:00:00,2026-01-15 20:00:00,12.923261,77.444795,Unknown miscreants broke open the lock of the house during late night hours and stole gold ornaments and cash.
1423,110023011202501423,202501423,2025-09-17 13:00:00,9315,3011,1002,1,2,102,1003,3,4005,2025-09-15 23:00:00,2025-09-16 09:00:00,2025-09-17 13:00:00,13.040799,77.460708,Complainant reported unauthorized debit transactions from bank account following a fake KYC verification call.
1424,110043027202601424,202601424,2026-03-05 10:00:00,9322,3027,1004,1,2,101,1001,2,4008,2026-03-05 08:00:00,2026-03-05 18:00:00,2026-03-05 10:00:00,13.081735,77.509503,Two persons riding a black motorcycle snatched a gold chain from a pedestrian near the bus stand and fled.
1425,110023015202501425,202501425,2025-01-02 10:00:00,9233,3015,1002,1,1,104,1007,1,4004,2025-01-01 08:00:00,2025-01-01 19:00:00,2025-01-02 10:00:00,13.072329,77.545103,Two persons riding a black motorcycle snatched a gold chain from a pedestrian near the bus stand and fled.
1426,110053036202601426,202601426,2026-03-18 11:00:00,9249,3036,1005,1,1,104,1007,3,4008,2026-03-17 09:00:00,2026-03-17 12:00:00,2026-03-18 11:00:00,12.980371,77.625149,Unknown miscreants broke open the lock of the house during late night hours and stole gold ornaments and cash.
1427,110013007202501427,202501427,2025-05-15 09:00:00,9166,3007,1001,1,2,101,1002,1,4002,2025-05-13 14:00:00,2025-05-13 22:00:00,2025-05-15 09:00:00,12.908994,77.518511,"Accused intercepted a commercial vehicle on the highway, threatened the driver with sharp weapons, and looted goods."
1428,110053033202501428,202501428,2025-02-14 02:00:00,9155,3033,1005,1,1,103,1005,3,4003,2025-02-13 03:00:00,2025-02-13 10:00:00,2025-02-14 02:00:00,13.083896,77.688105,A group of individuals assaulted the victim following a minor road rage incident causing grievous injuries.
1429,110023011202501429,202501429,2025-01-02 14:00:00,9298,3011,1002,1,1,102,1004,2,4005,2025-01-02 03:00:00,2025-01-02 04:00:00,2025-01-02 14:00:00,12.851165,77.460811,Unknown miscreants broke open the lock of the house during late night hours and stole gold ornaments and cash.
1430,110023013202501430,202501430,2025-01-18 12:00:00,9163,3013,1002,1,2,104,1007,2,4010,2025-01-17 01:00:00,2025-01-17 13:00:00,2025-01-18 12:00:00,12.886438,77.721085,Complainant reported unauthorized debit transactions from bank account following a fake KYC verification call.
1431,110053035202501431,202501431,2025-12-02 10:00:00,9076,3035,1005,1,2,102,1003,2,4003,2025-11-30 12:00:00,2025-11-30 23:00:00,2025-12-02 10:00:00,13.036716,77.469614,A group of individuals assaulted the victim following a minor road rage incident causing grievous injuries.
1432,110043029202501432,202501432,2025-04-01 10:00:00,9002,3029,1004,1,2,104,1007,3,4014,2025-03-30 11:00:00,2025-03-30 16:00:00,2025-04-01 10:00:00,12.841198,77.651851,Two persons riding a black motorcycle snatched a gold chain from a pedestrian near the bus stand and fled.
1433,110013003202601433,202601433,2026-01-09 07:00:00,9261,3003,1001,1,2,104,1007,2,4013,2026-01-07 12:00:00,2026-01-07 17:00:00,2026-01-09 07:00:00,12.874766,77.496362,"Accused intercepted a commercial vehicle on the highway, threatened the driver with sharp weapons, and looted goods."
1434,110043026202601434,202601434,2026-02-14 22:00:00,9049,3026,1004,1,1,103,1006,1,4009,2026-02-14 15:00:00,2026-02-14 22:00:00,2026-02-14 22:00:00,13.113609,77.670042,"Accused intercepted a commercial vehicle on the highway, threatened the driver with sharp weapons, and looted goods."
1435,110033017202501435,202501435,2025-10-15 06:00:00,9324,3017,1003,1,1,102,1004,2,4013,2025-10-14 08:00:00,2025-10-14 09:00:00,2025-10-15 06:00:00,13.031265,77.72199,Unknown miscreants broke open the lock of the house during late night hours and stole gold ornaments and cash.
1436,110053036202501436,202501436,2025-02-12 06:00:00,9250,3036,1005,1,1,103,1005,2,4003,2025-02-11 06:00:00,2025-02-11 09:00:00,2025-02-12 06:00:00,12.967208,77.543815,Two persons riding a black motorcycle snatched a gold chain from a pedestrian near the bus stand and fled.
1437,110043029202501437,202501437,2025-01-20 02:00:00,9133,3029,1004,1,2,102,1003,2,4010,2025-01-19 08:00:00,2025-01-19 15:00:00,2025-01-20 02:00:00,13.066369,77.709122,Two persons riding a black motorcycle snatched a gold chain from a pedestrian near the bus stand and fled.
1438,110013005202501438,202501438,2025-10-13 10:00:00,9215,3005,1001,1,2,103,1005,2,4010,2025-10-11 10:00:00,2025-10-11 16:00:00,2025-10-13 10:00:00,12.964458,77.625227,Two persons riding a black motorcycle snatched a gold chain from a pedestrian near the bus stand and fled.
1439,110053037202501439,202501439,2025-10-10 07:00:00,9223,3037,1005,1,1,101,1002,1,4013,2025-10-10 02:00:00,2025-10-10 06:00:00,2025-10-10 07:00:00,12.995885,77.545295,Complainant reported unauthorized debit transactions from bank account following a fake KYC verification call.
1440,110013001202501440,202501440,2025-04-27 05:00:00,9143,3001,1001,1,2,104,1007,3,4003,2025-04-26 21:00:00,2025-04-26 23:00:00,2025-04-27 05:00:00,12.830623,77.606561,Unknown miscreants broke open the lock of the house during late night hours and stole gold ornaments and cash.
1441,110043026202501441,202501441,2025-11-28 16:00:00,9378,3026,1004,1,2,104,1007,2,4002,2025-11-28 08:00:00,2025-11-28 11:00:00,2025-11-28 16:00:00,13.119856,77.472696,Unknown miscreants broke open the lock of the house during late night hours and stole gold ornaments and cash.
1442,110013001202501442,202501442,2025-12-11 21:00:00,9274,3001,1001,1,1,104,1007,3,4011,2025-12-11 12:00:00,2025-12-11 20:00:00,2025-12-11 21:00:00,13.003401,77.544923,Complainant reported unauthorized debit transactions from bank account following a fake KYC verification call.
1443,110013005202601443,202601443,2026-03-08 23:00:00,9019,3005,1001,1,2,101,1002,2,4001,2026-03-06 23:00:00,2026-03-07 09:00:00,2026-03-08 23:00:00,12.979081,77.544563,"Accused intercepted a commercial vehicle on the highway, threatened the driver with sharp weapons, and looted goods."
1444,110013007202501444,202501444,2025-07-28 10:00:00,9099,3007,1001,1,1,103,1005,2,4012,2025-07-28 01:00:00,2025-07-28 08:00:00,2025-07-28 10:00:00,12.953386,77.656117,Two persons riding a black motorcycle snatched a gold chain from a pedestrian near the bus stand and fled.
1445,110043031202501445,202501445,2025-04-26 11:00:00,9389,3031,1004,1,1,103,1006,3,4007,2025-04-25 16:00:00,2025-04-25 21:00:00,2025-04-26 11:00:00,12.831792,77.650798,Two persons riding a black motorcycle snatched a gold chain from a pedestrian near the bus stand and fled.
1446,110053040202501446,202501446,2025-11-15 08:00:00,9236,3040,1005,1,1,104,1007,1,4004,2025-11-14 03:00:00,2025-11-14 04:00:00,2025-11-15 08:00:00,12.821869,77.478038,Unknown miscreants broke open the lock of the house during late night hours and stole gold ornaments and cash.
1447,110053037202501447,202501447,2025-04-12 18:00:00,9242,3037,1005,1,1,103,1006,3,4013,2025-04-11 09:00:00,2025-04-11 12:00:00,2025-04-12 18:00:00,12.960038,77.664651,A group of individuals assaulted the victim following a minor road rage incident causing grievous injuries.
1448,110013008202501448,202501448,2025-05-10 23:00:00,9304,3008,1001,1,1,103,1005,2,4009,2025-05-10 18:00:00,2025-05-10 21:00:00,2025-05-10 23:00:00,12.953482,77.473741,Complainant reported unauthorized debit transactions from bank account following a fake KYC verification call.
1449,110053039202601449,202601449,2026-03-28 19:00:00,9233,3039,1005,1,1,103,1005,1,4007,2026-03-28 17:00:00,2026-03-29 03:00:00,2026-03-28 19:00:00,12.944168,77.623175,Two persons riding a black motorcycle snatched a gold chain from a pedestrian near the bus stand and fled.
1450,110033023202501450,202501450,2025-10-12 06:00:00,9296,3023,1003,1,1,101,1002,2,4010,2025-10-11 14:00:00,2025-10-12 01:00:00,2025-10-12 06:00:00,12.903309,77.499857,Two persons riding a black motorcycle snatched a gold chain from a pedestrian near the bus stand and fled.
1451,110033018202501451,202501451,2025-11-09 00:00:00,9136,3018,1003,1,1,102,1004,3,4002,2025-11-08 15:00:00,2025-11-08 17:00:00,2025-11-09 00:00:00,12.9439,77.537308,Unknown miscreants broke open the lock of the house during late night hours and stole gold ornaments and cash.
1452,110043029202501452,202501452,2025-04-10 06:00:00,9090,3029,1004,1,2,103,1005,1,4008,2025-04-09 19:00:00,2025-04-10 05:00:00,2025-04-10 06:00:00,13.010114,77.551817,Complainant reported unauthorized debit transactions from bank account following a fake KYC verification call.
1453,110013007202501453,202501453,2025-05-26 09:00:00,9322,3007,1001,1,1,102,1004,2,4013,2025-05-25 00:00:00,2025-05-25 06:00:00,2025-05-26 09:00:00,13.120079,77.698633,A group of individuals assaulted the victim following a minor road rage incident causing grievous injuries.
1454,110043028202601454,202601454,2026-01-05 17:00:00,9184,3028,1004,1,2,103,1005,1,4004,2026-01-04 04:00:00,2026-01-04 07:00:00,2026-01-05 17:00:00,12.9912,77.611079,Two persons riding a black motorcycle snatched a gold chain from a pedestrian near the bus stand and fled.
1455,110013006202501455,202501455,2025-03-06 15:00:00,9084,3006,1001,1,2,102,1004,3,4005,2025-03-05 17:00:00,2025-03-06 05:00:00,2025-03-06 15:00:00,13.087442,77.724319,Two persons riding a black motorcycle snatched a gold chain from a pedestrian near the bus stand and fled.
1456,110053036202601456,202601456,2026-02-25 20:00:00,9031,3036,1005,1,1,101,1002,1,4005,2026-02-24 03:00:00,2026-02-24 05:00:00,2026-02-25 20:00:00,13.015077,77.535329,Unknown miscreants broke open the lock of the house during late night hours and stole gold ornaments and cash.
1457,110043026202501457,202501457,2025-10-28 02:00:00,9332,3026,1004,1,1,103,1006,3,4010,2025-10-26 08:00:00,2025-10-26 13:00:00,2025-10-28 02:00:00,12.970693,77.644444,Complainant reported unauthorized debit transactions from bank account following a fake KYC verification call.
1458,110033017202501458,202501458,2025-10-30 10:00:00,9231,3017,1003,1,1,102,1004,3,4013,2025-10-29 23:00:00,2025-10-30 07:00:00,2025-10-30 10:00:00,12.831403,77.693747,"Accused intercepted a commercial vehicle on the highway, threatened the driver with sharp weapons, and looted goods."
1459,110013004202501459,202501459,2025-02-27 01:00:00,9252,3004,1001,1,1,104,1007,2,4014,2025-02-25 19:00:00,2025-02-26 01:00:00,2025-02-27 01:00:00,13.115187,77.64846,Unknown miscreants broke open the lock of the house during late night hours and stole gold ornaments and cash.
1460,110053040202501460,202501460,2025-11-04 15:00:00,9199,3040,1005,1,2,104,1007,1,4011,2025-11-03 10:00:00,2025-11-03 20:00:00,2025-11-04 15:00:00,12.99378,77.458779,A group of individuals assaulted the victim following a minor road rage incident causing grievous injuries.
1461,110053033202501461,202501461,2025-10-11 08:00:00,9018,3033,1005,1,2,101,1002,1,4003,2025-10-10 22:00:00,2025-10-11 05:00:00,2025-10-11 08:00:00,12.823065,77.452603,Complainant reported unauthorized debit transactions from bank account following a fake KYC verification call.
1462,110033020202501462,202501462,2025-08-22 21:00:00,9004,3020,1003,1,2,101,1001,1,4008,2025-08-21 19:00:00,2025-08-22 03:00:00,2025-08-22 21:00:00,13.083424,77.680623,Unknown miscreants broke open the lock of the house during late night hours and stole gold ornaments and cash.
1463,110043032202501463,202501463,2025-04-05 16:00:00,9211,3032,1004,1,2,104,1007,2,4013,2025-04-04 21:00:00,2025-04-05 06:00:00,2025-04-05 16:00:00,13.113403,77.71616,Two persons riding a black motorcycle snatched a gold chain from a pedestrian near the bus stand and fled.
1464,110033019202501464,202501464,2025-09-16 04:00:00,9116,3019,1003,1,1,101,1002,3,4011,2025-09-16 02:00:00,2025-09-16 04:00:00,2025-09-16 04:00:00,13.094633,77.496971,Complainant reported unauthorized debit transactions from bank account following a fake KYC verification call.
1465,110033018202601465,202601465,2026-02-23 01:00:00,9393,3018,1003,1,2,103,1006,1,4014,2026-02-22 02:00:00,2026-02-22 10:00:00,2026-02-23 01:00:00,12.868432,77.625496,Complainant reported unauthorized debit transactions from bank account following a fake KYC verification call.
1466,110043027202501466,202501466,2025-09-11 12:00:00,9222,3027,1004,1,1,104,1007,2,4013,2025-09-09 22:00:00,2025-09-10 07:00:00,2025-09-11 12:00:00,12.870762,77.595132,A group of individuals assaulted the victim following a minor road rage incident causing grievous injuries.
1467,110043032202501467,202501467,2025-05-18 16:00:00,9342,3032,1004,1,1,102,1004,3,4002,2025-05-18 02:00:00,2025-05-18 04:00:00,2025-05-18 16:00:00,12.923503,77.608246,Unknown miscreants broke open the lock of the house during late night hours and stole gold ornaments and cash.
1468,110023015202501468,202501468,2025-04-25 19:00:00,9287,3015,1002,1,1,104,1007,1,4007,2025-04-24 18:00:00,2025-04-24 19:00:00,2025-04-25 19:00:00,12.934583,77.645582,Unknown miscreants broke open the lock of the house during late night hours and stole gold ornaments and cash.
1469,110033019202501469,202501469,2025-04-26 06:00:00,9280,3019,1003,1,2,103,1005,2,4004,2025-04-25 13:00:00,2025-04-25 18:00:00,2025-04-26 06:00:00,12.960452,77.740241,A group of individuals assaulted the victim following a minor road rage incident causing grievous injuries.
1470,110053037202501470,202501470,2025-01-02 19:00:00,9207,3037,1005,1,1,102,1004,1,4012,2025-01-02 02:00:00,2025-01-02 08:00:00,2025-01-02 19:00:00,13.086701,77.577671,"Accused intercepted a commercial vehicle on the highway, threatened the driver with sharp weapons, and looted goods."
1471,110013008202501471,202501471,2025-06-16 01:00:00,9313,3008,1001,1,1,104,1007,2,4013,2025-06-14 10:00:00,2025-06-14 19:00:00,2025-06-16 01:00:00,13.02903,77.532054,A group of individuals assaulted the victim following a minor road rage incident causing grievous injuries.
1472,110013007202501472,202501472,2025-05-23 05:00:00,9223,3007,1001,1,2,104,1007,1,4001,2025-05-21 23:00:00,2025-05-22 05:00:00,2025-05-23 05:00:00,12.853402,77.629918,A group of individuals assaulted the victim following a minor road rage incident causing grievous injuries.
1473,110043029202501473,202501473,2025-11-03 20:00:00,9232,3029,1004,1,1,104,1007,3,4014,2025-11-03 16:00:00,2025-11-03 17:00:00,2025-11-03 20:00:00,13.091704,77.509951,Two persons riding a black motorcycle snatched a gold chain from a pedestrian near the bus stand and fled.
1474,110013001202501474,202501474,2025-11-16 11:00:00,9159,3001,1001,1,2,102,1003,3,4009,2025-11-15 23:00:00,2025-11-16 09:00:00,2025-11-16 11:00:00,12.846809,77.484901,Unknown miscreants broke open the lock of the house during late night hours and stole gold ornaments and cash.
1475,110043027202501475,202501475,2025-08-09 06:00:00,9085,3027,1004,1,1,104,1007,2,4014,2025-08-07 21:00:00,2025-08-08 03:00:00,2025-08-09 06:00:00,12.936761,77.576079,Unknown miscreants broke open the lock of the house during late night hours and stole gold ornaments and cash.
1476,110053037202501476,202501476,2025-10-07 22:00:00,9300,3037,1005,1,1,102,1003,2,4011,2025-10-07 18:00:00,2025-10-08 06:00:00,2025-10-07 22:00:00,12.876115,77.59403,"Accused intercepted a commercial vehicle on the highway, threatened the driver with sharp weapons, and looted goods."
1477,110033021202601477,202601477,2026-03-07 14:00:00,9163,3021,1003,1,1,103,1006,1,4003,2026-03-07 02:00:00,2026-03-07 03:00:00,2026-03-07 14:00:00,13.118075,77.731207,A group of individuals assaulted the victim following a minor road rage incident causing grievous injuries.
1478,110043032202501478,202501478,2025-09-01 21:00:00,9116,3032,1004,1,1,103,1005,2,4004,2025-08-31 17:00:00,2025-09-01 05:00:00,2025-09-01 21:00:00,12.96866,77.664798,Complainant reported unauthorized debit transactions from bank account following a fake KYC verification call.
1479,110043026202501479,202501479,2025-12-16 23:00:00,9236,3026,1004,1,2,103,1005,1,4009,2025-12-16 12:00:00,2025-12-16 21:00:00,2025-12-16 23:00:00,12.882936,77.695164,A group of individuals assaulted the victim following a minor road rage incident causing grievous injuries.
1480,110043030202501480,202501480,2025-08-22 01:00:00,9251,3030,1004,1,1,104,1007,2,4005,2025-08-20 10:00:00,2025-08-20 18:00:00,2025-08-22 01:00:00,12.955481,77.59029,"Accused intercepted a commercial vehicle on the highway, threatened the driver with sharp weapons, and looted goods."
1481,110023013202501481,202501481,2025-12-18 15:00:00,9032,3013,1002,1,1,102,1004,2,4010,2025-12-18 06:00:00,2025-12-18 13:00:00,2025-12-18 15:00:00,12.909538,77.568987,Complainant reported unauthorized debit transactions from bank account following a fake KYC verification call.
1482,110043032202501482,202501482,2025-02-27 22:00:00,9112,3032,1004,1,1,101,1002,3,4002,2025-02-26 08:00:00,2025-02-26 14:00:00,2025-02-27 22:00:00,13.01838,77.708037,"Accused intercepted a commercial vehicle on the highway, threatened the driver with sharp weapons, and looted goods."
1483,110043025202501483,202501483,2025-06-30 03:00:00,9378,3025,1004,1,2,101,1001,2,4003,2025-06-28 13:00:00,2025-06-28 22:00:00,2025-06-30 03:00:00,12.91897,77.488629,Unknown miscreants broke open the lock of the house during late night hours and stole gold ornaments and cash.
1484,110033021202501484,202501484,2025-10-11 22:00:00,9274,3021,1003,1,1,102,1003,2,4006,2025-10-09 23:00:00,2025-10-10 06:00:00,2025-10-11 22:00:00,12.915459,77.615589,Complainant reported unauthorized debit transactions from bank account following a fake KYC verification call.
1485,110013003202501485,202501485,2025-08-11 14:00:00,9077,3003,1001,1,2,103,1006,3,4015,2025-08-10 09:00:00,2025-08-10 17:00:00,2025-08-11 14:00:00,12.893022,77.695826,A group of individuals assaulted the victim following a minor road rage incident causing grievous injuries.
1486,110043030202501486,202501486,2025-09-17 08:00:00,9195,3030,1004,1,1,104,1007,1,4009,2025-09-16 12:00:00,2025-09-16 21:00:00,2025-09-17 08:00:00,13.063487,77.65969,Complainant reported unauthorized debit transactions from bank account following a fake KYC verification call.
1487,110043028202501487,202501487,2025-04-14 05:00:00,9118,3028,1004,1,1,102,1004,2,4014,2025-04-13 16:00:00,2025-04-14 00:00:00,2025-04-14 05:00:00,12.945927,77.630842,"Accused intercepted a commercial vehicle on the highway, threatened the driver with sharp weapons, and looted goods."
1488,110043029202501488,202501488,2025-07-11 06:00:00,9387,3029,1004,1,1,101,1002,3,4004,2025-07-10 06:00:00,2025-07-10 15:00:00,2025-07-11 06:00:00,12.839893,77.693474,A group of individuals assaulted the victim following a minor road rage incident causing grievous injuries.
1489,110013002202501489,202501489,2025-05-21 19:00:00,9201,3002,1001,1,2,101,1001,2,4015,2025-05-20 02:00:00,2025-05-20 14:00:00,2025-05-21 19:00:00,12.907355,77.552932,Complainant reported unauthorized debit transactions from bank account following a fake KYC verification call.
1490,110033024202501490,202501490,2025-11-29 12:00:00,9280,3024,1003,1,2,103,1006,2,4011,2025-11-28 14:00:00,2025-11-29 02:00:00,2025-11-29 12:00:00,12.823607,77.631083,Two persons riding a black motorcycle snatched a gold chain from a pedestrian near the bus stand and fled.
1491,110053035202501491,202501491,2025-10-21 02:00:00,9021,3035,1005,1,2,103,1006,2,4011,2025-10-20 14:00:00,2025-10-20 22:00:00,2025-10-21 02:00:00,12.885817,77.57547,Complainant reported unauthorized debit transactions from bank account following a fake KYC verification call.
1492,110023009202501492,202501492,2025-09-11 11:00:00,9011,3009,1002,1,1,102,1004,1,4011,2025-09-10 13:00:00,2025-09-11 00:00:00,2025-09-11 11:00:00,12.901377,77.711575,Complainant reported unauthorized debit transactions from bank account following a fake KYC verification call.
1493,110023013202601493,202601493,2026-01-12 18:00:00,9247,3013,1002,1,2,104,1007,3,4011,2026-01-11 09:00:00,2026-01-11 16:00:00,2026-01-12 18:00:00,12.848749,77.467031,Two persons riding a black motorcycle snatched a gold chain from a pedestrian near the bus stand and fled.
1494,110023009202601494,202601494,2026-02-14 04:00:00,9270,3009,1002,1,1,103,1005,3,4009,2026-02-13 16:00:00,2026-02-13 19:00:00,2026-02-14 04:00:00,13.061463,77.456344,Two persons riding a black motorcycle snatched a gold chain from a pedestrian near the bus stand and fled.
1495,110013005202501495,202501495,2025-04-15 08:00:00,9285,3005,1001,1,1,102,1004,3,4005,2025-04-14 06:00:00,2025-04-14 18:00:00,2025-04-15 08:00:00,12.95265,77.682056,Complainant reported unauthorized debit transactions from bank account following a fake KYC verification call.
1496,110033018202501496,202501496,2025-06-30 16:00:00,9397,3018,1003,1,1,103,1006,3,4007,2025-06-28 16:00:00,2025-06-29 02:00:00,2025-06-30 16:00:00,13.093356,77.646058,Complainant reported unauthorized debit transactions from bank account following a fake KYC verification call.
1497,110023011202501497,202501497,2025-09-24 23:00:00,9167,3011,1002,1,2,104,1007,1,4014,2025-09-23 13:00:00,2025-09-23 14:00:00,2025-09-24 23:00:00,12.917576,77.655777,A group of individuals assaulted the victim following a minor road rage incident causing grievous injuries.
1498,110043027202501498,202501498,2025-01-01 12:00:00,9248,3027,1004,1,1,102,1004,1,4003,2024-12-31 13:00:00,2024-12-31 17:00:00,2025-01-01 12:00:00,13.0411,77.723462,"Accused intercepted a commercial vehicle on the highway, threatened the driver with sharp weapons, and looted goods."
1499,110033018202601499,202601499,2026-01-17 16:00:00,9300,3018,1003,1,1,102,1004,1,4009,2026-01-17 09:00:00,2026-01-17 16:00:00,2026-01-17 16:00:00,12.931929,77.586092,Unknown miscreants broke open the lock of the house during late night hours and stole gold ornaments and cash.
1500,110013008202501500,202501500,2025-12-19 01:00:00,9031,3008,1001,1,2,104,1007,3,4015,2025-12-17 23:00:00,2025-12-18 11:00:00,2025-12-19 01:00:00,12.961019,77.607131,A group of individuals assaulted the victim following a minor road rage incident causing grievous injuries.
1501,110053039202601501,202601501,2026-01-30 22:00:00,9068,3039,1005,1,2,102,1004,3,4015,2026-01-30 17:00:00,2026-01-31 05:00:00,2026-01-30 22:00:00,13.118805,77.445538,A group of individuals assaulted the victim following a minor road rage incident causing grievous injuries.
1502,110023010202601502,202601502,2026-01-13 00:00:00,9148,3010,1002,1,2,102,1004,3,4015,2026-01-11 19:00:00,2026-01-11 23:00:00,2026-01-13 00:00:00,12.986129,77.702071,Complainant reported unauthorized debit transactions from bank account following a fake KYC verification call.
1503,110043030202501503,202501503,2025-08-05 07:00:00,9359,3030,1004,1,1,101,1002,3,4012,2025-08-04 14:00:00,2025-08-04 20:00:00,2025-08-05 07:00:00,12.986536,77.675926,"Accused intercepted a commercial vehicle on the highway, threatened the driver with sharp weapons, and looted goods."
1504,110043026202501504,202501504,2025-04-11 14:00:00,9282,3026,1004,1,1,101,1001,2,4005,2025-04-11 02:00:00,2025-04-11 11:00:00,2025-04-11 14:00:00,13.056078,77.738187,Two persons riding a black motorcycle snatched a gold chain from a pedestrian near the bus stand and fled.
1505,110013001202501505,202501505,2025-08-11 02:00:00,9162,3001,1001,1,1,103,1005,2,4014,2025-08-10 14:00:00,2025-08-10 15:00:00,2025-08-11 02:00:00,12.923428,77.57441,Two persons riding a black motorcycle snatched a gold chain from a pedestrian near the bus stand and fled.
1506,110033019202501506,202501506,2025-06-23 21:00:00,9217,3019,1003,1,1,104,1007,1,4008,2025-06-22 19:00:00,2025-06-23 01:00:00,2025-06-23 21:00:00,13.118789,77.680475,Complainant reported unauthorized debit transactions from bank account following a fake KYC verification call.
1507,110023015202501507,202501507,2025-10-21 17:00:00,9200,3015,1002,1,1,103,1005,1,4011,2025-10-21 00:00:00,2025-10-21 03:00:00,2025-10-21 17:00:00,12.918501,77.743767,Unknown miscreants broke open the lock of the house during late night hours and stole gold ornaments and cash.
1508,110023014202501508,202501508,2025-10-02 15:00:00,9325,3014,1002,1,2,101,1001,1,4007,2025-10-01 11:00:00,2025-10-01 23:00:00,2025-10-02 15:00:00,12.869182,77.592686,A group of individuals assaulted the victim following a minor road rage incident causing grievous injuries.
1509,110023010202501509,202501509,2025-06-06 06:00:00,9119,3010,1002,1,2,102,1003,3,4004,2025-06-05 23:00:00,2025-06-06 00:00:00,2025-06-06 06:00:00,13.108667,77.584009,Two persons riding a black motorcycle snatched a gold chain from a pedestrian near the bus stand and fled.
1510,110053035202501510,202501510,2025-11-10 01:00:00,9194,3035,1005,1,2,103,1006,2,4010,2025-11-09 05:00:00,2025-11-09 07:00:00,2025-11-10 01:00:00,13.036877,77.559042,Unknown miscreants broke open the lock of the house during late night hours and stole gold ornaments and cash.
1511,110043029202601511,202601511,2026-03-01 00:00:00,9264,3029,1004,1,1,101,1002,1,4012,2026-02-28 18:00:00,2026-03-01 05:00:00,2026-03-01 00:00:00,12.825467,77.5299,Complainant reported unauthorized debit transactions from bank account following a fake KYC verification call.
1512,110013002202501512,202501512,2025-10-17 05:00:00,9190,3002,1001,1,2,103,1006,1,4011,2025-10-16 02:00:00,2025-10-16 03:00:00,2025-10-17 05:00:00,12.991098,77.490792,"Accused intercepted a commercial vehicle on the highway, threatened the driver with sharp weapons, and looted goods."
1513,110043025202501513,202501513,2025-05-31 02:00:00,9397,3025,1004,1,2,104,1007,1,4005,2025-05-30 03:00:00,2025-05-30 06:00:00,2025-05-31 02:00:00,12.932783,77.651596,Two persons riding a black motorcycle snatched a gold chain from a pedestrian near the bus stand and fled.
1514,110023011202501514,202501514,2025-08-26 10:00:00,9378,3011,1002,1,1,103,1006,3,4008,2025-08-25 02:00:00,2025-08-25 05:00:00,2025-08-26 10:00:00,12.858529,77.694304,A group of individuals assaulted the victim following a minor road rage incident causing grievous injuries.
1515,110013003202601515,202601515,2026-02-24 20:00:00,9118,3003,1001,1,1,102,1004,2,4001,2026-02-24 07:00:00,2026-02-24 16:00:00,2026-02-24 20:00:00,13.020402,77.731953,Unknown miscreants broke open the lock of the house during late night hours and stole gold ornaments and cash.
1516,110033024202501516,202501516,2025-04-18 05:00:00,9234,3024,1003,1,1,104,1007,3,4014,2025-04-18 00:00:00,2025-04-18 10:00:00,2025-04-18 05:00:00,13.041428,77.633534,"Accused intercepted a commercial vehicle on the highway, threatened the driver with sharp weapons, and looted goods."
1517,110013007202501517,202501517,2025-08-17 18:00:00,9400,3007,1001,1,2,101,1002,3,4008,2025-08-16 07:00:00,2025-08-16 08:00:00,2025-08-17 18:00:00,13.087901,77.474523,A group of individuals assaulted the victim following a minor road rage incident causing grievous injuries.
1518,110023016202501518,202501518,2025-03-15 21:00:00,9231,3016,1002,1,1,104,1007,1,4007,2025-03-14 09:00:00,2025-03-14 16:00:00,2025-03-15 21:00:00,12.837423,77.665881,A group of individuals assaulted the victim following a minor road rage incident causing grievous injuries.
1519,110033022202501519,202501519,2025-04-29 08:00:00,9170,3022,1003,1,2,103,1005,3,4005,2025-04-28 08:00:00,2025-04-28 13:00:00,2025-04-29 08:00:00,13.037377,77.543804,"Accused intercepted a commercial vehicle on the highway, threatened the driver with sharp weapons, and looted goods."
1520,110013007202501520,202501520,2025-02-26 03:00:00,9284,3007,1001,1,1,104,1007,1,4004,2025-02-25 08:00:00,2025-02-25 14:00:00,2025-02-26 03:00:00,13.023273,77.691483,"Accused intercepted a commercial vehicle on the highway, threatened the driver with sharp weapons, and looted goods."
1521,110023016202501521,202501521,2025-11-10 00:00:00,9143,3016,1002,1,1,104,1007,3,4010,2025-11-08 11:00:00,2025-11-08 12:00:00,2025-11-10 00:00:00,13.102133,77.730718,"Accused intercepted a commercial vehicle on the highway, threatened the driver with sharp weapons, and looted goods."
1522,110033023202601522,202601522,2026-03-22 06:00:00,9017,3023,1003,1,1,103,1006,2,4014,2026-03-21 01:00:00,2026-03-21 10:00:00,2026-03-22 06:00:00,13.098375,77.498059,A group of individuals assaulted the victim following a minor road rage incident causing grievous injuries.
1523,110033020202501523,202501523,2025-02-09 15:00:00,9365,3020,1003,1,2,102,1004,1,4004,2025-02-07 23:00:00,2025-02-08 04:00:00,2025-02-09 15:00:00,12.875691,77.592921,"Accused intercepted a commercial vehicle on the highway, threatened the driver with sharp weapons, and looted goods."
1524,110053035202501524,202501524,2025-06-10 23:00:00,9385,3035,1005,1,2,101,1001,1,4011,2025-06-09 09:00:00,2025-06-09 14:00:00,2025-06-10 23:00:00,13.002455,77.685561,Unknown miscreants broke open the lock of the house during late night hours and stole gold ornaments and cash.
1525,110023009202501525,202501525,2025-07-15 08:00:00,9160,3009,1002,1,1,104,1007,2,4013,2025-07-14 05:00:00,2025-07-14 12:00:00,2025-07-15 08:00:00,13.077536,77.671979,"Accused intercepted a commercial vehicle on the highway, threatened the driver with sharp weapons, and looted goods."
1526,110023014202501526,202501526,2025-10-29 03:00:00,9241,3014,1002,1,2,101,1001,2,4013,2025-10-27 11:00:00,2025-10-27 21:00:00,2025-10-29 03:00:00,12.968407,77.623587,"Accused intercepted a commercial vehicle on the highway, threatened the driver with sharp weapons, and looted goods."
1527,110033018202501527,202501527,2025-05-18 21:00:00,9059,3018,1003,1,2,101,1001,1,4012,2025-05-17 04:00:00,2025-05-17 07:00:00,2025-05-18 21:00:00,12.916752,77.476883,Unknown miscreants broke open the lock of the house during late night hours and stole gold ornaments and cash.
1528,110023016202501528,202501528,2025-04-02 06:00:00,9047,3016,1002,1,2,101,1002,3,4015,2025-04-01 03:00:00,2025-04-01 05:00:00,2025-04-02 06:00:00,12.822549,77.45002,Unknown miscreants broke open the lock of the house during late night hours and stole gold ornaments and cash.
1529,110023012202501529,202501529,2025-11-13 05:00:00,9073,3012,1002,1,1,103,1005,1,4011,2025-11-12 04:00:00,2025-11-12 13:00:00,2025-11-13 05:00:00,13.03166,77.445145,A group of individuals assaulted the victim following a minor road rage incident causing grievous injuries.
1530,110023010202501530,202501530,2025-12-03 09:00:00,9010,3010,1002,1,1,103,1005,3,4001,2025-12-01 09:00:00,2025-12-01 20:00:00,2025-12-03 09:00:00,13.036365,77.538496,Unknown miscreants broke open the lock of the house during late night hours and stole gold ornaments and cash.
1531,110053033202501531,202501531,2025-01-04 15:00:00,9368,3033,1005,1,1,101,1002,3,4011,2025-01-03 11:00:00,2025-01-03 12:00:00,2025-01-04 15:00:00,12.956687,77.610194,Two persons riding a black motorcycle snatched a gold chain from a pedestrian near the bus stand and fled.
1532,110033024202601532,202601532,2026-01-19 14:00:00,9155,3024,1003,1,1,102,1003,3,4008,2026-01-17 15:00:00,2026-01-17 16:00:00,2026-01-19 14:00:00,13.0303,77.544647,A group of individuals assaulted the victim following a minor road rage incident causing grievous injuries.
1533,110053040202601533,202601533,2026-01-04 21:00:00,9256,3040,1005,1,2,102,1003,3,4003,2026-01-03 17:00:00,2026-01-03 19:00:00,2026-01-04 21:00:00,12.921913,77.634352,Two persons riding a black motorcycle snatched a gold chain from a pedestrian near the bus stand and fled.
1534,110033018202601534,202601534,2026-03-03 04:00:00,9372,3018,1003,1,1,103,1006,1,4004,2026-03-02 08:00:00,2026-03-02 09:00:00,2026-03-03 04:00:00,12.894959,77.730275,Unknown miscreants broke open the lock of the house during late night hours and stole gold ornaments and cash.
1535,110053033202501535,202501535,2025-10-25 21:00:00,9227,3033,1005,1,1,104,1007,2,4004,2025-10-25 06:00:00,2025-10-25 16:00:00,2025-10-25 21:00:00,13.041494,77.721798,A group of individuals assaulted the victim following a minor road rage incident causing grievous injuries.
1536,110053033202501536,202501536,2025-03-05 13:00:00,9114,3033,1005,1,2,104,1007,2,4007,2025-03-04 02:00:00,2025-03-04 06:00:00,2025-03-05 13:00:00,13.027922,77.560091,Two persons riding a black motorcycle snatched a gold chain from a pedestrian near the bus stand and fled.
1537,110023016202501537,202501537,2025-09-08 18:00:00,9044,3016,1002,1,1,102,1003,2,4015,2025-09-06 20:00:00,2025-09-06 21:00:00,2025-09-08 18:00:00,13.009302,77.724531,"Accused intercepted a commercial vehicle on the highway, threatened the driver with sharp weapons, and looted goods."
1538,110033019202501538,202501538,2025-04-13 03:00:00,9347,3019,1003,1,1,102,1003,3,4002,2025-04-12 07:00:00,2025-04-12 12:00:00,2025-04-13 03:00:00,13.076481,77.581802,Unknown miscreants broke open the lock of the house during late night hours and stole gold ornaments and cash.
1539,110033020202501539,202501539,2025-06-16 06:00:00,9272,3020,1003,1,1,102,1003,3,4010,2025-06-15 15:00:00,2025-06-15 22:00:00,2025-06-16 06:00:00,12.885736,77.744053,"Accused intercepted a commercial vehicle on the highway, threatened the driver with sharp weapons, and looted goods."
1540,110053040202601540,202601540,2026-03-02 09:00:00,9327,3040,1005,1,2,104,1007,2,4009,2026-03-01 11:00:00,2026-03-01 12:00:00,2026-03-02 09:00:00,12.968526,77.671823,Two persons riding a black motorcycle snatched a gold chain from a pedestrian near the bus stand and fled.
1541,110033023202601541,202601541,2026-01-20 15:00:00,9052,3023,1003,1,2,104,1007,2,4009,2026-01-20 09:00:00,2026-01-20 21:00:00,2026-01-20 15:00:00,13.114429,77.639331,Complainant reported unauthorized debit transactions from bank account following a fake KYC verification call.
1542,110053040202501542,202501542,2025-02-21 00:00:00,9389,3040,1005,1,2,101,1002,3,4002,2025-02-19 08:00:00,2025-02-19 20:00:00,2025-02-21 00:00:00,13.019465,77.61667,Complainant reported unauthorized debit transactions from bank account following a fake KYC verification call.
1543,110023014202501543,202501543,2025-02-15 03:00:00,9304,3014,1002,1,2,104,1007,1,4009,2025-02-15 00:00:00,2025-02-15 04:00:00,2025-02-15 03:00:00,13.006955,77.551286,Unknown miscreants broke open the lock of the house during late night hours and stole gold ornaments and cash.
1544,110043026202501544,202501544,2025-05-31 05:00:00,9332,3026,1004,1,1,104,1007,1,4005,2025-05-31 02:00:00,2025-05-31 03:00:00,2025-05-31 05:00:00,12.86455,77.637533,A group of individuals assaulted the victim following a minor road rage incident causing grievous injuries.
1545,110053038202501545,202501545,2025-04-17 06:00:00,9207,3038,1005,1,2,104,1007,2,4014,2025-04-15 22:00:00,2025-04-16 02:00:00,2025-04-17 06:00:00,12.823585,77.655852,Two persons riding a black motorcycle snatched a gold chain from a pedestrian near the bus stand and fled.
1546,110023010202501546,202501546,2025-10-28 16:00:00,9077,3010,1002,1,2,103,1006,3,4010,2025-10-27 13:00:00,2025-10-28 00:00:00,2025-10-28 16:00:00,13.025376,77.520249,"Accused intercepted a commercial vehicle on the highway, threatened the driver with sharp weapons, and looted goods."
1547,110013001202501547,202501547,2025-05-10 20:00:00,9173,3001,1001,1,1,102,1004,3,4013,2025-05-09 19:00:00,2025-05-10 07:00:00,2025-05-10 20:00:00,13.117106,77.515815,A group of individuals assaulted the victim following a minor road rage incident causing grievous injuries.
1548,110033019202601548,202601548,2026-01-27 06:00:00,9380,3019,1003,1,2,103,1005,3,4004,2026-01-27 02:00:00,2026-01-27 13:00:00,2026-01-27 06:00:00,12.975109,77.587229,Complainant reported unauthorized debit transactions from bank account following a fake KYC verification call.
1549,110053038202501549,202501549,2025-04-17 13:00:00,9340,3038,1005,1,2,103,1006,1,4004,2025-04-17 09:00:00,2025-04-17 21:00:00,2025-04-17 13:00:00,12.985589,77.677663,Unknown miscreants broke open the lock of the house during late night hours and stole gold ornaments and cash.
1550,110033018202501550,202501550,2025-08-13 15:00:00,9267,3018,1003,1,2,102,1004,2,4004,2025-08-12 07:00:00,2025-08-12 10:00:00,2025-08-13 15:00:00,12.826633,77.492914,A group of individuals assaulted the victim following a minor road rage incident causing grievous injuries.
1551,110023014202601551,202601551,2026-01-23 17:00:00,9114,3014,1002,1,2,103,1005,1,4004,2026-01-21 17:00:00,2026-01-21 23:00:00,2026-01-23 17:00:00,13.049464,77.714472,Unknown miscreants broke open the lock of the house during late night hours and stole gold ornaments and cash.
1552,110053035202501552,202501552,2025-03-17 06:00:00,9251,3035,1005,1,1,102,1004,2,4006,2025-03-15 11:00:00,2025-03-15 23:00:00,2025-03-17 06:00:00,13.113542,77.691673,A group of individuals assaulted the victim following a minor road rage incident causing grievous injuries.
1553,110023016202501553,202501553,2025-08-15 08:00:00,9295,3016,1002,1,2,104,1007,3,4008,2025-08-13 21:00:00,2025-08-14 05:00:00,2025-08-15 08:00:00,13.018037,77.50376,Unknown miscreants broke open the lock of the house during late night hours and stole gold ornaments and cash.
1554,110033024202501554,202501554,2025-03-30 07:00:00,9351,3024,1003,1,1,103,1006,1,4009,2025-03-29 04:00:00,2025-03-29 09:00:00,2025-03-30 07:00:00,12.898771,77.605603,Two persons riding a black motorcycle snatched a gold chain from a pedestrian near the bus stand and fled.
1555,110023010202601555,202601555,2026-03-25 07:00:00,9155,3010,1002,1,2,104,1007,2,4008,2026-03-23 08:00:00,2026-03-23 10:00:00,2026-03-25 07:00:00,13.110873,77.719517,Unknown miscreants broke open the lock of the house during late night hours and stole gold ornaments and cash.
1556,110033019202501556,202501556,2025-12-21 22:00:00,9209,3019,1003,1,2,104,1007,2,4007,2025-12-21 19:00:00,2025-12-21 23:00:00,2025-12-21 22:00:00,13.016413,77.639764,Unknown miscreants broke open the lock of the house during late night hours and stole gold ornaments and cash.
1557,110053036202601557,202601557,2026-03-21 08:00:00,9150,3036,1005,1,2,102,1004,3,4014,2026-03-19 15:00:00,2026-03-19 22:00:00,2026-03-21 08:00:00,12.823013,77.588008,Complainant reported unauthorized debit transactions from bank account following a fake KYC verification call.
1558,110053035202501558,202501558,2025-11-28 06:00:00,9027,3035,1005,1,2,102,1004,3,4005,2025-11-27 03:00:00,2025-11-27 11:00:00,2025-11-28 06:00:00,12.922321,77.582947,Complainant reported unauthorized debit transactions from bank account following a fake KYC verification call.
1559,110033024202501559,202501559,2025-06-16 19:00:00,9202,3024,1003,1,2,104,1007,1,4014,2025-06-15 20:00:00,2025-06-16 07:00:00,2025-06-16 19:00:00,12.823401,77.525688,A group of individuals assaulted the victim following a minor road rage incident causing grievous injuries.
1560,110043029202501560,202501560,2025-10-16 09:00:00,9029,3029,1004,1,1,103,1006,3,4001,2025-10-14 15:00:00,2025-10-14 18:00:00,2025-10-16 09:00:00,12.957166,77.460847,Two persons riding a black motorcycle snatched a gold chain from a pedestrian near the bus stand and fled.
1561,110033022202501561,202501561,2025-05-18 01:00:00,9242,3022,1003,1,2,102,1004,2,4014,2025-05-17 16:00:00,2025-05-17 21:00:00,2025-05-18 01:00:00,13.105937,77.733421,Complainant reported unauthorized debit transactions from bank account following a fake KYC verification call.
1562,110033019202501562,202501562,2025-06-15 07:00:00,9283,3019,1003,1,2,103,1005,1,4008,2025-06-14 04:00:00,2025-06-14 13:00:00,2025-06-15 07:00:00,12.873227,77.60838,Two persons riding a black motorcycle snatched a gold chain from a pedestrian near the bus stand and fled.
1563,110053033202501563,202501563,2025-05-01 00:00:00,9166,3033,1005,1,2,104,1007,3,4008,2025-04-30 05:00:00,2025-04-30 08:00:00,2025-05-01 00:00:00,13.045969,77.547198,Unknown miscreants broke open the lock of the house during late night hours and stole gold ornaments and cash.
1564,110013008202601564,202601564,2026-02-06 10:00:00,9041,3008,1001,1,1,102,1004,3,4001,2026-02-05 10:00:00,2026-02-05 19:00:00,2026-02-06 10:00:00,12.854475,77.580995,Unknown miscreants broke open the lock of the house during late night hours and stole gold ornaments and cash.
1565,110023009202501565,202501565,2025-03-22 22:00:00,9203,3009,1002,1,1,102,1003,3,4011,2025-03-22 06:00:00,2025-03-22 16:00:00,2025-03-22 22:00:00,13.040838,77.512877,Unknown miscreants broke open the lock of the house during late night hours and stole gold ornaments and cash.
1566,110033019202601566,202601566,2026-03-12 04:00:00,9157,3019,1003,1,1,103,1006,1,4002,2026-03-10 21:00:00,2026-03-10 22:00:00,2026-03-12 04:00:00,12.92939,77.681561,A group of individuals assaulted the victim following a minor road rage incident causing grievous injuries.
1567,110033021202501567,202501567,2025-06-24 11:00:00,9377,3021,1003,1,1,104,1007,2,4001,2025-06-22 14:00:00,2025-06-22 17:00:00,2025-06-24 11:00:00,12.866661,77.470007,Unknown miscreants broke open the lock of the house during late night hours and stole gold ornaments and cash.
1568,110053035202501568,202501568,2025-01-12 10:00:00,9280,3035,1005,1,1,102,1003,2,4011,2025-01-11 16:00:00,2025-01-12 00:00:00,2025-01-12 10:00:00,12.914268,77.68191,Two persons riding a black motorcycle snatched a gold chain from a pedestrian near the bus stand and fled.
1569,110053036202501569,202501569,2025-05-18 02:00:00,9197,3036,1005,1,1,101,1002,3,4006,2025-05-16 21:00:00,2025-05-17 02:00:00,2025-05-18 02:00:00,13.104787,77.622954,Complainant reported unauthorized debit transactions from bank account following a fake KYC verification call.
1570,110043027202501570,202501570,2025-09-02 04:00:00,9206,3027,1004,1,1,101,1002,3,4008,2025-09-01 13:00:00,2025-09-02 00:00:00,2025-09-02 04:00:00,12.906339,77.712665,Complainant reported unauthorized debit transactions from bank account following a fake KYC verification call.
1571,110013006202601571,202601571,2026-02-18 00:00:00,9094,3006,1001,1,2,101,1001,2,4013,2026-02-17 21:00:00,2026-02-18 07:00:00,2026-02-18 00:00:00,13.040314,77.549978,Complainant reported unauthorized debit transactions from bank account following a fake KYC verification call.
1572,110053033202501572,202501572,2025-10-30 23:00:00,9380,3033,1005,1,1,101,1002,2,4007,2025-10-30 02:00:00,2025-10-30 14:00:00,2025-10-30 23:00:00,13.099965,77.603443,Two persons riding a black motorcycle snatched a gold chain from a pedestrian near the bus stand and fled.
1573,110033018202501573,202501573,2025-03-07 11:00:00,9185,3018,1003,1,2,101,1001,1,4008,2025-03-06 06:00:00,2025-03-06 15:00:00,2025-03-07 11:00:00,12.963501,77.643807,Unknown miscreants broke open the lock of the house during late night hours and stole gold ornaments and cash.
1574,110043029202501574,202501574,2025-09-02 22:00:00,9003,3029,1004,1,2,104,1007,1,4001,2025-09-01 17:00:00,2025-09-01 23:00:00,2025-09-02 22:00:00,12.886791,77.679284,Two persons riding a black motorcycle snatched a gold chain from a pedestrian near the bus stand and fled.
1575,110023016202501575,202501575,2025-08-31 08:00:00,9160,3016,1002,1,2,103,1005,3,4014,2025-08-31 00:00:00,2025-08-31 08:00:00,2025-08-31 08:00:00,12.926531,77.519825,A group of individuals assaulted the victim following a minor road rage incident causing grievous injuries.
1576,110033024202501576,202501576,2025-03-28 06:00:00,9250,3024,1003,1,2,101,1001,3,4014,2025-03-26 15:00:00,2025-03-26 23:00:00,2025-03-28 06:00:00,12.902757,77.507539,A group of individuals assaulted the victim following a minor road rage incident causing grievous injuries.
1577,110023010202501577,202501577,2025-03-18 22:00:00,9253,3010,1002,1,2,102,1004,3,4014,2025-03-17 09:00:00,2025-03-17 15:00:00,2025-03-18 22:00:00,13.000794,77.636126,Two persons riding a black motorcycle snatched a gold chain from a pedestrian near the bus stand and fled.
1578,110013005202501578,202501578,2025-02-11 04:00:00,9265,3005,1001,1,2,102,1004,2,4001,2025-02-09 06:00:00,2025-02-09 18:00:00,2025-02-11 04:00:00,12.88714,77.612266,A group of individuals assaulted the victim following a minor road rage incident causing grievous injuries.
1579,110043025202501579,202501579,2025-11-17 01:00:00,9256,3025,1004,1,1,103,1006,1,4008,2025-11-16 18:00:00,2025-11-16 22:00:00,2025-11-17 01:00:00,13.068109,77.545246,"Accused intercepted a commercial vehicle on the highway, threatened the driver with sharp weapons, and looted goods."
1580,110013005202501580,202501580,2025-08-12 08:00:00,9215,3005,1001,1,1,104,1007,1,4005,2025-08-10 17:00:00,2025-08-11 04:00:00,2025-08-12 08:00:00,13.110419,77.509545,A group of individuals assaulted the victim following a minor road rage incident causing grievous injuries.
1581,110053035202501581,202501581,2025-11-23 12:00:00,9047,3035,1005,1,2,103,1005,3,4005,2025-11-23 01:00:00,2025-11-23 06:00:00,2025-11-23 12:00:00,13.002459,77.568266,Complainant reported unauthorized debit transactions from bank account following a fake KYC verification call.
1582,110033022202501582,202501582,2025-06-03 19:00:00,9296,3022,1003,1,1,101,1001,2,4015,2025-06-02 02:00:00,2025-06-02 03:00:00,2025-06-03 19:00:00,12.923317,77.621314,"Accused intercepted a commercial vehicle on the highway, threatened the driver with sharp weapons, and looted goods."
1583,110033020202501583,202501583,2025-01-16 09:00:00,9082,3020,1003,1,1,101,1001,3,4014,2025-01-15 22:00:00,2025-01-16 04:00:00,2025-01-16 09:00:00,13.097233,77.701546,A group of individuals assaulted the victim following a minor road rage incident causing grievous injuries.
1584,110053037202501584,202501584,2025-09-18 15:00:00,9220,3037,1005,1,1,102,1004,2,4015,2025-09-17 14:00:00,2025-09-17 21:00:00,2025-09-18 15:00:00,12.850138,77.67582,Two persons riding a black motorcycle snatched a gold chain from a pedestrian near the bus stand and fled.
1585,110053035202501585,202501585,2025-06-24 10:00:00,9242,3035,1005,1,2,104,1007,3,4009,2025-06-23 19:00:00,2025-06-23 21:00:00,2025-06-24 10:00:00,12.859252,77.569915,Complainant reported unauthorized debit transactions from bank account following a fake KYC verification call.
1586,110023015202501586,202501586,2025-06-11 01:00:00,9165,3015,1002,1,2,102,1004,3,4014,2025-06-09 01:00:00,2025-06-09 11:00:00,2025-06-11 01:00:00,13.019874,77.517513,"Accused intercepted a commercial vehicle on the highway, threatened the driver with sharp weapons, and looted goods."
1587,110053040202501587,202501587,2025-11-15 13:00:00,9374,3040,1005,1,2,101,1001,2,4012,2025-11-15 07:00:00,2025-11-15 13:00:00,2025-11-15 13:00:00,12.879417,77.520792,Two persons riding a black motorcycle snatched a gold chain from a pedestrian near the bus stand and fled.
1588,110023010202501588,202501588,2025-10-31 05:00:00,9251,3010,1002,1,2,103,1006,2,4004,2025-10-29 05:00:00,2025-10-29 08:00:00,2025-10-31 05:00:00,12.988342,77.50465,"Accused intercepted a commercial vehicle on the highway, threatened the driver with sharp weapons, and looted goods."
1589,110013008202501589,202501589,2025-11-20 15:00:00,9031,3008,1001,1,1,104,1007,2,4007,2025-11-18 21:00:00,2025-11-19 00:00:00,2025-11-20 15:00:00,12.908804,77.48585,Complainant reported unauthorized debit transactions from bank account following a fake KYC verification call.
1590,110053037202601590,202601590,2026-02-12 21:00:00,9198,3037,1005,1,1,103,1006,3,4015,2026-02-11 16:00:00,2026-02-11 17:00:00,2026-02-12 21:00:00,12.986657,77.615116,Complainant reported unauthorized debit transactions from bank account following a fake KYC verification call.
1591,110023012202501591,202501591,2025-12-16 23:00:00,9307,3012,1002,1,1,104,1007,3,4001,2025-12-15 08:00:00,2025-12-15 09:00:00,2025-12-16 23:00:00,12.856563,77.481478,Complainant reported unauthorized debit transactions from bank account following a fake KYC verification call.
1592,110023011202501592,202501592,2025-02-09 11:00:00,9385,3011,1002,1,2,103,1005,1,4006,2025-02-08 11:00:00,2025-02-08 15:00:00,2025-02-09 11:00:00,12.823593,77.496561,Complainant reported unauthorized debit transactions from bank account following a fake KYC verification call.
1593,110033017202501593,202501593,2025-04-01 17:00:00,9030,3017,1003,1,1,104,1007,3,4007,2025-04-01 06:00:00,2025-04-01 17:00:00,2025-04-01 17:00:00,12.941804,77.698591,Two persons riding a black motorcycle snatched a gold chain from a pedestrian near the bus stand and fled.
1594,110013002202501594,202501594,2025-03-31 22:00:00,9102,3002,1001,1,2,103,1006,1,4014,2025-03-30 00:00:00,2025-03-30 09:00:00,2025-03-31 22:00:00,13.107473,77.660647,Two persons riding a black motorcycle snatched a gold chain from a pedestrian near the bus stand and fled.
1595,110013005202501595,202501595,2025-10-24 16:00:00,9154,3005,1001,1,2,103,1006,1,4008,2025-10-23 03:00:00,2025-10-23 15:00:00,2025-10-24 16:00:00,12.978765,77.585092,A group of individuals assaulted the victim following a minor road rage incident causing grievous injuries.
1596,110043030202501596,202501596,2025-11-12 15:00:00,9057,3030,1004,1,1,104,1007,2,4011,2025-11-11 09:00:00,2025-11-11 12:00:00,2025-11-12 15:00:00,12.899297,77.634502,Two persons riding a black motorcycle snatched a gold chain from a pedestrian near the bus stand and fled.
1597,110053040202501597,202501597,2025-09-10 14:00:00,9272,3040,1005,1,2,102,1004,2,4007,2025-09-09 03:00:00,2025-09-09 10:00:00,2025-09-10 14:00:00,12.854192,77.521302,A group of individuals assaulted the victim following a minor road rage incident causing grievous injuries.
1598,110053037202501598,202501598,2025-08-20 10:00:00,9219,3037,1005,1,1,101,1001,1,4012,2025-08-18 21:00:00,2025-08-19 01:00:00,2025-08-20 10:00:00,13.031454,77.479404,Unknown miscreants broke open the lock of the house during late night hours and stole gold ornaments and cash.
1599,110033019202601599,202601599,2026-01-16 04:00:00,9352,3019,1003,1,1,103,1006,1,4010,2026-01-14 10:00:00,2026-01-14 20:00:00,2026-01-16 04:00:00,12.904699,77.463127,"Accused intercepted a commercial vehicle on the highway, threatened the driver with sharp weapons, and looted goods."
1600,110053037202501600,202501600,2025-04-25 20:00:00,9333,3037,1005,1,2,101,1001,2,4002,2025-04-24 05:00:00,2025-04-24 09:00:00,2025-04-25 20:00:00,12.983578,77.676067,"Accused intercepted a commercial vehicle on the highway, threatened the driver with sharp weapons, and looted goods."
1601,110053040202501601,202501601,2025-08-05 22:00:00,9114,3040,1005,1,2,102,1003,1,4012,2025-08-05 06:00:00,2025-08-05 07:00:00,2025-08-05 22:00:00,13.006624,77.707807,Two persons riding a black motorcycle snatched a gold chain from a pedestrian near the bus stand and fled.
1602,110043025202501602,202501602,2025-03-11 08:00:00,9237,3025,1004,1,2,103,1005,1,4008,2025-03-11 01:00:00,2025-03-11 05:00:00,2025-03-11 08:00:00,13.104797,77.611386,Unknown miscreants broke open the lock of the house during late night hours and stole gold ornaments and cash.
1603,110043031202501603,202501603,2025-07-04 04:00:00,9241,3031,1004,1,1,104,1007,1,4010,2025-07-02 19:00:00,2025-07-03 04:00:00,2025-07-04 04:00:00,12.827683,77.543264,A group of individuals assaulted the victim following a minor road rage incident causing grievous injuries.
1604,110033018202501604,202501604,2025-05-02 21:00:00,9085,3018,1003,1,2,102,1004,2,4009,2025-05-02 01:00:00,2025-05-02 02:00:00,2025-05-02 21:00:00,12.831647,77.534147,Two persons riding a black motorcycle snatched a gold chain from a pedestrian near the bus stand and fled.
1605,110053038202501605,202501605,2025-06-23 01:00:00,9386,3038,1005,1,2,103,1006,2,4006,2025-06-21 18:00:00,2025-06-21 23:00:00,2025-06-23 01:00:00,12.993147,77.581845,Two persons riding a black motorcycle snatched a gold chain from a pedestrian near the bus stand and fled.
1606,110013003202501606,202501606,2025-08-31 14:00:00,9348,3003,1001,1,2,104,1007,1,4015,2025-08-30 16:00:00,2025-08-30 19:00:00,2025-08-31 14:00:00,12.96165,77.690328,"Accused intercepted a commercial vehicle on the highway, threatened the driver with sharp weapons, and looted goods."
1607,110053040202601607,202601607,2026-02-04 04:00:00,9255,3040,1005,1,1,104,1007,3,4015,2026-02-02 18:00:00,2026-02-02 22:00:00,2026-02-04 04:00:00,13.10366,77.714414,A group of individuals assaulted the victim following a minor road rage incident causing grievous injuries.
1608,110023011202501608,202501608,2025-09-22 14:00:00,9359,3011,1002,1,2,103,1006,1,4004,2025-09-22 10:00:00,2025-09-22 12:00:00,2025-09-22 14:00:00,12.923185,77.725899,Two persons riding a black motorcycle snatched a gold chain from a pedestrian near the bus stand and fled.
1609,110053034202601609,202601609,2026-01-21 13:00:00,9288,3034,1005,1,2,101,1002,3,4003,2026-01-20 00:00:00,2026-01-20 12:00:00,2026-01-21 13:00:00,12.997093,77.692435,A group of individuals assaulted the victim following a minor road rage incident causing grievous injuries.
1610,110033021202501610,202501610,2025-03-05 03:00:00,9237,3021,1003,1,2,101,1001,3,4015,2025-03-04 06:00:00,2025-03-04 10:00:00,2025-03-05 03:00:00,13.080646,77.540414,"Accused intercepted a commercial vehicle on the highway, threatened the driver with sharp weapons, and looted goods."
1611,110043026202501611,202501611,2025-06-14 11:00:00,9313,3026,1004,1,1,103,1005,1,4013,2025-06-14 01:00:00,2025-06-14 04:00:00,2025-06-14 11:00:00,12.850676,77.511728,Unknown miscreants broke open the lock of the house during late night hours and stole gold ornaments and cash.
1612,110033017202601612,202601612,2026-03-03 14:00:00,9297,3017,1003,1,1,102,1004,1,4010,2026-03-03 07:00:00,2026-03-03 15:00:00,2026-03-03 14:00:00,13.104705,77.481168,A group of individuals assaulted the victim following a minor road rage incident causing grievous injuries.
1613,110053039202501613,202501613,2025-06-23 18:00:00,9103,3039,1005,1,2,104,1007,1,4014,2025-06-23 09:00:00,2025-06-23 15:00:00,2025-06-23 18:00:00,13.025804,77.72077,A group of individuals assaulted the victim following a minor road rage incident causing grievous injuries.
1614,110013008202501614,202501614,2025-09-05 20:00:00,9321,3008,1001,1,1,101,1001,3,4010,2025-09-04 18:00:00,2025-09-04 20:00:00,2025-09-05 20:00:00,12.854836,77.685823,Two persons riding a black motorcycle snatched a gold chain from a pedestrian near the bus stand and fled.
1615,110023015202501615,202501615,2025-10-23 17:00:00,9396,3015,1002,1,1,104,1007,3,4006,2025-10-22 00:00:00,2025-10-22 04:00:00,2025-10-23 17:00:00,12.873934,77.65458,A group of individuals assaulted the victim following a minor road rage incident causing grievous injuries.
1616,110023011202501616,202501616,2025-08-18 00:00:00,9116,3011,1002,1,1,102,1003,3,4010,2025-08-17 04:00:00,2025-08-17 13:00:00,2025-08-18 00:00:00,12.87035,77.630945,"Accused intercepted a commercial vehicle on the highway, threatened the driver with sharp weapons, and looted goods."
1617,110023016202501617,202501617,2025-01-26 22:00:00,9397,3016,1002,1,2,101,1002,1,4002,2025-01-25 07:00:00,2025-01-25 17:00:00,2025-01-26 22:00:00,12.870491,77.453447,Two persons riding a black motorcycle snatched a gold chain from a pedestrian near the bus stand and fled.
1618,110043031202501618,202501618,2025-05-11 09:00:00,9390,3031,1004,1,2,103,1006,3,4011,2025-05-10 05:00:00,2025-05-10 12:00:00,2025-05-11 09:00:00,12.90101,77.595951,A group of individuals assaulted the victim following a minor road rage incident causing grievous injuries.
1619,110013005202501619,202501619,2025-01-07 10:00:00,9186,3005,1001,1,1,101,1002,2,4011,2025-01-05 14:00:00,2025-01-05 15:00:00,2025-01-07 10:00:00,13.019844,77.450284,Unknown miscreants broke open the lock of the house during late night hours and stole gold ornaments and cash.
1620,110033024202501620,202501620,2025-04-03 17:00:00,9065,3024,1003,1,2,101,1001,1,4014,2025-04-02 17:00:00,2025-04-02 18:00:00,2025-04-03 17:00:00,12.841304,77.639389,Complainant reported unauthorized debit transactions from bank account following a fake KYC verification call.
1621,110053036202501621,202501621,2025-06-04 00:00:00,9194,3036,1005,1,1,103,1005,2,4014,2025-06-02 22:00:00,2025-06-03 10:00:00,2025-06-04 00:00:00,13.040732,77.498236,Unknown miscreants broke open the lock of the house during late night hours and stole gold ornaments and cash.
1622,110033023202601622,202601622,2026-02-28 12:00:00,9029,3023,1003,1,1,103,1006,3,4003,2026-02-27 21:00:00,2026-02-28 00:00:00,2026-02-28 12:00:00,13.074365,77.53817,Unknown miscreants broke open the lock of the house during late night hours and stole gold ornaments and cash.
1623,110023012202501623,202501623,2025-12-21 10:00:00,9104,3012,1002,1,1,103,1006,3,4014,2025-12-20 17:00:00,2025-12-21 02:00:00,2025-12-21 10:00:00,13.06453,77.623662,"Accused intercepted a commercial vehicle on the highway, threatened the driver with sharp weapons, and looted goods."
1624,110053037202501624,202501624,2025-01-21 15:00:00,9318,3037,1005,1,2,101,1002,1,4010,2025-01-20 22:00:00,2025-01-20 23:00:00,2025-01-21 15:00:00,12.856204,77.722961,Unknown miscreants broke open the lock of the house during late night hours and stole gold ornaments and cash.
1625,110033022202501625,202501625,2025-01-15 07:00:00,9129,3022,1003,1,2,102,1004,3,4008,2025-01-14 08:00:00,2025-01-14 10:00:00,2025-01-15 07:00:00,13.098743,77.74214,A group of individuals assaulted the victim following a minor road rage incident causing grievous injuries.
1626,110053038202501626,202501626,2025-11-20 04:00:00,9193,3038,1005,1,2,101,1001,3,4012,2025-11-19 06:00:00,2025-11-19 11:00:00,2025-11-20 04:00:00,13.104928,77.476763,"Accused intercepted a commercial vehicle on the highway, threatened the driver with sharp weapons, and looted goods."
1627,110053038202501627,202501627,2025-08-13 14:00:00,9329,3038,1005,1,1,104,1007,1,4013,2025-08-12 13:00:00,2025-08-12 18:00:00,2025-08-13 14:00:00,13.114576,77.557437,Complainant reported unauthorized debit transactions from bank account following a fake KYC verification call.
1628,110033020202501628,202501628,2025-07-04 20:00:00,9371,3020,1003,1,1,101,1001,3,4008,2025-07-04 17:00:00,2025-07-04 21:00:00,2025-07-04 20:00:00,13.0503,77.644379,A group of individuals assaulted the victim following a minor road rage incident causing grievous injuries.
1629,110013003202501629,202501629,2025-09-18 14:00:00,9042,3003,1001,1,1,102,1004,2,4011,2025-09-18 10:00:00,2025-09-18 22:00:00,2025-09-18 14:00:00,13.017853,77.474983,A group of individuals assaulted the victim following a minor road rage incident causing grievous injuries.
1630,110053037202601630,202601630,2026-03-10 06:00:00,9213,3037,1005,1,2,101,1002,2,4005,2026-03-10 03:00:00,2026-03-10 08:00:00,2026-03-10 06:00:00,12.967786,77.540191,Unknown miscreants broke open the lock of the house during late night hours and stole gold ornaments and cash.
1631,110023011202601631,202601631,2026-02-24 05:00:00,9274,3011,1002,1,1,104,1007,3,4015,2026-02-23 06:00:00,2026-02-23 15:00:00,2026-02-24 05:00:00,12.921612,77.583181,Two persons riding a black motorcycle snatched a gold chain from a pedestrian near the bus stand and fled.
1632,110013008202501632,202501632,2025-02-03 13:00:00,9342,3008,1001,1,1,103,1005,2,4011,2025-02-02 21:00:00,2025-02-03 08:00:00,2025-02-03 13:00:00,13.034658,77.541976,"Accused intercepted a commercial vehicle on the highway, threatened the driver with sharp weapons, and looted goods."
1633,110013003202601633,202601633,2026-01-12 02:00:00,9248,3003,1001,1,1,101,1001,1,4012,2026-01-10 23:00:00,2026-01-11 02:00:00,2026-01-12 02:00:00,12.895071,77.461697,A group of individuals assaulted the victim following a minor road rage incident causing grievous injuries.
1634,110013008202501634,202501634,2025-06-05 11:00:00,9045,3008,1001,1,1,103,1005,3,4006,2025-06-05 06:00:00,2025-06-05 15:00:00,2025-06-05 11:00:00,12.985042,77.621311,"Accused intercepted a commercial vehicle on the highway, threatened the driver with sharp weapons, and looted goods."
1635,110023015202501635,202501635,2025-04-01 05:00:00,9210,3015,1002,1,1,104,1007,3,4004,2025-03-31 18:00:00,2025-04-01 05:00:00,2025-04-01 05:00:00,12.970773,77.608206,Unknown miscreants broke open the lock of the house during late night hours and stole gold ornaments and cash.
1636,110023013202501636,202501636,2025-07-28 11:00:00,9112,3013,1002,1,2,102,1004,2,4002,2025-07-27 16:00:00,2025-07-27 18:00:00,2025-07-28 11:00:00,13.00168,77.462748,Unknown miscreants broke open the lock of the house during late night hours and stole gold ornaments and cash.
1637,110023010202501637,202501637,2025-11-30 03:00:00,9198,3010,1002,1,1,104,1007,3,4013,2025-11-28 06:00:00,2025-11-28 16:00:00,2025-11-30 03:00:00,12.974955,77.600283,Two persons riding a black motorcycle snatched a gold chain from a pedestrian near the bus stand and fled.
1638,110023013202501638,202501638,2025-02-11 05:00:00,9377,3013,1002,1,1,103,1006,2,4005,2025-02-10 11:00:00,2025-02-10 19:00:00,2025-02-11 05:00:00,12.823498,77.702799,Unknown miscreants broke open the lock of the house during late night hours and stole gold ornaments and cash.
1639,110043027202501639,202501639,2025-06-22 07:00:00,9151,3027,1004,1,1,103,1006,1,4004,2025-06-21 17:00:00,2025-06-22 00:00:00,2025-06-22 07:00:00,12.909678,77.585926,Complainant reported unauthorized debit transactions from bank account following a fake KYC verification call.
1640,110053039202501640,202501640,2025-10-25 20:00:00,9099,3039,1005,1,1,101,1002,1,4005,2025-10-24 09:00:00,2025-10-24 21:00:00,2025-10-25 20:00:00,12.989464,77.529596,Complainant reported unauthorized debit transactions from bank account following a fake KYC verification call.
1641,110053035202501641,202501641,2025-09-02 18:00:00,9235,3035,1005,1,1,102,1004,1,4006,2025-09-02 00:00:00,2025-09-02 07:00:00,2025-09-02 18:00:00,12.940709,77.521479,"Accused intercepted a commercial vehicle on the highway, threatened the driver with sharp weapons, and looted goods."
1642,110023016202501642,202501642,2025-07-18 18:00:00,9248,3016,1002,1,2,104,1007,1,4006,2025-07-18 13:00:00,2025-07-18 19:00:00,2025-07-18 18:00:00,13.034327,77.530409,Two persons riding a black motorcycle snatched a gold chain from a pedestrian near the bus stand and fled.
1643,110013001202601643,202601643,2026-03-12 09:00:00,9001,3001,1001,1,2,101,1001,3,4005,2026-03-11 11:00:00,2026-03-11 18:00:00,2026-03-12 09:00:00,12.823289,77.698521,Complainant reported unauthorized debit transactions from bank account following a fake KYC verification call.
1644,110043031202501644,202501644,2025-10-10 12:00:00,9361,3031,1004,1,2,104,1007,1,4006,2025-10-09 22:00:00,2025-10-09 23:00:00,2025-10-10 12:00:00,13.101202,77.578985,"Accused intercepted a commercial vehicle on the highway, threatened the driver with sharp weapons, and looted goods."
1645,110013005202501645,202501645,2025-12-28 04:00:00,9185,3005,1001,1,2,102,1003,2,4007,2025-12-26 18:00:00,2025-12-27 00:00:00,2025-12-28 04:00:00,12.907435,77.646864,Unknown miscreants broke open the lock of the house during late night hours and stole gold ornaments and cash.
1646,110033018202501646,202501646,2025-02-12 21:00:00,9248,3018,1003,1,2,101,1001,3,4014,2025-02-11 16:00:00,2025-02-11 22:00:00,2025-02-12 21:00:00,12.97437,77.611192,Two persons riding a black motorcycle snatched a gold chain from a pedestrian near the bus stand and fled.
1647,110053033202501647,202501647,2025-05-23 16:00:00,9273,3033,1005,1,1,103,1006,2,4007,2025-05-22 17:00:00,2025-05-22 21:00:00,2025-05-23 16:00:00,13.061207,77.697788,Complainant reported unauthorized debit transactions from bank account following a fake KYC verification call.
1648,110053038202601648,202601648,2026-03-20 22:00:00,9276,3038,1005,1,2,103,1005,1,4014,2026-03-20 00:00:00,2026-03-20 01:00:00,2026-03-20 22:00:00,13.043493,77.733339,Two persons riding a black motorcycle snatched a gold chain from a pedestrian near the bus stand and fled.
1649,110023015202501649,202501649,2025-04-27 05:00:00,9273,3015,1002,1,1,101,1002,3,4003,2025-04-26 10:00:00,2025-04-26 18:00:00,2025-04-27 05:00:00,13.051296,77.700306,"Accused intercepted a commercial vehicle on the highway, threatened the driver with sharp weapons, and looted goods."
1650,110023009202501650,202501650,2025-05-28 01:00:00,9236,3009,1002,1,1,102,1003,2,4015,2025-05-27 11:00:00,2025-05-27 16:00:00,2025-05-28 01:00:00,12.998023,77.735874,Two persons riding a black motorcycle snatched a gold chain from a pedestrian near the bus stand and fled.
1651,110033018202501651,202501651,2025-11-01 04:00:00,9071,3018,1003,1,2,103,1006,2,4007,2025-10-31 03:00:00,2025-10-31 11:00:00,2025-11-01 04:00:00,12.879908,77.472695,Unknown miscreants broke open the lock of the house during late night hours and stole gold ornaments and cash.
1652,110023014202601652,202601652,2026-01-04 17:00:00,9341,3014,1002,1,2,102,1004,2,4002,2026-01-03 10:00:00,2026-01-03 19:00:00,2026-01-04 17:00:00,13.066423,77.61735,Unknown miscreants broke open the lock of the house during late night hours and stole gold ornaments and cash.
1653,110043027202501653,202501653,2025-11-27 07:00:00,9231,3027,1004,1,2,104,1007,3,4001,2025-11-25 09:00:00,2025-11-25 15:00:00,2025-11-27 07:00:00,12.968946,77.622312,Unknown miscreants broke open the lock of the house during late night hours and stole gold ornaments and cash.
1654,110013008202501654,202501654,2025-02-28 21:00:00,9179,3008,1001,1,2,104,1007,1,4014,2025-02-28 12:00:00,2025-02-28 21:00:00,2025-02-28 21:00:00,12.889532,77.548025,A group of individuals assaulted the victim following a minor road rage incident causing grievous injuries.
1655,110053039202501655,202501655,2025-11-01 17:00:00,9394,3039,1005,1,1,103,1006,3,4011,2025-10-31 19:00:00,2025-10-31 20:00:00,2025-11-01 17:00:00,12.829767,77.622117,Unknown miscreants broke open the lock of the house during late night hours and stole gold ornaments and cash.
1656,110023013202601656,202601656,2026-01-05 21:00:00,9376,3013,1002,1,1,102,1003,3,4008,2026-01-05 13:00:00,2026-01-05 15:00:00,2026-01-05 21:00:00,12.989669,77.669375,Two persons riding a black motorcycle snatched a gold chain from a pedestrian near the bus stand and fled.
1657,110053038202501657,202501657,2025-11-04 05:00:00,9300,3038,1005,1,2,104,1007,2,4004,2025-11-02 15:00:00,2025-11-02 18:00:00,2025-11-04 05:00:00,12.862662,77.464368,Unknown miscreants broke open the lock of the house during late night hours and stole gold ornaments and cash.
1658,110033023202501658,202501658,2025-01-26 13:00:00,9237,3023,1003,1,1,101,1001,2,4010,2025-01-25 23:00:00,2025-01-26 04:00:00,2025-01-26 13:00:00,12.924666,77.542102,"Accused intercepted a commercial vehicle on the highway, threatened the driver with sharp weapons, and looted goods."
1659,110013003202501659,202501659,2025-09-07 04:00:00,9090,3003,1001,1,1,103,1005,2,4015,2025-09-05 11:00:00,2025-09-05 12:00:00,2025-09-07 04:00:00,13.028462,77.509304,A group of individuals assaulted the victim following a minor road rage incident causing grievous injuries.
1660,110023011202601660,202601660,2026-01-04 11:00:00,9398,3011,1002,1,1,102,1003,1,4005,2026-01-03 06:00:00,2026-01-03 08:00:00,2026-01-04 11:00:00,12.912822,77.555736,A group of individuals assaulted the victim following a minor road rage incident causing grievous injuries.
1661,110043028202501661,202501661,2025-10-25 22:00:00,9387,3028,1004,1,1,103,1005,1,4001,2025-10-24 02:00:00,2025-10-24 10:00:00,2025-10-25 22:00:00,12.822123,77.520606,A group of individuals assaulted the victim following a minor road rage incident causing grievous injuries.
1662,110053036202501662,202501662,2025-08-23 13:00:00,9066,3036,1005,1,2,104,1007,3,4008,2025-08-22 17:00:00,2025-08-23 02:00:00,2025-08-23 13:00:00,13.041292,77.640929,A group of individuals assaulted the victim following a minor road rage incident causing grievous injuries.
1663,110053037202501663,202501663,2025-10-06 20:00:00,9384,3037,1005,1,2,102,1004,1,4003,2025-10-06 12:00:00,2025-10-06 15:00:00,2025-10-06 20:00:00,13.011956,77.487146,Two persons riding a black motorcycle snatched a gold chain from a pedestrian near the bus stand and fled.
1664,110033023202501664,202501664,2025-03-07 16:00:00,9301,3023,1003,1,1,104,1007,3,4014,2025-03-05 20:00:00,2025-03-06 08:00:00,2025-03-07 16:00:00,12.903283,77.710606,Unknown miscreants broke open the lock of the house during late night hours and stole gold ornaments and cash.
1665,110053039202601665,202601665,2026-01-07 06:00:00,9084,3039,1005,1,1,101,1001,3,4014,2026-01-05 11:00:00,2026-01-05 17:00:00,2026-01-07 06:00:00,13.090844,77.449235,A group of individuals assaulted the victim following a minor road rage incident causing grievous injuries.
1666,110013004202501666,202501666,2025-02-01 23:00:00,9371,3004,1001,1,1,101,1002,3,4013,2025-01-31 09:00:00,2025-01-31 20:00:00,2025-02-01 23:00:00,12.858479,77.551722,Two persons riding a black motorcycle snatched a gold chain from a pedestrian near the bus stand and fled.
1667,110043031202601667,202601667,2026-01-19 15:00:00,9026,3031,1004,1,1,104,1007,3,4012,2026-01-18 14:00:00,2026-01-18 21:00:00,2026-01-19 15:00:00,12.955233,77.567753,"Accused intercepted a commercial vehicle on the highway, threatened the driver with sharp weapons, and looted goods."
1668,110043028202501668,202501668,2025-10-22 04:00:00,9269,3028,1004,1,2,103,1005,3,4005,2025-10-21 05:00:00,2025-10-21 10:00:00,2025-10-22 04:00:00,13.116669,77.68893,Complainant reported unauthorized debit transactions from bank account following a fake KYC verification call.
1669,110053038202501669,202501669,2025-01-30 00:00:00,9039,3038,1005,1,2,103,1006,2,4003,2025-01-29 19:00:00,2025-01-30 02:00:00,2025-01-30 00:00:00,12.891147,77.536225,Two persons riding a black motorcycle snatched a gold chain from a pedestrian near the bus stand and fled.
1670,110033021202501670,202501670,2025-08-11 19:00:00,9240,3021,1003,1,1,102,1003,1,4007,2025-08-11 17:00:00,2025-08-11 19:00:00,2025-08-11 19:00:00,13.07206,77.689483,Unknown miscreants broke open the lock of the house during late night hours and stole gold ornaments and cash.
1671,110043026202501671,202501671,2025-06-01 18:00:00,9074,3026,1004,1,1,101,1001,3,4014,2025-05-31 21:00:00,2025-06-01 08:00:00,2025-06-01 18:00:00,13.076455,77.536574,A group of individuals assaulted the victim following a minor road rage incident causing grievous injuries.
1672,110013008202501672,202501672,2025-08-26 15:00:00,9151,3008,1001,1,1,103,1006,3,4002,2025-08-26 05:00:00,2025-08-26 07:00:00,2025-08-26 15:00:00,13.115453,77.636261,Complainant reported unauthorized debit transactions from bank account following a fake KYC verification call.
1673,110053034202501673,202501673,2025-02-05 21:00:00,9220,3034,1005,1,1,104,1007,1,4013,2025-02-04 02:00:00,2025-02-04 10:00:00,2025-02-05 21:00:00,13.063305,77.519478,Unknown miscreants broke open the lock of the house during late night hours and stole gold ornaments and cash.
1674,110023012202501674,202501674,2025-11-30 10:00:00,9198,3012,1002,1,1,103,1006,2,4012,2025-11-29 03:00:00,2025-11-29 07:00:00,2025-11-30 10:00:00,13.081378,77.626408,Unknown miscreants broke open the lock of the house during late night hours and stole gold ornaments and cash.
1675,110053034202501675,202501675,2025-12-21 12:00:00,9192,3034,1005,1,2,104,1007,3,4014,2025-12-20 01:00:00,2025-12-20 11:00:00,2025-12-21 12:00:00,12.998461,77.545031,A group of individuals assaulted the victim following a minor road rage incident causing grievous injuries.
1676,110053034202601676,202601676,2026-02-05 05:00:00,9082,3034,1005,1,1,104,1007,1,4001,2026-02-04 21:00:00,2026-02-05 01:00:00,2026-02-05 05:00:00,12.824855,77.532283,A group of individuals assaulted the victim following a minor road rage incident causing grievous injuries.
1677,110023016202501677,202501677,2025-04-17 07:00:00,9396,3016,1002,1,2,104,1007,2,4007,2025-04-16 22:00:00,2025-04-17 02:00:00,2025-04-17 07:00:00,12.984276,77.536066,A group of individuals assaulted the victim following a minor road rage incident causing grievous injuries.
1678,110023014202501678,202501678,2025-10-11 08:00:00,9141,3014,1002,1,2,102,1004,3,4006,2025-10-10 04:00:00,2025-10-10 10:00:00,2025-10-11 08:00:00,12.845386,77.729448,Unknown miscreants broke open the lock of the house during late night hours and stole gold ornaments and cash.
1679,110023010202501679,202501679,2025-02-02 05:00:00,9321,3010,1002,1,1,101,1001,1,4004,2025-01-31 10:00:00,2025-01-31 16:00:00,2025-02-02 05:00:00,12.822735,77.617912,A group of individuals assaulted the victim following a minor road rage incident causing grievous injuries.
1680,110013002202501680,202501680,2025-05-14 13:00:00,9356,3002,1001,1,2,103,1005,2,4007,2025-05-13 02:00:00,2025-05-13 11:00:00,2025-05-14 13:00:00,12.916593,77.624306,Two persons riding a black motorcycle snatched a gold chain from a pedestrian near the bus stand and fled.
1681,110053035202601681,202601681,2026-03-14 12:00:00,9321,3035,1005,1,2,102,1004,3,4013,2026-03-13 21:00:00,2026-03-14 07:00:00,2026-03-14 12:00:00,12.89661,77.459838,Complainant reported unauthorized debit transactions from bank account following a fake KYC verification call.
1682,110043025202501682,202501682,2025-08-31 18:00:00,9074,3025,1004,1,2,104,1007,2,4003,2025-08-30 00:00:00,2025-08-30 02:00:00,2025-08-31 18:00:00,13.105696,77.46613,Complainant reported unauthorized debit transactions from bank account following a fake KYC verification call.
1683,110023009202501683,202501683,2025-05-26 06:00:00,9110,3009,1002,1,1,103,1005,1,4005,2025-05-25 02:00:00,2025-05-25 11:00:00,2025-05-26 06:00:00,13.020556,77.53208,A group of individuals assaulted the victim following a minor road rage incident causing grievous injuries.
1684,110033021202601684,202601684,2026-03-20 18:00:00,9003,3021,1003,1,2,102,1003,3,4014,2026-03-18 19:00:00,2026-03-18 20:00:00,2026-03-20 18:00:00,12.955206,77.460776,Complainant reported unauthorized debit transactions from bank account following a fake KYC verification call.
1685,110043026202501685,202501685,2025-06-26 17:00:00,9202,3026,1004,1,1,102,1004,1,4008,2025-06-25 21:00:00,2025-06-26 03:00:00,2025-06-26 17:00:00,12.898978,77.557134,"Accused intercepted a commercial vehicle on the highway, threatened the driver with sharp weapons, and looted goods."
1686,110043026202501686,202501686,2025-07-27 17:00:00,9181,3026,1004,1,2,102,1003,1,4012,2025-07-25 18:00:00,2025-07-26 00:00:00,2025-07-27 17:00:00,12.867643,77.533493,A group of individuals assaulted the victim following a minor road rage incident causing grievous injuries.
1687,110023009202501687,202501687,2025-10-05 23:00:00,9257,3009,1002,1,1,103,1005,3,4007,2025-10-04 19:00:00,2025-10-05 01:00:00,2025-10-05 23:00:00,12.915325,77.724564,Two persons riding a black motorcycle snatched a gold chain from a pedestrian near the bus stand and fled.
1688,110013001202501688,202501688,2025-04-26 13:00:00,9355,3001,1001,1,2,101,1001,3,4001,2025-04-25 19:00:00,2025-04-26 00:00:00,2025-04-26 13:00:00,12.8409,77.629419,Two persons riding a black motorcycle snatched a gold chain from a pedestrian near the bus stand and fled.
1689,110033020202501689,202501689,2025-05-02 19:00:00,9252,3020,1003,1,1,103,1006,2,4005,2025-05-01 00:00:00,2025-05-01 09:00:00,2025-05-02 19:00:00,13.026655,77.627825,Two persons riding a black motorcycle snatched a gold chain from a pedestrian near the bus stand and fled.
1690,110053036202501690,202501690,2025-07-10 23:00:00,9190,3036,1005,1,2,101,1001,2,4007,2025-07-10 16:00:00,2025-07-10 17:00:00,2025-07-10 23:00:00,13.118665,77.617824,Unknown miscreants broke open the lock of the house during late night hours and stole gold ornaments and cash.
1691,110033018202501691,202501691,2025-11-30 09:00:00,9312,3018,1003,1,1,104,1007,1,4007,2025-11-29 09:00:00,2025-11-29 16:00:00,2025-11-30 09:00:00,12.93729,77.459569,Two persons riding a black motorcycle snatched a gold chain from a pedestrian near the bus stand and fled.
1692,110053033202601692,202601692,2026-03-12 03:00:00,9149,3033,1005,1,2,101,1002,2,4015,2026-03-11 04:00:00,2026-03-11 05:00:00,2026-03-12 03:00:00,13.090478,77.647222,Two persons riding a black motorcycle snatched a gold chain from a pedestrian near the bus stand and fled.
1693,110043027202501693,202501693,2025-01-20 08:00:00,9210,3027,1004,1,2,102,1003,3,4001,2025-01-19 09:00:00,2025-01-19 15:00:00,2025-01-20 08:00:00,12.854315,77.566551,Two persons riding a black motorcycle snatched a gold chain from a pedestrian near the bus stand and fled.
1694,110033020202501694,202501694,2025-03-18 03:00:00,9266,3020,1003,1,1,102,1003,1,4010,2025-03-17 01:00:00,2025-03-17 11:00:00,2025-03-18 03:00:00,12.92392,77.450901,A group of individuals assaulted the victim following a minor road rage incident causing grievous injuries.
1695,110043032202601695,202601695,2026-01-30 06:00:00,9390,3032,1004,1,1,102,1004,3,4008,2026-01-28 20:00:00,2026-01-29 02:00:00,2026-01-30 06:00:00,12.921007,77.489188,Two persons riding a black motorcycle snatched a gold chain from a pedestrian near the bus stand and fled.
1696,110013008202601696,202601696,2026-02-02 00:00:00,9391,3008,1001,1,1,103,1006,3,4008,2026-01-31 15:00:00,2026-01-31 22:00:00,2026-02-02 00:00:00,12.933331,77.52293,Unknown miscreants broke open the lock of the house during late night hours and stole gold ornaments and cash.
1697,110043026202501697,202501697,2025-06-03 02:00:00,9030,3026,1004,1,1,104,1007,1,4012,2025-06-02 18:00:00,2025-06-03 06:00:00,2025-06-03 02:00:00,12.946014,77.549904,"Accused intercepted a commercial vehicle on the highway, threatened the driver with sharp weapons, and looted goods."
1698,110023009202501698,202501698,2025-11-27 01:00:00,9381,3009,1002,1,1,102,1003,2,4009,2025-11-26 17:00:00,2025-11-26 18:00:00,2025-11-27 01:00:00,13.031588,77.460619,Unknown miscreants broke open the lock of the house during late night hours and stole gold ornaments and cash.
1699,110033024202601699,202601699,2026-01-19 23:00:00,9139,3024,1003,1,1,103,1006,2,4003,2026-01-19 01:00:00,2026-01-19 04:00:00,2026-01-19 23:00:00,12.848866,77.693422,"Accused intercepted a commercial vehicle on the highway, threatened the driver with sharp weapons, and looted goods."
1700,110043031202501700,202501700,2025-06-20 02:00:00,9001,3031,1004,1,1,104,1007,3,4006,2025-06-18 10:00:00,2025-06-18 21:00:00,2025-06-20 02:00:00,13.072796,77.533445,"Accused intercepted a commercial vehicle on the highway, threatened the driver with sharp weapons, and looted goods."
1701,110043030202501701,202501701,2025-10-05 10:00:00,9387,3030,1004,1,1,103,1006,2,4006,2025-10-04 02:00:00,2025-10-04 14:00:00,2025-10-05 10:00:00,12.979179,77.532695,Unknown miscreants broke open the lock of the house during late night hours and stole gold ornaments and cash.
1702,110033018202601702,202601702,2026-01-29 23:00:00,9060,3018,1003,1,1,103,1005,2,4006,2026-01-29 17:00:00,2026-01-30 03:00:00,2026-01-29 23:00:00,12.858453,77.489006,A group of individuals assaulted the victim following a minor road rage incident causing grievous injuries.
1703,110023011202501703,202501703,2025-03-19 15:00:00,9006,3011,1002,1,2,102,1003,3,4008,2025-03-17 22:00:00,2025-03-18 08:00:00,2025-03-19 15:00:00,13.031765,77.5652,Two persons riding a black motorcycle snatched a gold chain from a pedestrian near the bus stand and fled.
1704,110023015202501704,202501704,2025-01-10 21:00:00,9217,3015,1002,1,1,102,1003,3,4011,2025-01-09 01:00:00,2025-01-09 13:00:00,2025-01-10 21:00:00,12.978073,77.538314,A group of individuals assaulted the victim following a minor road rage incident causing grievous injuries.
1705,110033019202501705,202501705,2025-02-20 06:00:00,9157,3019,1003,1,1,103,1005,3,4013,2025-02-20 04:00:00,2025-02-20 15:00:00,2025-02-20 06:00:00,13.035653,77.453581,Complainant reported unauthorized debit transactions from bank account following a fake KYC verification call.
1706,110043032202601706,202601706,2026-02-15 15:00:00,9219,3032,1004,1,2,101,1001,2,4003,2026-02-13 22:00:00,2026-02-14 02:00:00,2026-02-15 15:00:00,12.874911,77.487272,"Accused intercepted a commercial vehicle on the highway, threatened the driver with sharp weapons, and looted goods."
1707,110013005202501707,202501707,2025-08-09 23:00:00,9013,3005,1001,1,1,101,1002,3,4013,2025-08-08 05:00:00,2025-08-08 06:00:00,2025-08-09 23:00:00,12.992159,77.716633,Two persons riding a black motorcycle snatched a gold chain from a pedestrian near the bus stand and fled.
1708,110053040202501708,202501708,2025-11-30 18:00:00,9245,3040,1005,1,1,103,1005,3,4006,2025-11-30 14:00:00,2025-11-30 22:00:00,2025-11-30 18:00:00,12.96887,77.660338,A group of individuals assaulted the victim following a minor road rage incident causing grievous injuries.
1709,110043031202501709,202501709,2025-10-03 06:00:00,9092,3031,1004,1,2,104,1007,1,4005,2025-10-02 21:00:00,2025-10-02 23:00:00,2025-10-03 06:00:00,12.869254,77.455694,Unknown miscreants broke open the lock of the house during late night hours and stole gold ornaments and cash.
1710,110033021202601710,202601710,2026-01-02 05:00:00,9287,3021,1003,1,1,102,1003,1,4009,2025-12-31 09:00:00,2025-12-31 18:00:00,2026-01-02 05:00:00,12.879716,77.633642,Two persons riding a black motorcycle snatched a gold chain from a pedestrian near the bus stand and fled.
1711,110053033202501711,202501711,2025-11-06 13:00:00,9028,3033,1005,1,1,102,1003,2,4004,2025-11-04 20:00:00,2025-11-05 08:00:00,2025-11-06 13:00:00,13.092171,77.696273,A group of individuals assaulted the victim following a minor road rage incident causing grievous injuries.
1712,110053035202501712,202501712,2025-12-18 10:00:00,9078,3035,1005,1,2,101,1002,1,4014,2025-12-17 12:00:00,2025-12-17 17:00:00,2025-12-18 10:00:00,12.868868,77.485883,Complainant reported unauthorized debit transactions from bank account following a fake KYC verification call.
1713,110043025202501713,202501713,2025-07-22 09:00:00,9056,3025,1004,1,1,104,1007,2,4015,2025-07-21 13:00:00,2025-07-22 00:00:00,2025-07-22 09:00:00,12.849102,77.607377,Two persons riding a black motorcycle snatched a gold chain from a pedestrian near the bus stand and fled.
1714,110013008202501714,202501714,2025-02-28 04:00:00,9107,3008,1001,1,2,102,1003,3,4003,2025-02-27 09:00:00,2025-02-27 16:00:00,2025-02-28 04:00:00,12.895826,77.516878,A group of individuals assaulted the victim following a minor road rage incident causing grievous injuries.
1715,110013007202501715,202501715,2025-01-24 18:00:00,9189,3007,1001,1,2,101,1001,3,4011,2025-01-22 20:00:00,2025-01-23 02:00:00,2025-01-24 18:00:00,13.047791,77.722624,A group of individuals assaulted the victim following a minor road rage incident causing grievous injuries.
1716,110013007202501716,202501716,2025-11-08 01:00:00,9188,3007,1001,1,1,103,1006,2,4003,2025-11-06 16:00:00,2025-11-06 20:00:00,2025-11-08 01:00:00,13.087005,77.552026,Unknown miscreants broke open the lock of the house during late night hours and stole gold ornaments and cash.
1717,110053037202601717,202601717,2026-01-30 04:00:00,9074,3037,1005,1,2,103,1005,1,4007,2026-01-29 12:00:00,2026-01-29 23:00:00,2026-01-30 04:00:00,13.059453,77.483802,Two persons riding a black motorcycle snatched a gold chain from a pedestrian near the bus stand and fled.
1718,110053036202601718,202601718,2026-03-12 07:00:00,9075,3036,1005,1,1,103,1006,1,4014,2026-03-11 11:00:00,2026-03-11 20:00:00,2026-03-12 07:00:00,12.88024,77.460247,Unknown miscreants broke open the lock of the house during late night hours and stole gold ornaments and cash.
1719,110033024202501719,202501719,2025-10-16 01:00:00,9396,3024,1003,1,2,102,1003,2,4015,2025-10-14 08:00:00,2025-10-14 12:00:00,2025-10-16 01:00:00,12.827242,77.509841,Complainant reported unauthorized debit transactions from bank account following a fake KYC verification call.
1720,110023012202501720,202501720,2025-10-09 15:00:00,9107,3012,1002,1,1,102,1003,1,4001,2025-10-09 12:00:00,2025-10-09 14:00:00,2025-10-09 15:00:00,12.977612,77.590793,Two persons riding a black motorcycle snatched a gold chain from a pedestrian near the bus stand and fled.
1721,110023012202501721,202501721,2025-02-19 06:00:00,9105,3012,1002,1,1,103,1005,3,4005,2025-02-18 09:00:00,2025-02-18 15:00:00,2025-02-19 06:00:00,13.106367,77.510904,"Accused intercepted a commercial vehicle on the highway, threatened the driver with sharp weapons, and looted goods."
1722,110043031202501722,202501722,2025-09-02 05:00:00,9011,3031,1004,1,2,102,1004,1,4009,2025-09-01 12:00:00,2025-09-01 17:00:00,2025-09-02 05:00:00,12.987029,77.709892,A group of individuals assaulted the victim following a minor road rage incident causing grievous injuries.
1723,110033020202501723,202501723,2025-08-22 20:00:00,9319,3020,1003,1,2,102,1004,3,4005,2025-08-21 07:00:00,2025-08-21 11:00:00,2025-08-22 20:00:00,13.054935,77.700011,Complainant reported unauthorized debit transactions from bank account following a fake KYC verification call.
1724,110053033202501724,202501724,2025-05-29 11:00:00,9284,3033,1005,1,2,103,1006,3,4010,2025-05-28 00:00:00,2025-05-28 09:00:00,2025-05-29 11:00:00,13.090509,77.602325,Complainant reported unauthorized debit transactions from bank account following a fake KYC verification call.
1725,110023016202501725,202501725,2025-05-18 22:00:00,9052,3016,1002,1,2,102,1003,3,4002,2025-05-18 04:00:00,2025-05-18 08:00:00,2025-05-18 22:00:00,12.974707,77.712989,A group of individuals assaulted the victim following a minor road rage incident causing grievous injuries.
1726,110023014202501726,202501726,2025-09-19 10:00:00,9355,3014,1002,1,1,103,1006,1,4014,2025-09-18 05:00:00,2025-09-18 07:00:00,2025-09-19 10:00:00,12.987268,77.743967,Two persons riding a black motorcycle snatched a gold chain from a pedestrian near the bus stand and fled.
1727,110043027202501727,202501727,2025-04-16 16:00:00,9242,3027,1004,1,2,104,1007,2,4007,2025-04-15 00:00:00,2025-04-15 11:00:00,2025-04-16 16:00:00,13.063231,77.687753,Two persons riding a black motorcycle snatched a gold chain from a pedestrian near the bus stand and fled.
1728,110053040202501728,202501728,2025-12-05 11:00:00,9207,3040,1005,1,2,101,1002,1,4001,2025-12-04 07:00:00,2025-12-04 08:00:00,2025-12-05 11:00:00,12.970181,77.594489,A group of individuals assaulted the victim following a minor road rage incident causing grievous injuries.
1729,110013008202501729,202501729,2025-11-12 21:00:00,9233,3008,1001,1,2,101,1002,1,4001,2025-11-10 23:00:00,2025-11-11 03:00:00,2025-11-12 21:00:00,12.856788,77.655334,"Accused intercepted a commercial vehicle on the highway, threatened the driver with sharp weapons, and looted goods."
1730,110013008202501730,202501730,2025-04-25 23:00:00,9132,3008,1001,1,2,102,1003,3,4006,2025-04-24 16:00:00,2025-04-24 18:00:00,2025-04-25 23:00:00,12.864597,77.691089,Complainant reported unauthorized debit transactions from bank account following a fake KYC verification call.
1731,110043025202501731,202501731,2025-02-10 21:00:00,9240,3025,1004,1,2,104,1007,1,4011,2025-02-09 19:00:00,2025-02-09 23:00:00,2025-02-10 21:00:00,12.916689,77.57045,"Accused intercepted a commercial vehicle on the highway, threatened the driver with sharp weapons, and looted goods."
1732,110033020202601732,202601732,2026-01-09 06:00:00,9207,3020,1003,1,2,104,1007,3,4002,2026-01-08 19:00:00,2026-01-08 21:00:00,2026-01-09 06:00:00,12.934577,77.687722,A group of individuals assaulted the victim following a minor road rage incident causing grievous injuries.
1733,110033021202501733,202501733,2025-11-30 04:00:00,9029,3021,1003,1,2,102,1003,3,4013,2025-11-28 10:00:00,2025-11-28 18:00:00,2025-11-30 04:00:00,13.056016,77.603364,Unknown miscreants broke open the lock of the house during late night hours and stole gold ornaments and cash.
1734,110053035202501734,202501734,2025-05-09 12:00:00,9204,3035,1005,1,1,101,1001,3,4003,2025-05-07 14:00:00,2025-05-07 20:00:00,2025-05-09 12:00:00,12.963847,77.733699,"Accused intercepted a commercial vehicle on the highway, threatened the driver with sharp weapons, and looted goods."
1735,110023012202501735,202501735,2025-03-25 23:00:00,9365,3012,1002,1,2,102,1003,2,4009,2025-03-24 14:00:00,2025-03-24 16:00:00,2025-03-25 23:00:00,13.095192,77.578577,Complainant reported unauthorized debit transactions from bank account following a fake KYC verification call.
1736,110013008202501736,202501736,2025-04-10 23:00:00,9119,3008,1001,1,1,103,1006,3,4004,2025-04-09 06:00:00,2025-04-09 08:00:00,2025-04-10 23:00:00,13.060292,77.499886,A group of individuals assaulted the victim following a minor road rage incident causing grievous injuries.
1737,110033019202501737,202501737,2025-12-21 04:00:00,9294,3019,1003,1,1,104,1007,3,4002,2025-12-20 07:00:00,2025-12-20 18:00:00,2025-12-21 04:00:00,12.876833,77.613988,Complainant reported unauthorized debit transactions from bank account following a fake KYC verification call.
1738,110013006202501738,202501738,2025-10-16 07:00:00,9334,3006,1001,1,2,103,1005,3,4011,2025-10-15 01:00:00,2025-10-15 11:00:00,2025-10-16 07:00:00,12.958266,77.704817,Complainant reported unauthorized debit transactions from bank account following a fake KYC verification call.
1739,110053033202501739,202501739,2025-03-04 11:00:00,9185,3033,1005,1,1,102,1004,1,4011,2025-03-03 22:00:00,2025-03-04 00:00:00,2025-03-04 11:00:00,12.823075,77.570619,Unknown miscreants broke open the lock of the house during late night hours and stole gold ornaments and cash.
1740,110053036202501740,202501740,2025-10-25 02:00:00,9157,3036,1005,1,2,101,1001,1,4012,2025-10-23 10:00:00,2025-10-23 21:00:00,2025-10-25 02:00:00,13.051927,77.456342,Unknown miscreants broke open the lock of the house during late night hours and stole gold ornaments and cash.
1741,110023014202501741,202501741,2025-11-21 13:00:00,9144,3014,1002,1,2,101,1001,2,4009,2025-11-20 12:00:00,2025-11-20 23:00:00,2025-11-21 13:00:00,12.899098,77.601964,Unknown miscreants broke open the lock of the house during late night hours and stole gold ornaments and cash.
1742,110023010202601742,202601742,2026-03-15 10:00:00,9353,3010,1002,1,2,102,1003,2,4007,2026-03-13 22:00:00,2026-03-14 08:00:00,2026-03-15 10:00:00,12.99074,77.506306,Two persons riding a black motorcycle snatched a gold chain from a pedestrian near the bus stand and fled.
1743,110033020202501743,202501743,2025-08-09 10:00:00,9065,3020,1003,1,2,102,1003,3,4013,2025-08-07 20:00:00,2025-08-08 07:00:00,2025-08-09 10:00:00,12.976287,77.518942,Complainant reported unauthorized debit transactions from bank account following a fake KYC verification call.
1744,110023011202501744,202501744,2025-11-08 08:00:00,9229,3011,1002,1,2,102,1003,3,4005,2025-11-07 21:00:00,2025-11-08 03:00:00,2025-11-08 08:00:00,13.013633,77.733096,A group of individuals assaulted the victim following a minor road rage incident causing grievous injuries.
1745,110043030202501745,202501745,2025-06-26 16:00:00,9390,3030,1004,1,2,103,1005,2,4015,2025-06-25 18:00:00,2025-06-25 23:00:00,2025-06-26 16:00:00,12.906349,77.648456,A group of individuals assaulted the victim following a minor road rage incident causing grievous injuries.
1746,110053034202501746,202501746,2025-04-26 14:00:00,9364,3034,1005,1,2,104,1007,3,4013,2025-04-25 12:00:00,2025-04-25 21:00:00,2025-04-26 14:00:00,13.014228,77.479104,"Accused intercepted a commercial vehicle on the highway, threatened the driver with sharp weapons, and looted goods."
1747,110013004202501747,202501747,2025-05-07 20:00:00,9171,3004,1001,1,2,101,1002,3,4004,2025-05-07 04:00:00,2025-05-07 10:00:00,2025-05-07 20:00:00,13.018182,77.613128,"Accused intercepted a commercial vehicle on the highway, threatened the driver with sharp weapons, and looted goods."
1748,110033020202601748,202601748,2026-03-19 08:00:00,9185,3020,1003,1,2,101,1002,3,4005,2026-03-19 05:00:00,2026-03-19 08:00:00,2026-03-19 08:00:00,12.831731,77.614319,Two persons riding a black motorcycle snatched a gold chain from a pedestrian near the bus stand and fled.
1749,110043025202601749,202601749,2026-02-25 06:00:00,9315,3025,1004,1,1,103,1005,2,4004,2026-02-23 14:00:00,2026-02-24 01:00:00,2026-02-25 06:00:00,13.048195,77.633129,Unknown miscreants broke open the lock of the house during late night hours and stole gold ornaments and cash.
1750,110013006202501750,202501750,2025-09-21 02:00:00,9155,3006,1001,1,2,104,1007,2,4007,2025-09-19 13:00:00,2025-09-19 18:00:00,2025-09-21 02:00:00,13.081936,77.669316,A group of individuals assaulted the victim following a minor road rage incident causing grievous injuries.
1751,110023014202601751,202601751,2026-02-25 09:00:00,9342,3014,1002,1,2,102,1004,2,4011,2026-02-24 11:00:00,2026-02-24 23:00:00,2026-02-25 09:00:00,12.905168,77.546206,"Accused intercepted a commercial vehicle on the highway, threatened the driver with sharp weapons, and looted goods."
1752,110033017202601752,202601752,2026-01-31 18:00:00,9140,3017,1003,1,2,103,1006,3,4004,2026-01-29 20:00:00,2026-01-30 03:00:00,2026-01-31 18:00:00,13.071988,77.589814,"Accused intercepted a commercial vehicle on the highway, threatened the driver with sharp weapons, and looted goods."
1753,110023016202501753,202501753,2025-12-20 07:00:00,9358,3016,1002,1,2,104,1007,1,4001,2025-12-18 07:00:00,2025-12-18 10:00:00,2025-12-20 07:00:00,12.987099,77.541744,Complainant reported unauthorized debit transactions from bank account following a fake KYC verification call.
1754,110033022202501754,202501754,2025-04-10 04:00:00,9051,3022,1003,1,2,102,1003,3,4013,2025-04-09 04:00:00,2025-04-09 11:00:00,2025-04-10 04:00:00,13.024526,77.474491,Complainant reported unauthorized debit transactions from bank account following a fake KYC verification call.
1755,110053040202501755,202501755,2025-10-15 04:00:00,9014,3040,1005,1,1,103,1006,2,4005,2025-10-13 08:00:00,2025-10-13 15:00:00,2025-10-15 04:00:00,13.071616,77.64802,"Accused intercepted a commercial vehicle on the highway, threatened the driver with sharp weapons, and looted goods."
1756,110013002202601756,202601756,2026-01-11 06:00:00,9341,3002,1001,1,2,102,1004,1,4013,2026-01-10 03:00:00,2026-01-10 06:00:00,2026-01-11 06:00:00,12.875615,77.702241,A group of individuals assaulted the victim following a minor road rage incident causing grievous injuries.
1757,110023014202501757,202501757,2025-06-06 04:00:00,9043,3014,1002,1,2,103,1005,1,4013,2025-06-04 05:00:00,2025-06-04 15:00:00,2025-06-06 04:00:00,12.916411,77.449996,Complainant reported unauthorized debit transactions from bank account following a fake KYC verification call.
1758,110053039202501758,202501758,2025-03-03 17:00:00,9379,3039,1005,1,1,101,1001,1,4012,2025-03-03 10:00:00,2025-03-03 17:00:00,2025-03-03 17:00:00,13.036427,77.471233,Two persons riding a black motorcycle snatched a gold chain from a pedestrian near the bus stand and fled.
1759,110013001202601759,202601759,2026-01-12 03:00:00,9099,3001,1001,1,2,102,1003,2,4011,2026-01-11 11:00:00,2026-01-11 19:00:00,2026-01-12 03:00:00,12.9682,77.640721,A group of individuals assaulted the victim following a minor road rage incident causing grievous injuries.
1760,110023012202501760,202501760,2025-10-16 01:00:00,9181,3012,1002,1,1,104,1007,1,4010,2025-10-15 10:00:00,2025-10-15 12:00:00,2025-10-16 01:00:00,12.862628,77.610793,Two persons riding a black motorcycle snatched a gold chain from a pedestrian near the bus stand and fled.
1761,110053035202501761,202501761,2025-04-06 00:00:00,9092,3035,1005,1,2,101,1001,3,4014,2025-04-04 01:00:00,2025-04-04 03:00:00,2025-04-06 00:00:00,12.927674,77.735472,Two persons riding a black motorcycle snatched a gold chain from a pedestrian near the bus stand and fled.
1762,110043030202501762,202501762,2025-06-08 16:00:00,9326,3030,1004,1,2,101,1001,3,4014,2025-06-07 23:00:00,2025-06-08 00:00:00,2025-06-08 16:00:00,12.845971,77.512553,"Accused intercepted a commercial vehicle on the highway, threatened the driver with sharp weapons, and looted goods."
1763,110053040202501763,202501763,2025-06-28 21:00:00,9266,3040,1005,1,1,101,1002,2,4008,2025-06-26 22:00:00,2025-06-27 09:00:00,2025-06-28 21:00:00,12.891865,77.599916,A group of individuals assaulted the victim following a minor road rage incident causing grievous injuries.
1764,110013006202501764,202501764,2025-03-26 09:00:00,9338,3006,1001,1,2,103,1006,2,4010,2025-03-25 00:00:00,2025-03-25 04:00:00,2025-03-26 09:00:00,12.934104,77.60919,Unknown miscreants broke open the lock of the house during late night hours and stole gold ornaments and cash.
1765,110013005202501765,202501765,2025-09-15 02:00:00,9335,3005,1001,1,2,103,1006,1,4014,2025-09-13 21:00:00,2025-09-14 02:00:00,2025-09-15 02:00:00,13.040943,77.580058,"Accused intercepted a commercial vehicle on the highway, threatened the driver with sharp weapons, and looted goods."
1766,110033020202601766,202601766,2026-02-23 08:00:00,9292,3020,1003,1,1,104,1007,1,4007,2026-02-21 15:00:00,2026-02-22 02:00:00,2026-02-23 08:00:00,12.979024,77.579795,Unknown miscreants broke open the lock of the house during late night hours and stole gold ornaments and cash.
1767,110053034202501767,202501767,2025-07-31 13:00:00,9295,3034,1005,1,1,101,1001,3,4002,2025-07-29 18:00:00,2025-07-30 02:00:00,2025-07-31 13:00:00,13.007698,77.737751,"Accused intercepted a commercial vehicle on the highway, threatened the driver with sharp weapons, and looted goods."
1768,110013008202501768,202501768,2025-02-03 07:00:00,9313,3008,1001,1,1,101,1002,2,4014,2025-02-03 02:00:00,2025-02-03 09:00:00,2025-02-03 07:00:00,13.089679,77.691004,"Accused intercepted a commercial vehicle on the highway, threatened the driver with sharp weapons, and looted goods."
1769,110013003202501769,202501769,2025-07-23 16:00:00,9282,3003,1001,1,2,103,1006,1,4012,2025-07-22 23:00:00,2025-07-23 11:00:00,2025-07-23 16:00:00,13.073426,77.48789,"Accused intercepted a commercial vehicle on the highway, threatened the driver with sharp weapons, and looted goods."
1770,110013006202501770,202501770,2025-09-22 06:00:00,9123,3006,1001,1,2,101,1001,1,4006,2025-09-20 18:00:00,2025-09-21 06:00:00,2025-09-22 06:00:00,13.109122,77.488153,"Accused intercepted a commercial vehicle on the highway, threatened the driver with sharp weapons, and looted goods."
1771,110033024202501771,202501771,2025-02-08 16:00:00,9355,3024,1003,1,1,101,1002,3,4004,2025-02-08 06:00:00,2025-02-08 17:00:00,2025-02-08 16:00:00,13.00918,77.544147,Complainant reported unauthorized debit transactions from bank account following a fake KYC verification call.
1772,110033021202501772,202501772,2025-05-19 18:00:00,9302,3021,1003,1,1,102,1003,2,4007,2025-05-19 10:00:00,2025-05-19 19:00:00,2025-05-19 18:00:00,13.048315,77.573525,Unknown miscreants broke open the lock of the house during late night hours and stole gold ornaments and cash.
1773,110043031202501773,202501773,2025-06-18 16:00:00,9221,3031,1004,1,1,103,1006,1,4004,2025-06-18 01:00:00,2025-06-18 09:00:00,2025-06-18 16:00:00,12.923413,77.697671,Two persons riding a black motorcycle snatched a gold chain from a pedestrian near the bus stand and fled.
1774,110023016202601774,202601774,2026-01-26 01:00:00,9137,3016,1002,1,1,103,1006,2,4015,2026-01-24 01:00:00,2026-01-24 10:00:00,2026-01-26 01:00:00,13.041941,77.540661,Complainant reported unauthorized debit transactions from bank account following a fake KYC verification call.
1775,110033017202501775,202501775,2025-01-02 13:00:00,9060,3017,1003,1,2,104,1007,1,4015,2025-01-02 00:00:00,2025-01-02 10:00:00,2025-01-02 13:00:00,12.83968,77.472243,Complainant reported unauthorized debit transactions from bank account following a fake KYC verification call.
1776,110033024202501776,202501776,2025-07-23 07:00:00,9188,3024,1003,1,1,102,1003,3,4009,2025-07-21 11:00:00,2025-07-21 15:00:00,2025-07-23 07:00:00,13.01638,77.475475,A group of individuals assaulted the victim following a minor road rage incident causing grievous injuries.
1777,110033020202501777,202501777,2025-07-11 11:00:00,9345,3020,1003,1,1,104,1007,1,4005,2025-07-09 14:00:00,2025-07-09 23:00:00,2025-07-11 11:00:00,12.878365,77.527332,A group of individuals assaulted the victim following a minor road rage incident causing grievous injuries.
1778,110023016202501778,202501778,2025-09-24 18:00:00,9272,3016,1002,1,2,101,1001,2,4013,2025-09-22 22:00:00,2025-09-23 00:00:00,2025-09-24 18:00:00,13.112955,77.537784,"Accused intercepted a commercial vehicle on the highway, threatened the driver with sharp weapons, and looted goods."
1779,110013002202501779,202501779,2025-06-05 10:00:00,9213,3002,1001,1,1,102,1004,1,4001,2025-06-04 17:00:00,2025-06-04 20:00:00,2025-06-05 10:00:00,12.861425,77.46915,Complainant reported unauthorized debit transactions from bank account following a fake KYC verification call.
1780,110043025202501780,202501780,2025-07-10 07:00:00,9118,3025,1004,1,1,103,1006,2,4004,2025-07-08 08:00:00,2025-07-08 18:00:00,2025-07-10 07:00:00,13.089336,77.704972,"Accused intercepted a commercial vehicle on the highway, threatened the driver with sharp weapons, and looted goods."
1781,110013003202501781,202501781,2025-02-12 02:00:00,9289,3003,1001,1,2,102,1004,3,4005,2025-02-10 08:00:00,2025-02-10 12:00:00,2025-02-12 02:00:00,13.000861,77.613137,"Accused intercepted a commercial vehicle on the highway, threatened the driver with sharp weapons, and looted goods."
1782,110023010202501782,202501782,2025-04-18 08:00:00,9108,3010,1002,1,2,104,1007,1,4015,2025-04-18 06:00:00,2025-04-18 09:00:00,2025-04-18 08:00:00,13.109103,77.713101,Two persons riding a black motorcycle snatched a gold chain from a pedestrian near the bus stand and fled.
1783,110053039202501783,202501783,2025-08-30 01:00:00,9018,3039,1005,1,1,103,1006,3,4013,2025-08-29 09:00:00,2025-08-29 13:00:00,2025-08-30 01:00:00,12.944967,77.537127,"Accused intercepted a commercial vehicle on the highway, threatened the driver with sharp weapons, and looted goods."
1784,110033023202501784,202501784,2025-11-07 07:00:00,9383,3023,1003,1,1,104,1007,1,4010,2025-11-05 09:00:00,2025-11-05 16:00:00,2025-11-07 07:00:00,13.078042,77.502621,Two persons riding a black motorcycle snatched a gold chain from a pedestrian near the bus stand and fled.
1785,110013002202501785,202501785,2025-05-25 18:00:00,9083,3002,1001,1,2,101,1001,3,4012,2025-05-24 16:00:00,2025-05-24 19:00:00,2025-05-25 18:00:00,12.930387,77.492962,Complainant reported unauthorized debit transactions from bank account following a fake KYC verification call.
1786,110013005202501786,202501786,2025-01-07 02:00:00,9039,3005,1001,1,1,102,1003,3,4010,2025-01-05 02:00:00,2025-01-05 07:00:00,2025-01-07 02:00:00,13.03997,77.708549,A group of individuals assaulted the victim following a minor road rage incident causing grievous injuries.
1787,110033019202501787,202501787,2025-03-10 10:00:00,9353,3019,1003,1,1,103,1005,2,4004,2025-03-09 20:00:00,2025-03-09 23:00:00,2025-03-10 10:00:00,12.974047,77.737727,A group of individuals assaulted the victim following a minor road rage incident causing grievous injuries.
1788,110033023202501788,202501788,2025-01-31 13:00:00,9220,3023,1003,1,1,101,1002,1,4005,2025-01-30 06:00:00,2025-01-30 17:00:00,2025-01-31 13:00:00,13.039916,77.466727,Unknown miscreants broke open the lock of the house during late night hours and stole gold ornaments and cash.
1789,110033022202501789,202501789,2025-01-13 18:00:00,9360,3022,1003,1,1,101,1001,2,4015,2025-01-13 05:00:00,2025-01-13 14:00:00,2025-01-13 18:00:00,12.984225,77.637798,"Accused intercepted a commercial vehicle on the highway, threatened the driver with sharp weapons, and looted goods."
1790,110013007202501790,202501790,2025-09-26 03:00:00,9278,3007,1001,1,2,103,1006,1,4014,2025-09-25 03:00:00,2025-09-25 14:00:00,2025-09-26 03:00:00,13.084184,77.562985,A group of individuals assaulted the victim following a minor road rage incident causing grievous injuries.
1791,110023011202501791,202501791,2025-06-14 21:00:00,9156,3011,1002,1,2,101,1002,3,4008,2025-06-13 22:00:00,2025-06-14 00:00:00,2025-06-14 21:00:00,12.926047,77.546176,"Accused intercepted a commercial vehicle on the highway, threatened the driver with sharp weapons, and looted goods."
1792,110013002202501792,202501792,2025-03-24 10:00:00,9320,3002,1001,1,1,102,1003,3,4010,2025-03-23 13:00:00,2025-03-24 01:00:00,2025-03-24 10:00:00,12.848944,77.479906,Two persons riding a black motorcycle snatched a gold chain from a pedestrian near the bus stand and fled.
1793,110033017202501793,202501793,2025-07-07 16:00:00,9070,3017,1003,1,2,104,1007,3,4005,2025-07-06 06:00:00,2025-07-06 14:00:00,2025-07-07 16:00:00,12.909495,77.612088,Two persons riding a black motorcycle snatched a gold chain from a pedestrian near the bus stand and fled.
1794,110053036202501794,202501794,2025-05-05 16:00:00,9085,3036,1005,1,1,101,1001,3,4001,2025-05-05 09:00:00,2025-05-05 10:00:00,2025-05-05 16:00:00,12.885487,77.607864,A group of individuals assaulted the victim following a minor road rage incident causing grievous injuries.
1795,110053039202501795,202501795,2025-02-09 07:00:00,9095,3039,1005,1,1,103,1006,3,4003,2025-02-07 11:00:00,2025-02-07 14:00:00,2025-02-09 07:00:00,12.977211,77.475464,Complainant reported unauthorized debit transactions from bank account following a fake KYC verification call.
1796,110033023202501796,202501796,2025-03-16 18:00:00,9076,3023,1003,1,1,102,1003,2,4012,2025-03-16 09:00:00,2025-03-16 20:00:00,2025-03-16 18:00:00,12.867631,77.537547,"Accused intercepted a commercial vehicle on the highway, threatened the driver with sharp weapons, and looted goods."
1797,110013003202501797,202501797,2025-06-21 02:00:00,9086,3003,1001,1,1,102,1004,2,4005,2025-06-19 21:00:00,2025-06-20 01:00:00,2025-06-21 02:00:00,13.076001,77.511979,"Accused intercepted a commercial vehicle on the highway, threatened the driver with sharp weapons, and looted goods."
1798,110033023202601798,202601798,2026-03-28 20:00:00,9192,3023,1003,1,1,101,1001,2,4005,2026-03-28 11:00:00,2026-03-28 16:00:00,2026-03-28 20:00:00,13.010795,77.645407,A group of individuals assaulted the victim following a minor road rage incident causing grievous injuries.
1799,110033017202501799,202501799,2025-10-17 23:00:00,9259,3017,1003,1,1,102,1003,2,4003,2025-10-16 08:00:00,2025-10-16 13:00:00,2025-10-17 23:00:00,12.881244,77.64658,"Accused intercepted a commercial vehicle on the highway, threatened the driver with sharp weapons, and looted goods."
1800,110033024202601800,202601800,2026-03-12 19:00:00,9087,3024,1003,1,2,101,1002,2,4006,2026-03-12 03:00:00,2026-03-12 15:00:00,2026-03-12 19:00:00,13.009464,77.621402,Complainant reported unauthorized debit transactions from bank account following a fake KYC verification call.
1801,110053036202501801,202501801,2025-11-23 18:00:00,9007,3036,1005,1,2,101,1002,3,4014,2025-11-22 02:00:00,2025-11-22 14:00:00,2025-11-23 18:00:00,13.000642,77.570477,"Accused intercepted a commercial vehicle on the highway, threatened the driver with sharp weapons, and looted goods."
1802,110023012202501802,202501802,2025-11-04 13:00:00,9256,3012,1002,1,2,102,1004,3,4003,2025-11-03 17:00:00,2025-11-04 05:00:00,2025-11-04 13:00:00,13.063746,77.675884,Complainant reported unauthorized debit transactions from bank account following a fake KYC verification call.
1803,110053036202501803,202501803,2025-09-24 17:00:00,9018,3036,1005,1,2,104,1007,1,4007,2025-09-23 13:00:00,2025-09-24 01:00:00,2025-09-24 17:00:00,12.939659,77.624199,"Accused intercepted a commercial vehicle on the highway, threatened the driver with sharp weapons, and looted goods."
1804,110043025202501804,202501804,2025-03-04 09:00:00,9250,3025,1004,1,2,104,1007,3,4011,2025-03-04 05:00:00,2025-03-04 11:00:00,2025-03-04 09:00:00,12.834846,77.736842,Complainant reported unauthorized debit transactions from bank account following a fake KYC verification call.
1805,110053033202501805,202501805,2025-11-26 08:00:00,9160,3033,1005,1,2,102,1004,3,4003,2025-11-24 15:00:00,2025-11-24 16:00:00,2025-11-26 08:00:00,13.069462,77.62571,A group of individuals assaulted the victim following a minor road rage incident causing grievous injuries.
1806,110053034202501806,202501806,2025-11-02 02:00:00,9353,3034,1005,1,1,103,1005,3,4013,2025-11-01 03:00:00,2025-11-01 09:00:00,2025-11-02 02:00:00,12.917778,77.701799,A group of individuals assaulted the victim following a minor road rage incident causing grievous injuries.
1807,110013006202501807,202501807,2025-12-16 08:00:00,9072,3006,1001,1,2,103,1006,3,4009,2025-12-15 19:00:00,2025-12-15 22:00:00,2025-12-16 08:00:00,13.024106,77.506218,Complainant reported unauthorized debit transactions from bank account following a fake KYC verification call.
1808,110053037202501808,202501808,2025-02-21 23:00:00,9260,3037,1005,1,2,103,1006,2,4005,2025-02-20 07:00:00,2025-02-20 15:00:00,2025-02-21 23:00:00,12.975015,77.677107,Two persons riding a black motorcycle snatched a gold chain from a pedestrian near the bus stand and fled.
1809,110013002202501809,202501809,2025-11-30 11:00:00,9314,3002,1001,1,1,104,1007,3,4009,2025-11-29 01:00:00,2025-11-29 06:00:00,2025-11-30 11:00:00,13.011647,77.460333,Complainant reported unauthorized debit transactions from bank account following a fake KYC verification call.
1810,110013004202501810,202501810,2025-10-01 09:00:00,9183,3004,1001,1,2,104,1007,3,4003,2025-09-29 09:00:00,2025-09-29 14:00:00,2025-10-01 09:00:00,12.944234,77.648519,"Accused intercepted a commercial vehicle on the highway, threatened the driver with sharp weapons, and looted goods."
1811,110023011202501811,202501811,2025-09-29 04:00:00,9027,3011,1002,1,1,101,1002,3,4012,2025-09-28 11:00:00,2025-09-28 14:00:00,2025-09-29 04:00:00,12.946614,77.657865,Complainant reported unauthorized debit transactions from bank account following a fake KYC verification call.
1812,110043027202601812,202601812,2026-02-11 15:00:00,9318,3027,1004,1,1,102,1003,2,4008,2026-02-10 21:00:00,2026-02-11 03:00:00,2026-02-11 15:00:00,12.87488,77.727211,A group of individuals assaulted the victim following a minor road rage incident causing grievous injuries.
1813,110023011202501813,202501813,2025-03-04 00:00:00,9252,3011,1002,1,1,102,1003,1,4014,2025-03-02 06:00:00,2025-03-02 08:00:00,2025-03-04 00:00:00,12.838366,77.688361,"Accused intercepted a commercial vehicle on the highway, threatened the driver with sharp weapons, and looted goods."
1814,110033022202601814,202601814,2026-03-24 09:00:00,9133,3022,1003,1,2,104,1007,1,4001,2026-03-23 14:00:00,2026-03-24 00:00:00,2026-03-24 09:00:00,13.013076,77.60162,Two persons riding a black motorcycle snatched a gold chain from a pedestrian near the bus stand and fled.
1815,110053034202501815,202501815,2025-04-02 12:00:00,9062,3034,1005,1,1,102,1004,1,4010,2025-03-31 20:00:00,2025-03-31 21:00:00,2025-04-02 12:00:00,12.957003,77.689161,Unknown miscreants broke open the lock of the house during late night hours and stole gold ornaments and cash.
1816,110023014202501816,202501816,2025-05-30 09:00:00,9202,3014,1002,1,1,102,1003,1,4003,2025-05-29 19:00:00,2025-05-30 04:00:00,2025-05-30 09:00:00,12.826165,77.730672,"Accused intercepted a commercial vehicle on the highway, threatened the driver with sharp weapons, and looted goods."
1817,110023009202601817,202601817,2026-03-23 13:00:00,9202,3009,1002,1,2,102,1003,1,4008,2026-03-23 07:00:00,2026-03-23 09:00:00,2026-03-23 13:00:00,12.925472,77.567183,"Accused intercepted a commercial vehicle on the highway, threatened the driver with sharp weapons, and looted goods."
1818,110033020202501818,202501818,2025-06-24 23:00:00,9238,3020,1003,1,2,104,1007,3,4001,2025-06-23 17:00:00,2025-06-23 21:00:00,2025-06-24 23:00:00,12.915162,77.711701,"Accused intercepted a commercial vehicle on the highway, threatened the driver with sharp weapons, and looted goods."
1819,110033020202501819,202501819,2025-02-26 16:00:00,9354,3020,1003,1,1,101,1001,2,4005,2025-02-26 14:00:00,2025-02-27 01:00:00,2025-02-26 16:00:00,12.947207,77.706541,Unknown miscreants broke open the lock of the house during late night hours and stole gold ornaments and cash.
1820,110013004202501820,202501820,2025-10-24 20:00:00,9289,3004,1001,1,2,101,1001,1,4015,2025-10-23 05:00:00,2025-10-23 16:00:00,2025-10-24 20:00:00,12.877575,77.518963,Two persons riding a black motorcycle snatched a gold chain from a pedestrian near the bus stand and fled.
1821,110043025202601821,202601821,2026-01-18 22:00:00,9325,3025,1004,1,1,101,1002,3,4010,2026-01-18 00:00:00,2026-01-18 07:00:00,2026-01-18 22:00:00,13.033553,77.504713,Unknown miscreants broke open the lock of the house during late night hours and stole gold ornaments and cash.
1822,110033024202501822,202501822,2025-01-31 17:00:00,9029,3024,1003,1,1,101,1002,1,4007,2025-01-30 04:00:00,2025-01-30 12:00:00,2025-01-31 17:00:00,13.094969,77.69991,Unknown miscreants broke open the lock of the house during late night hours and stole gold ornaments and cash.
1823,110043030202501823,202501823,2025-08-19 01:00:00,9396,3030,1004,1,2,103,1006,3,4014,2025-08-18 08:00:00,2025-08-18 15:00:00,2025-08-19 01:00:00,13.055694,77.611888,Unknown miscreants broke open the lock of the house during late night hours and stole gold ornaments and cash.
1824,110013006202501824,202501824,2025-07-16 21:00:00,9183,3006,1001,1,2,104,1007,2,4002,2025-07-16 02:00:00,2025-07-16 09:00:00,2025-07-16 21:00:00,12.995154,77.521569,Complainant reported unauthorized debit transactions from bank account following a fake KYC verification call.
1825,110013002202601825,202601825,2026-02-20 22:00:00,9198,3002,1001,1,1,104,1007,2,4010,2026-02-19 01:00:00,2026-02-19 11:00:00,2026-02-20 22:00:00,12.855813,77.5894,Complainant reported unauthorized debit transactions from bank account following a fake KYC verification call.
1826,110013008202501826,202501826,2025-06-16 01:00:00,9382,3008,1001,1,1,102,1004,2,4013,2025-06-14 16:00:00,2025-06-15 03:00:00,2025-06-16 01:00:00,13.003724,77.492298,Complainant reported unauthorized debit transactions from bank account following a fake KYC verification call.
1827,110013001202601827,202601827,2026-03-11 06:00:00,9316,3001,1001,1,2,102,1004,1,4014,2026-03-10 15:00:00,2026-03-10 22:00:00,2026-03-11 06:00:00,12.981337,77.47092,A group of individuals assaulted the victim following a minor road rage incident causing grievous injuries.
1828,110033021202501828,202501828,2025-11-02 19:00:00,9389,3021,1003,1,1,104,1007,2,4003,2025-11-01 10:00:00,2025-11-01 17:00:00,2025-11-02 19:00:00,13.030971,77.509094,Unknown miscreants broke open the lock of the house during late night hours and stole gold ornaments and cash.
1829,110033024202601829,202601829,2026-02-09 00:00:00,9182,3024,1003,1,1,103,1006,3,4002,2026-02-07 04:00:00,2026-02-07 05:00:00,2026-02-09 00:00:00,13.04123,77.647666,"Accused intercepted a commercial vehicle on the highway, threatened the driver with sharp weapons, and looted goods."
1830,110033023202501830,202501830,2025-03-02 08:00:00,9198,3023,1003,1,2,103,1005,2,4005,2025-03-01 18:00:00,2025-03-02 05:00:00,2025-03-02 08:00:00,13.113548,77.572864,"Accused intercepted a commercial vehicle on the highway, threatened the driver with sharp weapons, and looted goods."
1831,110053039202501831,202501831,2025-01-19 08:00:00,9011,3039,1005,1,2,104,1007,3,4013,2025-01-18 15:00:00,2025-01-18 23:00:00,2025-01-19 08:00:00,12.973363,77.484452,"Accused intercepted a commercial vehicle on the highway, threatened the driver with sharp weapons, and looted goods."
1832,110023009202501832,202501832,2025-08-30 16:00:00,9012,3009,1002,1,1,101,1001,3,4009,2025-08-30 10:00:00,2025-08-30 14:00:00,2025-08-30 16:00:00,12.963694,77.550816,A group of individuals assaulted the victim following a minor road rage incident causing grievous injuries.
1833,110023012202501833,202501833,2025-05-31 08:00:00,9120,3012,1002,1,2,101,1002,2,4006,2025-05-29 08:00:00,2025-05-29 19:00:00,2025-05-31 08:00:00,12.995205,77.595041,Unknown miscreants broke open the lock of the house during late night hours and stole gold ornaments and cash.
1834,110043025202501834,202501834,2025-07-03 22:00:00,9001,3025,1004,1,2,101,1001,2,4008,2025-07-02 13:00:00,2025-07-02 18:00:00,2025-07-03 22:00:00,13.049786,77.615953,"Accused intercepted a commercial vehicle on the highway, threatened the driver with sharp weapons, and looted goods."
1835,110013008202501835,202501835,2025-09-10 11:00:00,9351,3008,1001,1,2,103,1006,1,4006,2025-09-09 00:00:00,2025-09-09 08:00:00,2025-09-10 11:00:00,12.960738,77.633143,Unknown miscreants broke open the lock of the house during late night hours and stole gold ornaments and cash.
1836,110023013202501836,202501836,2025-06-26 01:00:00,9051,3013,1002,1,2,102,1003,3,4010,2025-06-25 13:00:00,2025-06-26 00:00:00,2025-06-26 01:00:00,13.018461,77.580328,A group of individuals assaulted the victim following a minor road rage incident causing grievous injuries.
1837,110013002202501837,202501837,2025-08-07 18:00:00,9056,3002,1001,1,1,102,1003,1,4006,2025-08-07 11:00:00,2025-08-07 16:00:00,2025-08-07 18:00:00,13.005982,77.461663,Two persons riding a black motorcycle snatched a gold chain from a pedestrian near the bus stand and fled.
1838,110043028202501838,202501838,2025-08-20 14:00:00,9370,3028,1004,1,2,102,1003,3,4008,2025-08-18 16:00:00,2025-08-18 20:00:00,2025-08-20 14:00:00,13.077135,77.69794,Complainant reported unauthorized debit transactions from bank account following a fake KYC verification call.
1839,110033023202501839,202501839,2025-03-31 04:00:00,9094,3023,1003,1,2,101,1002,3,4008,2025-03-30 05:00:00,2025-03-30 12:00:00,2025-03-31 04:00:00,12.988384,77.739505,Two persons riding a black motorcycle snatched a gold chain from a pedestrian near the bus stand and fled.
1840,110043030202501840,202501840,2025-09-02 10:00:00,9175,3030,1004,1,1,102,1003,2,4005,2025-09-01 06:00:00,2025-09-01 12:00:00,2025-09-02 10:00:00,12.957546,77.574049,Complainant reported unauthorized debit transactions from bank account following a fake KYC verification call.
1841,110013001202501841,202501841,2025-01-28 03:00:00,9372,3001,1001,1,1,102,1004,3,4001,2025-01-26 22:00:00,2025-01-27 09:00:00,2025-01-28 03:00:00,12.876311,77.530621,Unknown miscreants broke open the lock of the house during late night hours and stole gold ornaments and cash.
1842,110043031202501842,202501842,2025-12-10 21:00:00,9097,3031,1004,1,2,104,1007,1,4015,2025-12-09 12:00:00,2025-12-09 19:00:00,2025-12-10 21:00:00,12.983658,77.646826,A group of individuals assaulted the victim following a minor road rage incident causing grievous injuries.
1843,110013007202501843,202501843,2025-06-29 12:00:00,9017,3007,1001,1,2,104,1007,1,4012,2025-06-29 08:00:00,2025-06-29 16:00:00,2025-06-29 12:00:00,13.081565,77.721635,"Accused intercepted a commercial vehicle on the highway, threatened the driver with sharp weapons, and looted goods."
1844,110043030202601844,202601844,2026-01-04 00:00:00,9191,3030,1004,1,1,101,1001,1,4012,2026-01-03 10:00:00,2026-01-03 11:00:00,2026-01-04 00:00:00,12.956413,77.570107,Complainant reported unauthorized debit transactions from bank account following a fake KYC verification call.
1845,110013002202601845,202601845,2026-02-21 17:00:00,9296,3002,1001,1,1,104,1007,2,4010,2026-02-20 06:00:00,2026-02-20 08:00:00,2026-02-21 17:00:00,12.823588,77.511434,Complainant reported unauthorized debit transactions from bank account following a fake KYC verification call.
1846,110013002202501846,202501846,2025-02-11 23:00:00,9379,3002,1001,1,2,104,1007,1,4005,2025-02-10 19:00:00,2025-02-11 00:00:00,2025-02-11 23:00:00,13.067025,77.67074,Complainant reported unauthorized debit transactions from bank account following a fake KYC verification call.
1847,110043030202501847,202501847,2025-05-07 16:00:00,9300,3030,1004,1,2,101,1002,2,4011,2025-05-06 02:00:00,2025-05-06 14:00:00,2025-05-07 16:00:00,12.996702,77.512317,Unknown miscreants broke open the lock of the house during late night hours and stole gold ornaments and cash.
1848,110053039202601848,202601848,2026-03-25 13:00:00,9258,3039,1005,1,1,101,1002,1,4003,2026-03-23 22:00:00,2026-03-24 10:00:00,2026-03-25 13:00:00,13.063056,77.657926,Complainant reported unauthorized debit transactions from bank account following a fake KYC verification call.
1849,110013007202601849,202601849,2026-03-19 15:00:00,9252,3007,1001,1,1,101,1002,3,4002,2026-03-19 05:00:00,2026-03-19 14:00:00,2026-03-19 15:00:00,12.959459,77.683352,A group of individuals assaulted the victim following a minor road rage incident causing grievous injuries.
1850,110033018202501850,202501850,2025-08-22 23:00:00,9023,3018,1003,1,2,104,1007,3,4006,2025-08-21 10:00:00,2025-08-21 19:00:00,2025-08-22 23:00:00,12.867304,77.570422,"Accused intercepted a commercial vehicle on the highway, threatened the driver with sharp weapons, and looted goods."
1851,110053036202501851,202501851,2025-02-21 14:00:00,9343,3036,1005,1,2,102,1004,3,4003,2025-02-21 04:00:00,2025-02-21 12:00:00,2025-02-21 14:00:00,12.93258,77.72217,"Accused intercepted a commercial vehicle on the highway, threatened the driver with sharp weapons, and looted goods."
1852,110043025202501852,202501852,2025-12-27 15:00:00,9130,3025,1004,1,2,102,1004,2,4008,2025-12-27 01:00:00,2025-12-27 12:00:00,2025-12-27 15:00:00,12.850474,77.47854,A group of individuals assaulted the victim following a minor road rage incident causing grievous injuries.
1853,110033021202501853,202501853,2025-08-24 08:00:00,9126,3021,1003,1,1,104,1007,2,4008,2025-08-22 23:00:00,2025-08-23 04:00:00,2025-08-24 08:00:00,12.847514,77.465303,A group of individuals assaulted the victim following a minor road rage incident causing grievous injuries.
1854,110013006202601854,202601854,2026-02-10 18:00:00,9201,3006,1001,1,2,101,1002,3,4008,2026-02-09 14:00:00,2026-02-09 16:00:00,2026-02-10 18:00:00,12.988038,77.54489,Two persons riding a black motorcycle snatched a gold chain from a pedestrian near the bus stand and fled.
1855,110013005202501855,202501855,2025-09-11 06:00:00,9016,3005,1001,1,2,104,1007,2,4005,2025-09-09 20:00:00,2025-09-10 05:00:00,2025-09-11 06:00:00,12.987971,77.565911,"Accused intercepted a commercial vehicle on the highway, threatened the driver with sharp weapons, and looted goods."
1856,110023016202601856,202601856,2026-01-05 22:00:00,9380,3016,1002,1,2,103,1005,2,4010,2026-01-04 06:00:00,2026-01-04 08:00:00,2026-01-05 22:00:00,13.076298,77.65618,"Accused intercepted a commercial vehicle on the highway, threatened the driver with sharp weapons, and looted goods."
1857,110033019202601857,202601857,2026-01-24 16:00:00,9020,3019,1003,1,2,103,1005,1,4010,2026-01-23 02:00:00,2026-01-23 08:00:00,2026-01-24 16:00:00,12.985007,77.596887,Two persons riding a black motorcycle snatched a gold chain from a pedestrian near the bus stand and fled.
1858,110033023202501858,202501858,2025-05-10 06:00:00,9049,3023,1003,1,2,104,1007,3,4003,2025-05-09 11:00:00,2025-05-09 13:00:00,2025-05-10 06:00:00,13.008182,77.613416,Unknown miscreants broke open the lock of the house during late night hours and stole gold ornaments and cash.
1859,110033020202501859,202501859,2025-04-16 11:00:00,9191,3020,1003,1,1,101,1002,2,4009,2025-04-16 09:00:00,2025-04-16 15:00:00,2025-04-16 11:00:00,12.947166,77.489882,"Accused intercepted a commercial vehicle on the highway, threatened the driver with sharp weapons, and looted goods."
1860,110013005202501860,202501860,2025-05-04 15:00:00,9050,3005,1001,1,1,102,1003,3,4001,2025-05-03 13:00:00,2025-05-03 14:00:00,2025-05-04 15:00:00,13.111857,77.627106,"Accused intercepted a commercial vehicle on the highway, threatened the driver with sharp weapons, and looted goods."
1861,110013003202501861,202501861,2025-11-29 02:00:00,9219,3003,1001,1,1,104,1007,3,4003,2025-11-27 13:00:00,2025-11-27 22:00:00,2025-11-29 02:00:00,12.931213,77.525897,Two persons riding a black motorcycle snatched a gold chain from a pedestrian near the bus stand and fled.
1862,110043031202501862,202501862,2025-06-22 23:00:00,9312,3031,1004,1,1,103,1005,1,4002,2025-06-21 19:00:00,2025-06-22 02:00:00,2025-06-22 23:00:00,12.927336,77.66981,Two persons riding a black motorcycle snatched a gold chain from a pedestrian near the bus stand and fled.
1863,110053039202501863,202501863,2025-12-18 04:00:00,9259,3039,1005,1,1,102,1004,3,4003,2025-12-17 20:00:00,2025-12-18 06:00:00,2025-12-18 04:00:00,12.87729,77.574045,Unknown miscreants broke open the lock of the house during late night hours and stole gold ornaments and cash.
1864,110013006202501864,202501864,2025-07-10 00:00:00,9225,3006,1001,1,2,102,1004,1,4011,2025-07-09 22:00:00,2025-07-10 05:00:00,2025-07-10 00:00:00,12.992723,77.638782,"Accused intercepted a commercial vehicle on the highway, threatened the driver with sharp weapons, and looted goods."
1865,110023009202501865,202501865,2025-01-19 09:00:00,9231,3009,1002,1,1,102,1003,2,4014,2025-01-18 00:00:00,2025-01-18 10:00:00,2025-01-19 09:00:00,12.980338,77.649989,"Accused intercepted a commercial vehicle on the highway, threatened the driver with sharp weapons, and looted goods."
1866,110013003202501866,202501866,2025-07-01 10:00:00,9217,3003,1001,1,1,103,1005,3,4001,2025-06-29 20:00:00,2025-06-30 08:00:00,2025-07-01 10:00:00,12.967755,77.464389,Two persons riding a black motorcycle snatched a gold chain from a pedestrian near the bus stand and fled.
1867,110043031202601867,202601867,2026-03-27 10:00:00,9146,3031,1004,1,2,104,1007,2,4001,2026-03-25 14:00:00,2026-03-26 00:00:00,2026-03-27 10:00:00,13.067125,77.698202,Unknown miscreants broke open the lock of the house during late night hours and stole gold ornaments and cash.
1868,110023014202501868,202501868,2025-05-06 16:00:00,9235,3014,1002,1,1,102,1003,2,4001,2025-05-05 06:00:00,2025-05-05 12:00:00,2025-05-06 16:00:00,12.841937,77.461246,Unknown miscreants broke open the lock of the house during late night hours and stole gold ornaments and cash.
1869,110053038202501869,202501869,2025-05-13 05:00:00,9156,3038,1005,1,2,104,1007,3,4007,2025-05-11 11:00:00,2025-05-11 15:00:00,2025-05-13 05:00:00,12.916107,77.740345,Unknown miscreants broke open the lock of the house during late night hours and stole gold ornaments and cash.
1870,110023016202501870,202501870,2025-06-21 12:00:00,9397,3016,1002,1,1,103,1005,1,4011,2025-06-19 23:00:00,2025-06-20 05:00:00,2025-06-21 12:00:00,13.013936,77.535305,A group of individuals assaulted the victim following a minor road rage incident causing grievous injuries.
1871,110013006202601871,202601871,2026-01-29 08:00:00,9370,3006,1001,1,2,103,1005,2,4006,2026-01-29 03:00:00,2026-01-29 04:00:00,2026-01-29 08:00:00,13.01058,77.723364,Unknown miscreants broke open the lock of the house during late night hours and stole gold ornaments and cash.
1872,110043025202601872,202601872,2026-01-16 16:00:00,9102,3025,1004,1,1,101,1002,3,4015,2026-01-15 13:00:00,2026-01-15 20:00:00,2026-01-16 16:00:00,12.966372,77.700946,A group of individuals assaulted the victim following a minor road rage incident causing grievous injuries.
1873,110013004202501873,202501873,2025-07-05 19:00:00,9079,3004,1001,1,1,104,1007,2,4014,2025-07-05 04:00:00,2025-07-05 09:00:00,2025-07-05 19:00:00,12.970647,77.727448,"Accused intercepted a commercial vehicle on the highway, threatened the driver with sharp weapons, and looted goods."
1874,110053036202501874,202501874,2025-06-10 04:00:00,9166,3036,1005,1,1,102,1003,3,4001,2025-06-09 19:00:00,2025-06-10 07:00:00,2025-06-10 04:00:00,12.897897,77.490063,Two persons riding a black motorcycle snatched a gold chain from a pedestrian near the bus stand and fled.
1875,110043027202501875,202501875,2025-08-10 09:00:00,9014,3027,1004,1,2,101,1001,1,4009,2025-08-09 15:00:00,2025-08-09 22:00:00,2025-08-10 09:00:00,12.919344,77.640115,Complainant reported unauthorized debit transactions from bank account following a fake KYC verification call.
1876,110033018202601876,202601876,2026-03-28 11:00:00,9059,3018,1003,1,1,103,1005,3,4007,2026-03-27 05:00:00,2026-03-27 07:00:00,2026-03-28 11:00:00,13.06199,77.579091,Complainant reported unauthorized debit transactions from bank account following a fake KYC verification call.
1877,110013003202501877,202501877,2025-02-19 04:00:00,9057,3003,1001,1,2,104,1007,3,4012,2025-02-18 15:00:00,2025-02-19 02:00:00,2025-02-19 04:00:00,13.06153,77.584218,Unknown miscreants broke open the lock of the house during late night hours and stole gold ornaments and cash.
1878,110043027202501878,202501878,2025-01-28 01:00:00,9279,3027,1004,1,1,102,1003,2,4012,2025-01-26 01:00:00,2025-01-26 02:00:00,2025-01-28 01:00:00,12.967175,77.553983,Complainant reported unauthorized debit transactions from bank account following a fake KYC verification call.
1879,110043025202601879,202601879,2026-02-09 13:00:00,9070,3025,1004,1,1,103,1005,3,4010,2026-02-08 06:00:00,2026-02-08 12:00:00,2026-02-09 13:00:00,12.956796,77.593346,Unknown miscreants broke open the lock of the house during late night hours and stole gold ornaments and cash.
1880,110013005202501880,202501880,2025-10-14 07:00:00,9361,3005,1001,1,2,103,1005,2,4004,2025-10-12 19:00:00,2025-10-12 23:00:00,2025-10-14 07:00:00,12.949655,77.648545,Complainant reported unauthorized debit transactions from bank account following a fake KYC verification call.
1881,110013003202501881,202501881,2025-01-01 00:00:00,9179,3003,1001,1,1,104,1007,3,4010,2024-12-31 08:00:00,2024-12-31 12:00:00,2025-01-01 00:00:00,13.004186,77.617043,Complainant reported unauthorized debit transactions from bank account following a fake KYC verification call.
1882,110013007202601882,202601882,2026-02-02 22:00:00,9359,3007,1001,1,2,104,1007,3,4009,2026-02-01 05:00:00,2026-02-01 06:00:00,2026-02-02 22:00:00,12.971986,77.663502,Two persons riding a black motorcycle snatched a gold chain from a pedestrian near the bus stand and fled.
1883,110043032202501883,202501883,2025-09-28 13:00:00,9146,3032,1004,1,2,102,1003,3,4001,2025-09-27 23:00:00,2025-09-28 04:00:00,2025-09-28 13:00:00,13.088522,77.57558,"Accused intercepted a commercial vehicle on the highway, threatened the driver with sharp weapons, and looted goods."
1884,110013003202501884,202501884,2025-04-11 14:00:00,9301,3003,1001,1,1,103,1006,2,4009,2025-04-11 06:00:00,2025-04-11 13:00:00,2025-04-11 14:00:00,12.912938,77.687867,Unknown miscreants broke open the lock of the house during late night hours and stole gold ornaments and cash.
1885,110053033202501885,202501885,2025-04-16 03:00:00,9271,3033,1005,1,1,104,1007,2,4005,2025-04-14 15:00:00,2025-04-14 20:00:00,2025-04-16 03:00:00,12.863213,77.726909,Unknown miscreants broke open the lock of the house during late night hours and stole gold ornaments and cash.
1886,110043029202501886,202501886,2025-09-10 18:00:00,9119,3029,1004,1,1,104,1007,2,4011,2025-09-09 04:00:00,2025-09-09 14:00:00,2025-09-10 18:00:00,12.998138,77.733167,Two persons riding a black motorcycle snatched a gold chain from a pedestrian near the bus stand and fled.
1887,110053038202501887,202501887,2025-12-21 18:00:00,9309,3038,1005,1,1,103,1006,1,4014,2025-12-20 20:00:00,2025-12-21 05:00:00,2025-12-21 18:00:00,12.868706,77.695991,Complainant reported unauthorized debit transactions from bank account following a fake KYC verification call.
1888,110043030202601888,202601888,2026-03-29 13:00:00,9114,3030,1004,1,1,103,1006,2,4012,2026-03-28 13:00:00,2026-03-28 14:00:00,2026-03-29 13:00:00,13.051251,77.531476,A group of individuals assaulted the victim following a minor road rage incident causing grievous injuries.
1889,110023013202501889,202501889,2025-07-17 02:00:00,9212,3013,1002,1,2,102,1004,2,4004,2025-07-16 01:00:00,2025-07-16 04:00:00,2025-07-17 02:00:00,12.987089,77.606022,"Accused intercepted a commercial vehicle on the highway, threatened the driver with sharp weapons, and looted goods."
1890,110053033202501890,202501890,2025-11-25 18:00:00,9019,3033,1005,1,2,101,1001,2,4006,2025-11-25 09:00:00,2025-11-25 20:00:00,2025-11-25 18:00:00,12.970796,77.462977,"Accused intercepted a commercial vehicle on the highway, threatened the driver with sharp weapons, and looted goods."
1891,110033024202501891,202501891,2025-02-16 04:00:00,9068,3024,1003,1,1,101,1002,1,4009,2025-02-14 17:00:00,2025-02-15 05:00:00,2025-02-16 04:00:00,12.922556,77.736942,Two persons riding a black motorcycle snatched a gold chain from a pedestrian near the bus stand and fled.
1892,110013002202501892,202501892,2025-08-07 10:00:00,9137,3002,1001,1,1,103,1006,1,4005,2025-08-05 23:00:00,2025-08-06 01:00:00,2025-08-07 10:00:00,12.846508,77.566864,"Accused intercepted a commercial vehicle on the highway, threatened the driver with sharp weapons, and looted goods."
1893,110013005202501893,202501893,2025-02-08 02:00:00,9271,3005,1001,1,1,102,1004,1,4001,2025-02-06 17:00:00,2025-02-07 00:00:00,2025-02-08 02:00:00,12.878512,77.537547,"Accused intercepted a commercial vehicle on the highway, threatened the driver with sharp weapons, and looted goods."
1894,110053033202501894,202501894,2025-02-11 18:00:00,9085,3033,1005,1,2,102,1004,2,4003,2025-02-09 18:00:00,2025-02-09 20:00:00,2025-02-11 18:00:00,12.853544,77.53515,Complainant reported unauthorized debit transactions from bank account following a fake KYC verification call.
1895,110053038202501895,202501895,2025-08-14 05:00:00,9116,3038,1005,1,2,102,1004,3,4014,2025-08-13 19:00:00,2025-08-14 04:00:00,2025-08-14 05:00:00,12.995955,77.476553,Complainant reported unauthorized debit transactions from bank account following a fake KYC verification call.
1896,110033024202501896,202501896,2025-09-26 04:00:00,9149,3024,1003,1,2,101,1002,3,4002,2025-09-25 01:00:00,2025-09-25 13:00:00,2025-09-26 04:00:00,13.077788,77.568565,Unknown miscreants broke open the lock of the house during late night hours and stole gold ornaments and cash.
1897,110053037202501897,202501897,2025-12-22 09:00:00,9093,3037,1005,1,1,102,1003,2,4008,2025-12-20 11:00:00,2025-12-20 17:00:00,2025-12-22 09:00:00,12.987556,77.675935,A group of individuals assaulted the victim following a minor road rage incident causing grievous injuries.
1898,110053037202501898,202501898,2025-07-12 12:00:00,9153,3037,1005,1,1,102,1003,1,4011,2025-07-11 02:00:00,2025-07-11 07:00:00,2025-07-12 12:00:00,13.081733,77.49973,Unknown miscreants broke open the lock of the house during late night hours and stole gold ornaments and cash.
1899,110033017202501899,202501899,2025-10-04 04:00:00,9137,3017,1003,1,1,103,1006,2,4001,2025-10-02 09:00:00,2025-10-02 20:00:00,2025-10-04 04:00:00,12.965346,77.610412,Complainant reported unauthorized debit transactions from bank account following a fake KYC verification call.
1900,110013004202601900,202601900,2026-02-01 06:00:00,9206,3004,1001,1,2,103,1005,3,4013,2026-01-30 06:00:00,2026-01-30 11:00:00,2026-02-01 06:00:00,12.836942,77.642053,Unknown miscreants broke open the lock of the house during late night hours and stole gold ornaments and cash.
1901,110053040202501901,202501901,2025-05-31 07:00:00,9184,3040,1005,1,1,103,1005,2,4005,2025-05-30 12:00:00,2025-05-30 15:00:00,2025-05-31 07:00:00,12.877578,77.568942,"Accused intercepted a commercial vehicle on the highway, threatened the driver with sharp weapons, and looted goods."
1902,110043031202501902,202501902,2025-09-16 05:00:00,9302,3031,1004,1,1,101,1001,3,4009,2025-09-15 07:00:00,2025-09-15 09:00:00,2025-09-16 05:00:00,13.073071,77.735732,Complainant reported unauthorized debit transactions from bank account following a fake KYC verification call.
1903,110053037202601903,202601903,2026-01-03 08:00:00,9348,3037,1005,1,2,103,1005,2,4010,2026-01-02 22:00:00,2026-01-03 05:00:00,2026-01-03 08:00:00,13.105052,77.702919,"Accused intercepted a commercial vehicle on the highway, threatened the driver with sharp weapons, and looted goods."
1904,110033024202501904,202501904,2025-12-19 08:00:00,9031,3024,1003,1,1,101,1001,3,4003,2025-12-19 00:00:00,2025-12-19 02:00:00,2025-12-19 08:00:00,12.829775,77.591323,Two persons riding a black motorcycle snatched a gold chain from a pedestrian near the bus stand and fled.
1905,110013002202501905,202501905,2025-11-08 15:00:00,9333,3002,1001,1,1,102,1003,3,4007,2025-11-06 23:00:00,2025-11-07 00:00:00,2025-11-08 15:00:00,13.051216,77.666532,Unknown miscreants broke open the lock of the house during late night hours and stole gold ornaments and cash.
1906,110033022202501906,202501906,2025-01-13 10:00:00,9283,3022,1003,1,1,104,1007,3,4009,2025-01-11 14:00:00,2025-01-11 15:00:00,2025-01-13 10:00:00,12.822588,77.531564,"Accused intercepted a commercial vehicle on the highway, threatened the driver with sharp weapons, and looted goods."
1907,110013006202601907,202601907,2026-03-22 09:00:00,9054,3006,1001,1,2,101,1001,3,4008,2026-03-21 11:00:00,2026-03-21 21:00:00,2026-03-22 09:00:00,12.934379,77.621805,Two persons riding a black motorcycle snatched a gold chain from a pedestrian near the bus stand and fled.
1908,110053037202601908,202601908,2026-03-22 22:00:00,9342,3037,1005,1,1,103,1005,3,4001,2026-03-21 21:00:00,2026-03-21 23:00:00,2026-03-22 22:00:00,12.909923,77.6309,Complainant reported unauthorized debit transactions from bank account following a fake KYC verification call.
1909,110023015202501909,202501909,2025-09-04 09:00:00,9225,3015,1002,1,2,101,1002,3,4008,2025-09-02 14:00:00,2025-09-02 19:00:00,2025-09-04 09:00:00,12.9284,77.516923,Complainant reported unauthorized debit transactions from bank account following a fake KYC verification call.
1910,110043028202501910,202501910,2025-08-22 21:00:00,9261,3028,1004,1,1,101,1002,3,4006,2025-08-22 13:00:00,2025-08-22 18:00:00,2025-08-22 21:00:00,12.998665,77.622532,A group of individuals assaulted the victim following a minor road rage incident causing grievous injuries.
1911,110053038202501911,202501911,2025-06-16 11:00:00,9393,3038,1005,1,1,102,1003,2,4005,2025-06-15 01:00:00,2025-06-15 08:00:00,2025-06-16 11:00:00,13.0126,77.618217,A group of individuals assaulted the victim following a minor road rage incident causing grievous injuries.
1912,110033023202601912,202601912,2026-02-24 06:00:00,9350,3023,1003,1,2,104,1007,2,4005,2026-02-22 22:00:00,2026-02-23 00:00:00,2026-02-24 06:00:00,12.830315,77.723355,Unknown miscreants broke open the lock of the house during late night hours and stole gold ornaments and cash.
1913,110043030202501913,202501913,2025-06-16 18:00:00,9322,3030,1004,1,2,103,1005,2,4013,2025-06-16 10:00:00,2025-06-16 20:00:00,2025-06-16 18:00:00,12.942012,77.652859,"Accused intercepted a commercial vehicle on the highway, threatened the driver with sharp weapons, and looted goods."
1914,110033020202501914,202501914,2025-03-05 16:00:00,9070,3020,1003,1,2,102,1004,3,4001,2025-03-05 11:00:00,2025-03-05 12:00:00,2025-03-05 16:00:00,13.07577,77.730063,A group of individuals assaulted the victim following a minor road rage incident causing grievous injuries.
1915,110013006202501915,202501915,2025-12-01 14:00:00,9377,3006,1001,1,1,104,1007,2,4003,2025-11-29 23:00:00,2025-11-30 09:00:00,2025-12-01 14:00:00,12.870463,77.600001,Two persons riding a black motorcycle snatched a gold chain from a pedestrian near the bus stand and fled.
1916,110023009202501916,202501916,2025-08-24 09:00:00,9175,3009,1002,1,2,104,1007,3,4003,2025-08-23 02:00:00,2025-08-23 11:00:00,2025-08-24 09:00:00,13.114664,77.720293,"Accused intercepted a commercial vehicle on the highway, threatened the driver with sharp weapons, and looted goods."
1917,110013003202501917,202501917,2025-03-11 23:00:00,9289,3003,1001,1,1,102,1003,2,4002,2025-03-11 00:00:00,2025-03-11 10:00:00,2025-03-11 23:00:00,12.963053,77.571949,Two persons riding a black motorcycle snatched a gold chain from a pedestrian near the bus stand and fled.
1918,110043028202501918,202501918,2025-04-23 00:00:00,9250,3028,1004,1,1,101,1002,1,4012,2025-04-21 03:00:00,2025-04-21 09:00:00,2025-04-23 00:00:00,13.04229,77.669006,Unknown miscreants broke open the lock of the house during late night hours and stole gold ornaments and cash.
1919,110013004202501919,202501919,2025-10-20 00:00:00,9361,3004,1001,1,1,101,1002,1,4010,2025-10-18 09:00:00,2025-10-18 21:00:00,2025-10-20 00:00:00,12.960917,77.711209,Complainant reported unauthorized debit transactions from bank account following a fake KYC verification call.
1920,110043030202501920,202501920,2025-07-03 15:00:00,9189,3030,1004,1,1,103,1005,3,4008,2025-07-02 07:00:00,2025-07-02 15:00:00,2025-07-03 15:00:00,13.026164,77.728239,Two persons riding a black motorcycle snatched a gold chain from a pedestrian near the bus stand and fled.
1921,110043030202501921,202501921,2025-10-01 01:00:00,9337,3030,1004,1,2,103,1006,1,4015,2025-09-30 08:00:00,2025-09-30 09:00:00,2025-10-01 01:00:00,13.040764,77.59027,Complainant reported unauthorized debit transactions from bank account following a fake KYC verification call.
1922,110023011202501922,202501922,2025-06-17 18:00:00,9005,3011,1002,1,2,102,1003,1,4010,2025-06-16 07:00:00,2025-06-16 15:00:00,2025-06-17 18:00:00,12.996028,77.532769,"Accused intercepted a commercial vehicle on the highway, threatened the driver with sharp weapons, and looted goods."
1923,110033020202501923,202501923,2025-06-20 23:00:00,9095,3020,1003,1,2,103,1005,1,4004,2025-06-19 09:00:00,2025-06-19 15:00:00,2025-06-20 23:00:00,12.843767,77.709527,"Accused intercepted a commercial vehicle on the highway, threatened the driver with sharp weapons, and looted goods."
1924,110023014202501924,202501924,2025-01-25 01:00:00,9127,3014,1002,1,2,104,1007,3,4004,2025-01-24 21:00:00,2025-01-25 05:00:00,2025-01-25 01:00:00,13.026424,77.742043,Complainant reported unauthorized debit transactions from bank account following a fake KYC verification call.
1925,110023011202601925,202601925,2026-02-21 17:00:00,9082,3011,1002,1,1,102,1004,3,4012,2026-02-20 21:00:00,2026-02-21 05:00:00,2026-02-21 17:00:00,12.89594,77.564065,"Accused intercepted a commercial vehicle on the highway, threatened the driver with sharp weapons, and looted goods."
1926,110013004202501926,202501926,2025-07-14 09:00:00,9379,3004,1001,1,2,101,1001,1,4004,2025-07-14 06:00:00,2025-07-14 18:00:00,2025-07-14 09:00:00,12.957891,77.53372,Unknown miscreants broke open the lock of the house during late night hours and stole gold ornaments and cash.
1927,110013005202501927,202501927,2025-10-20 14:00:00,9072,3005,1001,1,1,103,1006,3,4007,2025-10-19 06:00:00,2025-10-19 15:00:00,2025-10-20 14:00:00,12.867266,77.584444,A group of individuals assaulted the victim following a minor road rage incident causing grievous injuries.
1928,110043030202501928,202501928,2025-11-18 22:00:00,9129,3030,1004,1,1,102,1003,3,4015,2025-11-18 01:00:00,2025-11-18 13:00:00,2025-11-18 22:00:00,12.933557,77.512859,Complainant reported unauthorized debit transactions from bank account following a fake KYC verification call.
1929,110023013202501929,202501929,2025-10-30 09:00:00,9211,3013,1002,1,2,101,1002,2,4008,2025-10-29 05:00:00,2025-10-29 15:00:00,2025-10-30 09:00:00,13.068497,77.583893,A group of individuals assaulted the victim following a minor road rage incident causing grievous injuries.
1930,110013002202501930,202501930,2025-04-11 10:00:00,9220,3002,1001,1,2,102,1004,3,4013,2025-04-10 19:00:00,2025-04-11 05:00:00,2025-04-11 10:00:00,12.86289,77.499624,A group of individuals assaulted the victim following a minor road rage incident causing grievous injuries.
1931,110013008202501931,202501931,2025-05-25 19:00:00,9340,3008,1001,1,2,103,1006,1,4009,2025-05-24 19:00:00,2025-05-24 20:00:00,2025-05-25 19:00:00,12.942765,77.474416,Unknown miscreants broke open the lock of the house during late night hours and stole gold ornaments and cash.
1932,110033022202501932,202501932,2025-08-27 13:00:00,9355,3022,1003,1,2,102,1003,3,4010,2025-08-26 07:00:00,2025-08-26 11:00:00,2025-08-27 13:00:00,13.114108,77.538374,"Accused intercepted a commercial vehicle on the highway, threatened the driver with sharp weapons, and looted goods."
1933,110023010202501933,202501933,2025-01-16 07:00:00,9398,3010,1002,1,2,102,1004,2,4009,2025-01-14 19:00:00,2025-01-15 04:00:00,2025-01-16 07:00:00,12.860554,77.684724,Complainant reported unauthorized debit transactions from bank account following a fake KYC verification call.
1934,110023015202601934,202601934,2026-03-12 05:00:00,9024,3015,1002,1,2,102,1004,1,4009,2026-03-11 05:00:00,2026-03-11 15:00:00,2026-03-12 05:00:00,12.925895,77.665892,Unknown miscreants broke open the lock of the house during late night hours and stole gold ornaments and cash.
1935,110043027202501935,202501935,2025-12-21 15:00:00,9003,3027,1004,1,2,101,1002,3,4005,2025-12-21 11:00:00,2025-12-21 14:00:00,2025-12-21 15:00:00,12.98375,77.600631,"Accused intercepted a commercial vehicle on the highway, threatened the driver with sharp weapons, and looted goods."
1936,110023015202501936,202501936,2025-01-12 17:00:00,9301,3015,1002,1,2,101,1002,3,4015,2025-01-12 09:00:00,2025-01-12 19:00:00,2025-01-12 17:00:00,12.929029,77.510045,Unknown miscreants broke open the lock of the house during late night hours and stole gold ornaments and cash.
1937,110033022202501937,202501937,2025-06-10 19:00:00,9062,3022,1003,1,1,102,1003,2,4006,2025-06-09 18:00:00,2025-06-10 02:00:00,2025-06-10 19:00:00,12.898727,77.544019,Two persons riding a black motorcycle snatched a gold chain from a pedestrian near the bus stand and fled.
1938,110013001202501938,202501938,2025-01-05 06:00:00,9233,3001,1001,1,2,104,1007,2,4003,2025-01-03 22:00:00,2025-01-04 05:00:00,2025-01-05 06:00:00,12.937295,77.479224,"Accused intercepted a commercial vehicle on the highway, threatened the driver with sharp weapons, and looted goods."
1939,110013008202501939,202501939,2025-11-10 01:00:00,9057,3008,1001,1,2,101,1002,1,4002,2025-11-09 16:00:00,2025-11-10 00:00:00,2025-11-10 01:00:00,12.824769,77.549454,A group of individuals assaulted the victim following a minor road rage incident causing grievous injuries.
1940,110023016202501940,202501940,2025-12-20 06:00:00,9006,3016,1002,1,2,101,1002,3,4008,2025-12-18 19:00:00,2025-12-19 02:00:00,2025-12-20 06:00:00,13.113292,77.62643,A group of individuals assaulted the victim following a minor road rage incident causing grievous injuries.
1941,110013002202501941,202501941,2025-01-21 15:00:00,9186,3002,1001,1,2,104,1007,3,4007,2025-01-21 02:00:00,2025-01-21 05:00:00,2025-01-21 15:00:00,13.077448,77.696837,Two persons riding a black motorcycle snatched a gold chain from a pedestrian near the bus stand and fled.
1942,110043028202501942,202501942,2025-01-12 15:00:00,9394,3028,1004,1,2,104,1007,2,4006,2025-01-10 15:00:00,2025-01-10 20:00:00,2025-01-12 15:00:00,13.078975,77.686456,"Accused intercepted a commercial vehicle on the highway, threatened the driver with sharp weapons, and looted goods."
1943,110023016202501943,202501943,2025-08-11 16:00:00,9138,3016,1002,1,1,101,1001,3,4012,2025-08-11 05:00:00,2025-08-11 11:00:00,2025-08-11 16:00:00,12.899667,77.701455,Unknown miscreants broke open the lock of the house during late night hours and stole gold ornaments and cash.
1944,110023009202501944,202501944,2025-04-21 06:00:00,9142,3009,1002,1,2,102,1004,2,4008,2025-04-19 14:00:00,2025-04-19 20:00:00,2025-04-21 06:00:00,12.83809,77.471257,Two persons riding a black motorcycle snatched a gold chain from a pedestrian near the bus stand and fled.
1945,110033022202501945,202501945,2025-05-02 04:00:00,9224,3022,1003,1,1,101,1002,3,4010,2025-04-30 19:00:00,2025-05-01 06:00:00,2025-05-02 04:00:00,13.020775,77.63096,A group of individuals assaulted the victim following a minor road rage incident causing grievous injuries.
1946,110033019202601946,202601946,2026-01-06 08:00:00,9376,3019,1003,1,2,104,1007,1,4001,2026-01-04 14:00:00,2026-01-05 01:00:00,2026-01-06 08:00:00,13.016867,77.744481,"Accused intercepted a commercial vehicle on the highway, threatened the driver with sharp weapons, and looted goods."
1947,110053037202501947,202501947,2025-07-29 04:00:00,9127,3037,1005,1,1,102,1003,3,4004,2025-07-28 13:00:00,2025-07-29 00:00:00,2025-07-29 04:00:00,13.089777,77.682578,Complainant reported unauthorized debit transactions from bank account following a fake KYC verification call.
1948,110023012202501948,202501948,2025-06-03 11:00:00,9167,3012,1002,1,2,101,1001,1,4013,2025-06-03 09:00:00,2025-06-03 12:00:00,2025-06-03 11:00:00,12.892681,77.638683,Two persons riding a black motorcycle snatched a gold chain from a pedestrian near the bus stand and fled.
1949,110033023202501949,202501949,2025-03-18 05:00:00,9136,3023,1003,1,2,103,1005,2,4011,2025-03-17 23:00:00,2025-03-18 11:00:00,2025-03-18 05:00:00,13.040511,77.446158,Two persons riding a black motorcycle snatched a gold chain from a pedestrian near the bus stand and fled.
1950,110043025202501950,202501950,2025-02-20 08:00:00,9382,3025,1004,1,2,101,1001,3,4002,2025-02-19 04:00:00,2025-02-19 13:00:00,2025-02-20 08:00:00,12.967071,77.634217,"Accused intercepted a commercial vehicle on the highway, threatened the driver with sharp weapons, and looted goods."
1951,110013008202501951,202501951,2025-09-01 17:00:00,9105,3008,1001,1,1,102,1003,1,4004,2025-08-31 22:00:00,2025-09-01 01:00:00,2025-09-01 17:00:00,12.939376,77.674612,A group of individuals assaulted the victim following a minor road rage incident causing grievous injuries.
1952,110013007202501952,202501952,2025-03-12 19:00:00,9005,3007,1001,1,1,104,1007,1,4011,2025-03-11 08:00:00,2025-03-11 12:00:00,2025-03-12 19:00:00,12.835901,77.449787,A group of individuals assaulted the victim following a minor road rage incident causing grievous injuries.
1953,110023016202601953,202601953,2026-01-02 05:00:00,9163,3016,1002,1,1,101,1001,3,4015,2026-01-01 13:00:00,2026-01-01 16:00:00,2026-01-02 05:00:00,13.004716,77.590093,"Accused intercepted a commercial vehicle on the highway, threatened the driver with sharp weapons, and looted goods."
1954,110053039202501954,202501954,2025-08-22 05:00:00,9178,3039,1005,1,1,103,1006,3,4010,2025-08-21 10:00:00,2025-08-21 21:00:00,2025-08-22 05:00:00,13.049085,77.444664,Two persons riding a black motorcycle snatched a gold chain from a pedestrian near the bus stand and fled.
1955,110033018202601955,202601955,2026-02-23 19:00:00,9069,3018,1003,1,2,104,1007,1,4015,2026-02-23 13:00:00,2026-02-23 14:00:00,2026-02-23 19:00:00,12.892673,77.639794,Unknown miscreants broke open the lock of the house during late night hours and stole gold ornaments and cash.
1956,110053039202501956,202501956,2025-12-13 14:00:00,9138,3039,1005,1,1,102,1003,3,4012,2025-12-13 05:00:00,2025-12-13 14:00:00,2025-12-13 14:00:00,13.044463,77.694788,Unknown miscreants broke open the lock of the house during late night hours and stole gold ornaments and cash.
1957,110053034202501957,202501957,2025-09-12 07:00:00,9046,3034,1005,1,2,102,1003,1,4009,2025-09-10 13:00:00,2025-09-10 15:00:00,2025-09-12 07:00:00,12.936021,77.564895,Complainant reported unauthorized debit transactions from bank account following a fake KYC verification call.
1958,110023016202501958,202501958,2025-03-06 23:00:00,9107,3016,1002,1,2,104,1007,3,4006,2025-03-05 11:00:00,2025-03-05 23:00:00,2025-03-06 23:00:00,12.994502,77.615698,Unknown miscreants broke open the lock of the house during late night hours and stole gold ornaments and cash.
1959,110053039202501959,202501959,2025-02-19 02:00:00,9050,3039,1005,1,2,103,1006,1,4014,2025-02-17 08:00:00,2025-02-17 19:00:00,2025-02-19 02:00:00,12.869048,77.464705,Unknown miscreants broke open the lock of the house during late night hours and stole gold ornaments and cash.
1960,110053039202501960,202501960,2025-11-06 01:00:00,9375,3039,1005,1,1,103,1006,1,4014,2025-11-05 15:00:00,2025-11-05 23:00:00,2025-11-06 01:00:00,12.844405,77.667661,A group of individuals assaulted the victim following a minor road rage incident causing grievous injuries.
1961,110043031202501961,202501961,2025-01-25 04:00:00,9190,3031,1004,1,2,103,1006,2,4002,2025-01-24 16:00:00,2025-01-25 03:00:00,2025-01-25 04:00:00,13.080442,77.457161,Complainant reported unauthorized debit transactions from bank account following a fake KYC verification call.
1962,110043028202501962,202501962,2025-03-17 15:00:00,9325,3028,1004,1,2,101,1002,2,4002,2025-03-15 20:00:00,2025-03-15 22:00:00,2025-03-17 15:00:00,13.100692,77.693584,A group of individuals assaulted the victim following a minor road rage incident causing grievous injuries.
1963,110023014202501963,202501963,2025-03-25 22:00:00,9204,3014,1002,1,1,101,1002,3,4012,2025-03-24 06:00:00,2025-03-24 18:00:00,2025-03-25 22:00:00,12.835443,77.671076,Unknown miscreants broke open the lock of the house during late night hours and stole gold ornaments and cash.
1964,110043030202501964,202501964,2025-10-04 15:00:00,9099,3030,1004,1,1,103,1006,2,4007,2025-10-02 18:00:00,2025-10-03 00:00:00,2025-10-04 15:00:00,12.831631,77.629973,A group of individuals assaulted the victim following a minor road rage incident causing grievous injuries.
1965,110053035202501965,202501965,2025-11-02 02:00:00,9302,3035,1005,1,1,101,1001,2,4006,2025-11-01 06:00:00,2025-11-01 17:00:00,2025-11-02 02:00:00,13.101606,77.71554,A group of individuals assaulted the victim following a minor road rage incident causing grievous injuries.
1966,110033018202501966,202501966,2025-04-26 23:00:00,9171,3018,1003,1,2,104,1007,2,4007,2025-04-26 11:00:00,2025-04-26 17:00:00,2025-04-26 23:00:00,13.108265,77.596802,A group of individuals assaulted the victim following a minor road rage incident causing grievous injuries.
1967,110023013202501967,202501967,2025-06-07 09:00:00,9241,3013,1002,1,1,103,1006,1,4010,2025-06-06 22:00:00,2025-06-07 01:00:00,2025-06-07 09:00:00,13.056067,77.654685,Two persons riding a black motorcycle snatched a gold chain from a pedestrian near the bus stand and fled.
1968,110033017202501968,202501968,2025-01-20 23:00:00,9352,3017,1003,1,2,101,1001,1,4005,2025-01-19 06:00:00,2025-01-19 18:00:00,2025-01-20 23:00:00,13.091942,77.560034,"Accused intercepted a commercial vehicle on the highway, threatened the driver with sharp weapons, and looted goods."
1969,110043032202501969,202501969,2025-09-03 03:00:00,9228,3032,1004,1,1,102,1003,1,4005,2025-09-01 14:00:00,2025-09-01 19:00:00,2025-09-03 03:00:00,13.064477,77.683105,Two persons riding a black motorcycle snatched a gold chain from a pedestrian near the bus stand and fled.
1970,110043029202501970,202501970,2025-10-20 20:00:00,9164,3029,1004,1,1,102,1004,1,4004,2025-10-20 05:00:00,2025-10-20 14:00:00,2025-10-20 20:00:00,13.065397,77.488265,Unknown miscreants broke open the lock of the house during late night hours and stole gold ornaments and cash.
1971,110033024202501971,202501971,2025-05-27 02:00:00,9181,3024,1003,1,1,103,1005,1,4008,2025-05-26 01:00:00,2025-05-26 06:00:00,2025-05-27 02:00:00,13.011322,77.486072,"Accused intercepted a commercial vehicle on the highway, threatened the driver with sharp weapons, and looted goods."
1972,110013008202501972,202501972,2025-08-01 12:00:00,9068,3008,1001,1,2,101,1002,1,4001,2025-07-31 13:00:00,2025-07-31 21:00:00,2025-08-01 12:00:00,13.116532,77.676385,Two persons riding a black motorcycle snatched a gold chain from a pedestrian near the bus stand and fled.
1973,110023012202501973,202501973,2025-06-02 09:00:00,9306,3012,1002,1,1,103,1005,3,4001,2025-06-01 14:00:00,2025-06-02 00:00:00,2025-06-02 09:00:00,13.04191,77.453133,Complainant reported unauthorized debit transactions from bank account following a fake KYC verification call.
1974,110033017202501974,202501974,2025-02-08 20:00:00,9335,3017,1003,1,2,103,1006,3,4011,2025-02-07 10:00:00,2025-02-07 17:00:00,2025-02-08 20:00:00,13.082793,77.484071,Two persons riding a black motorcycle snatched a gold chain from a pedestrian near the bus stand and fled.
1975,110033021202501975,202501975,2025-05-06 08:00:00,9263,3021,1003,1,1,103,1006,1,4011,2025-05-05 19:00:00,2025-05-06 07:00:00,2025-05-06 08:00:00,13.087269,77.644596,Complainant reported unauthorized debit transactions from bank account following a fake KYC verification call.
1976,110033021202501976,202501976,2025-11-17 06:00:00,9333,3021,1003,1,1,101,1001,3,4010,2025-11-15 07:00:00,2025-11-15 16:00:00,2025-11-17 06:00:00,12.831584,77.51119,Complainant reported unauthorized debit transactions from bank account following a fake KYC verification call.
1977,110013004202501977,202501977,2025-12-28 18:00:00,9276,3004,1001,1,2,104,1007,3,4014,2025-12-28 05:00:00,2025-12-28 09:00:00,2025-12-28 18:00:00,12.92008,77.637475,Complainant reported unauthorized debit transactions from bank account following a fake KYC verification call.
1978,110033024202501978,202501978,2025-04-15 05:00:00,9221,3024,1003,1,2,102,1003,1,4007,2025-04-13 13:00:00,2025-04-13 20:00:00,2025-04-15 05:00:00,12.852961,77.494898,Two persons riding a black motorcycle snatched a gold chain from a pedestrian near the bus stand and fled.
1979,110043031202501979,202501979,2025-03-06 08:00:00,9266,3031,1004,1,1,103,1006,2,4008,2025-03-06 02:00:00,2025-03-06 14:00:00,2025-03-06 08:00:00,13.060128,77.474804,Complainant reported unauthorized debit transactions from bank account following a fake KYC verification call.
1980,110053034202601980,202601980,2026-02-22 18:00:00,9386,3034,1005,1,2,102,1003,1,4004,2026-02-21 06:00:00,2026-02-21 07:00:00,2026-02-22 18:00:00,12.947918,77.528673,Complainant reported unauthorized debit transactions from bank account following a fake KYC verification call.
1981,110043030202501981,202501981,2025-04-24 05:00:00,9240,3030,1004,1,1,104,1007,3,4009,2025-04-22 08:00:00,2025-04-22 19:00:00,2025-04-24 05:00:00,12.946803,77.609976,Unknown miscreants broke open the lock of the house during late night hours and stole gold ornaments and cash.
1982,110023009202501982,202501982,2025-11-06 04:00:00,9150,3009,1002,1,1,101,1001,3,4005,2025-11-05 15:00:00,2025-11-05 20:00:00,2025-11-06 04:00:00,12.921059,77.644884,A group of individuals assaulted the victim following a minor road rage incident causing grievous injuries.
1983,110013007202501983,202501983,2025-04-10 01:00:00,9124,3007,1001,1,1,101,1001,3,4008,2025-04-08 05:00:00,2025-04-08 15:00:00,2025-04-10 01:00:00,12.987591,77.668366,Two persons riding a black motorcycle snatched a gold chain from a pedestrian near the bus stand and fled.
1984,110013007202601984,202601984,2026-01-08 01:00:00,9325,3007,1001,1,2,104,1007,3,4012,2026-01-07 08:00:00,2026-01-07 12:00:00,2026-01-08 01:00:00,13.072157,77.48259,Unknown miscreants broke open the lock of the house during late night hours and stole gold ornaments and cash.
1985,110033021202501985,202501985,2025-07-12 01:00:00,9318,3021,1003,1,1,101,1002,3,4014,2025-07-11 02:00:00,2025-07-11 03:00:00,2025-07-12 01:00:00,13.084776,77.656256,"Accused intercepted a commercial vehicle on the highway, threatened the driver with sharp weapons, and looted goods."
1986,110013002202501986,202501986,2025-06-05 22:00:00,9238,3002,1001,1,1,101,1002,1,4001,2025-06-04 08:00:00,2025-06-04 12:00:00,2025-06-05 22:00:00,13.010154,77.606973,Complainant reported unauthorized debit transactions from bank account following a fake KYC verification call.
1987,110033019202501987,202501987,2025-02-20 14:00:00,9245,3019,1003,1,2,102,1003,3,4003,2025-02-19 07:00:00,2025-02-19 08:00:00,2025-02-20 14:00:00,12.859712,77.496948,A group of individuals assaulted the victim following a minor road rage incident causing grievous injuries.
1988,110013008202501988,202501988,2025-08-13 18:00:00,9214,3008,1001,1,2,103,1005,2,4001,2025-08-12 17:00:00,2025-08-12 23:00:00,2025-08-13 18:00:00,13.119381,77.728429,Two persons riding a black motorcycle snatched a gold chain from a pedestrian near the bus stand and fled.
1989,110013008202501989,202501989,2025-06-08 02:00:00,9013,3008,1001,1,2,103,1005,2,4003,2025-06-07 06:00:00,2025-06-07 17:00:00,2025-06-08 02:00:00,12.974959,77.737019,Unknown miscreants broke open the lock of the house during late night hours and stole gold ornaments and cash.
1990,110053034202601990,202601990,2026-03-21 10:00:00,9261,3034,1005,1,2,103,1005,3,4007,2026-03-20 05:00:00,2026-03-20 11:00:00,2026-03-21 10:00:00,12.989817,77.511711,Two persons riding a black motorcycle snatched a gold chain from a pedestrian near the bus stand and fled.
1991,110033024202501991,202501991,2025-04-22 16:00:00,9021,3024,1003,1,1,104,1007,3,4015,2025-04-21 21:00:00,2025-04-22 05:00:00,2025-04-22 16:00:00,12.981388,77.451533,Complainant reported unauthorized debit transactions from bank account following a fake KYC verification call.
1992,110053034202501992,202501992,2025-01-12 01:00:00,9359,3034,1005,1,1,101,1002,2,4011,2025-01-10 11:00:00,2025-01-10 16:00:00,2025-01-12 01:00:00,13.053731,77.536261,Two persons riding a black motorcycle snatched a gold chain from a pedestrian near the bus stand and fled.
1993,110053033202501993,202501993,2025-10-17 09:00:00,9060,3033,1005,1,2,104,1007,1,4002,2025-10-16 15:00:00,2025-10-16 17:00:00,2025-10-17 09:00:00,13.007952,77.738409,Complainant reported unauthorized debit transactions from bank account following a fake KYC verification call.
1994,110013007202501994,202501994,2025-03-30 16:00:00,9179,3007,1001,1,2,101,1002,1,4014,2025-03-29 18:00:00,2025-03-30 01:00:00,2025-03-30 16:00:00,12.90901,77.660133,Unknown miscreants broke open the lock of the house during late night hours and stole gold ornaments and cash.
1995,110043026202501995,202501995,2025-08-12 21:00:00,9065,3026,1004,1,2,102,1003,1,4005,2025-08-12 11:00:00,2025-08-12 22:00:00,2025-08-12 21:00:00,12.913304,77.653775,Unknown miscreants broke open the lock of the house during late night hours and stole gold ornaments and cash.
1996,110023013202501996,202501996,2025-03-23 11:00:00,9199,3013,1002,1,1,103,1005,2,4009,2025-03-22 02:00:00,2025-03-22 05:00:00,2025-03-23 11:00:00,13.041463,77.637914,A group of individuals assaulted the victim following a minor road rage incident causing grievous injuries.
1997,110043028202601997,202601997,2026-03-21 20:00:00,9099,3028,1004,1,2,104,1007,1,4010,2026-03-20 20:00:00,2026-03-21 07:00:00,2026-03-21 20:00:00,12.878972,77.643342,Two persons riding a black motorcycle snatched a gold chain from a pedestrian near the bus stand and fled.
1998,110033022202501998,202501998,2025-09-24 23:00:00,9177,3022,1003,1,2,101,1001,2,4006,2025-09-23 21:00:00,2025-09-23 23:00:00,2025-09-24 23:00:00,12.95491,77.66261,"Accused intercepted a commercial vehicle on the highway, threatened the driver with sharp weapons, and looted goods."
1999,110013004202501999,202501999,2025-06-10 00:00:00,9110,3004,1001,1,2,104,1007,2,4005,2025-06-09 20:00:00,2025-06-10 06:00:00,2025-06-10 00:00:00,13.054577,77.587147,A group of individuals assaulted the victim following a minor road rage incident causing grievous injuries.
2000,110013001202502000,202502000,2025-10-20 18:00:00,9185,3001,1001,1,1,103,1006,2,4007,2025-10-20 10:00:00,2025-10-20 20:00:00,2025-10-20 18:00:00,12.934034,77.702161,Two persons riding a black motorcycle snatched a gold chain from a pedestrian near the bus stand and fled.
2001,110023014202602001,202602001,2026-01-08 19:00:00,9320,3014,1002,1,2,104,1007,3,4008,2026-01-08 16:00:00,2026-01-08 21:00:00,2026-01-08 19:00:00,13.09427,77.498634,Unknown miscreants broke open the lock of the house during late night hours and stole gold ornaments and cash.
2002,110053033202602002,202602002,2026-03-29 20:00:00,9016,3033,1005,1,1,104,1007,1,4015,2026-03-28 17:00:00,2026-03-29 01:00:00,2026-03-29 20:00:00,12.839166,77.569296,Two persons riding a black motorcycle snatched a gold chain from a pedestrian near the bus stand and fled.
2003,110033022202602003,202602003,2026-02-07 07:00:00,9220,3022,1003,1,1,101,1001,1,4004,2026-02-06 16:00:00,2026-02-06 18:00:00,2026-02-07 07:00:00,13.104615,77.661244,Unknown miscreants broke open the lock of the house during late night hours and stole gold ornaments and cash.
2004,110053034202502004,202502004,2025-09-13 08:00:00,9080,3034,1005,1,2,104,1007,3,4012,2025-09-12 22:00:00,2025-09-13 09:00:00,2025-09-13 08:00:00,13.047521,77.628881,Unknown miscreants broke open the lock of the house during late night hours and stole gold ornaments and cash.
2005,110023013202602005,202602005,2026-03-23 17:00:00,9007,3013,1002,1,1,102,1003,2,4010,2026-03-22 14:00:00,2026-03-23 00:00:00,2026-03-23 17:00:00,13.078876,77.550184,Unknown miscreants broke open the lock of the house during late night hours and stole gold ornaments and cash.
2006,110033019202502006,202502006,2025-03-25 07:00:00,9266,3019,1003,1,2,102,1004,3,4002,2025-03-24 23:00:00,2025-03-25 06:00:00,2025-03-25 07:00:00,12.844093,77.559196,A group of individuals assaulted the victim following a minor road rage incident causing grievous injuries.
2007,110033023202502007,202502007,2025-09-12 08:00:00,9378,3023,1003,1,1,104,1007,3,4001,2025-09-10 18:00:00,2025-09-10 19:00:00,2025-09-12 08:00:00,12.956715,77.634727,Unknown miscreants broke open the lock of the house during late night hours and stole gold ornaments and cash.
2008,110043031202502008,202502008,2025-04-21 21:00:00,9027,3031,1004,1,2,104,1007,3,4014,2025-04-20 11:00:00,2025-04-20 20:00:00,2025-04-21 21:00:00,12.966124,77.734421,Complainant reported unauthorized debit transactions from bank account following a fake KYC verification call.
2009,110023016202502009,202502009,2025-02-25 16:00:00,9273,3016,1002,1,2,103,1006,3,4012,2025-02-24 12:00:00,2025-02-24 13:00:00,2025-02-25 16:00:00,13.056413,77.707233,Unknown miscreants broke open the lock of the house during late night hours and stole gold ornaments and cash.
2010,110043026202502010,202502010,2025-04-15 21:00:00,9020,3026,1004,1,2,101,1001,1,4003,2025-04-15 15:00:00,2025-04-16 01:00:00,2025-04-15 21:00:00,13.04996,77.724458,Complainant reported unauthorized debit transactions from bank account following a fake KYC verification call.
2011,110013002202502011,202502011,2025-11-03 06:00:00,9081,3002,1001,1,2,102,1003,2,4008,2025-11-01 18:00:00,2025-11-02 03:00:00,2025-11-03 06:00:00,13.009649,77.500274,"Accused intercepted a commercial vehicle on the highway, threatened the driver with sharp weapons, and looted goods."
2012,110033021202502012,202502012,2025-03-14 12:00:00,9100,3021,1003,1,2,103,1006,1,4004,2025-03-12 17:00:00,2025-03-13 02:00:00,2025-03-14 12:00:00,13.019377,77.509936,Two persons riding a black motorcycle snatched a gold chain from a pedestrian near the bus stand and fled.
2013,110043027202502013,202502013,2025-11-17 13:00:00,9345,3027,1004,1,2,101,1001,3,4009,2025-11-15 17:00:00,2025-11-15 19:00:00,2025-11-17 13:00:00,12.943132,77.546689,Unknown miscreants broke open the lock of the house during late night hours and stole gold ornaments and cash.
2014,110023013202502014,202502014,2025-02-02 13:00:00,9315,3013,1002,1,2,104,1007,2,4001,2025-01-31 22:00:00,2025-02-01 03:00:00,2025-02-02 13:00:00,13.074779,77.72656,Complainant reported unauthorized debit transactions from bank account following a fake KYC verification call.
2015,110013008202502015,202502015,2025-05-09 14:00:00,9338,3008,1001,1,1,104,1007,3,4012,2025-05-09 02:00:00,2025-05-09 03:00:00,2025-05-09 14:00:00,13.007361,77.703976,Two persons riding a black motorcycle snatched a gold chain from a pedestrian near the bus stand and fled.
2016,110053034202502016,202502016,2025-01-12 19:00:00,9323,3034,1005,1,1,103,1006,2,4003,2025-01-11 05:00:00,2025-01-11 16:00:00,2025-01-12 19:00:00,12.873076,77.692003,"Accused intercepted a commercial vehicle on the highway, threatened the driver with sharp weapons, and looted goods."
2017,110043025202502017,202502017,2025-03-10 17:00:00,9358,3025,1004,1,1,102,1004,2,4010,2025-03-10 08:00:00,2025-03-10 19:00:00,2025-03-10 17:00:00,12.942064,77.650895,Complainant reported unauthorized debit transactions from bank account following a fake KYC verification call.
2018,110013003202502018,202502018,2025-05-16 23:00:00,9090,3003,1001,1,2,103,1006,3,4005,2025-05-16 00:00:00,2025-05-16 09:00:00,2025-05-16 23:00:00,13.079682,77.706769,"Accused intercepted a commercial vehicle on the highway, threatened the driver with sharp weapons, and looted goods."
2019,110023014202502019,202502019,2025-03-16 22:00:00,9122,3014,1002,1,2,102,1003,2,4011,2025-03-15 04:00:00,2025-03-15 08:00:00,2025-03-16 22:00:00,12.833097,77.677937,Complainant reported unauthorized debit transactions from bank account following a fake KYC verification call.
2020,110053040202502020,202502020,2025-03-18 20:00:00,9287,3040,1005,1,2,101,1001,2,4012,2025-03-16 23:00:00,2025-03-17 11:00:00,2025-03-18 20:00:00,13.018165,77.655825,Unknown miscreants broke open the lock of the house during late night hours and stole gold ornaments and cash.
2021,110043030202502021,202502021,2025-11-16 10:00:00,9287,3030,1004,1,1,101,1001,3,4012,2025-11-15 19:00:00,2025-11-16 01:00:00,2025-11-16 10:00:00,12.847901,77.666192,A group of individuals assaulted the victim following a minor road rage incident causing grievous injuries.
2022,110033021202502022,202502022,2025-04-01 08:00:00,9077,3021,1003,1,1,103,1006,2,4009,2025-03-31 05:00:00,2025-03-31 11:00:00,2025-04-01 08:00:00,12.94142,77.476443,Two persons riding a black motorcycle snatched a gold chain from a pedestrian near the bus stand and fled.
2023,110013001202502023,202502023,2025-07-12 18:00:00,9105,3001,1001,1,1,102,1004,2,4006,2025-07-12 04:00:00,2025-07-12 16:00:00,2025-07-12 18:00:00,13.094222,77.56311,Two persons riding a black motorcycle snatched a gold chain from a pedestrian near the bus stand and fled.
2024,110043030202502024,202502024,2025-09-13 21:00:00,9017,3030,1004,1,2,103,1006,1,4009,2025-09-12 12:00:00,2025-09-12 23:00:00,2025-09-13 21:00:00,12.87113,77.534485,"Accused intercepted a commercial vehicle on the highway, threatened the driver with sharp weapons, and looted goods."
2025,110023011202502025,202502025,2025-09-04 07:00:00,9347,3011,1002,1,2,103,1005,1,4010,2025-09-03 22:00:00,2025-09-04 03:00:00,2025-09-04 07:00:00,12.969811,77.623764,Complainant reported unauthorized debit transactions from bank account following a fake KYC verification call.
2026,110013005202502026,202502026,2025-09-13 16:00:00,9144,3005,1001,1,2,104,1007,3,4004,2025-09-12 07:00:00,2025-09-12 14:00:00,2025-09-13 16:00:00,13.070881,77.446055,A group of individuals assaulted the victim following a minor road rage incident causing grievous injuries.
2027,110013007202502027,202502027,2025-11-13 21:00:00,9094,3007,1001,1,1,102,1004,2,4007,2025-11-12 21:00:00,2025-11-12 22:00:00,2025-11-13 21:00:00,12.956272,77.627087,Unknown miscreants broke open the lock of the house during late night hours and stole gold ornaments and cash.
2028,110033019202502028,202502028,2025-03-08 00:00:00,9264,3019,1003,1,1,102,1003,1,4015,2025-03-06 02:00:00,2025-03-06 11:00:00,2025-03-08 00:00:00,13.014565,77.558549,Complainant reported unauthorized debit transactions from bank account following a fake KYC verification call.
2029,110053036202502029,202502029,2025-07-12 04:00:00,9023,3036,1005,1,2,101,1001,3,4002,2025-07-11 15:00:00,2025-07-11 22:00:00,2025-07-12 04:00:00,13.015863,77.617945,A group of individuals assaulted the victim following a minor road rage incident causing grievous injuries.
2030,110023016202602030,202602030,2026-01-21 20:00:00,9172,3016,1002,1,2,102,1004,1,4008,2026-01-20 09:00:00,2026-01-20 15:00:00,2026-01-21 20:00:00,12.966006,77.576231,A group of individuals assaulted the victim following a minor road rage incident causing grievous injuries.
2031,110053036202502031,202502031,2025-05-06 08:00:00,9379,3036,1005,1,1,103,1005,1,4004,2025-05-05 08:00:00,2025-05-05 10:00:00,2025-05-06 08:00:00,12.963833,77.717387,"Accused intercepted a commercial vehicle on the highway, threatened the driver with sharp weapons, and looted goods."
2032,110023010202502032,202502032,2025-04-11 23:00:00,9298,3010,1002,1,1,102,1004,2,4010,2025-04-11 05:00:00,2025-04-11 08:00:00,2025-04-11 23:00:00,12.890782,77.641527,Unknown miscreants broke open the lock of the house during late night hours and stole gold ornaments and cash.
2033,110013001202502033,202502033,2025-07-30 17:00:00,9122,3001,1001,1,2,104,1007,2,4014,2025-07-28 22:00:00,2025-07-28 23:00:00,2025-07-30 17:00:00,12.93303,77.504983,Complainant reported unauthorized debit transactions from bank account following a fake KYC verification call.
2034,110053037202502034,202502034,2025-08-06 18:00:00,9394,3037,1005,1,1,101,1002,1,4003,2025-08-06 13:00:00,2025-08-06 22:00:00,2025-08-06 18:00:00,13.094862,77.486543,Complainant reported unauthorized debit transactions from bank account following a fake KYC verification call.
2035,110033022202502035,202502035,2025-03-23 21:00:00,9244,3022,1003,1,2,102,1004,1,4008,2025-03-23 15:00:00,2025-03-24 03:00:00,2025-03-23 21:00:00,12.831909,77.450552,Complainant reported unauthorized debit transactions from bank account following a fake KYC verification call.
2036,110023014202602036,202602036,2026-03-16 17:00:00,9131,3014,1002,1,1,102,1003,3,4013,2026-03-15 22:00:00,2026-03-16 06:00:00,2026-03-16 17:00:00,12.922687,77.621925,A group of individuals assaulted the victim following a minor road rage incident causing grievous injuries.
2037,110043032202502037,202502037,2025-04-14 16:00:00,9159,3032,1004,1,1,101,1001,1,4009,2025-04-13 23:00:00,2025-04-14 08:00:00,2025-04-14 16:00:00,12.96652,77.675697,Two persons riding a black motorcycle snatched a gold chain from a pedestrian near the bus stand and fled.
2038,110053033202502038,202502038,2025-01-02 22:00:00,9093,3033,1005,1,2,102,1003,2,4008,2025-01-01 22:00:00,2025-01-02 05:00:00,2025-01-02 22:00:00,13.08871,77.728841,"Accused intercepted a commercial vehicle on the highway, threatened the driver with sharp weapons, and looted goods."
2039,110013004202502039,202502039,2025-08-20 11:00:00,9045,3004,1001,1,1,101,1001,3,4015,2025-08-18 15:00:00,2025-08-18 16:00:00,2025-08-20 11:00:00,13.009318,77.698416,A group of individuals assaulted the victim following a minor road rage incident causing grievous injuries.
2040,110033019202502040,202502040,2025-12-22 20:00:00,9123,3019,1003,1,1,102,1004,1,4008,2025-12-21 18:00:00,2025-12-21 22:00:00,2025-12-22 20:00:00,13.038642,77.56743,Two persons riding a black motorcycle snatched a gold chain from a pedestrian near the bus stand and fled.
2041,110023010202502041,202502041,2025-03-21 01:00:00,9252,3010,1002,1,1,101,1002,2,4005,2025-03-20 06:00:00,2025-03-20 10:00:00,2025-03-21 01:00:00,12.862987,77.682886,A group of individuals assaulted the victim following a minor road rage incident causing grievous injuries.
2042,110023015202502042,202502042,2025-08-19 13:00:00,9116,3015,1002,1,2,104,1007,1,4007,2025-08-17 20:00:00,2025-08-17 22:00:00,2025-08-19 13:00:00,13.110212,77.480824,Two persons riding a black motorcycle snatched a gold chain from a pedestrian near the bus stand and fled.
2043,110013008202502043,202502043,2025-08-05 19:00:00,9098,3008,1001,1,2,103,1006,1,4011,2025-08-05 00:00:00,2025-08-05 12:00:00,2025-08-05 19:00:00,12.848913,77.67794,Complainant reported unauthorized debit transactions from bank account following a fake KYC verification call.
2044,110013001202502044,202502044,2025-03-13 04:00:00,9257,3001,1001,1,2,101,1002,2,4006,2025-03-11 11:00:00,2025-03-11 23:00:00,2025-03-13 04:00:00,12.887098,77.561878,"Accused intercepted a commercial vehicle on the highway, threatened the driver with sharp weapons, and looted goods."
2045,110053038202502045,202502045,2025-03-16 00:00:00,9394,3038,1005,1,1,102,1004,3,4006,2025-03-15 07:00:00,2025-03-15 14:00:00,2025-03-16 00:00:00,12.924009,77.601885,Two persons riding a black motorcycle snatched a gold chain from a pedestrian near the bus stand and fled.
2046,110043026202602046,202602046,2026-02-27 03:00:00,9214,3026,1004,1,1,104,1007,1,4014,2026-02-26 00:00:00,2026-02-26 04:00:00,2026-02-27 03:00:00,13.006741,77.654469,Unknown miscreants broke open the lock of the house during late night hours and stole gold ornaments and cash.
2047,110013001202502047,202502047,2025-06-14 13:00:00,9145,3001,1001,1,1,103,1006,3,4006,2025-06-14 10:00:00,2025-06-14 21:00:00,2025-06-14 13:00:00,13.058389,77.672981,A group of individuals assaulted the victim following a minor road rage incident causing grievous injuries.
2048,110013003202502048,202502048,2025-03-05 11:00:00,9164,3003,1001,1,2,104,1007,1,4011,2025-03-03 23:00:00,2025-03-04 05:00:00,2025-03-05 11:00:00,12.958643,77.448614,"Accused intercepted a commercial vehicle on the highway, threatened the driver with sharp weapons, and looted goods."
2049,110053039202602049,202602049,2026-01-19 04:00:00,9062,3039,1005,1,1,104,1007,3,4009,2026-01-18 21:00:00,2026-01-19 02:00:00,2026-01-19 04:00:00,13.086852,77.669928,Two persons riding a black motorcycle snatched a gold chain from a pedestrian near the bus stand and fled.
2050,110013006202502050,202502050,2025-03-05 19:00:00,9301,3006,1001,1,1,102,1004,2,4003,2025-03-05 04:00:00,2025-03-05 14:00:00,2025-03-05 19:00:00,12.95391,77.665701,"Accused intercepted a commercial vehicle on the highway, threatened the driver with sharp weapons, and looted goods."
2051,110033018202502051,202502051,2025-01-08 05:00:00,9131,3018,1003,1,2,103,1006,1,4007,2025-01-07 20:00:00,2025-01-08 03:00:00,2025-01-08 05:00:00,12.846546,77.70816,"Accused intercepted a commercial vehicle on the highway, threatened the driver with sharp weapons, and looted goods."
2052,110013008202502052,202502052,2025-02-17 19:00:00,9231,3008,1001,1,1,104,1007,3,4002,2025-02-17 15:00:00,2025-02-17 16:00:00,2025-02-17 19:00:00,12.941105,77.701851,Two persons riding a black motorcycle snatched a gold chain from a pedestrian near the bus stand and fled.
2053,110013006202502053,202502053,2025-07-11 03:00:00,9246,3006,1001,1,1,101,1001,3,4008,2025-07-10 18:00:00,2025-07-10 20:00:00,2025-07-11 03:00:00,12.997179,77.671628,"Accused intercepted a commercial vehicle on the highway, threatened the driver with sharp weapons, and looted goods."
2054,110023010202602054,202602054,2026-01-21 12:00:00,9046,3010,1002,1,1,102,1004,3,4009,2026-01-20 03:00:00,2026-01-20 11:00:00,2026-01-21 12:00:00,12.869438,77.496168,Unknown miscreants broke open the lock of the house during late night hours and stole gold ornaments and cash.
2055,110053033202602055,202602055,2026-01-10 11:00:00,9049,3033,1005,1,1,104,1007,3,4012,2026-01-09 10:00:00,2026-01-09 18:00:00,2026-01-10 11:00:00,13.033405,77.656574,Two persons riding a black motorcycle snatched a gold chain from a pedestrian near the bus stand and fled.
2056,110043027202602056,202602056,2026-01-18 11:00:00,9195,3027,1004,1,2,101,1002,2,4001,2026-01-17 12:00:00,2026-01-17 20:00:00,2026-01-18 11:00:00,12.824795,77.737658,Complainant reported unauthorized debit transactions from bank account following a fake KYC verification call.
2057,110013001202502057,202502057,2025-09-09 19:00:00,9373,3001,1001,1,1,103,1005,3,4014,2025-09-08 01:00:00,2025-09-08 07:00:00,2025-09-09 19:00:00,13.08835,77.735139,Two persons riding a black motorcycle snatched a gold chain from a pedestrian near the bus stand and fled.
2058,110013008202502058,202502058,2025-05-28 19:00:00,9395,3008,1001,1,2,103,1005,3,4012,2025-05-28 15:00:00,2025-05-29 02:00:00,2025-05-28 19:00:00,13.044207,77.475965,Two persons riding a black motorcycle snatched a gold chain from a pedestrian near the bus stand and fled.
2059,110033024202602059,202602059,2026-03-24 11:00:00,9076,3024,1003,1,1,102,1004,2,4005,2026-03-23 14:00:00,2026-03-23 22:00:00,2026-03-24 11:00:00,12.956587,77.652174,Two persons riding a black motorcycle snatched a gold chain from a pedestrian near the bus stand and fled.
2060,110053036202502060,202502060,2025-12-13 10:00:00,9286,3036,1005,1,2,104,1007,2,4005,2025-12-12 15:00:00,2025-12-13 01:00:00,2025-12-13 10:00:00,13.004694,77.448728,Unknown miscreants broke open the lock of the house during late night hours and stole gold ornaments and cash.
2061,110013002202602061,202602061,2026-03-07 08:00:00,9188,3002,1001,1,1,102,1004,3,4002,2026-03-07 01:00:00,2026-03-07 10:00:00,2026-03-07 08:00:00,12.940332,77.611088,Two persons riding a black motorcycle snatched a gold chain from a pedestrian near the bus stand and fled.
2062,110043031202602062,202602062,2026-02-23 09:00:00,9133,3031,1004,1,1,101,1002,3,4005,2026-02-22 18:00:00,2026-02-22 23:00:00,2026-02-23 09:00:00,13.036032,77.604435,A group of individuals assaulted the victim following a minor road rage incident causing grievous injuries.
2063,110033018202502063,202502063,2025-01-17 13:00:00,9397,3018,1003,1,2,102,1004,2,4010,2025-01-15 14:00:00,2025-01-15 16:00:00,2025-01-17 13:00:00,12.963944,77.578403,"Accused intercepted a commercial vehicle on the highway, threatened the driver with sharp weapons, and looted goods."
2064,110033022202502064,202502064,2025-10-12 14:00:00,9146,3022,1003,1,1,103,1005,2,4001,2025-10-11 14:00:00,2025-10-11 23:00:00,2025-10-12 14:00:00,13.053799,77.641814,Two persons riding a black motorcycle snatched a gold chain from a pedestrian near the bus stand and fled.
2065,110023010202502065,202502065,2025-07-20 00:00:00,9127,3010,1002,1,2,103,1006,2,4004,2025-07-19 19:00:00,2025-07-20 03:00:00,2025-07-20 00:00:00,12.891396,77.489706,Two persons riding a black motorcycle snatched a gold chain from a pedestrian near the bus stand and fled.
2066,110033024202502066,202502066,2025-01-17 05:00:00,9029,3024,1003,1,1,102,1003,2,4008,2025-01-15 16:00:00,2025-01-15 20:00:00,2025-01-17 05:00:00,12.978921,77.573543,"Accused intercepted a commercial vehicle on the highway, threatened the driver with sharp weapons, and looted goods."
2067,110013008202502067,202502067,2025-07-11 09:00:00,9193,3008,1001,1,2,101,1001,1,4008,2025-07-09 19:00:00,2025-07-10 03:00:00,2025-07-11 09:00:00,12.967697,77.500622,Unknown miscreants broke open the lock of the house during late night hours and stole gold ornaments and cash.
2068,110023010202502068,202502068,2025-11-15 05:00:00,9380,3010,1002,1,1,102,1004,3,4008,2025-11-13 13:00:00,2025-11-13 19:00:00,2025-11-15 05:00:00,13.106861,77.635636,Two persons riding a black motorcycle snatched a gold chain from a pedestrian near the bus stand and fled.
2069,110023014202502069,202502069,2025-11-26 03:00:00,9341,3014,1002,1,1,102,1003,1,4012,2025-11-24 21:00:00,2025-11-24 23:00:00,2025-11-26 03:00:00,12.836151,77.742561,"Accused intercepted a commercial vehicle on the highway, threatened the driver with sharp weapons, and looted goods."
2070,110043032202502070,202502070,2025-11-05 20:00:00,9146,3032,1004,1,1,103,1006,2,4011,2025-11-05 04:00:00,2025-11-05 05:00:00,2025-11-05 20:00:00,12.987634,77.66998,Two persons riding a black motorcycle snatched a gold chain from a pedestrian near the bus stand and fled.
2071,110043028202502071,202502071,2025-07-21 07:00:00,9060,3028,1004,1,2,102,1004,2,4014,2025-07-20 11:00:00,2025-07-20 14:00:00,2025-07-21 07:00:00,13.086595,77.718239,Complainant reported unauthorized debit transactions from bank account following a fake KYC verification call.
2072,110033019202502072,202502072,2025-10-16 05:00:00,9278,3019,1003,1,1,103,1005,3,4011,2025-10-14 13:00:00,2025-10-15 00:00:00,2025-10-16 05:00:00,13.097316,77.501515,"Accused intercepted a commercial vehicle on the highway, threatened the driver with sharp weapons, and looted goods."
2073,110053036202502073,202502073,2025-01-14 00:00:00,9134,3036,1005,1,2,101,1002,1,4010,2025-01-12 12:00:00,2025-01-12 13:00:00,2025-01-14 00:00:00,12.975504,77.561908,"Accused intercepted a commercial vehicle on the highway, threatened the driver with sharp weapons, and looted goods."
2074,110043032202502074,202502074,2025-08-25 03:00:00,9171,3032,1004,1,1,103,1005,3,4007,2025-08-24 10:00:00,2025-08-24 17:00:00,2025-08-25 03:00:00,13.043744,77.498522,Two persons riding a black motorcycle snatched a gold chain from a pedestrian near the bus stand and fled.
2075,110053035202602075,202602075,2026-03-17 01:00:00,9071,3035,1005,1,1,102,1003,1,4005,2026-03-15 20:00:00,2026-03-15 23:00:00,2026-03-17 01:00:00,12.847302,77.613271,Two persons riding a black motorcycle snatched a gold chain from a pedestrian near the bus stand and fled.
2076,110023013202502076,202502076,2025-03-20 21:00:00,9295,3013,1002,1,2,102,1003,3,4014,2025-03-19 21:00:00,2025-03-20 02:00:00,2025-03-20 21:00:00,13.070326,77.688837,A group of individuals assaulted the victim following a minor road rage incident causing grievous injuries.
2077,110033018202502077,202502077,2025-11-17 16:00:00,9051,3018,1003,1,1,102,1003,3,4009,2025-11-17 07:00:00,2025-11-17 15:00:00,2025-11-17 16:00:00,12.874106,77.486157,"Accused intercepted a commercial vehicle on the highway, threatened the driver with sharp weapons, and looted goods."
2078,110053038202502078,202502078,2025-07-03 01:00:00,9139,3038,1005,1,1,104,1007,1,4001,2025-07-02 12:00:00,2025-07-02 15:00:00,2025-07-03 01:00:00,13.017802,77.628474,"Accused intercepted a commercial vehicle on the highway, threatened the driver with sharp weapons, and looted goods."
2079,110043026202602079,202602079,2026-03-15 14:00:00,9301,3026,1004,1,2,103,1005,2,4009,2026-03-15 07:00:00,2026-03-15 13:00:00,2026-03-15 14:00:00,12.847287,77.709374,Unknown miscreants broke open the lock of the house during late night hours and stole gold ornaments and cash.
2080,110033017202502080,202502080,2025-02-09 00:00:00,9291,3017,1003,1,1,102,1004,3,4010,2025-02-07 21:00:00,2025-02-08 06:00:00,2025-02-09 00:00:00,12.874475,77.529086,A group of individuals assaulted the victim following a minor road rage incident causing grievous injuries.
2081,110023012202502081,202502081,2025-03-30 21:00:00,9338,3012,1002,1,2,104,1007,2,4005,2025-03-30 19:00:00,2025-03-31 02:00:00,2025-03-30 21:00:00,12.876547,77.722991,"Accused intercepted a commercial vehicle on the highway, threatened the driver with sharp weapons, and looted goods."
2082,110053040202502082,202502082,2025-05-30 08:00:00,9347,3040,1005,1,2,102,1003,2,4003,2025-05-30 03:00:00,2025-05-30 07:00:00,2025-05-30 08:00:00,13.031433,77.737347,Two persons riding a black motorcycle snatched a gold chain from a pedestrian near the bus stand and fled.
2083,110033023202502083,202502083,2025-10-09 13:00:00,9055,3023,1003,1,1,101,1001,1,4010,2025-10-09 07:00:00,2025-10-09 15:00:00,2025-10-09 13:00:00,12.931246,77.672358,Two persons riding a black motorcycle snatched a gold chain from a pedestrian near the bus stand and fled.
2084,110053036202502084,202502084,2025-03-31 05:00:00,9076,3036,1005,1,2,101,1002,3,4006,2025-03-30 04:00:00,2025-03-30 06:00:00,2025-03-31 05:00:00,12.87789,77.716119,Unknown miscreants broke open the lock of the house during late night hours and stole gold ornaments and cash.
2085,110013007202502085,202502085,2025-10-13 13:00:00,9014,3007,1001,1,1,104,1007,2,4004,2025-10-12 05:00:00,2025-10-12 06:00:00,2025-10-13 13:00:00,13.007477,77.490877,"Accused intercepted a commercial vehicle on the highway, threatened the driver with sharp weapons, and looted goods."
2086,110033018202502086,202502086,2025-07-30 18:00:00,9337,3018,1003,1,1,101,1001,1,4004,2025-07-29 01:00:00,2025-07-29 06:00:00,2025-07-30 18:00:00,13.013645,77.668411,Complainant reported unauthorized debit transactions from bank account following a fake KYC verification call.
2087,110053035202502087,202502087,2025-05-21 04:00:00,9276,3035,1005,1,1,104,1007,3,4005,2025-05-20 19:00:00,2025-05-20 21:00:00,2025-05-21 04:00:00,12.865885,77.644316,Unknown miscreants broke open the lock of the house during late night hours and stole gold ornaments and cash.
2088,110053038202602088,202602088,2026-03-09 19:00:00,9095,3038,1005,1,2,102,1003,1,4015,2026-03-08 19:00:00,2026-03-09 04:00:00,2026-03-09 19:00:00,13.030525,77.583707,Complainant reported unauthorized debit transactions from bank account following a fake KYC verification call.
2089,110043031202502089,202502089,2025-04-24 05:00:00,9136,3031,1004,1,2,101,1002,3,4001,2025-04-22 20:00:00,2025-04-23 08:00:00,2025-04-24 05:00:00,12.959389,77.619647,A group of individuals assaulted the victim following a minor road rage incident causing grievous injuries.
2090,110043026202602090,202602090,2026-02-17 23:00:00,9025,3026,1004,1,2,101,1001,1,4015,2026-02-17 18:00:00,2026-02-18 02:00:00,2026-02-17 23:00:00,13.080622,77.697131,A group of individuals assaulted the victim following a minor road rage incident causing grievous injuries.
2091,110023016202502091,202502091,2025-01-30 05:00:00,9377,3016,1002,1,1,101,1001,1,4004,2025-01-29 22:00:00,2025-01-30 06:00:00,2025-01-30 05:00:00,12.991541,77.637064,Unknown miscreants broke open the lock of the house during late night hours and stole gold ornaments and cash.
2092,110013006202502092,202502092,2025-12-17 09:00:00,9384,3006,1001,1,1,102,1003,1,4006,2025-12-17 07:00:00,2025-12-17 12:00:00,2025-12-17 09:00:00,12.970136,77.582732,"Accused intercepted a commercial vehicle on the highway, threatened the driver with sharp weapons, and looted goods."
2093,110023010202502093,202502093,2025-08-04 20:00:00,9394,3010,1002,1,2,101,1001,2,4006,2025-08-04 13:00:00,2025-08-04 14:00:00,2025-08-04 20:00:00,12.969989,77.548566,"Accused intercepted a commercial vehicle on the highway, threatened the driver with sharp weapons, and looted goods."
2094,110043031202602094,202602094,2026-01-29 02:00:00,9159,3031,1004,1,1,101,1002,2,4014,2026-01-28 01:00:00,2026-01-28 07:00:00,2026-01-29 02:00:00,13.097758,77.471266,Complainant reported unauthorized debit transactions from bank account following a fake KYC verification call.
2095,110013005202602095,202602095,2026-03-15 13:00:00,9235,3005,1001,1,1,103,1005,3,4015,2026-03-15 00:00:00,2026-03-15 09:00:00,2026-03-15 13:00:00,13.084585,77.6587,Complainant reported unauthorized debit transactions from bank account following a fake KYC verification call.
2096,110043025202502096,202502096,2025-03-25 09:00:00,9211,3025,1004,1,2,102,1003,1,4006,2025-03-25 02:00:00,2025-03-25 09:00:00,2025-03-25 09:00:00,12.993055,77.687617,Two persons riding a black motorcycle snatched a gold chain from a pedestrian near the bus stand and fled.
2097,110053036202602097,202602097,2026-02-12 11:00:00,9150,3036,1005,1,1,104,1007,3,4006,2026-02-11 02:00:00,2026-02-11 14:00:00,2026-02-12 11:00:00,13.079912,77.447845,Unknown miscreants broke open the lock of the house during late night hours and stole gold ornaments and cash.
2098,110053033202602098,202602098,2026-02-20 05:00:00,9398,3033,1005,1,2,104,1007,1,4005,2026-02-18 20:00:00,2026-02-19 08:00:00,2026-02-20 05:00:00,13.119848,77.659773,Two persons riding a black motorcycle snatched a gold chain from a pedestrian near the bus stand and fled.
2099,110013003202502099,202502099,2025-05-02 04:00:00,9266,3003,1001,1,1,103,1005,1,4014,2025-04-30 08:00:00,2025-04-30 16:00:00,2025-05-02 04:00:00,13.080644,77.619097,Two persons riding a black motorcycle snatched a gold chain from a pedestrian near the bus stand and fled.
2100,110023010202602100,202602100,2026-01-08 17:00:00,9172,3010,1002,1,2,103,1005,1,4003,2026-01-08 12:00:00,2026-01-08 22:00:00,2026-01-08 17:00:00,13.120804,77.595208,Two persons riding a black motorcycle snatched a gold chain from a pedestrian near the bus stand and fled.
2101,110033018202502101,202502101,2025-06-11 20:00:00,9351,3018,1003,1,1,104,1007,1,4007,2025-06-11 10:00:00,2025-06-11 14:00:00,2025-06-11 20:00:00,12.908235,77.508458,Complainant reported unauthorized debit transactions from bank account following a fake KYC verification call.
2102,110053033202502102,202502102,2025-03-15 06:00:00,9316,3033,1005,1,1,102,1003,3,4012,2025-03-14 08:00:00,2025-03-14 17:00:00,2025-03-15 06:00:00,12.902231,77.547511,Two persons riding a black motorcycle snatched a gold chain from a pedestrian near the bus stand and fled.
2103,110053035202502103,202502103,2025-06-12 00:00:00,9170,3035,1005,1,1,101,1001,1,4015,2025-06-10 10:00:00,2025-06-10 19:00:00,2025-06-12 00:00:00,12.901473,77.702519,"Accused intercepted a commercial vehicle on the highway, threatened the driver with sharp weapons, and looted goods."
2104,110013008202602104,202602104,2026-01-12 13:00:00,9109,3008,1001,1,2,104,1007,1,4011,2026-01-10 21:00:00,2026-01-11 01:00:00,2026-01-12 13:00:00,12.869976,77.533651,A group of individuals assaulted the victim following a minor road rage incident causing grievous injuries.
2105,110023016202502105,202502105,2025-05-23 11:00:00,9180,3016,1002,1,2,102,1003,2,4006,2025-05-21 16:00:00,2025-05-21 23:00:00,2025-05-23 11:00:00,13.07301,77.485615,Complainant reported unauthorized debit transactions from bank account following a fake KYC verification call.
2106,110013002202502106,202502106,2025-06-11 15:00:00,9259,3002,1001,1,1,101,1002,2,4004,2025-06-09 16:00:00,2025-06-09 18:00:00,2025-06-11 15:00:00,13.063112,77.713599,A group of individuals assaulted the victim following a minor road rage incident causing grievous injuries.
2107,110053040202602107,202602107,2026-03-14 03:00:00,9088,3040,1005,1,1,103,1006,3,4008,2026-03-13 15:00:00,2026-03-13 21:00:00,2026-03-14 03:00:00,12.837919,77.468308,Complainant reported unauthorized debit transactions from bank account following a fake KYC verification call.
2108,110033022202502108,202502108,2025-05-24 02:00:00,9271,3022,1003,1,1,102,1004,1,4005,2025-05-23 17:00:00,2025-05-23 23:00:00,2025-05-24 02:00:00,12.935762,77.531282,Two persons riding a black motorcycle snatched a gold chain from a pedestrian near the bus stand and fled.
2109,110033023202602109,202602109,2026-01-17 16:00:00,9064,3023,1003,1,2,104,1007,1,4001,2026-01-16 02:00:00,2026-01-16 10:00:00,2026-01-17 16:00:00,13.113404,77.581802,A group of individuals assaulted the victim following a minor road rage incident causing grievous injuries.
2110,110033017202502110,202502110,2025-10-29 00:00:00,9148,3017,1003,1,1,103,1005,3,4013,2025-10-27 19:00:00,2025-10-28 05:00:00,2025-10-29 00:00:00,12.85538,77.694285,"Accused intercepted a commercial vehicle on the highway, threatened the driver with sharp weapons, and looted goods."
2111,110033018202602111,202602111,2026-02-24 17:00:00,9099,3018,1003,1,2,102,1004,3,4001,2026-02-23 18:00:00,2026-02-24 00:00:00,2026-02-24 17:00:00,12.852375,77.609221,A group of individuals assaulted the victim following a minor road rage incident causing grievous injuries.
2112,110013005202502112,202502112,2025-03-10 07:00:00,9398,3005,1001,1,1,103,1006,3,4004,2025-03-10 01:00:00,2025-03-10 11:00:00,2025-03-10 07:00:00,13.11929,77.473456,Unknown miscreants broke open the lock of the house during late night hours and stole gold ornaments and cash.
2113,110033018202602113,202602113,2026-02-24 04:00:00,9209,3018,1003,1,1,103,1005,2,4002,2026-02-22 15:00:00,2026-02-23 01:00:00,2026-02-24 04:00:00,13.035596,77.555163,A group of individuals assaulted the victim following a minor road rage incident causing grievous injuries.
2114,110033024202502114,202502114,2025-10-13 04:00:00,9293,3024,1003,1,1,103,1006,2,4014,2025-10-12 23:00:00,2025-10-13 01:00:00,2025-10-13 04:00:00,12.837135,77.478029,"Accused intercepted a commercial vehicle on the highway, threatened the driver with sharp weapons, and looted goods."
2115,110013006202502115,202502115,2025-08-14 14:00:00,9342,3006,1001,1,1,104,1007,2,4004,2025-08-12 14:00:00,2025-08-12 15:00:00,2025-08-14 14:00:00,12.840824,77.540929,A group of individuals assaulted the victim following a minor road rage incident causing grievous injuries.
2116,110023015202602116,202602116,2026-01-11 23:00:00,9063,3015,1002,1,2,101,1001,1,4001,2026-01-10 22:00:00,2026-01-11 09:00:00,2026-01-11 23:00:00,13.005894,77.506911,A group of individuals assaulted the victim following a minor road rage incident causing grievous injuries.
2117,110043025202502117,202502117,2025-11-23 16:00:00,9113,3025,1004,1,1,104,1007,1,4006,2025-11-21 22:00:00,2025-11-22 07:00:00,2025-11-23 16:00:00,12.921694,77.669907,Unknown miscreants broke open the lock of the house during late night hours and stole gold ornaments and cash.
2118,110043031202502118,202502118,2025-03-03 21:00:00,9144,3031,1004,1,2,101,1001,1,4010,2025-03-02 19:00:00,2025-03-03 04:00:00,2025-03-03 21:00:00,13.055464,77.604016,Two persons riding a black motorcycle snatched a gold chain from a pedestrian near the bus stand and fled.
2119,110023016202502119,202502119,2025-08-10 00:00:00,9178,3016,1002,1,1,101,1001,2,4006,2025-08-09 10:00:00,2025-08-09 19:00:00,2025-08-10 00:00:00,12.885849,77.673259,Two persons riding a black motorcycle snatched a gold chain from a pedestrian near the bus stand and fled.
2120,110013006202602120,202602120,2026-03-25 02:00:00,9292,3006,1001,1,2,101,1002,3,4003,2026-03-23 12:00:00,2026-03-23 19:00:00,2026-03-25 02:00:00,12.855866,77.647059,"Accused intercepted a commercial vehicle on the highway, threatened the driver with sharp weapons, and looted goods."
2121,110043031202502121,202502121,2025-01-31 00:00:00,9010,3031,1004,1,2,101,1001,1,4010,2025-01-30 10:00:00,2025-01-30 16:00:00,2025-01-31 00:00:00,12.996351,77.582171,"Accused intercepted a commercial vehicle on the highway, threatened the driver with sharp weapons, and looted goods."
2122,110013006202502122,202502122,2025-05-17 03:00:00,9271,3006,1001,1,1,102,1003,2,4015,2025-05-17 01:00:00,2025-05-17 13:00:00,2025-05-17 03:00:00,12.940964,77.498308,Two persons riding a black motorcycle snatched a gold chain from a pedestrian near the bus stand and fled.
2123,110043032202502123,202502123,2025-07-24 06:00:00,9363,3032,1004,1,1,103,1006,1,4011,2025-07-22 17:00:00,2025-07-23 05:00:00,2025-07-24 06:00:00,12.961386,77.595517,Unknown miscreants broke open the lock of the house during late night hours and stole gold ornaments and cash.
2124,110043026202502124,202502124,2025-04-24 16:00:00,9361,3026,1004,1,1,103,1005,3,4001,2025-04-22 20:00:00,2025-04-23 06:00:00,2025-04-24 16:00:00,12.880322,77.714558,Two persons riding a black motorcycle snatched a gold chain from a pedestrian near the bus stand and fled.
2125,110053040202502125,202502125,2025-10-06 00:00:00,9116,3040,1005,1,1,102,1004,2,4005,2025-10-04 05:00:00,2025-10-04 06:00:00,2025-10-06 00:00:00,12.868268,77.733706,Complainant reported unauthorized debit transactions from bank account following a fake KYC verification call.
2126,110043027202502126,202502126,2025-04-17 11:00:00,9173,3027,1004,1,1,102,1003,3,4003,2025-04-16 09:00:00,2025-04-16 20:00:00,2025-04-17 11:00:00,13.112718,77.501837,"Accused intercepted a commercial vehicle on the highway, threatened the driver with sharp weapons, and looted goods."
2127,110023016202502127,202502127,2025-06-17 00:00:00,9368,3016,1002,1,2,101,1002,3,4014,2025-06-16 12:00:00,2025-06-17 00:00:00,2025-06-17 00:00:00,13.034118,77.677255,Complainant reported unauthorized debit transactions from bank account following a fake KYC verification call.
2128,110043028202502128,202502128,2025-11-02 18:00:00,9357,3028,1004,1,2,101,1001,3,4003,2025-11-01 17:00:00,2025-11-02 02:00:00,2025-11-02 18:00:00,12.886971,77.584022,Complainant reported unauthorized debit transactions from bank account following a fake KYC verification call.
2129,110013002202502129,202502129,2025-03-22 03:00:00,9099,3002,1001,1,2,101,1001,3,4004,2025-03-20 10:00:00,2025-03-20 13:00:00,2025-03-22 03:00:00,12.860171,77.561415,"Accused intercepted a commercial vehicle on the highway, threatened the driver with sharp weapons, and looted goods."
2130,110033017202602130,202602130,2026-01-26 17:00:00,9010,3017,1003,1,2,103,1006,3,4014,2026-01-26 10:00:00,2026-01-26 16:00:00,2026-01-26 17:00:00,12.864294,77.541176,Two persons riding a black motorcycle snatched a gold chain from a pedestrian near the bus stand and fled.
2131,110053037202502131,202502131,2025-05-26 09:00:00,9040,3037,1005,1,2,102,1004,3,4004,2025-05-25 00:00:00,2025-05-25 06:00:00,2025-05-26 09:00:00,12.917582,77.736123,Complainant reported unauthorized debit transactions from bank account following a fake KYC verification call.
2132,110013005202502132,202502132,2025-06-30 03:00:00,9213,3005,1001,1,2,102,1004,1,4008,2025-06-28 18:00:00,2025-06-29 02:00:00,2025-06-30 03:00:00,12.855134,77.675914,Two persons riding a black motorcycle snatched a gold chain from a pedestrian near the bus stand and fled.
2133,110023015202602133,202602133,2026-02-11 08:00:00,9232,3015,1002,1,1,103,1005,2,4013,2026-02-10 23:00:00,2026-02-11 04:00:00,2026-02-11 08:00:00,12.866233,77.557529,Complainant reported unauthorized debit transactions from bank account following a fake KYC verification call.
2134,110043025202502134,202502134,2025-09-08 05:00:00,9307,3025,1004,1,1,104,1007,2,4013,2025-09-07 13:00:00,2025-09-07 19:00:00,2025-09-08 05:00:00,12.86357,77.530674,Unknown miscreants broke open the lock of the house during late night hours and stole gold ornaments and cash.
2135,110013002202502135,202502135,2025-05-30 01:00:00,9340,3002,1001,1,1,104,1007,1,4003,2025-05-29 01:00:00,2025-05-29 13:00:00,2025-05-30 01:00:00,12.853738,77.47508,"Accused intercepted a commercial vehicle on the highway, threatened the driver with sharp weapons, and looted goods."
2136,110043031202502136,202502136,2025-11-07 13:00:00,9353,3031,1004,1,1,102,1004,3,4007,2025-11-06 14:00:00,2025-11-07 01:00:00,2025-11-07 13:00:00,12.947933,77.510445,Two persons riding a black motorcycle snatched a gold chain from a pedestrian near the bus stand and fled.
2137,110033018202502137,202502137,2025-05-19 03:00:00,9154,3018,1003,1,2,104,1007,2,4006,2025-05-17 23:00:00,2025-05-18 02:00:00,2025-05-19 03:00:00,12.963716,77.532368,Complainant reported unauthorized debit transactions from bank account following a fake KYC verification call.
2138,110033020202502138,202502138,2025-04-17 05:00:00,9066,3020,1003,1,1,102,1003,3,4013,2025-04-15 16:00:00,2025-04-15 18:00:00,2025-04-17 05:00:00,12.826016,77.47964,"Accused intercepted a commercial vehicle on the highway, threatened the driver with sharp weapons, and looted goods."
2139,110043028202502139,202502139,2025-04-26 19:00:00,9001,3028,1004,1,1,102,1004,1,4007,2025-04-26 09:00:00,2025-04-26 11:00:00,2025-04-26 19:00:00,12.904534,77.536847,Complainant reported unauthorized debit transactions from bank account following a fake KYC verification call.
2140,110043031202502140,202502140,2025-09-12 16:00:00,9135,3031,1004,1,2,102,1003,1,4002,2025-09-11 16:00:00,2025-09-11 17:00:00,2025-09-12 16:00:00,12.868728,77.474058,Complainant reported unauthorized debit transactions from bank account following a fake KYC verification call.
2141,110023009202502141,202502141,2025-08-02 00:00:00,9061,3009,1002,1,2,103,1005,3,4004,2025-08-01 04:00:00,2025-08-01 14:00:00,2025-08-02 00:00:00,12.983826,77.693489,"Accused intercepted a commercial vehicle on the highway, threatened the driver with sharp weapons, and looted goods."
2142,110023014202502142,202502142,2025-06-09 01:00:00,9095,3014,1002,1,2,104,1007,2,4014,2025-06-07 13:00:00,2025-06-07 23:00:00,2025-06-09 01:00:00,13.083897,77.661179,Unknown miscreants broke open the lock of the house during late night hours and stole gold ornaments and cash.
2143,110053035202502143,202502143,2025-09-20 14:00:00,9050,3035,1005,1,2,102,1003,3,4007,2025-09-19 00:00:00,2025-09-19 12:00:00,2025-09-20 14:00:00,12.983169,77.735944,Complainant reported unauthorized debit transactions from bank account following a fake KYC verification call.
2144,110013008202502144,202502144,2025-10-27 09:00:00,9059,3008,1001,1,1,104,1007,3,4004,2025-10-25 19:00:00,2025-10-26 06:00:00,2025-10-27 09:00:00,13.076378,77.701441,Complainant reported unauthorized debit transactions from bank account following a fake KYC verification call.
2145,110023009202502145,202502145,2025-04-13 14:00:00,9046,3009,1002,1,2,101,1001,3,4011,2025-04-12 22:00:00,2025-04-13 06:00:00,2025-04-13 14:00:00,13.018248,77.651667,Two persons riding a black motorcycle snatched a gold chain from a pedestrian near the bus stand and fled.
2146,110023013202502146,202502146,2025-07-18 09:00:00,9393,3013,1002,1,2,103,1005,1,4012,2025-07-17 23:00:00,2025-07-18 08:00:00,2025-07-18 09:00:00,13.01949,77.4789,A group of individuals assaulted the victim following a minor road rage incident causing grievous injuries.
2147,110013004202502147,202502147,2025-11-29 15:00:00,9205,3004,1001,1,2,101,1001,3,4007,2025-11-28 13:00:00,2025-11-28 19:00:00,2025-11-29 15:00:00,12.971497,77.581461,Unknown miscreants broke open the lock of the house during late night hours and stole gold ornaments and cash.
2148,110033023202502148,202502148,2025-07-17 13:00:00,9312,3023,1003,1,2,103,1006,2,4014,2025-07-16 04:00:00,2025-07-16 05:00:00,2025-07-17 13:00:00,12.828721,77.499331,Complainant reported unauthorized debit transactions from bank account following a fake KYC verification call.
2149,110013007202502149,202502149,2025-06-15 23:00:00,9149,3007,1001,1,1,101,1002,1,4012,2025-06-15 20:00:00,2025-06-16 04:00:00,2025-06-15 23:00:00,13.081978,77.656785,Two persons riding a black motorcycle snatched a gold chain from a pedestrian near the bus stand and fled.
2150,110023011202502150,202502150,2025-03-01 08:00:00,9397,3011,1002,1,2,102,1004,1,4011,2025-03-01 05:00:00,2025-03-01 15:00:00,2025-03-01 08:00:00,12.92134,77.684371,Two persons riding a black motorcycle snatched a gold chain from a pedestrian near the bus stand and fled.
2151,110043029202602151,202602151,2026-02-19 21:00:00,9362,3029,1004,1,1,104,1007,3,4009,2026-02-18 17:00:00,2026-02-18 21:00:00,2026-02-19 21:00:00,13.096876,77.45676,Complainant reported unauthorized debit transactions from bank account following a fake KYC verification call.
2152,110043031202502152,202502152,2025-04-02 18:00:00,9184,3031,1004,1,2,102,1003,1,4009,2025-04-01 08:00:00,2025-04-01 15:00:00,2025-04-02 18:00:00,12.964974,77.599816,A group of individuals assaulted the victim following a minor road rage incident causing grievous injuries.
2153,110013008202502153,202502153,2025-06-24 00:00:00,9357,3008,1001,1,2,104,1007,3,4009,2025-06-23 22:00:00,2025-06-24 03:00:00,2025-06-24 00:00:00,12.991777,77.649544,Unknown miscreants broke open the lock of the house during late night hours and stole gold ornaments and cash.
2154,110013001202502154,202502154,2025-05-31 19:00:00,9381,3001,1001,1,2,103,1005,3,4004,2025-05-31 17:00:00,2025-06-01 05:00:00,2025-05-31 19:00:00,13.033501,77.542584,"Accused intercepted a commercial vehicle on the highway, threatened the driver with sharp weapons, and looted goods."
2155,110053036202602155,202602155,2026-02-09 15:00:00,9316,3036,1005,1,2,104,1007,1,4014,2026-02-09 09:00:00,2026-02-09 19:00:00,2026-02-09 15:00:00,12.941905,77.635669,A group of individuals assaulted the victim following a minor road rage incident causing grievous injuries.
2156,110043028202502156,202502156,2025-11-08 00:00:00,9368,3028,1004,1,1,102,1004,1,4009,2025-11-07 22:00:00,2025-11-08 08:00:00,2025-11-08 00:00:00,13.005696,77.571837,"Accused intercepted a commercial vehicle on the highway, threatened the driver with sharp weapons, and looted goods."
2157,110053036202502157,202502157,2025-11-09 22:00:00,9367,3036,1005,1,1,102,1004,2,4005,2025-11-09 14:00:00,2025-11-09 19:00:00,2025-11-09 22:00:00,12.957907,77.592824,Unknown miscreants broke open the lock of the house during late night hours and stole gold ornaments and cash.
2158,110023016202602158,202602158,2026-01-23 19:00:00,9269,3016,1002,1,2,102,1004,2,4014,2026-01-23 16:00:00,2026-01-23 21:00:00,2026-01-23 19:00:00,13.053146,77.721834,Complainant reported unauthorized debit transactions from bank account following a fake KYC verification call.
2159,110053039202502159,202502159,2025-11-20 08:00:00,9375,3039,1005,1,1,103,1006,3,4006,2025-11-18 21:00:00,2025-11-18 23:00:00,2025-11-20 08:00:00,12.90767,77.593848,Complainant reported unauthorized debit transactions from bank account following a fake KYC verification call.
2160,110013006202502160,202502160,2025-08-12 10:00:00,9092,3006,1001,1,1,101,1002,3,4014,2025-08-11 14:00:00,2025-08-11 20:00:00,2025-08-12 10:00:00,12.832779,77.566431,"Accused intercepted a commercial vehicle on the highway, threatened the driver with sharp weapons, and looted goods."
2161,110033017202502161,202502161,2025-11-15 06:00:00,9046,3017,1003,1,1,101,1001,1,4014,2025-11-14 17:00:00,2025-11-14 21:00:00,2025-11-15 06:00:00,12.860093,77.480515,Unknown miscreants broke open the lock of the house during late night hours and stole gold ornaments and cash.
2162,110033021202502162,202502162,2025-09-30 02:00:00,9349,3021,1003,1,1,104,1007,2,4008,2025-09-29 06:00:00,2025-09-29 15:00:00,2025-09-30 02:00:00,12.970078,77.607605,Unknown miscreants broke open the lock of the house during late night hours and stole gold ornaments and cash.
2163,110033017202502163,202502163,2025-10-24 01:00:00,9036,3017,1003,1,2,102,1004,3,4014,2025-10-23 19:00:00,2025-10-24 07:00:00,2025-10-24 01:00:00,13.088611,77.687263,"Accused intercepted a commercial vehicle on the highway, threatened the driver with sharp weapons, and looted goods."
2164,110033017202502164,202502164,2025-01-20 03:00:00,9187,3017,1003,1,1,103,1005,3,4008,2025-01-19 00:00:00,2025-01-19 04:00:00,2025-01-20 03:00:00,13.089806,77.729641,Two persons riding a black motorcycle snatched a gold chain from a pedestrian near the bus stand and fled.
2165,110043028202602165,202602165,2026-01-14 15:00:00,9171,3028,1004,1,1,101,1002,1,4007,2026-01-13 06:00:00,2026-01-13 17:00:00,2026-01-14 15:00:00,12.956494,77.681336,A group of individuals assaulted the victim following a minor road rage incident causing grievous injuries.
2166,110033018202502166,202502166,2025-11-19 22:00:00,9081,3018,1003,1,2,104,1007,2,4010,2025-11-19 17:00:00,2025-11-20 00:00:00,2025-11-19 22:00:00,12.912518,77.685278,Complainant reported unauthorized debit transactions from bank account following a fake KYC verification call.
2167,110013004202502167,202502167,2025-07-22 16:00:00,9046,3004,1001,1,1,101,1002,2,4008,2025-07-21 21:00:00,2025-07-22 03:00:00,2025-07-22 16:00:00,12.928676,77.716073,"Accused intercepted a commercial vehicle on the highway, threatened the driver with sharp weapons, and looted goods."
2168,110023013202502168,202502168,2025-05-19 03:00:00,9102,3013,1002,1,1,104,1007,3,4003,2025-05-17 19:00:00,2025-05-18 05:00:00,2025-05-19 03:00:00,13.043645,77.71968,Two persons riding a black motorcycle snatched a gold chain from a pedestrian near the bus stand and fled.
2169,110043029202502169,202502169,2025-05-03 20:00:00,9119,3029,1004,1,1,101,1001,3,4008,2025-05-02 13:00:00,2025-05-02 20:00:00,2025-05-03 20:00:00,12.996314,77.569002,"Accused intercepted a commercial vehicle on the highway, threatened the driver with sharp weapons, and looted goods."
2170,110053037202602170,202602170,2026-01-20 00:00:00,9337,3037,1005,1,1,102,1003,3,4003,2026-01-18 17:00:00,2026-01-18 19:00:00,2026-01-20 00:00:00,13.091865,77.464943,"Accused intercepted a commercial vehicle on the highway, threatened the driver with sharp weapons, and looted goods."
2171,110043025202502171,202502171,2025-10-14 10:00:00,9172,3025,1004,1,2,101,1002,2,4015,2025-10-12 23:00:00,2025-10-13 04:00:00,2025-10-14 10:00:00,12.94704,77.610048,Complainant reported unauthorized debit transactions from bank account following a fake KYC verification call.
2172,110033024202502172,202502172,2025-08-10 02:00:00,9362,3024,1003,1,1,101,1001,2,4013,2025-08-08 21:00:00,2025-08-09 07:00:00,2025-08-10 02:00:00,12.87838,77.463486,"Accused intercepted a commercial vehicle on the highway, threatened the driver with sharp weapons, and looted goods."
2173,110053037202502173,202502173,2025-12-31 10:00:00,9342,3037,1005,1,1,104,1007,1,4001,2025-12-30 07:00:00,2025-12-30 09:00:00,2025-12-31 10:00:00,12.986701,77.617195,Two persons riding a black motorcycle snatched a gold chain from a pedestrian near the bus stand and fled.
2174,110013008202502174,202502174,2025-09-10 14:00:00,9367,3008,1001,1,1,104,1007,2,4009,2025-09-08 17:00:00,2025-09-08 22:00:00,2025-09-10 14:00:00,12.982628,77.447092,Two persons riding a black motorcycle snatched a gold chain from a pedestrian near the bus stand and fled.
2175,110013001202502175,202502175,2025-07-22 20:00:00,9123,3001,1001,1,2,102,1004,2,4005,2025-07-22 00:00:00,2025-07-22 02:00:00,2025-07-22 20:00:00,12.963649,77.722448,"Accused intercepted a commercial vehicle on the highway, threatened the driver with sharp weapons, and looted goods."
2176,110023012202502176,202502176,2025-05-23 01:00:00,9242,3012,1002,1,1,104,1007,3,4015,2025-05-21 13:00:00,2025-05-22 01:00:00,2025-05-23 01:00:00,12.881267,77.734068,Complainant reported unauthorized debit transactions from bank account following a fake KYC verification call.
2177,110053040202502177,202502177,2025-10-28 12:00:00,9010,3040,1005,1,1,102,1004,2,4001,2025-10-27 23:00:00,2025-10-28 07:00:00,2025-10-28 12:00:00,12.894054,77.646775,Complainant reported unauthorized debit transactions from bank account following a fake KYC verification call.
2178,110043032202502178,202502178,2025-02-18 10:00:00,9218,3032,1004,1,1,102,1004,1,4002,2025-02-18 07:00:00,2025-02-18 19:00:00,2025-02-18 10:00:00,13.034268,77.528167,Complainant reported unauthorized debit transactions from bank account following a fake KYC verification call.
2179,110013002202602179,202602179,2026-02-09 14:00:00,9336,3002,1001,1,2,101,1001,2,4010,2026-02-09 04:00:00,2026-02-09 07:00:00,2026-02-09 14:00:00,13.080111,77.661782,"Accused intercepted a commercial vehicle on the highway, threatened the driver with sharp weapons, and looted goods."
2180,110013002202602180,202602180,2026-03-16 12:00:00,9121,3002,1001,1,1,101,1002,2,4015,2026-03-15 23:00:00,2026-03-16 04:00:00,2026-03-16 12:00:00,12.916476,77.559562,A group of individuals assaulted the victim following a minor road rage incident causing grievous injuries.
2181,110033020202602181,202602181,2026-01-17 20:00:00,9064,3020,1003,1,2,102,1003,3,4004,2026-01-17 13:00:00,2026-01-17 22:00:00,2026-01-17 20:00:00,13.120996,77.544299,Complainant reported unauthorized debit transactions from bank account following a fake KYC verification call.
2182,110023010202502182,202502182,2025-01-08 11:00:00,9222,3010,1002,1,2,101,1001,1,4011,2025-01-06 19:00:00,2025-01-06 20:00:00,2025-01-08 11:00:00,12.822117,77.622468,A group of individuals assaulted the victim following a minor road rage incident causing grievous injuries.
2183,110023009202502183,202502183,2025-02-12 13:00:00,9373,3009,1002,1,1,103,1006,3,4010,2025-02-12 05:00:00,2025-02-12 16:00:00,2025-02-12 13:00:00,13.096646,77.453038,Complainant reported unauthorized debit transactions from bank account following a fake KYC verification call.
2184,110033017202502184,202502184,2025-05-23 10:00:00,9200,3017,1003,1,2,102,1004,1,4004,2025-05-21 19:00:00,2025-05-22 03:00:00,2025-05-23 10:00:00,13.039584,77.474035,Complainant reported unauthorized debit transactions from bank account following a fake KYC verification call.
2185,110013006202502185,202502185,2025-01-21 02:00:00,9055,3006,1001,1,2,104,1007,1,4012,2025-01-19 20:00:00,2025-01-20 03:00:00,2025-01-21 02:00:00,12.83958,77.502027,Two persons riding a black motorcycle snatched a gold chain from a pedestrian near the bus stand and fled.
2186,110053036202502186,202502186,2025-11-29 09:00:00,9166,3036,1005,1,1,102,1004,3,4005,2025-11-28 09:00:00,2025-11-28 13:00:00,2025-11-29 09:00:00,12.822878,77.598706,Unknown miscreants broke open the lock of the house during late night hours and stole gold ornaments and cash.
2187,110023012202502187,202502187,2025-06-09 04:00:00,9175,3012,1002,1,2,104,1007,1,4013,2025-06-07 20:00:00,2025-06-07 23:00:00,2025-06-09 04:00:00,12.921648,77.474966,Unknown miscreants broke open the lock of the house during late night hours and stole gold ornaments and cash.
2188,110033019202602188,202602188,2026-01-10 17:00:00,9353,3019,1003,1,1,102,1003,2,4015,2026-01-09 14:00:00,2026-01-09 19:00:00,2026-01-10 17:00:00,12.84371,77.589616,Complainant reported unauthorized debit transactions from bank account following a fake KYC verification call.
2189,110053035202502189,202502189,2025-11-05 04:00:00,9267,3035,1005,1,1,104,1007,2,4012,2025-11-04 20:00:00,2025-11-05 03:00:00,2025-11-05 04:00:00,12.966909,77.653462,"Accused intercepted a commercial vehicle on the highway, threatened the driver with sharp weapons, and looted goods."
2190,110053035202602190,202602190,2026-03-29 17:00:00,9142,3035,1005,1,1,104,1007,2,4015,2026-03-28 22:00:00,2026-03-29 09:00:00,2026-03-29 17:00:00,12.996956,77.493533,"Accused intercepted a commercial vehicle on the highway, threatened the driver with sharp weapons, and looted goods."
2191,110053035202502191,202502191,2025-12-04 03:00:00,9266,3035,1005,1,1,103,1006,3,4013,2025-12-03 01:00:00,2025-12-03 05:00:00,2025-12-04 03:00:00,12.920899,77.594618,"Accused intercepted a commercial vehicle on the highway, threatened the driver with sharp weapons, and looted goods."
2192,110013002202602192,202602192,2026-01-29 22:00:00,9209,3002,1001,1,2,101,1001,1,4008,2026-01-28 14:00:00,2026-01-28 20:00:00,2026-01-29 22:00:00,13.068864,77.484031,Complainant reported unauthorized debit transactions from bank account following a fake KYC verification call.
2193,110013008202502193,202502193,2025-03-29 21:00:00,9063,3008,1001,1,2,102,1003,3,4010,2025-03-29 14:00:00,2025-03-29 21:00:00,2025-03-29 21:00:00,12.869522,77.573613,Complainant reported unauthorized debit transactions from bank account following a fake KYC verification call.
2194,110043030202502194,202502194,2025-09-04 19:00:00,9029,3030,1004,1,1,101,1001,1,4006,2025-09-03 01:00:00,2025-09-03 04:00:00,2025-09-04 19:00:00,12.950626,77.617172,"Accused intercepted a commercial vehicle on the highway, threatened the driver with sharp weapons, and looted goods."
2195,110053036202502195,202502195,2025-04-02 22:00:00,9305,3036,1005,1,1,103,1005,3,4013,2025-04-02 15:00:00,2025-04-03 03:00:00,2025-04-02 22:00:00,13.059562,77.477643,Unknown miscreants broke open the lock of the house during late night hours and stole gold ornaments and cash.
2196,110023014202502196,202502196,2025-08-01 13:00:00,9253,3014,1002,1,1,101,1001,3,4014,2025-08-01 11:00:00,2025-08-01 21:00:00,2025-08-01 13:00:00,12.881629,77.46884,Unknown miscreants broke open the lock of the house during late night hours and stole gold ornaments and cash.
2197,110023010202502197,202502197,2025-06-12 15:00:00,9093,3010,1002,1,1,102,1004,3,4001,2025-06-11 20:00:00,2025-06-11 21:00:00,2025-06-12 15:00:00,13.08614,77.669212,Two persons riding a black motorcycle snatched a gold chain from a pedestrian near the bus stand and fled.
2198,110023012202502198,202502198,2025-06-23 14:00:00,9135,3012,1002,1,2,102,1004,3,4003,2025-06-23 07:00:00,2025-06-23 09:00:00,2025-06-23 14:00:00,13.036665,77.66453,A group of individuals assaulted the victim following a minor road rage incident causing grievous injuries.
2199,110023010202502199,202502199,2025-05-31 03:00:00,9273,3010,1002,1,1,101,1002,3,4014,2025-05-29 23:00:00,2025-05-30 00:00:00,2025-05-31 03:00:00,13.033976,77.554613,"Accused intercepted a commercial vehicle on the highway, threatened the driver with sharp weapons, and looted goods."
2200,110023015202502200,202502200,2025-11-27 04:00:00,9161,3015,1002,1,2,102,1004,1,4005,2025-11-25 21:00:00,2025-11-26 05:00:00,2025-11-27 04:00:00,12.929061,77.45323,Unknown miscreants broke open the lock of the house during late night hours and stole gold ornaments and cash.
2201,110033024202502201,202502201,2025-11-07 11:00:00,9046,3024,1003,1,2,103,1005,1,4001,2025-11-05 13:00:00,2025-11-05 16:00:00,2025-11-07 11:00:00,12.885049,77.703218,"Accused intercepted a commercial vehicle on the highway, threatened the driver with sharp weapons, and looted goods."
2202,110053036202502202,202502202,2025-12-06 10:00:00,9275,3036,1005,1,1,103,1006,1,4015,2025-12-05 14:00:00,2025-12-05 17:00:00,2025-12-06 10:00:00,13.11412,77.536552,Two persons riding a black motorcycle snatched a gold chain from a pedestrian near the bus stand and fled.
2203,110013001202502203,202502203,2025-01-26 02:00:00,9153,3001,1001,1,1,102,1004,2,4013,2025-01-25 13:00:00,2025-01-25 15:00:00,2025-01-26 02:00:00,12.832024,77.648457,A group of individuals assaulted the victim following a minor road rage incident causing grievous injuries.
2204,110013003202502204,202502204,2025-05-18 06:00:00,9205,3003,1001,1,2,101,1001,1,4013,2025-05-17 16:00:00,2025-05-17 18:00:00,2025-05-18 06:00:00,12.983862,77.647273,"Accused intercepted a commercial vehicle on the highway, threatened the driver with sharp weapons, and looted goods."
2205,110033023202602205,202602205,2026-01-23 20:00:00,9161,3023,1003,1,1,102,1004,2,4010,2026-01-22 01:00:00,2026-01-22 10:00:00,2026-01-23 20:00:00,12.98551,77.564434,Complainant reported unauthorized debit transactions from bank account following a fake KYC verification call.
2206,110033017202502206,202502206,2025-05-16 00:00:00,9009,3017,1003,1,2,102,1004,3,4005,2025-05-15 09:00:00,2025-05-15 20:00:00,2025-05-16 00:00:00,13.059439,77.463385,A group of individuals assaulted the victim following a minor road rage incident causing grievous injuries.
2207,110053034202502207,202502207,2025-07-17 05:00:00,9394,3034,1005,1,1,102,1004,3,4015,2025-07-16 08:00:00,2025-07-16 17:00:00,2025-07-17 05:00:00,12.971756,77.460172,"Accused intercepted a commercial vehicle on the highway, threatened the driver with sharp weapons, and looted goods."
2208,110053035202502208,202502208,2025-02-21 00:00:00,9040,3035,1005,1,1,104,1007,3,4009,2025-02-20 22:00:00,2025-02-21 01:00:00,2025-02-21 00:00:00,13.068243,77.627623,Two persons riding a black motorcycle snatched a gold chain from a pedestrian near the bus stand and fled.
2209,110043032202502209,202502209,2025-05-22 18:00:00,9040,3032,1004,1,2,101,1002,3,4003,2025-05-21 11:00:00,2025-05-21 21:00:00,2025-05-22 18:00:00,12.959281,77.664006,Complainant reported unauthorized debit transactions from bank account following a fake KYC verification call.
2210,110043031202502210,202502210,2025-03-30 12:00:00,9180,3031,1004,1,2,104,1007,1,4012,2025-03-29 05:00:00,2025-03-29 14:00:00,2025-03-30 12:00:00,13.091428,77.543609,"Accused intercepted a commercial vehicle on the highway, threatened the driver with sharp weapons, and looted goods."
2211,110053039202502211,202502211,2025-10-29 02:00:00,9057,3039,1005,1,1,101,1001,3,4004,2025-10-28 13:00:00,2025-10-28 21:00:00,2025-10-29 02:00:00,12.946004,77.548865,A group of individuals assaulted the victim following a minor road rage incident causing grievous injuries.
2212,110033022202502212,202502212,2025-06-05 07:00:00,9231,3022,1003,1,2,104,1007,3,4003,2025-06-05 03:00:00,2025-06-05 15:00:00,2025-06-05 07:00:00,12.902593,77.550542,Complainant reported unauthorized debit transactions from bank account following a fake KYC verification call.
2213,110053038202502213,202502213,2025-01-06 12:00:00,9130,3038,1005,1,1,102,1003,2,4009,2025-01-05 09:00:00,2025-01-05 18:00:00,2025-01-06 12:00:00,12.959136,77.447565,Complainant reported unauthorized debit transactions from bank account following a fake KYC verification call.
2214,110023012202502214,202502214,2025-11-15 19:00:00,9117,3012,1002,1,1,104,1007,2,4009,2025-11-14 14:00:00,2025-11-14 17:00:00,2025-11-15 19:00:00,13.079747,77.541026,Unknown miscreants broke open the lock of the house during late night hours and stole gold ornaments and cash.
2215,110053035202502215,202502215,2025-07-08 04:00:00,9346,3035,1005,1,2,102,1003,2,4002,2025-07-06 13:00:00,2025-07-06 17:00:00,2025-07-08 04:00:00,12.858354,77.662537,"Accused intercepted a commercial vehicle on the highway, threatened the driver with sharp weapons, and looted goods."
2216,110053040202502216,202502216,2025-08-22 11:00:00,9004,3040,1005,1,2,101,1001,2,4012,2025-08-22 05:00:00,2025-08-22 15:00:00,2025-08-22 11:00:00,12.882967,77.621686,A group of individuals assaulted the victim following a minor road rage incident causing grievous injuries.
2217,110023013202502217,202502217,2025-09-20 02:00:00,9200,3013,1002,1,1,102,1004,3,4009,2025-09-18 19:00:00,2025-09-19 03:00:00,2025-09-20 02:00:00,12.986658,77.703799,Two persons riding a black motorcycle snatched a gold chain from a pedestrian near the bus stand and fled.
2218,110033024202502218,202502218,2025-10-18 19:00:00,9205,3024,1003,1,2,104,1007,3,4003,2025-10-18 11:00:00,2025-10-18 17:00:00,2025-10-18 19:00:00,12.851596,77.588524,"Accused intercepted a commercial vehicle on the highway, threatened the driver with sharp weapons, and looted goods."
2219,110053038202502219,202502219,2025-04-20 09:00:00,9016,3038,1005,1,2,101,1001,2,4009,2025-04-19 11:00:00,2025-04-19 22:00:00,2025-04-20 09:00:00,13.021744,77.60187,"Accused intercepted a commercial vehicle on the highway, threatened the driver with sharp weapons, and looted goods."
2220,110023016202502220,202502220,2025-01-28 22:00:00,9102,3016,1002,1,2,104,1007,1,4003,2025-01-28 15:00:00,2025-01-28 23:00:00,2025-01-28 22:00:00,13.099236,77.509532,Two persons riding a black motorcycle snatched a gold chain from a pedestrian near the bus stand and fled.
2221,110053034202502221,202502221,2025-05-31 12:00:00,9042,3034,1005,1,1,101,1001,2,4008,2025-05-31 05:00:00,2025-05-31 06:00:00,2025-05-31 12:00:00,12.922874,77.729749,Complainant reported unauthorized debit transactions from bank account following a fake KYC verification call.
2222,110043030202502222,202502222,2025-06-20 00:00:00,9342,3030,1004,1,1,102,1003,3,4011,2025-06-19 05:00:00,2025-06-19 12:00:00,2025-06-20 00:00:00,13.06512,77.455464,Two persons riding a black motorcycle snatched a gold chain from a pedestrian near the bus stand and fled.
2223,110053035202502223,202502223,2025-11-07 19:00:00,9337,3035,1005,1,2,102,1004,3,4003,2025-11-07 09:00:00,2025-11-07 12:00:00,2025-11-07 19:00:00,12.896952,77.596346,Two persons riding a black motorcycle snatched a gold chain from a pedestrian near the bus stand and fled.
2224,110033021202502224,202502224,2025-05-21 13:00:00,9180,3021,1003,1,1,102,1003,2,4007,2025-05-21 04:00:00,2025-05-21 05:00:00,2025-05-21 13:00:00,12.944609,77.698384,Two persons riding a black motorcycle snatched a gold chain from a pedestrian near the bus stand and fled.
2225,110013006202502225,202502225,2025-08-28 14:00:00,9284,3006,1001,1,1,102,1004,3,4001,2025-08-26 17:00:00,2025-08-27 05:00:00,2025-08-28 14:00:00,12.910109,77.557302,"Accused intercepted a commercial vehicle on the highway, threatened the driver with sharp weapons, and looted goods."
2226,110043026202502226,202502226,2025-06-11 04:00:00,9338,3026,1004,1,2,103,1006,3,4011,2025-06-10 18:00:00,2025-06-10 19:00:00,2025-06-11 04:00:00,13.076876,77.678427,Unknown miscreants broke open the lock of the house during late night hours and stole gold ornaments and cash.
2227,110053039202502227,202502227,2025-01-21 05:00:00,9295,3039,1005,1,1,103,1006,1,4006,2025-01-19 07:00:00,2025-01-19 16:00:00,2025-01-21 05:00:00,12.975001,77.586101,"Accused intercepted a commercial vehicle on the highway, threatened the driver with sharp weapons, and looted goods."
2228,110033017202502228,202502228,2025-05-21 10:00:00,9267,3017,1003,1,2,104,1007,2,4014,2025-05-20 16:00:00,2025-05-20 21:00:00,2025-05-21 10:00:00,12.943902,77.52308,A group of individuals assaulted the victim following a minor road rage incident causing grievous injuries.
2229,110053035202502229,202502229,2025-02-19 18:00:00,9268,3035,1005,1,2,102,1004,1,4015,2025-02-17 21:00:00,2025-02-18 09:00:00,2025-02-19 18:00:00,12.852566,77.696302,"Accused intercepted a commercial vehicle on the highway, threatened the driver with sharp weapons, and looted goods."
2230,110023014202502230,202502230,2025-07-13 10:00:00,9340,3014,1002,1,1,101,1002,3,4002,2025-07-11 16:00:00,2025-07-11 19:00:00,2025-07-13 10:00:00,13.07869,77.555863,Complainant reported unauthorized debit transactions from bank account following a fake KYC verification call.
2231,110053033202602231,202602231,2026-02-28 07:00:00,9326,3033,1005,1,1,101,1001,3,4002,2026-02-27 05:00:00,2026-02-27 06:00:00,2026-02-28 07:00:00,12.903916,77.527663,"Accused intercepted a commercial vehicle on the highway, threatened the driver with sharp weapons, and looted goods."
2232,110053036202502232,202502232,2025-10-19 15:00:00,9004,3036,1005,1,2,104,1007,3,4010,2025-10-18 02:00:00,2025-10-18 12:00:00,2025-10-19 15:00:00,13.018607,77.705533,Unknown miscreants broke open the lock of the house during late night hours and stole gold ornaments and cash.
2233,110023010202502233,202502233,2025-05-28 15:00:00,9333,3010,1002,1,2,102,1004,3,4003,2025-05-28 05:00:00,2025-05-28 06:00:00,2025-05-28 15:00:00,13.068408,77.549428,"Accused intercepted a commercial vehicle on the highway, threatened the driver with sharp weapons, and looted goods."
2234,110053034202502234,202502234,2025-10-31 07:00:00,9348,3034,1005,1,1,102,1003,2,4001,2025-10-30 07:00:00,2025-10-30 16:00:00,2025-10-31 07:00:00,12.87509,77.483853,"Accused intercepted a commercial vehicle on the highway, threatened the driver with sharp weapons, and looted goods."
2235,110023014202602235,202602235,2026-01-30 08:00:00,9092,3014,1002,1,2,102,1004,1,4002,2026-01-29 06:00:00,2026-01-29 14:00:00,2026-01-30 08:00:00,12.823395,77.585632,A group of individuals assaulted the victim following a minor road rage incident causing grievous injuries.
2236,110013004202502236,202502236,2025-12-18 09:00:00,9310,3004,1001,1,2,101,1001,1,4011,2025-12-16 19:00:00,2025-12-16 22:00:00,2025-12-18 09:00:00,13.035282,77.463696,Complainant reported unauthorized debit transactions from bank account following a fake KYC verification call.
2237,110023014202502237,202502237,2025-02-21 12:00:00,9198,3014,1002,1,2,101,1002,1,4003,2025-02-21 01:00:00,2025-02-21 11:00:00,2025-02-21 12:00:00,13.089197,77.603525,"Accused intercepted a commercial vehicle on the highway, threatened the driver with sharp weapons, and looted goods."
2238,110023011202502238,202502238,2025-08-23 11:00:00,9169,3011,1002,1,1,104,1007,2,4014,2025-08-22 14:00:00,2025-08-22 21:00:00,2025-08-23 11:00:00,12.898788,77.606535,Two persons riding a black motorcycle snatched a gold chain from a pedestrian near the bus stand and fled.
2239,110053035202502239,202502239,2025-08-16 16:00:00,9151,3035,1005,1,1,103,1006,2,4013,2025-08-15 01:00:00,2025-08-15 11:00:00,2025-08-16 16:00:00,13.030833,77.601114,Unknown miscreants broke open the lock of the house during late night hours and stole gold ornaments and cash.
2240,110043025202502240,202502240,2025-11-13 19:00:00,9301,3025,1004,1,2,103,1006,3,4004,2025-11-12 19:00:00,2025-11-13 07:00:00,2025-11-13 19:00:00,13.02645,77.701199,"Accused intercepted a commercial vehicle on the highway, threatened the driver with sharp weapons, and looted goods."
2241,110023013202602241,202602241,2026-02-21 03:00:00,9082,3013,1002,1,2,101,1001,2,4005,2026-02-19 04:00:00,2026-02-19 05:00:00,2026-02-21 03:00:00,12.862977,77.528941,Unknown miscreants broke open the lock of the house during late night hours and stole gold ornaments and cash.
2242,110013004202502242,202502242,2025-02-09 09:00:00,9279,3004,1001,1,1,103,1006,1,4010,2025-02-09 06:00:00,2025-02-09 09:00:00,2025-02-09 09:00:00,13.113244,77.585209,Complainant reported unauthorized debit transactions from bank account following a fake KYC verification call.
2243,110013003202502243,202502243,2025-11-07 16:00:00,9074,3003,1001,1,2,104,1007,3,4005,2025-11-06 07:00:00,2025-11-06 14:00:00,2025-11-07 16:00:00,12.950315,77.617299,Complainant reported unauthorized debit transactions from bank account following a fake KYC verification call.
2244,110023015202502244,202502244,2025-02-10 16:00:00,9108,3015,1002,1,2,102,1003,2,4012,2025-02-09 07:00:00,2025-02-09 14:00:00,2025-02-10 16:00:00,13.076615,77.722034,A group of individuals assaulted the victim following a minor road rage incident causing grievous injuries.
2245,110033021202502245,202502245,2025-03-27 04:00:00,9055,3021,1003,1,1,102,1003,3,4002,2025-03-26 01:00:00,2025-03-26 07:00:00,2025-03-27 04:00:00,13.052167,77.480644,"Accused intercepted a commercial vehicle on the highway, threatened the driver with sharp weapons, and looted goods."
2246,110053037202602246,202602246,2026-03-18 22:00:00,9084,3037,1005,1,2,101,1001,2,4015,2026-03-17 12:00:00,2026-03-17 19:00:00,2026-03-18 22:00:00,12.937133,77.656498,Complainant reported unauthorized debit transactions from bank account following a fake KYC verification call.
2247,110023013202502247,202502247,2025-02-15 16:00:00,9007,3013,1002,1,1,101,1002,2,4006,2025-02-14 01:00:00,2025-02-14 07:00:00,2025-02-15 16:00:00,13.077498,77.493013,A group of individuals assaulted the victim following a minor road rage incident causing grievous injuries.
2248,110043028202502248,202502248,2025-06-29 20:00:00,9316,3028,1004,1,1,101,1001,3,4014,2025-06-29 02:00:00,2025-06-29 03:00:00,2025-06-29 20:00:00,12.900604,77.631015,"Accused intercepted a commercial vehicle on the highway, threatened the driver with sharp weapons, and looted goods."
2249,110043032202502249,202502249,2025-11-16 05:00:00,9354,3032,1004,1,1,102,1003,3,4002,2025-11-15 06:00:00,2025-11-15 15:00:00,2025-11-16 05:00:00,12.832329,77.568176,Complainant reported unauthorized debit transactions from bank account following a fake KYC verification call.
2250,110033024202602250,202602250,2026-01-07 14:00:00,9286,3024,1003,1,1,104,1007,1,4003,2026-01-06 11:00:00,2026-01-06 22:00:00,2026-01-07 14:00:00,12.933207,77.506544,"Accused intercepted a commercial vehicle on the highway, threatened the driver with sharp weapons, and looted goods."
2251,110013001202602251,202602251,2026-03-29 07:00:00,9029,3001,1001,1,2,102,1004,2,4006,2026-03-27 23:00:00,2026-03-28 08:00:00,2026-03-29 07:00:00,13.016749,77.546814,"Accused intercepted a commercial vehicle on the highway, threatened the driver with sharp weapons, and looted goods."
2252,110043026202502252,202502252,2025-01-24 03:00:00,9031,3026,1004,1,2,103,1005,1,4008,2025-01-22 04:00:00,2025-01-22 09:00:00,2025-01-24 03:00:00,12.878,77.604274,Unknown miscreants broke open the lock of the house during late night hours and stole gold ornaments and cash.
2253,110013005202502253,202502253,2025-02-26 08:00:00,9206,3005,1001,1,2,102,1003,1,4008,2025-02-25 07:00:00,2025-02-25 08:00:00,2025-02-26 08:00:00,12.882876,77.625096,A group of individuals assaulted the victim following a minor road rage incident causing grievous injuries.
2254,110033018202502254,202502254,2025-04-13 08:00:00,9018,3018,1003,1,2,101,1001,3,4011,2025-04-12 20:00:00,2025-04-13 08:00:00,2025-04-13 08:00:00,12.847943,77.61514,Unknown miscreants broke open the lock of the house during late night hours and stole gold ornaments and cash.
2255,110053037202502255,202502255,2025-11-22 23:00:00,9333,3037,1005,1,2,103,1006,3,4012,2025-11-22 08:00:00,2025-11-22 11:00:00,2025-11-22 23:00:00,12.920216,77.584417,Two persons riding a black motorcycle snatched a gold chain from a pedestrian near the bus stand and fled.
2256,110033019202502256,202502256,2025-03-21 04:00:00,9127,3019,1003,1,1,103,1005,2,4014,2025-03-20 07:00:00,2025-03-20 18:00:00,2025-03-21 04:00:00,13.034367,77.517802,Complainant reported unauthorized debit transactions from bank account following a fake KYC verification call.
2257,110033020202502257,202502257,2025-02-01 16:00:00,9137,3020,1003,1,2,104,1007,1,4011,2025-01-31 17:00:00,2025-01-31 22:00:00,2025-02-01 16:00:00,12.936219,77.673464,Unknown miscreants broke open the lock of the house during late night hours and stole gold ornaments and cash.
2258,110033020202602258,202602258,2026-03-14 12:00:00,9029,3020,1003,1,1,102,1003,1,4013,2026-03-12 18:00:00,2026-03-13 01:00:00,2026-03-14 12:00:00,13.075111,77.661993,Unknown miscreants broke open the lock of the house during late night hours and stole gold ornaments and cash.
2259,110013002202502259,202502259,2025-01-03 18:00:00,9289,3002,1001,1,1,104,1007,1,4001,2025-01-02 12:00:00,2025-01-02 21:00:00,2025-01-03 18:00:00,13.09588,77.508918,Unknown miscreants broke open the lock of the house during late night hours and stole gold ornaments and cash.
2260,110013005202502260,202502260,2025-09-01 22:00:00,9251,3005,1001,1,2,101,1002,1,4013,2025-09-01 02:00:00,2025-09-01 07:00:00,2025-09-01 22:00:00,12.829513,77.627263,A group of individuals assaulted the victim following a minor road rage incident causing grievous injuries.
2261,110023010202502261,202502261,2025-03-27 23:00:00,9249,3010,1002,1,2,104,1007,3,4007,2025-03-26 07:00:00,2025-03-26 19:00:00,2025-03-27 23:00:00,13.065355,77.656422,"Accused intercepted a commercial vehicle on the highway, threatened the driver with sharp weapons, and looted goods."
2262,110013001202602262,202602262,2026-01-23 02:00:00,9173,3001,1001,1,2,102,1004,3,4003,2026-01-22 03:00:00,2026-01-22 04:00:00,2026-01-23 02:00:00,13.040805,77.549276,A group of individuals assaulted the victim following a minor road rage incident causing grievous injuries.
2263,110023009202502263,202502263,2025-07-30 22:00:00,9164,3009,1002,1,1,101,1001,3,4006,2025-07-30 08:00:00,2025-07-30 17:00:00,2025-07-30 22:00:00,13.017406,77.517245,Two persons riding a black motorcycle snatched a gold chain from a pedestrian near the bus stand and fled.
2264,110013006202602264,202602264,2026-01-28 21:00:00,9278,3006,1001,1,1,103,1006,1,4014,2026-01-28 19:00:00,2026-01-28 20:00:00,2026-01-28 21:00:00,12.838781,77.604307,Two persons riding a black motorcycle snatched a gold chain from a pedestrian near the bus stand and fled.
2265,110013003202502265,202502265,2025-11-27 13:00:00,9313,3003,1001,1,2,103,1006,1,4001,2025-11-27 02:00:00,2025-11-27 07:00:00,2025-11-27 13:00:00,12.884511,77.511665,Two persons riding a black motorcycle snatched a gold chain from a pedestrian near the bus stand and fled.
2266,110033023202602266,202602266,2026-03-07 14:00:00,9249,3023,1003,1,1,102,1004,3,4001,2026-03-07 12:00:00,2026-03-07 17:00:00,2026-03-07 14:00:00,13.017068,77.621886,Complainant reported unauthorized debit transactions from bank account following a fake KYC verification call.
2267,110013004202602267,202602267,2026-03-08 12:00:00,9377,3004,1001,1,1,103,1006,1,4008,2026-03-07 03:00:00,2026-03-07 05:00:00,2026-03-08 12:00:00,13.048526,77.682935,Complainant reported unauthorized debit transactions from bank account following a fake KYC verification call.
2268,110013001202502268,202502268,2025-08-24 14:00:00,9108,3001,1001,1,1,103,1006,3,4007,2025-08-23 01:00:00,2025-08-23 02:00:00,2025-08-24 14:00:00,12.973744,77.515965,Complainant reported unauthorized debit transactions from bank account following a fake KYC verification call.
2269,110053037202502269,202502269,2025-12-02 21:00:00,9100,3037,1005,1,1,103,1006,1,4013,2025-12-01 23:00:00,2025-12-02 05:00:00,2025-12-02 21:00:00,13.044365,77.690227,Unknown miscreants broke open the lock of the house during late night hours and stole gold ornaments and cash.
2270,110043026202502270,202502270,2025-06-22 07:00:00,9370,3026,1004,1,2,103,1006,1,4006,2025-06-21 14:00:00,2025-06-22 01:00:00,2025-06-22 07:00:00,13.098371,77.534097,A group of individuals assaulted the victim following a minor road rage incident causing grievous injuries.
2271,110023012202502271,202502271,2025-09-18 06:00:00,9070,3012,1002,1,2,104,1007,2,4015,2025-09-17 18:00:00,2025-09-18 04:00:00,2025-09-18 06:00:00,13.106286,77.724761,"Accused intercepted a commercial vehicle on the highway, threatened the driver with sharp weapons, and looted goods."
2272,110033018202602272,202602272,2026-01-19 02:00:00,9060,3018,1003,1,1,101,1002,3,4004,2026-01-18 00:00:00,2026-01-18 04:00:00,2026-01-19 02:00:00,12.996942,77.709804,A group of individuals assaulted the victim following a minor road rage incident causing grievous injuries.
2273,110043027202502273,202502273,2025-02-18 00:00:00,9021,3027,1004,1,1,101,1001,3,4012,2025-02-16 00:00:00,2025-02-16 11:00:00,2025-02-18 00:00:00,12.92408,77.735211,Two persons riding a black motorcycle snatched a gold chain from a pedestrian near the bus stand and fled.
2274,110033023202502274,202502274,2025-12-09 09:00:00,9153,3023,1003,1,2,104,1007,1,4009,2025-12-07 22:00:00,2025-12-08 00:00:00,2025-12-09 09:00:00,13.054447,77.497158,Two persons riding a black motorcycle snatched a gold chain from a pedestrian near the bus stand and fled.
2275,110023009202502275,202502275,2025-02-23 10:00:00,9112,3009,1002,1,1,101,1001,2,4015,2025-02-23 08:00:00,2025-02-23 09:00:00,2025-02-23 10:00:00,13.051326,77.448971,Two persons riding a black motorcycle snatched a gold chain from a pedestrian near the bus stand and fled.
2276,110043027202502276,202502276,2025-11-19 02:00:00,9024,3027,1004,1,2,103,1005,2,4009,2025-11-18 21:00:00,2025-11-19 05:00:00,2025-11-19 02:00:00,12.858554,77.673036,Unknown miscreants broke open the lock of the house during late night hours and stole gold ornaments and cash.
2277,110013006202502277,202502277,2025-05-08 12:00:00,9360,3006,1001,1,2,103,1006,3,4009,2025-05-06 13:00:00,2025-05-06 17:00:00,2025-05-08 12:00:00,13.022683,77.656559,"Accused intercepted a commercial vehicle on the highway, threatened the driver with sharp weapons, and looted goods."
2278,110013006202602278,202602278,2026-03-04 14:00:00,9277,3006,1001,1,1,101,1001,3,4005,2026-03-02 16:00:00,2026-03-02 19:00:00,2026-03-04 14:00:00,12.945957,77.644994,Unknown miscreants broke open the lock of the house during late night hours and stole gold ornaments and cash.
2279,110023010202502279,202502279,2025-01-03 08:00:00,9164,3010,1002,1,1,101,1002,3,4010,2025-01-02 22:00:00,2025-01-03 08:00:00,2025-01-03 08:00:00,13.078362,77.523302,A group of individuals assaulted the victim following a minor road rage incident causing grievous injuries.
2280,110013006202502280,202502280,2025-01-08 15:00:00,9313,3006,1001,1,2,101,1002,1,4015,2025-01-07 07:00:00,2025-01-07 17:00:00,2025-01-08 15:00:00,13.071195,77.567451,Unknown miscreants broke open the lock of the house during late night hours and stole gold ornaments and cash.
2281,110023015202502281,202502281,2025-08-26 07:00:00,9288,3015,1002,1,1,103,1006,2,4003,2025-08-25 18:00:00,2025-08-25 20:00:00,2025-08-26 07:00:00,12.821785,77.56219,A group of individuals assaulted the victim following a minor road rage incident causing grievous injuries.
2282,110053033202502282,202502282,2025-09-23 22:00:00,9356,3033,1005,1,2,102,1004,1,4003,2025-09-23 16:00:00,2025-09-23 21:00:00,2025-09-23 22:00:00,12.853905,77.4745,"Accused intercepted a commercial vehicle on the highway, threatened the driver with sharp weapons, and looted goods."
2283,110053034202502283,202502283,2025-11-18 04:00:00,9240,3034,1005,1,1,103,1005,3,4001,2025-11-17 00:00:00,2025-11-17 01:00:00,2025-11-18 04:00:00,13.112738,77.709738,Two persons riding a black motorcycle snatched a gold chain from a pedestrian near the bus stand and fled.
2284,110033021202602284,202602284,2026-02-10 20:00:00,9193,3021,1003,1,2,103,1006,3,4013,2026-02-09 17:00:00,2026-02-10 04:00:00,2026-02-10 20:00:00,12.823718,77.687749,Two persons riding a black motorcycle snatched a gold chain from a pedestrian near the bus stand and fled.
2285,110033024202602285,202602285,2026-03-10 13:00:00,9015,3024,1003,1,2,104,1007,2,4002,2026-03-09 21:00:00,2026-03-10 07:00:00,2026-03-10 13:00:00,12.859069,77.49962,Complainant reported unauthorized debit transactions from bank account following a fake KYC verification call.
2286,110013001202502286,202502286,2025-09-01 20:00:00,9006,3001,1001,1,1,102,1004,3,4005,2025-08-31 00:00:00,2025-08-31 07:00:00,2025-09-01 20:00:00,12.900289,77.544245,Unknown miscreants broke open the lock of the house during late night hours and stole gold ornaments and cash.
2287,110013001202502287,202502287,2025-12-18 19:00:00,9219,3001,1001,1,2,102,1004,1,4001,2025-12-17 18:00:00,2025-12-18 04:00:00,2025-12-18 19:00:00,12.86742,77.688666,Complainant reported unauthorized debit transactions from bank account following a fake KYC verification call.
2288,110023010202502288,202502288,2025-04-20 20:00:00,9308,3010,1002,1,2,102,1004,2,4013,2025-04-19 14:00:00,2025-04-20 02:00:00,2025-04-20 20:00:00,13.083401,77.501824,Complainant reported unauthorized debit transactions from bank account following a fake KYC verification call.
2289,110023009202602289,202602289,2026-03-29 14:00:00,9161,3009,1002,1,2,102,1003,2,4003,2026-03-28 10:00:00,2026-03-28 18:00:00,2026-03-29 14:00:00,13.110855,77.604105,Unknown miscreants broke open the lock of the house during late night hours and stole gold ornaments and cash.
2290,110053040202502290,202502290,2025-06-05 20:00:00,9093,3040,1005,1,1,104,1007,3,4007,2025-06-05 18:00:00,2025-06-06 00:00:00,2025-06-05 20:00:00,13.012586,77.483733,Two persons riding a black motorcycle snatched a gold chain from a pedestrian near the bus stand and fled.
2291,110023013202502291,202502291,2025-06-03 17:00:00,9133,3013,1002,1,1,103,1006,3,4009,2025-06-01 22:00:00,2025-06-02 04:00:00,2025-06-03 17:00:00,12.970771,77.448326,Unknown miscreants broke open the lock of the house during late night hours and stole gold ornaments and cash.
2292,110023014202502292,202502292,2025-04-03 05:00:00,9174,3014,1002,1,2,104,1007,1,4007,2025-04-01 23:00:00,2025-04-02 04:00:00,2025-04-03 05:00:00,13.007835,77.592469,"Accused intercepted a commercial vehicle on the highway, threatened the driver with sharp weapons, and looted goods."
2293,110023015202502293,202502293,2025-09-21 01:00:00,9167,3015,1002,1,1,104,1007,3,4011,2025-09-20 01:00:00,2025-09-20 05:00:00,2025-09-21 01:00:00,13.01366,77.614185,Complainant reported unauthorized debit transactions from bank account following a fake KYC verification call.
2294,110033022202502294,202502294,2025-03-17 11:00:00,9149,3022,1003,1,1,104,1007,2,4004,2025-03-16 12:00:00,2025-03-16 21:00:00,2025-03-17 11:00:00,12.958798,77.671324,Unknown miscreants broke open the lock of the house during late night hours and stole gold ornaments and cash.
2295,110013001202502295,202502295,2025-03-01 11:00:00,9012,3001,1001,1,1,104,1007,2,4002,2025-03-01 03:00:00,2025-03-01 04:00:00,2025-03-01 11:00:00,12.927307,77.469779,Unknown miscreants broke open the lock of the house during late night hours and stole gold ornaments and cash.
2296,110033021202602296,202602296,2026-01-30 01:00:00,9068,3021,1003,1,1,104,1007,1,4004,2026-01-28 18:00:00,2026-01-29 02:00:00,2026-01-30 01:00:00,13.057416,77.605328,Complainant reported unauthorized debit transactions from bank account following a fake KYC verification call.
2297,110043030202602297,202602297,2026-01-01 19:00:00,9303,3030,1004,1,2,104,1007,1,4011,2026-01-01 01:00:00,2026-01-01 12:00:00,2026-01-01 19:00:00,13.042096,77.498666,Complainant reported unauthorized debit transactions from bank account following a fake KYC verification call.
2298,110043027202502298,202502298,2025-10-29 02:00:00,9163,3027,1004,1,1,102,1003,1,4004,2025-10-27 10:00:00,2025-10-27 21:00:00,2025-10-29 02:00:00,12.980938,77.474735,A group of individuals assaulted the victim following a minor road rage incident causing grievous injuries.
2299,110053037202502299,202502299,2025-09-20 09:00:00,9132,3037,1005,1,2,101,1002,2,4011,2025-09-18 18:00:00,2025-09-19 02:00:00,2025-09-20 09:00:00,12.836702,77.728811,Unknown miscreants broke open the lock of the house during late night hours and stole gold ornaments and cash.
2300,110013002202502300,202502300,2025-01-11 18:00:00,9147,3002,1001,1,1,104,1007,2,4015,2025-01-10 02:00:00,2025-01-10 04:00:00,2025-01-11 18:00:00,13.000328,77.48716,"Accused intercepted a commercial vehicle on the highway, threatened the driver with sharp weapons, and looted goods."
2301,110023016202502301,202502301,2025-03-03 13:00:00,9015,3016,1002,1,1,101,1002,2,4005,2025-03-02 02:00:00,2025-03-02 04:00:00,2025-03-03 13:00:00,12.896551,77.555923,"Accused intercepted a commercial vehicle on the highway, threatened the driver with sharp weapons, and looted goods."
2302,110043031202502302,202502302,2025-10-11 01:00:00,9236,3031,1004,1,1,103,1006,1,4004,2025-10-09 14:00:00,2025-10-09 16:00:00,2025-10-11 01:00:00,12.936506,77.503376,Complainant reported unauthorized debit transactions from bank account following a fake KYC verification call.
2303,110023010202502303,202502303,2025-04-02 17:00:00,9278,3010,1002,1,2,104,1007,2,4008,2025-04-01 20:00:00,2025-04-02 08:00:00,2025-04-02 17:00:00,13.0687,77.708129,Complainant reported unauthorized debit transactions from bank account following a fake KYC verification call.
2304,110033023202602304,202602304,2026-01-16 05:00:00,9315,3023,1003,1,2,101,1001,3,4006,2026-01-15 17:00:00,2026-01-15 23:00:00,2026-01-16 05:00:00,13.104463,77.596827,Two persons riding a black motorcycle snatched a gold chain from a pedestrian near the bus stand and fled.
2305,110033022202502305,202502305,2025-01-05 06:00:00,9191,3022,1003,1,1,102,1004,2,4015,2025-01-04 12:00:00,2025-01-04 15:00:00,2025-01-05 06:00:00,12.863349,77.512885,"Accused intercepted a commercial vehicle on the highway, threatened the driver with sharp weapons, and looted goods."
2306,110043031202502306,202502306,2025-05-04 01:00:00,9113,3031,1004,1,1,104,1007,2,4014,2025-05-02 13:00:00,2025-05-03 01:00:00,2025-05-04 01:00:00,13.044991,77.696508,A group of individuals assaulted the victim following a minor road rage incident causing grievous injuries.
2307,110023014202502307,202502307,2025-07-31 02:00:00,9315,3014,1002,1,2,104,1007,2,4009,2025-07-31 00:00:00,2025-07-31 05:00:00,2025-07-31 02:00:00,13.041924,77.490552,Two persons riding a black motorcycle snatched a gold chain from a pedestrian near the bus stand and fled.
2308,110053033202502308,202502308,2025-01-07 00:00:00,9068,3033,1005,1,2,104,1007,2,4011,2025-01-05 22:00:00,2025-01-05 23:00:00,2025-01-07 00:00:00,12.912239,77.62816,"Accused intercepted a commercial vehicle on the highway, threatened the driver with sharp weapons, and looted goods."
2309,110053036202502309,202502309,2025-01-10 07:00:00,9255,3036,1005,1,1,101,1002,1,4012,2025-01-09 21:00:00,2025-01-10 06:00:00,2025-01-10 07:00:00,13.077101,77.666727,Two persons riding a black motorcycle snatched a gold chain from a pedestrian near the bus stand and fled.
2310,110023015202602310,202602310,2026-01-24 22:00:00,9314,3015,1002,1,2,101,1002,3,4014,2026-01-22 22:00:00,2026-01-23 07:00:00,2026-01-24 22:00:00,12.975616,77.629178,Unknown miscreants broke open the lock of the house during late night hours and stole gold ornaments and cash.
2311,110013008202602311,202602311,2026-01-20 05:00:00,9226,3008,1001,1,2,104,1007,1,4011,2026-01-19 10:00:00,2026-01-19 17:00:00,2026-01-20 05:00:00,12.943484,77.682292,Unknown miscreants broke open the lock of the house during late night hours and stole gold ornaments and cash.
2312,110013002202502312,202502312,2025-03-14 16:00:00,9117,3002,1001,1,2,102,1004,1,4013,2025-03-12 22:00:00,2025-03-13 07:00:00,2025-03-14 16:00:00,13.069894,77.606334,Complainant reported unauthorized debit transactions from bank account following a fake KYC verification call.
2313,110013001202502313,202502313,2025-02-23 15:00:00,9281,3001,1001,1,2,103,1006,2,4010,2025-02-22 02:00:00,2025-02-22 11:00:00,2025-02-23 15:00:00,12.89844,77.642604,Complainant reported unauthorized debit transactions from bank account following a fake KYC verification call.
2314,110023011202602314,202602314,2026-01-15 03:00:00,9274,3011,1002,1,1,102,1003,2,4008,2026-01-14 02:00:00,2026-01-14 07:00:00,2026-01-15 03:00:00,12.888237,77.630672,Unknown miscreants broke open the lock of the house during late night hours and stole gold ornaments and cash.
2315,110033022202602315,202602315,2026-03-18 22:00:00,9034,3022,1003,1,2,102,1003,3,4008,2026-03-17 09:00:00,2026-03-17 18:00:00,2026-03-18 22:00:00,12.997031,77.477635,Two persons riding a black motorcycle snatched a gold chain from a pedestrian near the bus stand and fled.
2316,110023010202502316,202502316,2025-08-28 13:00:00,9093,3010,1002,1,2,104,1007,3,4005,2025-08-27 17:00:00,2025-08-28 02:00:00,2025-08-28 13:00:00,12.86872,77.610678,"Accused intercepted a commercial vehicle on the highway, threatened the driver with sharp weapons, and looted goods."
2317,110023009202602317,202602317,2026-03-04 10:00:00,9288,3009,1002,1,2,102,1003,2,4009,2026-03-04 07:00:00,2026-03-04 14:00:00,2026-03-04 10:00:00,13.04068,77.679191,Complainant reported unauthorized debit transactions from bank account following a fake KYC verification call.
2318,110033020202502318,202502318,2025-02-09 11:00:00,9372,3020,1003,1,2,101,1001,3,4002,2025-02-08 17:00:00,2025-02-08 20:00:00,2025-02-09 11:00:00,12.855258,77.530955,Complainant reported unauthorized debit transactions from bank account following a fake KYC verification call.
2319,110023016202502319,202502319,2025-09-11 00:00:00,9279,3016,1002,1,2,101,1002,3,4001,2025-09-09 21:00:00,2025-09-10 00:00:00,2025-09-11 00:00:00,13.102126,77.558988,"Accused intercepted a commercial vehicle on the highway, threatened the driver with sharp weapons, and looted goods."
2320,110023014202502320,202502320,2025-10-29 22:00:00,9045,3014,1002,1,1,104,1007,2,4009,2025-10-28 12:00:00,2025-10-28 13:00:00,2025-10-29 22:00:00,12.891251,77.546765,"Accused intercepted a commercial vehicle on the highway, threatened the driver with sharp weapons, and looted goods."
2321,110053038202502321,202502321,2025-03-07 09:00:00,9224,3038,1005,1,1,102,1004,2,4004,2025-03-06 23:00:00,2025-03-07 01:00:00,2025-03-07 09:00:00,12.837335,77.520532,Complainant reported unauthorized debit transactions from bank account following a fake KYC verification call.
2322,110013005202502322,202502322,2025-12-06 03:00:00,9312,3005,1001,1,1,104,1007,3,4005,2025-12-05 08:00:00,2025-12-05 13:00:00,2025-12-06 03:00:00,12.99206,77.661887,Unknown miscreants broke open the lock of the house during late night hours and stole gold ornaments and cash.
2323,110023010202502323,202502323,2025-03-26 16:00:00,9066,3010,1002,1,2,103,1006,2,4001,2025-03-26 13:00:00,2025-03-27 01:00:00,2025-03-26 16:00:00,12.866321,77.492597,Complainant reported unauthorized debit transactions from bank account following a fake KYC verification call.
2324,110013001202502324,202502324,2025-11-22 05:00:00,9069,3001,1001,1,2,103,1005,2,4004,2025-11-20 17:00:00,2025-11-20 22:00:00,2025-11-22 05:00:00,12.971816,77.719958,A group of individuals assaulted the victim following a minor road rage incident causing grievous injuries.
2325,110033020202502325,202502325,2025-03-01 02:00:00,9153,3020,1003,1,2,104,1007,1,4003,2025-02-27 17:00:00,2025-02-28 00:00:00,2025-03-01 02:00:00,13.079546,77.589151,"Accused intercepted a commercial vehicle on the highway, threatened the driver with sharp weapons, and looted goods."
2326,110033023202502326,202502326,2025-06-04 22:00:00,9113,3023,1003,1,1,103,1006,3,4008,2025-06-03 22:00:00,2025-06-04 01:00:00,2025-06-04 22:00:00,12.880418,77.739587,Unknown miscreants broke open the lock of the house during late night hours and stole gold ornaments and cash.
2327,110043026202502327,202502327,2025-01-08 17:00:00,9068,3026,1004,1,1,103,1006,3,4010,2025-01-07 14:00:00,2025-01-07 15:00:00,2025-01-08 17:00:00,13.055643,77.522832,"Accused intercepted a commercial vehicle on the highway, threatened the driver with sharp weapons, and looted goods."
2328,110033020202602328,202602328,2026-02-26 01:00:00,9035,3020,1003,1,2,102,1003,1,4014,2026-02-24 07:00:00,2026-02-24 14:00:00,2026-02-26 01:00:00,13.085719,77.709022,Unknown miscreants broke open the lock of the house during late night hours and stole gold ornaments and cash.
2329,110013004202602329,202602329,2026-03-13 23:00:00,9159,3004,1001,1,2,101,1002,2,4008,2026-03-12 03:00:00,2026-03-12 07:00:00,2026-03-13 23:00:00,13.08114,77.532128,Complainant reported unauthorized debit transactions from bank account following a fake KYC verification call.
2330,110043031202602330,202602330,2026-01-08 07:00:00,9193,3031,1004,1,1,102,1004,3,4013,2026-01-07 18:00:00,2026-01-07 21:00:00,2026-01-08 07:00:00,12.837857,77.454652,A group of individuals assaulted the victim following a minor road rage incident causing grievous injuries.
2331,110033019202502331,202502331,2025-04-12 08:00:00,9122,3019,1003,1,2,103,1005,1,4009,2025-04-11 02:00:00,2025-04-11 13:00:00,2025-04-12 08:00:00,12.984532,77.503304,Unknown miscreants broke open the lock of the house during late night hours and stole gold ornaments and cash.
2332,110043027202502332,202502332,2025-03-10 15:00:00,9016,3027,1004,1,1,103,1006,2,4012,2025-03-09 16:00:00,2025-03-10 01:00:00,2025-03-10 15:00:00,13.103695,77.709731,Unknown miscreants broke open the lock of the house during late night hours and stole gold ornaments and cash.
2333,110033017202502333,202502333,2025-09-11 08:00:00,9182,3017,1003,1,1,103,1005,2,4002,2025-09-09 08:00:00,2025-09-09 18:00:00,2025-09-11 08:00:00,12.847928,77.485131,Complainant reported unauthorized debit transactions from bank account following a fake KYC verification call.
2334,110023012202502334,202502334,2025-06-27 18:00:00,9323,3012,1002,1,1,104,1007,2,4002,2025-06-25 21:00:00,2025-06-26 02:00:00,2025-06-27 18:00:00,12.883234,77.544009,Complainant reported unauthorized debit transactions from bank account following a fake KYC verification call.
2335,110043025202502335,202502335,2025-04-15 17:00:00,9051,3025,1004,1,1,103,1005,2,4006,2025-04-13 17:00:00,2025-04-13 21:00:00,2025-04-15 17:00:00,13.060271,77.587322,Unknown miscreants broke open the lock of the house during late night hours and stole gold ornaments and cash.
2336,110043027202502336,202502336,2025-09-09 00:00:00,9058,3027,1004,1,1,102,1003,3,4015,2025-09-07 01:00:00,2025-09-07 12:00:00,2025-09-09 00:00:00,12.880419,77.524074,Two persons riding a black motorcycle snatched a gold chain from a pedestrian near the bus stand and fled.
2337,110043031202502337,202502337,2025-06-04 20:00:00,9286,3031,1004,1,1,101,1001,2,4007,2025-06-03 04:00:00,2025-06-03 11:00:00,2025-06-04 20:00:00,12.863096,77.596367,Complainant reported unauthorized debit transactions from bank account following a fake KYC verification call.
2338,110043027202502338,202502338,2025-08-17 01:00:00,9165,3027,1004,1,2,104,1007,3,4013,2025-08-16 21:00:00,2025-08-17 02:00:00,2025-08-17 01:00:00,13.056074,77.554323,Two persons riding a black motorcycle snatched a gold chain from a pedestrian near the bus stand and fled.
2339,110013003202602339,202602339,2026-01-30 17:00:00,9273,3003,1001,1,1,101,1002,2,4012,2026-01-29 19:00:00,2026-01-30 02:00:00,2026-01-30 17:00:00,12.94027,77.494627,Unknown miscreants broke open the lock of the house during late night hours and stole gold ornaments and cash.
2340,110033020202602340,202602340,2026-01-02 09:00:00,9387,3020,1003,1,2,104,1007,2,4014,2026-01-02 06:00:00,2026-01-02 13:00:00,2026-01-02 09:00:00,13.046527,77.667756,"Accused intercepted a commercial vehicle on the highway, threatened the driver with sharp weapons, and looted goods."
2341,110043026202502341,202502341,2025-12-07 05:00:00,9102,3026,1004,1,1,102,1003,3,4012,2025-12-06 18:00:00,2025-12-07 05:00:00,2025-12-07 05:00:00,12.931033,77.724088,Complainant reported unauthorized debit transactions from bank account following a fake KYC verification call.
2342,110043030202602342,202602342,2026-03-24 17:00:00,9291,3030,1004,1,2,101,1001,3,4009,2026-03-24 04:00:00,2026-03-24 14:00:00,2026-03-24 17:00:00,12.994697,77.695014,A group of individuals assaulted the victim following a minor road rage incident causing grievous injuries.
2343,110023009202502343,202502343,2025-02-23 23:00:00,9390,3009,1002,1,1,101,1001,3,4004,2025-02-22 00:00:00,2025-02-22 04:00:00,2025-02-23 23:00:00,13.070479,77.681841,Two persons riding a black motorcycle snatched a gold chain from a pedestrian near the bus stand and fled.
2344,110023012202502344,202502344,2025-10-21 11:00:00,9148,3012,1002,1,2,104,1007,3,4012,2025-10-20 18:00:00,2025-10-20 19:00:00,2025-10-21 11:00:00,13.081743,77.594231,"Accused intercepted a commercial vehicle on the highway, threatened the driver with sharp weapons, and looted goods."
2345,110013008202502345,202502345,2025-11-13 18:00:00,9363,3008,1001,1,1,101,1002,2,4003,2025-11-12 07:00:00,2025-11-12 17:00:00,2025-11-13 18:00:00,13.119671,77.4858,Complainant reported unauthorized debit transactions from bank account following a fake KYC verification call.
2346,110033017202502346,202502346,2025-10-20 10:00:00,9267,3017,1003,1,1,101,1002,1,4012,2025-10-18 14:00:00,2025-10-18 22:00:00,2025-10-20 10:00:00,12.831785,77.700822,A group of individuals assaulted the victim following a minor road rage incident causing grievous injuries.
2347,110053036202502347,202502347,2025-11-28 08:00:00,9179,3036,1005,1,2,102,1004,1,4010,2025-11-26 20:00:00,2025-11-27 01:00:00,2025-11-28 08:00:00,13.01161,77.660243,Two persons riding a black motorcycle snatched a gold chain from a pedestrian near the bus stand and fled.
2348,110053039202502348,202502348,2025-05-16 08:00:00,9227,3039,1005,1,1,103,1005,1,4004,2025-05-14 17:00:00,2025-05-15 03:00:00,2025-05-16 08:00:00,13.029388,77.624403,Complainant reported unauthorized debit transactions from bank account following a fake KYC verification call.
2349,110033024202502349,202502349,2025-05-04 22:00:00,9168,3024,1003,1,1,102,1004,3,4002,2025-05-03 14:00:00,2025-05-03 18:00:00,2025-05-04 22:00:00,12.979889,77.704419,Two persons riding a black motorcycle snatched a gold chain from a pedestrian near the bus stand and fled.
2350,110053033202602350,202602350,2026-01-23 00:00:00,9051,3033,1005,1,1,103,1006,2,4001,2026-01-21 07:00:00,2026-01-21 08:00:00,2026-01-23 00:00:00,12.982702,77.534354,Two persons riding a black motorcycle snatched a gold chain from a pedestrian near the bus stand and fled.
2351,110043025202602351,202602351,2026-01-26 11:00:00,9086,3025,1004,1,2,102,1003,2,4013,2026-01-26 09:00:00,2026-01-26 19:00:00,2026-01-26 11:00:00,13.076389,77.465272,Unknown miscreants broke open the lock of the house during late night hours and stole gold ornaments and cash.
2352,110043028202502352,202502352,2025-10-19 17:00:00,9029,3028,1004,1,2,104,1007,2,4006,2025-10-18 11:00:00,2025-10-18 18:00:00,2025-10-19 17:00:00,13.120717,77.467783,A group of individuals assaulted the victim following a minor road rage incident causing grievous injuries.
2353,110033021202602353,202602353,2026-03-06 04:00:00,9390,3021,1003,1,1,101,1001,2,4010,2026-03-05 00:00:00,2026-03-05 08:00:00,2026-03-06 04:00:00,13.075579,77.525345,A group of individuals assaulted the victim following a minor road rage incident causing grievous injuries.
2354,110053036202502354,202502354,2025-02-09 13:00:00,9008,3036,1005,1,2,101,1001,1,4011,2025-02-08 00:00:00,2025-02-08 09:00:00,2025-02-09 13:00:00,12.852103,77.466409,Unknown miscreants broke open the lock of the house during late night hours and stole gold ornaments and cash.
2355,110013003202602355,202602355,2026-01-16 09:00:00,9118,3003,1001,1,1,102,1004,1,4009,2026-01-16 04:00:00,2026-01-16 09:00:00,2026-01-16 09:00:00,13.013897,77.539509,A group of individuals assaulted the victim following a minor road rage incident causing grievous injuries.
2356,110033020202502356,202502356,2025-04-23 01:00:00,9200,3020,1003,1,1,101,1001,1,4002,2025-04-21 03:00:00,2025-04-21 10:00:00,2025-04-23 01:00:00,12.988275,77.604875,Complainant reported unauthorized debit transactions from bank account following a fake KYC verification call.
2357,110023016202502357,202502357,2025-03-29 16:00:00,9072,3016,1002,1,2,101,1002,3,4012,2025-03-28 10:00:00,2025-03-28 18:00:00,2025-03-29 16:00:00,12.841749,77.693698,Two persons riding a black motorcycle snatched a gold chain from a pedestrian near the bus stand and fled.
2358,110023014202602358,202602358,2026-03-08 18:00:00,9359,3014,1002,1,1,102,1004,2,4015,2026-03-07 19:00:00,2026-03-08 04:00:00,2026-03-08 18:00:00,13.006115,77.637708,Two persons riding a black motorcycle snatched a gold chain from a pedestrian near the bus stand and fled.
2359,110043030202502359,202502359,2025-06-23 01:00:00,9125,3030,1004,1,2,101,1001,3,4010,2025-06-22 00:00:00,2025-06-22 03:00:00,2025-06-23 01:00:00,12.870189,77.595431,Two persons riding a black motorcycle snatched a gold chain from a pedestrian near the bus stand and fled.
2360,110023012202602360,202602360,2026-02-06 07:00:00,9386,3012,1002,1,1,104,1007,3,4002,2026-02-05 07:00:00,2026-02-05 12:00:00,2026-02-06 07:00:00,13.109973,77.706171,A group of individuals assaulted the victim following a minor road rage incident causing grievous injuries.
2361,110043028202502361,202502361,2025-06-22 09:00:00,9163,3028,1004,1,2,104,1007,3,4006,2025-06-21 22:00:00,2025-06-22 09:00:00,2025-06-22 09:00:00,12.939144,77.7339,A group of individuals assaulted the victim following a minor road rage incident causing grievous injuries.
2362,110013001202502362,202502362,2025-08-02 23:00:00,9394,3001,1001,1,1,101,1001,1,4006,2025-08-02 11:00:00,2025-08-02 18:00:00,2025-08-02 23:00:00,12.999026,77.593734,A group of individuals assaulted the victim following a minor road rage incident causing grievous injuries.
2363,110043028202602363,202602363,2026-03-11 02:00:00,9311,3028,1004,1,1,102,1004,2,4015,2026-03-10 12:00:00,2026-03-10 18:00:00,2026-03-11 02:00:00,12.939883,77.477079,Complainant reported unauthorized debit transactions from bank account following a fake KYC verification call.
2364,110053039202602364,202602364,2026-03-08 19:00:00,9140,3039,1005,1,2,102,1004,3,4001,2026-03-07 16:00:00,2026-03-08 03:00:00,2026-03-08 19:00:00,13.106341,77.509245,A group of individuals assaulted the victim following a minor road rage incident causing grievous injuries.
2365,110033018202502365,202502365,2025-09-27 23:00:00,9310,3018,1003,1,1,103,1005,1,4009,2025-09-27 21:00:00,2025-09-28 07:00:00,2025-09-27 23:00:00,12.916533,77.464781,"Accused intercepted a commercial vehicle on the highway, threatened the driver with sharp weapons, and looted goods."
2366,110013003202502366,202502366,2025-02-02 01:00:00,9367,3003,1001,1,2,103,1006,3,4007,2025-01-31 21:00:00,2025-01-31 22:00:00,2025-02-02 01:00:00,12.972719,77.612413,"Accused intercepted a commercial vehicle on the highway, threatened the driver with sharp weapons, and looted goods."
2367,110023015202502367,202502367,2025-08-03 12:00:00,9097,3015,1002,1,2,104,1007,2,4012,2025-08-01 20:00:00,2025-08-02 03:00:00,2025-08-03 12:00:00,12.886172,77.682573,A group of individuals assaulted the victim following a minor road rage incident causing grievous injuries.
2368,110023014202502368,202502368,2025-06-08 17:00:00,9023,3014,1002,1,1,101,1002,3,4010,2025-06-07 05:00:00,2025-06-07 08:00:00,2025-06-08 17:00:00,12.910403,77.723066,Complainant reported unauthorized debit transactions from bank account following a fake KYC verification call.
2369,110043027202502369,202502369,2025-05-07 21:00:00,9042,3027,1004,1,2,104,1007,2,4013,2025-05-07 14:00:00,2025-05-07 22:00:00,2025-05-07 21:00:00,12.831702,77.687759,Unknown miscreants broke open the lock of the house during late night hours and stole gold ornaments and cash.
2370,110033020202602370,202602370,2026-03-22 19:00:00,9117,3020,1003,1,2,104,1007,3,4008,2026-03-21 15:00:00,2026-03-21 20:00:00,2026-03-22 19:00:00,12.919364,77.647405,A group of individuals assaulted the victim following a minor road rage incident causing grievous injuries.
2371,110033020202502371,202502371,2025-03-30 04:00:00,9153,3020,1003,1,2,104,1007,3,4006,2025-03-28 07:00:00,2025-03-28 14:00:00,2025-03-30 04:00:00,13.024516,77.674211,A group of individuals assaulted the victim following a minor road rage incident causing grievous injuries.
2372,110023012202602372,202602372,2026-02-07 13:00:00,9381,3012,1002,1,1,103,1006,2,4012,2026-02-06 23:00:00,2026-02-07 00:00:00,2026-02-07 13:00:00,13.095079,77.480811,"Accused intercepted a commercial vehicle on the highway, threatened the driver with sharp weapons, and looted goods."
2373,110033023202502373,202502373,2025-08-09 07:00:00,9178,3023,1003,1,2,103,1005,3,4015,2025-08-08 11:00:00,2025-08-08 16:00:00,2025-08-09 07:00:00,12.882931,77.511719,"Accused intercepted a commercial vehicle on the highway, threatened the driver with sharp weapons, and looted goods."
2374,110043028202502374,202502374,2025-07-11 07:00:00,9097,3028,1004,1,2,103,1005,2,4013,2025-07-10 01:00:00,2025-07-10 08:00:00,2025-07-11 07:00:00,13.087598,77.675719,Complainant reported unauthorized debit transactions from bank account following a fake KYC verification call.
2375,110033023202502375,202502375,2025-05-28 12:00:00,9397,3023,1003,1,1,101,1002,2,4004,2025-05-26 12:00:00,2025-05-26 16:00:00,2025-05-28 12:00:00,12.98918,77.52714,Complainant reported unauthorized debit transactions from bank account following a fake KYC verification call.
2376,110013006202502376,202502376,2025-06-01 18:00:00,9171,3006,1001,1,1,104,1007,2,4006,2025-05-31 17:00:00,2025-06-01 02:00:00,2025-06-01 18:00:00,12.986738,77.716167,Two persons riding a black motorcycle snatched a gold chain from a pedestrian near the bus stand and fled.
2377,110023013202502377,202502377,2025-09-10 08:00:00,9066,3013,1002,1,1,104,1007,2,4015,2025-09-08 23:00:00,2025-09-09 06:00:00,2025-09-10 08:00:00,13.033142,77.583907,A group of individuals assaulted the victim following a minor road rage incident causing grievous injuries.
2378,110043030202502378,202502378,2025-03-20 08:00:00,9267,3030,1004,1,1,103,1005,1,4007,2025-03-19 11:00:00,2025-03-19 14:00:00,2025-03-20 08:00:00,12.915079,77.519868,Two persons riding a black motorcycle snatched a gold chain from a pedestrian near the bus stand and fled.
2379,110033019202502379,202502379,2025-05-30 13:00:00,9114,3019,1003,1,1,103,1006,1,4008,2025-05-29 22:00:00,2025-05-30 07:00:00,2025-05-30 13:00:00,13.018592,77.47867,Two persons riding a black motorcycle snatched a gold chain from a pedestrian near the bus stand and fled.
2380,110013005202502380,202502380,2025-01-05 22:00:00,9346,3005,1001,1,1,103,1005,2,4002,2025-01-04 03:00:00,2025-01-04 15:00:00,2025-01-05 22:00:00,12.954902,77.682893,"Accused intercepted a commercial vehicle on the highway, threatened the driver with sharp weapons, and looted goods."
2381,110033022202502381,202502381,2025-05-24 01:00:00,9359,3022,1003,1,2,103,1006,2,4003,2025-05-23 02:00:00,2025-05-23 14:00:00,2025-05-24 01:00:00,12.968059,77.513219,Unknown miscreants broke open the lock of the house during late night hours and stole gold ornaments and cash.
2382,110023016202502382,202502382,2025-12-02 19:00:00,9289,3016,1002,1,2,104,1007,2,4010,2025-12-01 17:00:00,2025-12-01 23:00:00,2025-12-02 19:00:00,12.964501,77.531217,"Accused intercepted a commercial vehicle on the highway, threatened the driver with sharp weapons, and looted goods."
2383,110033024202502383,202502383,2025-05-10 19:00:00,9086,3024,1003,1,2,102,1004,3,4007,2025-05-10 11:00:00,2025-05-10 20:00:00,2025-05-10 19:00:00,12.973716,77.478544,"Accused intercepted a commercial vehicle on the highway, threatened the driver with sharp weapons, and looted goods."
2384,110013004202502384,202502384,2025-07-17 21:00:00,9097,3004,1001,1,2,104,1007,1,4002,2025-07-16 01:00:00,2025-07-16 06:00:00,2025-07-17 21:00:00,12.931206,77.457738,"Accused intercepted a commercial vehicle on the highway, threatened the driver with sharp weapons, and looted goods."
2385,110053033202502385,202502385,2025-01-30 15:00:00,9245,3033,1005,1,1,104,1007,2,4009,2025-01-29 01:00:00,2025-01-29 08:00:00,2025-01-30 15:00:00,13.02854,77.595119,Complainant reported unauthorized debit transactions from bank account following a fake KYC verification call.
2386,110043028202502386,202502386,2025-10-25 12:00:00,9052,3028,1004,1,1,103,1006,2,4013,2025-10-24 15:00:00,2025-10-25 00:00:00,2025-10-25 12:00:00,12.897359,77.491519,Unknown miscreants broke open the lock of the house during late night hours and stole gold ornaments and cash.
2387,110043025202502387,202502387,2025-10-14 23:00:00,9269,3025,1004,1,2,102,1003,2,4011,2025-10-14 11:00:00,2025-10-14 20:00:00,2025-10-14 23:00:00,12.974971,77.739232,"Accused intercepted a commercial vehicle on the highway, threatened the driver with sharp weapons, and looted goods."
2388,110053035202502388,202502388,2025-11-25 03:00:00,9132,3035,1005,1,2,104,1007,2,4015,2025-11-24 00:00:00,2025-11-24 05:00:00,2025-11-25 03:00:00,12.853768,77.646313,"Accused intercepted a commercial vehicle on the highway, threatened the driver with sharp weapons, and looted goods."
2389,110053036202502389,202502389,2025-10-01 11:00:00,9400,3036,1005,1,1,104,1007,3,4001,2025-09-30 22:00:00,2025-10-01 05:00:00,2025-10-01 11:00:00,13.084888,77.508733,Unknown miscreants broke open the lock of the house during late night hours and stole gold ornaments and cash.
2390,110053040202502390,202502390,2025-06-08 16:00:00,9231,3040,1005,1,1,104,1007,3,4014,2025-06-07 09:00:00,2025-06-07 10:00:00,2025-06-08 16:00:00,12.953567,77.456609,"Accused intercepted a commercial vehicle on the highway, threatened the driver with sharp weapons, and looted goods."
2391,110033020202502391,202502391,2025-06-29 16:00:00,9307,3020,1003,1,2,103,1005,1,4002,2025-06-27 18:00:00,2025-06-28 00:00:00,2025-06-29 16:00:00,12.979317,77.486995,Unknown miscreants broke open the lock of the house during late night hours and stole gold ornaments and cash.
2392,110033020202502392,202502392,2025-12-25 12:00:00,9060,3020,1003,1,1,103,1005,1,4011,2025-12-23 15:00:00,2025-12-23 18:00:00,2025-12-25 12:00:00,12.859632,77.729397,Two persons riding a black motorcycle snatched a gold chain from a pedestrian near the bus stand and fled.
2393,110033024202502393,202502393,2025-11-14 20:00:00,9369,3024,1003,1,2,104,1007,2,4011,2025-11-14 17:00:00,2025-11-14 23:00:00,2025-11-14 20:00:00,12.843873,77.744444,Complainant reported unauthorized debit transactions from bank account following a fake KYC verification call.
2394,110053040202502394,202502394,2025-09-22 14:00:00,9174,3040,1005,1,1,104,1007,1,4002,2025-09-20 19:00:00,2025-09-21 06:00:00,2025-09-22 14:00:00,12.959606,77.504338,Complainant reported unauthorized debit transactions from bank account following a fake KYC verification call.
2395,110043030202502395,202502395,2025-01-29 00:00:00,9202,3030,1004,1,2,102,1004,3,4001,2025-01-28 15:00:00,2025-01-28 19:00:00,2025-01-29 00:00:00,13.063567,77.598321,Two persons riding a black motorcycle snatched a gold chain from a pedestrian near the bus stand and fled.
2396,110043026202602396,202602396,2026-01-17 08:00:00,9072,3026,1004,1,1,101,1001,1,4010,2026-01-17 04:00:00,2026-01-17 14:00:00,2026-01-17 08:00:00,13.101607,77.677259,Unknown miscreants broke open the lock of the house during late night hours and stole gold ornaments and cash.
2397,110053038202502397,202502397,2025-11-11 20:00:00,9366,3038,1005,1,2,102,1004,2,4011,2025-11-11 08:00:00,2025-11-11 17:00:00,2025-11-11 20:00:00,12.948417,77.680359,"Accused intercepted a commercial vehicle on the highway, threatened the driver with sharp weapons, and looted goods."
2398,110033023202502398,202502398,2025-12-01 11:00:00,9307,3023,1003,1,1,102,1003,3,4010,2025-11-29 12:00:00,2025-11-29 13:00:00,2025-12-01 11:00:00,13.109364,77.49253,Complainant reported unauthorized debit transactions from bank account following a fake KYC verification call.
2399,110033024202502399,202502399,2025-01-22 11:00:00,9269,3024,1003,1,1,102,1004,2,4010,2025-01-21 02:00:00,2025-01-21 07:00:00,2025-01-22 11:00:00,12.829994,77.56965,A group of individuals assaulted the victim following a minor road rage incident causing grievous injuries.
2400,110013005202502400,202502400,2025-07-06 01:00:00,9191,3005,1001,1,2,102,1004,2,4014,2025-07-05 01:00:00,2025-07-05 06:00:00,2025-07-06 01:00:00,13.054373,77.572304,Two persons riding a black motorcycle snatched a gold chain from a pedestrian near the bus stand and fled.
2401,110023014202502401,202502401,2025-11-26 16:00:00,9021,3014,1002,1,1,104,1007,3,4012,2025-11-26 12:00:00,2025-11-27 00:00:00,2025-11-26 16:00:00,12.8522,77.713514,Complainant reported unauthorized debit transactions from bank account following a fake KYC verification call.
2402,110023015202602402,202602402,2026-02-15 03:00:00,9394,3015,1002,1,2,103,1006,2,4003,2026-02-15 01:00:00,2026-02-15 12:00:00,2026-02-15 03:00:00,13.015269,77.684607,Complainant reported unauthorized debit transactions from bank account following a fake KYC verification call.
2403,110043031202502403,202502403,2025-12-25 15:00:00,9089,3031,1004,1,2,102,1003,1,4003,2025-12-24 06:00:00,2025-12-24 15:00:00,2025-12-25 15:00:00,12.890736,77.624506,"Accused intercepted a commercial vehicle on the highway, threatened the driver with sharp weapons, and looted goods."
2404,110023016202602404,202602404,2026-03-04 02:00:00,9128,3016,1002,1,2,102,1003,3,4008,2026-03-03 05:00:00,2026-03-03 14:00:00,2026-03-04 02:00:00,12.865396,77.461175,Unknown miscreants broke open the lock of the house during late night hours and stole gold ornaments and cash.
2405,110053033202602405,202602405,2026-02-13 13:00:00,9066,3033,1005,1,2,103,1005,2,4007,2026-02-12 05:00:00,2026-02-12 14:00:00,2026-02-13 13:00:00,12.886289,77.553236,Unknown miscreants broke open the lock of the house during late night hours and stole gold ornaments and cash.
2406,110013004202502406,202502406,2025-08-25 13:00:00,9294,3004,1001,1,2,104,1007,3,4004,2025-08-24 17:00:00,2025-08-25 02:00:00,2025-08-25 13:00:00,13.084496,77.489002,Two persons riding a black motorcycle snatched a gold chain from a pedestrian near the bus stand and fled.
2407,110033018202502407,202502407,2025-10-11 13:00:00,9161,3018,1003,1,2,104,1007,1,4010,2025-10-11 11:00:00,2025-10-11 14:00:00,2025-10-11 13:00:00,13.121161,77.649194,"Accused intercepted a commercial vehicle on the highway, threatened the driver with sharp weapons, and looted goods."
2408,110043029202602408,202602408,2026-03-28 20:00:00,9381,3029,1004,1,2,104,1007,1,4012,2026-03-27 10:00:00,2026-03-27 15:00:00,2026-03-28 20:00:00,12.930565,77.578088,A group of individuals assaulted the victim following a minor road rage incident causing grievous injuries.
2409,110053039202502409,202502409,2025-02-08 16:00:00,9128,3039,1005,1,2,101,1001,1,4003,2025-02-08 12:00:00,2025-02-08 21:00:00,2025-02-08 16:00:00,13.047352,77.589841,Unknown miscreants broke open the lock of the house during late night hours and stole gold ornaments and cash.
2410,110023013202602410,202602410,2026-03-15 11:00:00,9357,3013,1002,1,1,101,1001,3,4007,2026-03-13 13:00:00,2026-03-14 00:00:00,2026-03-15 11:00:00,13.120335,77.519606,Unknown miscreants broke open the lock of the house during late night hours and stole gold ornaments and cash.
2411,110013008202502411,202502411,2025-08-16 21:00:00,9112,3008,1001,1,1,102,1004,1,4006,2025-08-16 03:00:00,2025-08-16 10:00:00,2025-08-16 21:00:00,12.9238,77.558752,A group of individuals assaulted the victim following a minor road rage incident causing grievous injuries.
2412,110013004202502412,202502412,2025-06-19 02:00:00,9151,3004,1001,1,2,102,1003,3,4001,2025-06-18 15:00:00,2025-06-19 00:00:00,2025-06-19 02:00:00,12.892823,77.483094,"Accused intercepted a commercial vehicle on the highway, threatened the driver with sharp weapons, and looted goods."
2413,110023016202502413,202502413,2025-07-31 12:00:00,9239,3016,1002,1,1,101,1002,1,4010,2025-07-30 12:00:00,2025-07-30 13:00:00,2025-07-31 12:00:00,12.987277,77.690166,"Accused intercepted a commercial vehicle on the highway, threatened the driver with sharp weapons, and looted goods."
2414,110043031202502414,202502414,2025-08-03 02:00:00,9010,3031,1004,1,2,102,1003,1,4014,2025-08-01 15:00:00,2025-08-02 02:00:00,2025-08-03 02:00:00,13.067888,77.449684,Two persons riding a black motorcycle snatched a gold chain from a pedestrian near the bus stand and fled.
2415,110033019202502415,202502415,2025-04-16 05:00:00,9372,3019,1003,1,1,101,1002,3,4009,2025-04-15 05:00:00,2025-04-15 11:00:00,2025-04-16 05:00:00,13.011702,77.676425,"Accused intercepted a commercial vehicle on the highway, threatened the driver with sharp weapons, and looted goods."
2416,110013007202502416,202502416,2025-10-18 05:00:00,9375,3007,1001,1,1,103,1005,2,4004,2025-10-17 15:00:00,2025-10-18 01:00:00,2025-10-18 05:00:00,12.985888,77.498344,A group of individuals assaulted the victim following a minor road rage incident causing grievous injuries.
2417,110043029202502417,202502417,2025-07-23 04:00:00,9085,3029,1004,1,2,103,1006,3,4013,2025-07-21 23:00:00,2025-07-22 08:00:00,2025-07-23 04:00:00,12.873471,77.467566,Unknown miscreants broke open the lock of the house during late night hours and stole gold ornaments and cash.
2418,110023016202502418,202502418,2025-04-29 10:00:00,9233,3016,1002,1,2,102,1004,1,4011,2025-04-29 07:00:00,2025-04-29 09:00:00,2025-04-29 10:00:00,12.843135,77.470462,A group of individuals assaulted the victim following a minor road rage incident causing grievous injuries.
2419,110053037202502419,202502419,2025-08-16 22:00:00,9268,3037,1005,1,2,103,1006,3,4011,2025-08-16 14:00:00,2025-08-16 16:00:00,2025-08-16 22:00:00,13.064998,77.706187,Two persons riding a black motorcycle snatched a gold chain from a pedestrian near the bus stand and fled.
2420,110013005202502420,202502420,2025-09-21 10:00:00,9311,3005,1001,1,1,101,1002,2,4008,2025-09-19 23:00:00,2025-09-20 05:00:00,2025-09-21 10:00:00,12.994321,77.449653,Complainant reported unauthorized debit transactions from bank account following a fake KYC verification call.
2421,110043031202502421,202502421,2025-12-11 01:00:00,9145,3031,1004,1,1,103,1006,3,4005,2025-12-10 23:00:00,2025-12-11 01:00:00,2025-12-11 01:00:00,13.07401,77.45802,A group of individuals assaulted the victim following a minor road rage incident causing grievous injuries.
2422,110053039202502422,202502422,2025-05-16 06:00:00,9241,3039,1005,1,2,104,1007,1,4011,2025-05-15 08:00:00,2025-05-15 20:00:00,2025-05-16 06:00:00,12.865393,77.704338,"Accused intercepted a commercial vehicle on the highway, threatened the driver with sharp weapons, and looted goods."
2423,110023010202502423,202502423,2025-01-21 16:00:00,9376,3010,1002,1,2,103,1005,2,4002,2025-01-20 10:00:00,2025-01-20 21:00:00,2025-01-21 16:00:00,13.052754,77.67588,A group of individuals assaulted the victim following a minor road rage incident causing grievous injuries.
2424,110053038202502424,202502424,2025-03-01 13:00:00,9375,3038,1005,1,2,101,1001,3,4003,2025-03-01 11:00:00,2025-03-01 13:00:00,2025-03-01 13:00:00,12.925227,77.508651,"Accused intercepted a commercial vehicle on the highway, threatened the driver with sharp weapons, and looted goods."
2425,110013005202602425,202602425,2026-01-07 09:00:00,9200,3005,1001,1,1,103,1006,1,4012,2026-01-06 22:00:00,2026-01-07 08:00:00,2026-01-07 09:00:00,12.84612,77.68515,Complainant reported unauthorized debit transactions from bank account following a fake KYC verification call.
2426,110043025202602426,202602426,2026-02-09 19:00:00,9014,3025,1004,1,1,101,1001,3,4003,2026-02-08 06:00:00,2026-02-08 11:00:00,2026-02-09 19:00:00,12.959334,77.65736,Unknown miscreants broke open the lock of the house during late night hours and stole gold ornaments and cash.
2427,110033024202502427,202502427,2025-09-17 10:00:00,9160,3024,1003,1,1,101,1002,2,4009,2025-09-15 19:00:00,2025-09-15 20:00:00,2025-09-17 10:00:00,13.109576,77.491126,Two persons riding a black motorcycle snatched a gold chain from a pedestrian near the bus stand and fled.
2428,110053036202502428,202502428,2025-03-08 02:00:00,9022,3036,1005,1,1,101,1001,1,4015,2025-03-06 20:00:00,2025-03-06 23:00:00,2025-03-08 02:00:00,12.96599,77.625881,"Accused intercepted a commercial vehicle on the highway, threatened the driver with sharp weapons, and looted goods."
2429,110053033202602429,202602429,2026-03-21 09:00:00,9075,3033,1005,1,1,104,1007,1,4013,2026-03-19 11:00:00,2026-03-19 20:00:00,2026-03-21 09:00:00,12.918704,77.73837,Unknown miscreants broke open the lock of the house during late night hours and stole gold ornaments and cash.
2430,110033020202502430,202502430,2025-03-23 07:00:00,9185,3020,1003,1,2,101,1002,2,4010,2025-03-22 04:00:00,2025-03-22 13:00:00,2025-03-23 07:00:00,13.012928,77.668375,Two persons riding a black motorcycle snatched a gold chain from a pedestrian near the bus stand and fled.
2431,110013003202602431,202602431,2026-03-22 01:00:00,9293,3003,1001,1,1,102,1003,2,4003,2026-03-21 16:00:00,2026-03-22 04:00:00,2026-03-22 01:00:00,13.006415,77.633565,A group of individuals assaulted the victim following a minor road rage incident causing grievous injuries.
2432,110053039202502432,202502432,2025-02-02 19:00:00,9250,3039,1005,1,2,102,1003,2,4006,2025-02-01 03:00:00,2025-02-01 05:00:00,2025-02-02 19:00:00,12.841145,77.681692,Two persons riding a black motorcycle snatched a gold chain from a pedestrian near the bus stand and fled.
2433,110043030202602433,202602433,2026-02-10 07:00:00,9164,3030,1004,1,1,104,1007,2,4010,2026-02-08 19:00:00,2026-02-09 06:00:00,2026-02-10 07:00:00,13.103089,77.716409,Unknown miscreants broke open the lock of the house during late night hours and stole gold ornaments and cash.
2434,110033019202502434,202502434,2025-01-08 04:00:00,9348,3019,1003,1,2,103,1005,1,4011,2025-01-07 23:00:00,2025-01-08 07:00:00,2025-01-08 04:00:00,12.879083,77.700907,"Accused intercepted a commercial vehicle on the highway, threatened the driver with sharp weapons, and looted goods."
2435,110013003202502435,202502435,2025-11-11 22:00:00,9072,3003,1001,1,2,102,1003,1,4015,2025-11-11 02:00:00,2025-11-11 04:00:00,2025-11-11 22:00:00,12.939839,77.652896,Two persons riding a black motorcycle snatched a gold chain from a pedestrian near the bus stand and fled.
2436,110053037202502436,202502436,2025-08-28 10:00:00,9196,3037,1005,1,1,103,1005,2,4009,2025-08-27 15:00:00,2025-08-27 23:00:00,2025-08-28 10:00:00,12.836032,77.607844,Two persons riding a black motorcycle snatched a gold chain from a pedestrian near the bus stand and fled.
2437,110023009202602437,202602437,2026-03-29 08:00:00,9375,3009,1002,1,2,103,1006,3,4003,2026-03-27 16:00:00,2026-03-27 19:00:00,2026-03-29 08:00:00,12.917441,77.646738,A group of individuals assaulted the victim following a minor road rage incident causing grievous injuries.
2438,110013005202602438,202602438,2026-03-06 08:00:00,9132,3005,1001,1,1,104,1007,2,4013,2026-03-04 11:00:00,2026-03-04 13:00:00,2026-03-06 08:00:00,12.954046,77.625337,Two persons riding a black motorcycle snatched a gold chain from a pedestrian near the bus stand and fled.
2439,110013003202502439,202502439,2025-10-02 05:00:00,9073,3003,1001,1,2,104,1007,1,4003,2025-09-30 21:00:00,2025-10-01 06:00:00,2025-10-02 05:00:00,12.829294,77.618348,Complainant reported unauthorized debit transactions from bank account following a fake KYC verification call.
2440,110043026202502440,202502440,2025-12-31 12:00:00,9180,3026,1004,1,2,102,1003,2,4003,2025-12-29 15:00:00,2025-12-29 16:00:00,2025-12-31 12:00:00,13.037818,77.570983,Two persons riding a black motorcycle snatched a gold chain from a pedestrian near the bus stand and fled.
2441,110033021202502441,202502441,2025-01-22 10:00:00,9014,3021,1003,1,1,102,1004,1,4015,2025-01-20 13:00:00,2025-01-20 18:00:00,2025-01-22 10:00:00,12.836222,77.643007,Complainant reported unauthorized debit transactions from bank account following a fake KYC verification call.
2442,110033020202502442,202502442,2025-05-10 11:00:00,9112,3020,1003,1,1,103,1006,2,4007,2025-05-09 00:00:00,2025-05-09 04:00:00,2025-05-10 11:00:00,13.114013,77.631562,"Accused intercepted a commercial vehicle on the highway, threatened the driver with sharp weapons, and looted goods."
2443,110013003202502443,202502443,2025-01-07 12:00:00,9152,3003,1001,1,2,103,1005,1,4013,2025-01-06 21:00:00,2025-01-07 01:00:00,2025-01-07 12:00:00,12.889848,77.58527,Unknown miscreants broke open the lock of the house during late night hours and stole gold ornaments and cash.
2444,110043030202502444,202502444,2025-06-18 00:00:00,9211,3030,1004,1,2,104,1007,2,4011,2025-06-16 09:00:00,2025-06-16 21:00:00,2025-06-18 00:00:00,12.824117,77.73203,"Accused intercepted a commercial vehicle on the highway, threatened the driver with sharp weapons, and looted goods."
2445,110053037202602445,202602445,2026-03-16 12:00:00,9329,3037,1005,1,2,102,1003,3,4002,2026-03-15 10:00:00,2026-03-15 16:00:00,2026-03-16 12:00:00,12.879755,77.729332,"Accused intercepted a commercial vehicle on the highway, threatened the driver with sharp weapons, and looted goods."
2446,110043031202502446,202502446,2025-02-25 13:00:00,9263,3031,1004,1,1,102,1004,2,4002,2025-02-24 18:00:00,2025-02-25 01:00:00,2025-02-25 13:00:00,13.059183,77.685799,"Accused intercepted a commercial vehicle on the highway, threatened the driver with sharp weapons, and looted goods."
2447,110013007202502447,202502447,2025-09-07 11:00:00,9197,3007,1001,1,1,104,1007,1,4001,2025-09-05 12:00:00,2025-09-06 00:00:00,2025-09-07 11:00:00,13.043321,77.521036,"Accused intercepted a commercial vehicle on the highway, threatened the driver with sharp weapons, and looted goods."
2448,110053034202502448,202502448,2025-10-01 09:00:00,9181,3034,1005,1,1,104,1007,3,4001,2025-09-29 17:00:00,2025-09-29 23:00:00,2025-10-01 09:00:00,12.886445,77.620905,Two persons riding a black motorcycle snatched a gold chain from a pedestrian near the bus stand and fled.
2449,110053036202502449,202502449,2025-08-23 01:00:00,9064,3036,1005,1,1,103,1005,2,4010,2025-08-22 16:00:00,2025-08-23 00:00:00,2025-08-23 01:00:00,13.027373,77.513339,Two persons riding a black motorcycle snatched a gold chain from a pedestrian near the bus stand and fled.
2450,110023011202502450,202502450,2025-08-16 22:00:00,9131,3011,1002,1,2,103,1006,2,4010,2025-08-15 17:00:00,2025-08-16 04:00:00,2025-08-16 22:00:00,13.096392,77.530259,Two persons riding a black motorcycle snatched a gold chain from a pedestrian near the bus stand and fled.
2451,110023016202502451,202502451,2025-08-07 17:00:00,9300,3016,1002,1,1,102,1003,1,4009,2025-08-06 04:00:00,2025-08-06 16:00:00,2025-08-07 17:00:00,12.976381,77.529259,Unknown miscreants broke open the lock of the house during late night hours and stole gold ornaments and cash.
2452,110043031202502452,202502452,2025-11-30 04:00:00,9147,3031,1004,1,1,101,1002,1,4009,2025-11-29 21:00:00,2025-11-30 04:00:00,2025-11-30 04:00:00,13.026515,77.714985,"Accused intercepted a commercial vehicle on the highway, threatened the driver with sharp weapons, and looted goods."
2453,110053035202502453,202502453,2025-03-13 14:00:00,9347,3035,1005,1,1,104,1007,3,4012,2025-03-12 11:00:00,2025-03-12 19:00:00,2025-03-13 14:00:00,12.933676,77.602776,Two persons riding a black motorcycle snatched a gold chain from a pedestrian near the bus stand and fled.
2454,110013006202502454,202502454,2025-05-16 11:00:00,9213,3006,1001,1,2,101,1002,1,4014,2025-05-14 22:00:00,2025-05-14 23:00:00,2025-05-16 11:00:00,12.913084,77.706326,Unknown miscreants broke open the lock of the house during late night hours and stole gold ornaments and cash.
2455,110023014202502455,202502455,2025-04-30 15:00:00,9071,3014,1002,1,1,101,1002,3,4008,2025-04-29 13:00:00,2025-04-29 20:00:00,2025-04-30 15:00:00,12.972699,77.692651,Two persons riding a black motorcycle snatched a gold chain from a pedestrian near the bus stand and fled.
2456,110053034202502456,202502456,2025-08-31 18:00:00,9183,3034,1005,1,1,103,1005,2,4013,2025-08-31 03:00:00,2025-08-31 05:00:00,2025-08-31 18:00:00,12.851342,77.726264,Two persons riding a black motorcycle snatched a gold chain from a pedestrian near the bus stand and fled.
2457,110013002202502457,202502457,2025-08-18 12:00:00,9009,3002,1001,1,1,101,1002,2,4003,2025-08-16 15:00:00,2025-08-16 16:00:00,2025-08-18 12:00:00,13.017424,77.676433,A group of individuals assaulted the victim following a minor road rage incident causing grievous injuries.
2458,110023014202502458,202502458,2025-09-18 02:00:00,9145,3014,1002,1,1,103,1005,1,4004,2025-09-17 08:00:00,2025-09-17 19:00:00,2025-09-18 02:00:00,13.032321,77.685158,Two persons riding a black motorcycle snatched a gold chain from a pedestrian near the bus stand and fled.
2459,110053034202602459,202602459,2026-01-10 13:00:00,9246,3034,1005,1,1,101,1001,2,4005,2026-01-09 02:00:00,2026-01-09 11:00:00,2026-01-10 13:00:00,13.085224,77.564431,"Accused intercepted a commercial vehicle on the highway, threatened the driver with sharp weapons, and looted goods."
2460,110043027202502460,202502460,2025-07-04 19:00:00,9181,3027,1004,1,2,101,1001,2,4013,2025-07-04 08:00:00,2025-07-04 16:00:00,2025-07-04 19:00:00,12.99567,77.599192,Two persons riding a black motorcycle snatched a gold chain from a pedestrian near the bus stand and fled.
2461,110053040202502461,202502461,2025-11-19 13:00:00,9116,3040,1005,1,1,104,1007,3,4014,2025-11-17 15:00:00,2025-11-17 23:00:00,2025-11-19 13:00:00,12.929556,77.464859,A group of individuals assaulted the victim following a minor road rage incident causing grievous injuries.
2462,110023009202502462,202502462,2025-04-06 08:00:00,9380,3009,1002,1,1,104,1007,3,4007,2025-04-05 06:00:00,2025-04-05 17:00:00,2025-04-06 08:00:00,12.994966,77.518595,Unknown miscreants broke open the lock of the house during late night hours and stole gold ornaments and cash.
2463,110053037202502463,202502463,2025-10-09 01:00:00,9311,3037,1005,1,1,104,1007,2,4009,2025-10-08 22:00:00,2025-10-09 06:00:00,2025-10-09 01:00:00,12.966501,77.557041,"Accused intercepted a commercial vehicle on the highway, threatened the driver with sharp weapons, and looted goods."
2464,110023014202502464,202502464,2025-08-18 09:00:00,9226,3014,1002,1,1,103,1006,2,4006,2025-08-16 20:00:00,2025-08-17 01:00:00,2025-08-18 09:00:00,13.044739,77.523219,Unknown miscreants broke open the lock of the house during late night hours and stole gold ornaments and cash.
2465,110033018202502465,202502465,2025-07-27 16:00:00,9194,3018,1003,1,1,104,1007,2,4004,2025-07-26 17:00:00,2025-07-27 00:00:00,2025-07-27 16:00:00,13.107613,77.710492,"Accused intercepted a commercial vehicle on the highway, threatened the driver with sharp weapons, and looted goods."
2466,110013007202502466,202502466,2025-06-09 22:00:00,9018,3007,1001,1,2,104,1007,2,4002,2025-06-07 22:00:00,2025-06-08 06:00:00,2025-06-09 22:00:00,13.004118,77.460249,Unknown miscreants broke open the lock of the house during late night hours and stole gold ornaments and cash.
2467,110053033202502467,202502467,2025-01-21 06:00:00,9024,3033,1005,1,2,104,1007,3,4005,2025-01-21 03:00:00,2025-01-21 09:00:00,2025-01-21 06:00:00,12.892016,77.458404,Complainant reported unauthorized debit transactions from bank account following a fake KYC verification call.
2468,110013005202502468,202502468,2025-09-21 19:00:00,9079,3005,1001,1,2,104,1007,3,4007,2025-09-21 15:00:00,2025-09-21 23:00:00,2025-09-21 19:00:00,12.939507,77.677234,Unknown miscreants broke open the lock of the house during late night hours and stole gold ornaments and cash.
2469,110033022202502469,202502469,2025-09-23 23:00:00,9072,3022,1003,1,2,103,1006,1,4007,2025-09-22 12:00:00,2025-09-22 15:00:00,2025-09-23 23:00:00,12.899714,77.73783,Complainant reported unauthorized debit transactions from bank account following a fake KYC verification call.
2470,110013008202502470,202502470,2025-06-10 15:00:00,9240,3008,1001,1,1,103,1005,2,4014,2025-06-09 14:00:00,2025-06-09 16:00:00,2025-06-10 15:00:00,12.952215,77.578623,Two persons riding a black motorcycle snatched a gold chain from a pedestrian near the bus stand and fled.
2471,110053037202502471,202502471,2025-12-21 01:00:00,9080,3037,1005,1,1,101,1001,1,4012,2025-12-19 16:00:00,2025-12-20 04:00:00,2025-12-21 01:00:00,13.013539,77.50836,Complainant reported unauthorized debit transactions from bank account following a fake KYC verification call.
2472,110053037202502472,202502472,2025-06-08 19:00:00,9145,3037,1005,1,1,101,1001,1,4010,2025-06-07 23:00:00,2025-06-08 10:00:00,2025-06-08 19:00:00,12.883576,77.634833,Unknown miscreants broke open the lock of the house during late night hours and stole gold ornaments and cash.
2473,110033024202602473,202602473,2026-02-10 13:00:00,9155,3024,1003,1,2,101,1001,1,4001,2026-02-08 22:00:00,2026-02-09 02:00:00,2026-02-10 13:00:00,13.094913,77.555531,Two persons riding a black motorcycle snatched a gold chain from a pedestrian near the bus stand and fled.
2474,110053036202502474,202502474,2025-04-08 05:00:00,9395,3036,1005,1,1,101,1002,2,4015,2025-04-08 01:00:00,2025-04-08 03:00:00,2025-04-08 05:00:00,12.917786,77.511013,Complainant reported unauthorized debit transactions from bank account following a fake KYC verification call.
2475,110053036202602475,202602475,2026-03-03 23:00:00,9116,3036,1005,1,1,104,1007,3,4002,2026-03-03 09:00:00,2026-03-03 11:00:00,2026-03-03 23:00:00,12.97018,77.62623,Unknown miscreants broke open the lock of the house during late night hours and stole gold ornaments and cash.
2476,110033023202502476,202502476,2025-12-04 16:00:00,9106,3023,1003,1,1,102,1003,3,4012,2025-12-03 06:00:00,2025-12-03 15:00:00,2025-12-04 16:00:00,13.036235,77.565276,Complainant reported unauthorized debit transactions from bank account following a fake KYC verification call.
2477,110013002202502477,202502477,2025-06-02 10:00:00,9055,3002,1001,1,1,104,1007,1,4001,2025-06-02 03:00:00,2025-06-02 13:00:00,2025-06-02 10:00:00,13.110222,77.658884,"Accused intercepted a commercial vehicle on the highway, threatened the driver with sharp weapons, and looted goods."
2478,110023013202502478,202502478,2025-08-26 12:00:00,9306,3013,1002,1,1,103,1005,3,4003,2025-08-25 11:00:00,2025-08-25 17:00:00,2025-08-26 12:00:00,12.851072,77.542131,"Accused intercepted a commercial vehicle on the highway, threatened the driver with sharp weapons, and looted goods."
2479,110013008202502479,202502479,2025-12-29 23:00:00,9026,3008,1001,1,2,104,1007,3,4007,2025-12-28 21:00:00,2025-12-29 09:00:00,2025-12-29 23:00:00,13.105941,77.521626,Complainant reported unauthorized debit transactions from bank account following a fake KYC verification call.
2480,110033018202502480,202502480,2025-01-22 18:00:00,9071,3018,1003,1,1,102,1003,3,4004,2025-01-21 20:00:00,2025-01-22 05:00:00,2025-01-22 18:00:00,12.821981,77.741501,A group of individuals assaulted the victim following a minor road rage incident causing grievous injuries.
2481,110043028202502481,202502481,2025-02-09 03:00:00,9025,3028,1004,1,1,102,1003,2,4001,2025-02-07 14:00:00,2025-02-07 16:00:00,2025-02-09 03:00:00,13.073625,77.493766,"Accused intercepted a commercial vehicle on the highway, threatened the driver with sharp weapons, and looted goods."
2482,110053037202502482,202502482,2025-11-24 23:00:00,9214,3037,1005,1,2,104,1007,1,4002,2025-11-24 09:00:00,2025-11-24 15:00:00,2025-11-24 23:00:00,13.018038,77.626145,A group of individuals assaulted the victim following a minor road rage incident causing grievous injuries.
2483,110053033202502483,202502483,2025-02-27 03:00:00,9018,3033,1005,1,1,101,1002,2,4002,2025-02-26 04:00:00,2025-02-26 05:00:00,2025-02-27 03:00:00,13.061581,77.554457,Complainant reported unauthorized debit transactions from bank account following a fake KYC verification call.
2484,110053033202602484,202602484,2026-03-23 14:00:00,9107,3033,1005,1,1,101,1001,1,4010,2026-03-22 08:00:00,2026-03-22 16:00:00,2026-03-23 14:00:00,12.826582,77.479087,A group of individuals assaulted the victim following a minor road rage incident causing grievous injuries.
2485,110053033202602485,202602485,2026-01-06 05:00:00,9006,3033,1005,1,2,103,1005,1,4015,2026-01-05 03:00:00,2026-01-05 05:00:00,2026-01-06 05:00:00,13.086327,77.679325,"Accused intercepted a commercial vehicle on the highway, threatened the driver with sharp weapons, and looted goods."
2486,110053034202502486,202502486,2025-02-20 09:00:00,9061,3034,1005,1,2,101,1002,2,4004,2025-02-18 10:00:00,2025-02-18 17:00:00,2025-02-20 09:00:00,12.942465,77.666408,Unknown miscreants broke open the lock of the house during late night hours and stole gold ornaments and cash.
2487,110033019202502487,202502487,2025-05-23 19:00:00,9197,3019,1003,1,2,102,1003,2,4015,2025-05-22 07:00:00,2025-05-22 19:00:00,2025-05-23 19:00:00,12.860999,77.726541,Unknown miscreants broke open the lock of the house during late night hours and stole gold ornaments and cash.
2488,110023015202502488,202502488,2025-05-05 13:00:00,9158,3015,1002,1,1,102,1004,2,4006,2025-05-03 17:00:00,2025-05-04 05:00:00,2025-05-05 13:00:00,12.914415,77.511897,Complainant reported unauthorized debit transactions from bank account following a fake KYC verification call.
2489,110053038202502489,202502489,2025-12-08 02:00:00,9029,3038,1005,1,2,104,1007,1,4006,2025-12-07 16:00:00,2025-12-08 01:00:00,2025-12-08 02:00:00,12.928731,77.601117,Two persons riding a black motorcycle snatched a gold chain from a pedestrian near the bus stand and fled.
2490,110053040202502490,202502490,2025-12-04 19:00:00,9121,3040,1005,1,1,102,1004,3,4012,2025-12-04 04:00:00,2025-12-04 10:00:00,2025-12-04 19:00:00,12.994273,77.451813,Two persons riding a black motorcycle snatched a gold chain from a pedestrian near the bus stand and fled.
2491,110043031202502491,202502491,2025-07-14 13:00:00,9113,3031,1004,1,1,102,1003,3,4013,2025-07-13 12:00:00,2025-07-13 17:00:00,2025-07-14 13:00:00,13.036088,77.703604,"Accused intercepted a commercial vehicle on the highway, threatened the driver with sharp weapons, and looted goods."
2492,110053034202602492,202602492,2026-01-12 18:00:00,9196,3034,1005,1,2,102,1003,1,4015,2026-01-11 02:00:00,2026-01-11 03:00:00,2026-01-12 18:00:00,13.079549,77.669747,Complainant reported unauthorized debit transactions from bank account following a fake KYC verification call.
2493,110013002202502493,202502493,2025-04-24 10:00:00,9257,3002,1001,1,1,102,1003,1,4015,2025-04-22 11:00:00,2025-04-22 18:00:00,2025-04-24 10:00:00,12.999758,77.714437,A group of individuals assaulted the victim following a minor road rage incident causing grievous injuries.
2494,110013003202502494,202502494,2025-10-19 10:00:00,9005,3003,1001,1,2,104,1007,2,4003,2025-10-18 23:00:00,2025-10-19 08:00:00,2025-10-19 10:00:00,12.98933,77.595848,"Accused intercepted a commercial vehicle on the highway, threatened the driver with sharp weapons, and looted goods."
2495,110053040202502495,202502495,2025-06-24 17:00:00,9197,3040,1005,1,1,102,1004,3,4009,2025-06-23 03:00:00,2025-06-23 10:00:00,2025-06-24 17:00:00,13.084184,77.539685,A group of individuals assaulted the victim following a minor road rage incident causing grievous injuries.
2496,110023016202502496,202502496,2025-03-21 22:00:00,9162,3016,1002,1,1,101,1001,1,4014,2025-03-20 07:00:00,2025-03-20 10:00:00,2025-03-21 22:00:00,13.040356,77.727004,A group of individuals assaulted the victim following a minor road rage incident causing grievous injuries.
2497,110013005202602497,202602497,2026-01-10 23:00:00,9363,3005,1001,1,2,103,1006,2,4008,2026-01-09 09:00:00,2026-01-09 21:00:00,2026-01-10 23:00:00,12.909635,77.471118,A group of individuals assaulted the victim following a minor road rage incident causing grievous injuries.
2498,110013002202602498,202602498,2026-02-13 20:00:00,9172,3002,1001,1,1,103,1005,1,4012,2026-02-12 10:00:00,2026-02-12 17:00:00,2026-02-13 20:00:00,13.095542,77.699538,Two persons riding a black motorcycle snatched a gold chain from a pedestrian near the bus stand and fled.
2499,110043028202502499,202502499,2025-11-07 16:00:00,9059,3028,1004,1,1,102,1003,2,4013,2025-11-07 14:00:00,2025-11-07 18:00:00,2025-11-07 16:00:00,13.045428,77.473381,Complainant reported unauthorized debit transactions from bank account following a fake KYC verification call.
2500,110023009202502500,202502500,2025-04-07 11:00:00,9283,3009,1002,1,2,101,1002,1,4015,2025-04-06 14:00:00,2025-04-06 18:00:00,2025-04-07 11:00:00,13.069732,77.553589,Two persons riding a black motorcycle snatched a gold chain from a pedestrian near the bus stand and fled.
2501,110013006202502501,202502501,2025-08-31 12:00:00,9145,3006,1001,1,1,103,1006,3,4012,2025-08-30 11:00:00,2025-08-30 22:00:00,2025-08-31 12:00:00,12.850102,77.518839,Two persons riding a black motorcycle snatched a gold chain from a pedestrian near the bus stand and fled.
2502,110023013202502502,202502502,2025-04-20 23:00:00,9085,3013,1002,1,1,101,1002,2,4011,2025-04-19 19:00:00,2025-04-20 01:00:00,2025-04-20 23:00:00,13.082137,77.455466,Complainant reported unauthorized debit transactions from bank account following a fake KYC verification call.
2503,110053033202602503,202602503,2026-02-13 20:00:00,9218,3033,1005,1,2,103,1005,2,4006,2026-02-12 19:00:00,2026-02-13 00:00:00,2026-02-13 20:00:00,12.960317,77.613122,Complainant reported unauthorized debit transactions from bank account following a fake KYC verification call.
2504,110053033202502504,202502504,2025-11-24 21:00:00,9006,3033,1005,1,1,101,1001,3,4014,2025-11-24 16:00:00,2025-11-25 04:00:00,2025-11-24 21:00:00,12.911758,77.664046,Complainant reported unauthorized debit transactions from bank account following a fake KYC verification call.
2505,110043027202502505,202502505,2025-10-16 00:00:00,9067,3027,1004,1,2,104,1007,1,4003,2025-10-15 17:00:00,2025-10-16 01:00:00,2025-10-16 00:00:00,12.980253,77.484615,Complainant reported unauthorized debit transactions from bank account following a fake KYC verification call.
2506,110043027202602506,202602506,2026-02-13 14:00:00,9004,3027,1004,1,2,101,1002,1,4009,2026-02-11 17:00:00,2026-02-12 03:00:00,2026-02-13 14:00:00,12.855551,77.558469,Unknown miscreants broke open the lock of the house during late night hours and stole gold ornaments and cash.
2507,110053037202602507,202602507,2026-03-11 16:00:00,9014,3037,1005,1,1,104,1007,2,4014,2026-03-11 06:00:00,2026-03-11 16:00:00,2026-03-11 16:00:00,13.096009,77.692119,A group of individuals assaulted the victim following a minor road rage incident causing grievous injuries.
2508,110043032202502508,202502508,2025-01-30 21:00:00,9261,3032,1004,1,2,102,1004,3,4006,2025-01-29 23:00:00,2025-01-30 00:00:00,2025-01-30 21:00:00,13.027296,77.71905,Unknown miscreants broke open the lock of the house during late night hours and stole gold ornaments and cash.
2509,110023013202502509,202502509,2025-04-04 02:00:00,9078,3013,1002,1,2,101,1001,2,4013,2025-04-02 21:00:00,2025-04-03 02:00:00,2025-04-04 02:00:00,13.027819,77.59942,A group of individuals assaulted the victim following a minor road rage incident causing grievous injuries.
2510,110043028202502510,202502510,2025-07-16 00:00:00,9168,3028,1004,1,1,104,1007,3,4008,2025-07-15 22:00:00,2025-07-16 00:00:00,2025-07-16 00:00:00,13.05511,77.572271,Unknown miscreants broke open the lock of the house during late night hours and stole gold ornaments and cash.
2511,110043025202602511,202602511,2026-03-19 20:00:00,9133,3025,1004,1,2,103,1005,2,4009,2026-03-18 03:00:00,2026-03-18 12:00:00,2026-03-19 20:00:00,12.85975,77.636773,Two persons riding a black motorcycle snatched a gold chain from a pedestrian near the bus stand and fled.
2512,110013007202602512,202602512,2026-03-14 18:00:00,9109,3007,1001,1,2,103,1006,2,4007,2026-03-13 01:00:00,2026-03-13 13:00:00,2026-03-14 18:00:00,12.955608,77.576982,Complainant reported unauthorized debit transactions from bank account following a fake KYC verification call.
2513,110033023202502513,202502513,2025-12-01 15:00:00,9400,3023,1003,1,1,102,1003,2,4015,2025-11-30 16:00:00,2025-12-01 03:00:00,2025-12-01 15:00:00,12.943079,77.535678,Two persons riding a black motorcycle snatched a gold chain from a pedestrian near the bus stand and fled.
2514,110023012202502514,202502514,2025-04-09 16:00:00,9268,3012,1002,1,1,103,1006,2,4010,2025-04-09 07:00:00,2025-04-09 12:00:00,2025-04-09 16:00:00,13.078251,77.472869,Unknown miscreants broke open the lock of the house during late night hours and stole gold ornaments and cash.
2515,110053037202502515,202502515,2025-04-08 06:00:00,9034,3037,1005,1,2,102,1004,1,4011,2025-04-06 13:00:00,2025-04-07 01:00:00,2025-04-08 06:00:00,12.893348,77.568782,Unknown miscreants broke open the lock of the house during late night hours and stole gold ornaments and cash.
2516,110053034202502516,202502516,2025-09-14 08:00:00,9241,3034,1005,1,1,104,1007,2,4002,2025-09-14 05:00:00,2025-09-14 14:00:00,2025-09-14 08:00:00,12.89668,77.723854,"Accused intercepted a commercial vehicle on the highway, threatened the driver with sharp weapons, and looted goods."
2517,110013001202602517,202602517,2026-02-06 14:00:00,9316,3001,1001,1,2,103,1006,2,4005,2026-02-06 03:00:00,2026-02-06 05:00:00,2026-02-06 14:00:00,12.855575,77.685971,Unknown miscreants broke open the lock of the house during late night hours and stole gold ornaments and cash.
2518,110033019202502518,202502518,2025-02-01 16:00:00,9117,3019,1003,1,2,102,1004,3,4006,2025-01-30 16:00:00,2025-01-30 23:00:00,2025-02-01 16:00:00,12.836002,77.493289,Unknown miscreants broke open the lock of the house during late night hours and stole gold ornaments and cash.
2519,110013004202502519,202502519,2025-04-17 07:00:00,9148,3004,1001,1,2,103,1005,1,4014,2025-04-16 10:00:00,2025-04-16 22:00:00,2025-04-17 07:00:00,13.095264,77.494221,"Accused intercepted a commercial vehicle on the highway, threatened the driver with sharp weapons, and looted goods."
2520,110043025202602520,202602520,2026-02-04 10:00:00,9175,3025,1004,1,2,104,1007,3,4009,2026-02-02 18:00:00,2026-02-03 00:00:00,2026-02-04 10:00:00,13.077458,77.597103,Two persons riding a black motorcycle snatched a gold chain from a pedestrian near the bus stand and fled.
2521,110023015202502521,202502521,2025-03-07 02:00:00,9311,3015,1002,1,1,101,1002,1,4011,2025-03-06 03:00:00,2025-03-06 08:00:00,2025-03-07 02:00:00,12.857651,77.533126,A group of individuals assaulted the victim following a minor road rage incident causing grievous injuries.
2522,110053038202502522,202502522,2025-05-10 13:00:00,9363,3038,1005,1,1,103,1005,2,4009,2025-05-09 21:00:00,2025-05-10 04:00:00,2025-05-10 13:00:00,13.052201,77.513461,Complainant reported unauthorized debit transactions from bank account following a fake KYC verification call.
2523,110023011202602523,202602523,2026-03-25 19:00:00,9127,3011,1002,1,1,104,1007,2,4001,2026-03-24 15:00:00,2026-03-24 22:00:00,2026-03-25 19:00:00,12.948931,77.496588,A group of individuals assaulted the victim following a minor road rage incident causing grievous injuries.
2524,110033024202502524,202502524,2025-10-23 05:00:00,9357,3024,1003,1,1,101,1001,2,4011,2025-10-23 02:00:00,2025-10-23 08:00:00,2025-10-23 05:00:00,13.052827,77.644902,Two persons riding a black motorcycle snatched a gold chain from a pedestrian near the bus stand and fled.
2525,110053036202602525,202602525,2026-02-25 00:00:00,9189,3036,1005,1,2,101,1002,1,4012,2026-02-23 12:00:00,2026-02-23 16:00:00,2026-02-25 00:00:00,13.055241,77.514626,"Accused intercepted a commercial vehicle on the highway, threatened the driver with sharp weapons, and looted goods."
2526,110013002202502526,202502526,2025-12-06 03:00:00,9389,3002,1001,1,2,101,1002,3,4014,2025-12-05 09:00:00,2025-12-05 19:00:00,2025-12-06 03:00:00,13.116168,77.473477,Two persons riding a black motorcycle snatched a gold chain from a pedestrian near the bus stand and fled.
2527,110043025202502527,202502527,2025-04-21 16:00:00,9065,3025,1004,1,1,103,1005,1,4009,2025-04-20 18:00:00,2025-04-20 20:00:00,2025-04-21 16:00:00,12.951757,77.650415,"Accused intercepted a commercial vehicle on the highway, threatened the driver with sharp weapons, and looted goods."
2528,110013001202502528,202502528,2025-03-22 08:00:00,9184,3001,1001,1,2,102,1004,1,4006,2025-03-21 02:00:00,2025-03-21 05:00:00,2025-03-22 08:00:00,13.104811,77.616389,Two persons riding a black motorcycle snatched a gold chain from a pedestrian near the bus stand and fled.
2529,110013004202502529,202502529,2025-11-26 22:00:00,9252,3004,1001,1,1,101,1002,1,4011,2025-11-25 11:00:00,2025-11-25 22:00:00,2025-11-26 22:00:00,13.026277,77.507575,"Accused intercepted a commercial vehicle on the highway, threatened the driver with sharp weapons, and looted goods."
2530,110013003202502530,202502530,2025-07-12 10:00:00,9351,3003,1001,1,1,104,1007,2,4007,2025-07-11 21:00:00,2025-07-11 22:00:00,2025-07-12 10:00:00,13.06412,77.579923,Complainant reported unauthorized debit transactions from bank account following a fake KYC verification call.
2531,110013002202502531,202502531,2025-04-04 22:00:00,9321,3002,1001,1,2,101,1002,1,4012,2025-04-03 01:00:00,2025-04-03 02:00:00,2025-04-04 22:00:00,12.998434,77.701313,Complainant reported unauthorized debit transactions from bank account following a fake KYC verification call.
2532,110023016202502532,202502532,2025-07-19 02:00:00,9355,3016,1002,1,1,101,1002,2,4010,2025-07-18 17:00:00,2025-07-18 23:00:00,2025-07-19 02:00:00,13.030262,77.693172,Complainant reported unauthorized debit transactions from bank account following a fake KYC verification call.
2533,110033024202502533,202502533,2025-09-28 19:00:00,9358,3024,1003,1,1,103,1006,1,4001,2025-09-28 03:00:00,2025-09-28 09:00:00,2025-09-28 19:00:00,13.083705,77.707288,Two persons riding a black motorcycle snatched a gold chain from a pedestrian near the bus stand and fled.
2534,110023016202502534,202502534,2025-07-31 17:00:00,9289,3016,1002,1,2,102,1004,3,4007,2025-07-31 12:00:00,2025-07-31 19:00:00,2025-07-31 17:00:00,13.118579,77.594231,Unknown miscreants broke open the lock of the house during late night hours and stole gold ornaments and cash.
2535,110013003202502535,202502535,2025-05-23 15:00:00,9248,3003,1001,1,2,101,1001,1,4005,2025-05-21 23:00:00,2025-05-22 07:00:00,2025-05-23 15:00:00,13.06586,77.717305,Unknown miscreants broke open the lock of the house during late night hours and stole gold ornaments and cash.
2536,110013003202602536,202602536,2026-01-27 00:00:00,9382,3003,1001,1,2,101,1002,3,4004,2026-01-25 12:00:00,2026-01-25 16:00:00,2026-01-27 00:00:00,12.908776,77.575643,Two persons riding a black motorcycle snatched a gold chain from a pedestrian near the bus stand and fled.
2537,110033020202602537,202602537,2026-01-17 18:00:00,9256,3020,1003,1,2,101,1002,1,4004,2026-01-17 04:00:00,2026-01-17 10:00:00,2026-01-17 18:00:00,12.892448,77.562669,Complainant reported unauthorized debit transactions from bank account following a fake KYC verification call.
2538,110043031202502538,202502538,2025-02-28 23:00:00,9311,3031,1004,1,1,103,1005,1,4004,2025-02-28 08:00:00,2025-02-28 10:00:00,2025-02-28 23:00:00,13.004703,77.718806,Unknown miscreants broke open the lock of the house during late night hours and stole gold ornaments and cash.
2539,110013008202502539,202502539,2025-06-07 06:00:00,9132,3008,1001,1,1,104,1007,3,4009,2025-06-05 18:00:00,2025-06-06 03:00:00,2025-06-07 06:00:00,12.972825,77.529615,"Accused intercepted a commercial vehicle on the highway, threatened the driver with sharp weapons, and looted goods."
2540,110053035202502540,202502540,2025-08-15 15:00:00,9204,3035,1005,1,1,103,1006,1,4001,2025-08-15 00:00:00,2025-08-15 12:00:00,2025-08-15 15:00:00,12.947653,77.635003,Two persons riding a black motorcycle snatched a gold chain from a pedestrian near the bus stand and fled.
2541,110013003202502541,202502541,2025-06-29 20:00:00,9323,3003,1001,1,2,101,1002,3,4010,2025-06-29 16:00:00,2025-06-30 02:00:00,2025-06-29 20:00:00,13.04968,77.469255,Two persons riding a black motorcycle snatched a gold chain from a pedestrian near the bus stand and fled.
2542,110013003202502542,202502542,2025-03-09 04:00:00,9221,3003,1001,1,1,103,1006,1,4007,2025-03-07 05:00:00,2025-03-07 11:00:00,2025-03-09 04:00:00,13.015983,77.671034,"Accused intercepted a commercial vehicle on the highway, threatened the driver with sharp weapons, and looted goods."
2543,110013008202502543,202502543,2025-01-27 14:00:00,9060,3008,1001,1,2,103,1006,2,4010,2025-01-26 20:00:00,2025-01-26 22:00:00,2025-01-27 14:00:00,12.919143,77.497897,Unknown miscreants broke open the lock of the house during late night hours and stole gold ornaments and cash.
2544,110033024202502544,202502544,2025-03-21 06:00:00,9128,3024,1003,1,2,103,1006,1,4004,2025-03-20 15:00:00,2025-03-20 20:00:00,2025-03-21 06:00:00,12.892134,77.651761,Unknown miscreants broke open the lock of the house during late night hours and stole gold ornaments and cash.
2545,110023016202502545,202502545,2025-01-29 05:00:00,9205,3016,1002,1,2,104,1007,2,4005,2025-01-27 13:00:00,2025-01-27 22:00:00,2025-01-29 05:00:00,12.853682,77.45937,"Accused intercepted a commercial vehicle on the highway, threatened the driver with sharp weapons, and looted goods."
2546,110043031202502546,202502546,2025-11-28 19:00:00,9235,3031,1004,1,2,103,1005,2,4009,2025-11-26 20:00:00,2025-11-27 00:00:00,2025-11-28 19:00:00,13.092005,77.469408,A group of individuals assaulted the victim following a minor road rage incident causing grievous injuries.
2547,110053038202502547,202502547,2025-02-11 15:00:00,9039,3038,1005,1,1,104,1007,1,4014,2025-02-11 09:00:00,2025-02-11 17:00:00,2025-02-11 15:00:00,12.96749,77.732852,Complainant reported unauthorized debit transactions from bank account following a fake KYC verification call.
2548,110023014202502548,202502548,2025-05-16 11:00:00,9212,3014,1002,1,2,104,1007,2,4011,2025-05-16 01:00:00,2025-05-16 08:00:00,2025-05-16 11:00:00,13.087225,77.65729,"Accused intercepted a commercial vehicle on the highway, threatened the driver with sharp weapons, and looted goods."
2549,110053034202502549,202502549,2025-11-04 11:00:00,9034,3034,1005,1,1,102,1003,3,4010,2025-11-03 04:00:00,2025-11-03 09:00:00,2025-11-04 11:00:00,12.940259,77.523739,Unknown miscreants broke open the lock of the house during late night hours and stole gold ornaments and cash.
2550,110013001202502550,202502550,2025-05-30 04:00:00,9064,3001,1001,1,1,104,1007,3,4010,2025-05-28 09:00:00,2025-05-28 17:00:00,2025-05-30 04:00:00,13.066908,77.649462,A group of individuals assaulted the victim following a minor road rage incident causing grievous injuries.
2551,110053036202602551,202602551,2026-02-13 13:00:00,9151,3036,1005,1,2,102,1004,2,4011,2026-02-11 15:00:00,2026-02-12 00:00:00,2026-02-13 13:00:00,12.987855,77.698473,Unknown miscreants broke open the lock of the house during late night hours and stole gold ornaments and cash.
2552,110023011202502552,202502552,2025-02-28 21:00:00,9343,3011,1002,1,2,104,1007,1,4007,2025-02-28 08:00:00,2025-02-28 18:00:00,2025-02-28 21:00:00,13.003077,77.508399,"Accused intercepted a commercial vehicle on the highway, threatened the driver with sharp weapons, and looted goods."
2553,110033020202502553,202502553,2025-01-19 12:00:00,9327,3020,1003,1,1,103,1006,2,4015,2025-01-17 17:00:00,2025-01-17 18:00:00,2025-01-19 12:00:00,13.064884,77.741021,"Accused intercepted a commercial vehicle on the highway, threatened the driver with sharp weapons, and looted goods."
2554,110043032202602554,202602554,2026-02-11 21:00:00,9326,3032,1004,1,2,104,1007,1,4005,2026-02-11 01:00:00,2026-02-11 08:00:00,2026-02-11 21:00:00,12.938586,77.564658,Complainant reported unauthorized debit transactions from bank account following a fake KYC verification call.
2555,110023012202602555,202602555,2026-02-24 19:00:00,9137,3012,1002,1,1,103,1006,2,4007,2026-02-24 13:00:00,2026-02-24 23:00:00,2026-02-24 19:00:00,12.835771,77.456041,Two persons riding a black motorcycle snatched a gold chain from a pedestrian near the bus stand and fled.
2556,110043026202602556,202602556,2026-01-13 03:00:00,9210,3026,1004,1,2,102,1004,1,4015,2026-01-12 18:00:00,2026-01-12 19:00:00,2026-01-13 03:00:00,13.060934,77.624486,A group of individuals assaulted the victim following a minor road rage incident causing grievous injuries.
2557,110043030202602557,202602557,2026-03-08 12:00:00,9087,3030,1004,1,2,104,1007,3,4001,2026-03-06 13:00:00,2026-03-06 14:00:00,2026-03-08 12:00:00,12.903756,77.544648,Two persons riding a black motorcycle snatched a gold chain from a pedestrian near the bus stand and fled.
2558,110023009202502558,202502558,2025-02-07 00:00:00,9146,3009,1002,1,1,101,1001,1,4015,2025-02-05 13:00:00,2025-02-05 19:00:00,2025-02-07 00:00:00,13.040473,77.660915,Complainant reported unauthorized debit transactions from bank account following a fake KYC verification call.
2559,110023015202502559,202502559,2025-12-16 04:00:00,9366,3015,1002,1,1,102,1004,1,4008,2025-12-15 18:00:00,2025-12-15 22:00:00,2025-12-16 04:00:00,13.087951,77.52881,"Accused intercepted a commercial vehicle on the highway, threatened the driver with sharp weapons, and looted goods."
2560,110033023202602560,202602560,2026-01-19 12:00:00,9014,3023,1003,1,1,103,1006,3,4013,2026-01-18 03:00:00,2026-01-18 08:00:00,2026-01-19 12:00:00,12.934351,77.69743,"Accused intercepted a commercial vehicle on the highway, threatened the driver with sharp weapons, and looted goods."
2561,110023015202502561,202502561,2025-12-26 03:00:00,9244,3015,1002,1,2,104,1007,1,4008,2025-12-25 18:00:00,2025-12-25 19:00:00,2025-12-26 03:00:00,12.835276,77.481877,Unknown miscreants broke open the lock of the house during late night hours and stole gold ornaments and cash.
2562,110033023202502562,202502562,2025-08-28 05:00:00,9249,3023,1003,1,1,104,1007,2,4007,2025-08-27 13:00:00,2025-08-27 19:00:00,2025-08-28 05:00:00,12.996826,77.553339,Complainant reported unauthorized debit transactions from bank account following a fake KYC verification call.
2563,110013006202502563,202502563,2025-05-11 18:00:00,9227,3006,1001,1,2,101,1002,2,4001,2025-05-10 02:00:00,2025-05-10 12:00:00,2025-05-11 18:00:00,13.107377,77.611266,Complainant reported unauthorized debit transactions from bank account following a fake KYC verification call.
2564,110033024202502564,202502564,2025-11-28 13:00:00,9070,3024,1003,1,2,103,1005,1,4010,2025-11-28 06:00:00,2025-11-28 10:00:00,2025-11-28 13:00:00,12.997288,77.49666,"Accused intercepted a commercial vehicle on the highway, threatened the driver with sharp weapons, and looted goods."
2565,110043029202502565,202502565,2025-06-07 20:00:00,9159,3029,1004,1,1,101,1002,2,4015,2025-06-06 03:00:00,2025-06-06 11:00:00,2025-06-07 20:00:00,12.972367,77.557371,Unknown miscreants broke open the lock of the house during late night hours and stole gold ornaments and cash.
2566,110053040202602566,202602566,2026-01-24 00:00:00,9046,3040,1005,1,1,103,1006,3,4003,2026-01-22 15:00:00,2026-01-22 22:00:00,2026-01-24 00:00:00,12.896899,77.686167,Unknown miscreants broke open the lock of the house during late night hours and stole gold ornaments and cash.
2567,110053038202502567,202502567,2025-12-04 20:00:00,9198,3038,1005,1,2,102,1003,1,4007,2025-12-02 20:00:00,2025-12-03 07:00:00,2025-12-04 20:00:00,12.894732,77.524927,A group of individuals assaulted the victim following a minor road rage incident causing grievous injuries.
2568,110053038202502568,202502568,2025-01-27 18:00:00,9119,3038,1005,1,1,104,1007,1,4005,2025-01-26 02:00:00,2025-01-26 08:00:00,2025-01-27 18:00:00,12.832068,77.483956,A group of individuals assaulted the victim following a minor road rage incident causing grievous injuries.
2569,110033020202502569,202502569,2025-06-09 04:00:00,9061,3020,1003,1,2,101,1001,2,4003,2025-06-08 14:00:00,2025-06-08 18:00:00,2025-06-09 04:00:00,13.120019,77.681979,Complainant reported unauthorized debit transactions from bank account following a fake KYC verification call.
2570,110043032202602570,202602570,2026-02-04 06:00:00,9271,3032,1004,1,1,104,1007,2,4012,2026-02-02 22:00:00,2026-02-03 07:00:00,2026-02-04 06:00:00,12.821894,77.681381,Complainant reported unauthorized debit transactions from bank account following a fake KYC verification call.
2571,110033021202502571,202502571,2025-01-21 16:00:00,9118,3021,1003,1,2,104,1007,1,4013,2025-01-19 20:00:00,2025-01-19 21:00:00,2025-01-21 16:00:00,12.900227,77.480907,A group of individuals assaulted the victim following a minor road rage incident causing grievous injuries.
2572,110053040202502572,202502572,2025-11-09 19:00:00,9346,3040,1005,1,2,101,1001,3,4003,2025-11-07 21:00:00,2025-11-08 05:00:00,2025-11-09 19:00:00,12.868969,77.670815,Two persons riding a black motorcycle snatched a gold chain from a pedestrian near the bus stand and fled.
2573,110053037202502573,202502573,2025-02-24 13:00:00,9068,3037,1005,1,1,103,1005,3,4006,2025-02-24 11:00:00,2025-02-24 19:00:00,2025-02-24 13:00:00,12.975477,77.714846,Unknown miscreants broke open the lock of the house during late night hours and stole gold ornaments and cash.
2574,110053033202602574,202602574,2026-01-26 16:00:00,9392,3033,1005,1,1,103,1006,3,4003,2026-01-24 17:00:00,2026-01-25 03:00:00,2026-01-26 16:00:00,13.108415,77.595791,Unknown miscreants broke open the lock of the house during late night hours and stole gold ornaments and cash.
2575,110053034202602575,202602575,2026-01-13 12:00:00,9356,3034,1005,1,1,103,1005,3,4012,2026-01-12 12:00:00,2026-01-12 19:00:00,2026-01-13 12:00:00,13.05896,77.447936,Two persons riding a black motorcycle snatched a gold chain from a pedestrian near the bus stand and fled.
2576,110043032202502576,202502576,2025-09-26 01:00:00,9032,3032,1004,1,2,101,1002,1,4009,2025-09-25 08:00:00,2025-09-25 16:00:00,2025-09-26 01:00:00,13.085907,77.679866,"Accused intercepted a commercial vehicle on the highway, threatened the driver with sharp weapons, and looted goods."
2577,110053037202502577,202502577,2025-01-15 06:00:00,9025,3037,1005,1,2,104,1007,3,4007,2025-01-14 19:00:00,2025-01-15 04:00:00,2025-01-15 06:00:00,13.080299,77.567669,Two persons riding a black motorcycle snatched a gold chain from a pedestrian near the bus stand and fled.
2578,110033020202602578,202602578,2026-02-12 03:00:00,9279,3020,1003,1,2,103,1006,1,4008,2026-02-10 06:00:00,2026-02-10 08:00:00,2026-02-12 03:00:00,13.040772,77.57146,Unknown miscreants broke open the lock of the house during late night hours and stole gold ornaments and cash.
2579,110013001202502579,202502579,2025-02-15 18:00:00,9080,3001,1001,1,2,102,1003,1,4013,2025-02-13 18:00:00,2025-02-13 23:00:00,2025-02-15 18:00:00,12.876495,77.511994,Two persons riding a black motorcycle snatched a gold chain from a pedestrian near the bus stand and fled.
2580,110013004202502580,202502580,2025-03-08 23:00:00,9218,3004,1001,1,2,102,1004,2,4014,2025-03-07 08:00:00,2025-03-07 11:00:00,2025-03-08 23:00:00,13.068342,77.736342,A group of individuals assaulted the victim following a minor road rage incident causing grievous injuries.
2581,110023010202502581,202502581,2025-05-04 14:00:00,9318,3010,1002,1,1,102,1003,3,4009,2025-05-02 19:00:00,2025-05-03 06:00:00,2025-05-04 14:00:00,12.868018,77.457935,A group of individuals assaulted the victim following a minor road rage incident causing grievous injuries.
2582,110043025202502582,202502582,2025-10-04 18:00:00,9155,3025,1004,1,2,104,1007,2,4014,2025-10-03 11:00:00,2025-10-03 19:00:00,2025-10-04 18:00:00,12.910522,77.742826,Complainant reported unauthorized debit transactions from bank account following a fake KYC verification call.
2583,110033020202502583,202502583,2025-11-12 16:00:00,9108,3020,1003,1,1,102,1003,3,4008,2025-11-11 14:00:00,2025-11-12 00:00:00,2025-11-12 16:00:00,13.105583,77.731748,Unknown miscreants broke open the lock of the house during late night hours and stole gold ornaments and cash.
2584,110023015202602584,202602584,2026-03-29 22:00:00,9175,3015,1002,1,2,101,1002,3,4003,2026-03-29 12:00:00,2026-03-29 21:00:00,2026-03-29 22:00:00,13.071818,77.662946,Two persons riding a black motorcycle snatched a gold chain from a pedestrian near the bus stand and fled.
2585,110053040202502585,202502585,2025-06-23 21:00:00,9089,3040,1005,1,2,101,1002,2,4001,2025-06-23 04:00:00,2025-06-23 13:00:00,2025-06-23 21:00:00,12.964144,77.485217,Two persons riding a black motorcycle snatched a gold chain from a pedestrian near the bus stand and fled.
2586,110053033202602586,202602586,2026-02-28 06:00:00,9036,3033,1005,1,2,101,1001,3,4008,2026-02-27 01:00:00,2026-02-27 11:00:00,2026-02-28 06:00:00,12.93566,77.673981,"Accused intercepted a commercial vehicle on the highway, threatened the driver with sharp weapons, and looted goods."
2587,110013006202502587,202502587,2025-05-18 21:00:00,9327,3006,1001,1,1,102,1003,1,4012,2025-05-17 18:00:00,2025-05-18 03:00:00,2025-05-18 21:00:00,13.009453,77.447372,Complainant reported unauthorized debit transactions from bank account following a fake KYC verification call.
2588,110033020202502588,202502588,2025-12-19 11:00:00,9034,3020,1003,1,2,102,1003,3,4001,2025-12-17 22:00:00,2025-12-18 04:00:00,2025-12-19 11:00:00,12.971128,77.709938,"Accused intercepted a commercial vehicle on the highway, threatened the driver with sharp weapons, and looted goods."
2589,110013003202502589,202502589,2025-06-27 16:00:00,9400,3003,1001,1,2,101,1001,3,4012,2025-06-26 08:00:00,2025-06-26 18:00:00,2025-06-27 16:00:00,13.11959,77.621284,Unknown miscreants broke open the lock of the house during late night hours and stole gold ornaments and cash.
2590,110013005202502590,202502590,2025-07-30 02:00:00,9395,3005,1001,1,2,101,1002,1,4003,2025-07-29 02:00:00,2025-07-29 11:00:00,2025-07-30 02:00:00,13.05266,77.551488,Unknown miscreants broke open the lock of the house during late night hours and stole gold ornaments and cash.
2591,110013006202502591,202502591,2025-08-12 18:00:00,9352,3006,1001,1,2,101,1001,2,4007,2025-08-11 04:00:00,2025-08-11 13:00:00,2025-08-12 18:00:00,13.094294,77.657712,"Accused intercepted a commercial vehicle on the highway, threatened the driver with sharp weapons, and looted goods."
2592,110033019202502592,202502592,2025-09-03 02:00:00,9046,3019,1003,1,1,102,1003,1,4007,2025-09-02 18:00:00,2025-09-03 01:00:00,2025-09-03 02:00:00,12.884785,77.63475,A group of individuals assaulted the victim following a minor road rage incident causing grievous injuries.
2593,110043030202602593,202602593,2026-03-21 11:00:00,9198,3030,1004,1,2,104,1007,3,4004,2026-03-20 05:00:00,2026-03-20 06:00:00,2026-03-21 11:00:00,12.925034,77.623067,Unknown miscreants broke open the lock of the house during late night hours and stole gold ornaments and cash.
2594,110053040202502594,202502594,2025-05-04 18:00:00,9296,3040,1005,1,2,102,1003,1,4001,2025-05-04 00:00:00,2025-05-04 08:00:00,2025-05-04 18:00:00,12.877328,77.659516,Two persons riding a black motorcycle snatched a gold chain from a pedestrian near the bus stand and fled.
2595,110043031202502595,202502595,2025-08-02 15:00:00,9314,3031,1004,1,1,101,1002,3,4004,2025-08-02 02:00:00,2025-08-02 05:00:00,2025-08-02 15:00:00,12.978257,77.583313,Complainant reported unauthorized debit transactions from bank account following a fake KYC verification call.
2596,110033024202502596,202502596,2025-01-23 04:00:00,9258,3024,1003,1,1,103,1006,2,4015,2025-01-22 11:00:00,2025-01-22 17:00:00,2025-01-23 04:00:00,12.998273,77.54279,"Accused intercepted a commercial vehicle on the highway, threatened the driver with sharp weapons, and looted goods."
2597,110013002202602597,202602597,2026-03-08 10:00:00,9080,3002,1001,1,1,103,1006,1,4012,2026-03-07 01:00:00,2026-03-07 02:00:00,2026-03-08 10:00:00,12.893434,77.518756,Two persons riding a black motorcycle snatched a gold chain from a pedestrian near the bus stand and fled.
2598,110053037202502598,202502598,2025-12-21 03:00:00,9068,3037,1005,1,2,102,1004,2,4004,2025-12-20 09:00:00,2025-12-20 13:00:00,2025-12-21 03:00:00,13.106484,77.678082,Complainant reported unauthorized debit transactions from bank account following a fake KYC verification call.
2599,110043032202502599,202502599,2025-05-21 00:00:00,9080,3032,1004,1,1,101,1002,2,4015,2025-05-20 01:00:00,2025-05-20 05:00:00,2025-05-21 00:00:00,12.905858,77.698959,Unknown miscreants broke open the lock of the house during late night hours and stole gold ornaments and cash.
2600,110033020202502600,202502600,2025-12-10 04:00:00,9064,3020,1003,1,1,103,1006,1,4010,2025-12-10 02:00:00,2025-12-10 03:00:00,2025-12-10 04:00:00,12.826664,77.653992,Unknown miscreants broke open the lock of the house during late night hours and stole gold ornaments and cash.
2601,110013005202502601,202502601,2025-11-23 13:00:00,9010,3005,1001,1,2,102,1004,2,4009,2025-11-22 10:00:00,2025-11-22 18:00:00,2025-11-23 13:00:00,13.033277,77.579624,"Accused intercepted a commercial vehicle on the highway, threatened the driver with sharp weapons, and looted goods."
2602,110023013202502602,202502602,2025-08-10 23:00:00,9158,3013,1002,1,2,103,1006,3,4001,2025-08-10 18:00:00,2025-08-11 02:00:00,2025-08-10 23:00:00,12.904833,77.536506,"Accused intercepted a commercial vehicle on the highway, threatened the driver with sharp weapons, and looted goods."
2603,110013007202502603,202502603,2025-01-21 04:00:00,9353,3007,1001,1,2,101,1001,1,4012,2025-01-20 23:00:00,2025-01-21 08:00:00,2025-01-21 04:00:00,12.911577,77.486005,Complainant reported unauthorized debit transactions from bank account following a fake KYC verification call.
2604,110023014202502604,202502604,2025-09-10 23:00:00,9364,3014,1002,1,1,101,1001,3,4007,2025-09-10 03:00:00,2025-09-10 14:00:00,2025-09-10 23:00:00,12.996543,77.445184,"Accused intercepted a commercial vehicle on the highway, threatened the driver with sharp weapons, and looted goods."
2605,110023012202502605,202502605,2025-08-11 00:00:00,9162,3012,1002,1,1,103,1006,3,4006,2025-08-10 13:00:00,2025-08-10 20:00:00,2025-08-11 00:00:00,12.925242,77.521282,Unknown miscreants broke open the lock of the house during late night hours and stole gold ornaments and cash.
2606,110053037202502606,202502606,2025-06-18 23:00:00,9368,3037,1005,1,2,102,1004,2,4007,2025-06-17 12:00:00,2025-06-17 20:00:00,2025-06-18 23:00:00,13.037197,77.627331,Complainant reported unauthorized debit transactions from bank account following a fake KYC verification call.
2607,110023011202502607,202502607,2025-07-06 16:00:00,9042,3011,1002,1,2,104,1007,2,4013,2025-07-05 17:00:00,2025-07-05 19:00:00,2025-07-06 16:00:00,13.079689,77.649779,Unknown miscreants broke open the lock of the house during late night hours and stole gold ornaments and cash.
2608,110043032202502608,202502608,2025-11-10 09:00:00,9369,3032,1004,1,2,104,1007,3,4005,2025-11-08 15:00:00,2025-11-09 02:00:00,2025-11-10 09:00:00,13.057697,77.639715,Two persons riding a black motorcycle snatched a gold chain from a pedestrian near the bus stand and fled.
2609,110013006202502609,202502609,2025-08-11 03:00:00,9245,3006,1001,1,1,101,1002,1,4014,2025-08-10 01:00:00,2025-08-10 09:00:00,2025-08-11 03:00:00,13.048844,77.570393,"Accused intercepted a commercial vehicle on the highway, threatened the driver with sharp weapons, and looted goods."
2610,110023011202502610,202502610,2025-12-03 11:00:00,9380,3011,1002,1,2,101,1002,1,4002,2025-12-01 22:00:00,2025-12-01 23:00:00,2025-12-03 11:00:00,12.957806,77.620554,Unknown miscreants broke open the lock of the house during late night hours and stole gold ornaments and cash.
2611,110023013202502611,202502611,2025-02-08 09:00:00,9060,3013,1002,1,1,103,1005,2,4004,2025-02-08 05:00:00,2025-02-08 08:00:00,2025-02-08 09:00:00,13.111281,77.68839,"Accused intercepted a commercial vehicle on the highway, threatened the driver with sharp weapons, and looted goods."
2612,110043028202502612,202502612,2025-12-16 17:00:00,9132,3028,1004,1,2,103,1005,1,4005,2025-12-16 03:00:00,2025-12-16 14:00:00,2025-12-16 17:00:00,12.857961,77.478195,A group of individuals assaulted the victim following a minor road rage incident causing grievous injuries.
2613,110033021202502613,202502613,2025-03-27 16:00:00,9137,3021,1003,1,2,102,1003,2,4005,2025-03-26 14:00:00,2025-03-26 21:00:00,2025-03-27 16:00:00,12.827982,77.599351,"Accused intercepted a commercial vehicle on the highway, threatened the driver with sharp weapons, and looted goods."
2614,110013001202602614,202602614,2026-01-03 00:00:00,9022,3001,1001,1,2,103,1006,1,4010,2026-01-02 20:00:00,2026-01-03 01:00:00,2026-01-03 00:00:00,12.842688,77.452241,Complainant reported unauthorized debit transactions from bank account following a fake KYC verification call.
2615,110043027202502615,202502615,2025-03-01 00:00:00,9106,3027,1004,1,2,101,1002,2,4003,2025-02-27 20:00:00,2025-02-28 02:00:00,2025-03-01 00:00:00,12.82258,77.536426,"Accused intercepted a commercial vehicle on the highway, threatened the driver with sharp weapons, and looted goods."
2616,110043030202502616,202502616,2025-12-15 09:00:00,9264,3030,1004,1,2,102,1003,1,4007,2025-12-13 15:00:00,2025-12-13 18:00:00,2025-12-15 09:00:00,12.911707,77.701209,A group of individuals assaulted the victim following a minor road rage incident causing grievous injuries.
2617,110043032202502617,202502617,2025-06-13 15:00:00,9166,3032,1004,1,2,103,1006,2,4006,2025-06-12 14:00:00,2025-06-12 18:00:00,2025-06-13 15:00:00,13.091967,77.721235,Complainant reported unauthorized debit transactions from bank account following a fake KYC verification call.
2618,110013007202602618,202602618,2026-03-07 20:00:00,9160,3007,1001,1,1,101,1002,3,4009,2026-03-07 03:00:00,2026-03-07 15:00:00,2026-03-07 20:00:00,12.931392,77.573106,A group of individuals assaulted the victim following a minor road rage incident causing grievous injuries.
2619,110043029202502619,202502619,2025-07-08 17:00:00,9049,3029,1004,1,2,103,1006,3,4008,2025-07-08 11:00:00,2025-07-08 19:00:00,2025-07-08 17:00:00,12.906351,77.483911,Unknown miscreants broke open the lock of the house during late night hours and stole gold ornaments and cash.
2620,110043026202502620,202502620,2025-08-10 20:00:00,9321,3026,1004,1,1,104,1007,2,4010,2025-08-09 14:00:00,2025-08-09 19:00:00,2025-08-10 20:00:00,13.081293,77.54472,Two persons riding a black motorcycle snatched a gold chain from a pedestrian near the bus stand and fled.
2621,110013002202502621,202502621,2025-12-04 01:00:00,9346,3002,1001,1,1,104,1007,2,4001,2025-12-02 11:00:00,2025-12-02 19:00:00,2025-12-04 01:00:00,13.05472,77.71276,Complainant reported unauthorized debit transactions from bank account following a fake KYC verification call.
2622,110013001202502622,202502622,2025-04-07 18:00:00,9353,3001,1001,1,1,104,1007,2,4006,2025-04-06 15:00:00,2025-04-06 21:00:00,2025-04-07 18:00:00,12.883051,77.630893,A group of individuals assaulted the victim following a minor road rage incident causing grievous injuries.
2623,110053040202502623,202502623,2025-06-26 20:00:00,9139,3040,1005,1,2,102,1004,2,4006,2025-06-26 12:00:00,2025-06-26 15:00:00,2025-06-26 20:00:00,12.912528,77.496741,"Accused intercepted a commercial vehicle on the highway, threatened the driver with sharp weapons, and looted goods."
2624,110053039202502624,202502624,2025-11-26 08:00:00,9162,3039,1005,1,1,103,1005,1,4014,2025-11-26 01:00:00,2025-11-26 02:00:00,2025-11-26 08:00:00,12.926324,77.472574,Unknown miscreants broke open the lock of the house during late night hours and stole gold ornaments and cash.
2625,110053040202502625,202502625,2025-08-01 23:00:00,9285,3040,1005,1,1,102,1004,1,4006,2025-08-01 15:00:00,2025-08-02 00:00:00,2025-08-01 23:00:00,13.032251,77.546043,A group of individuals assaulted the victim following a minor road rage incident causing grievous injuries.
2626,110013004202502626,202502626,2025-12-10 10:00:00,9288,3004,1001,1,1,104,1007,1,4013,2025-12-10 02:00:00,2025-12-10 14:00:00,2025-12-10 10:00:00,12.990775,77.541824,Two persons riding a black motorcycle snatched a gold chain from a pedestrian near the bus stand and fled.
2627,110053038202602627,202602627,2026-03-12 13:00:00,9134,3038,1005,1,2,102,1004,2,4011,2026-03-12 01:00:00,2026-03-12 08:00:00,2026-03-12 13:00:00,13.037136,77.510962,A group of individuals assaulted the victim following a minor road rage incident causing grievous injuries.
2628,110043028202502628,202502628,2025-08-12 01:00:00,9336,3028,1004,1,1,103,1006,3,4010,2025-08-10 14:00:00,2025-08-10 20:00:00,2025-08-12 01:00:00,13.072395,77.651256,"Accused intercepted a commercial vehicle on the highway, threatened the driver with sharp weapons, and looted goods."
2629,110013003202502629,202502629,2025-03-18 10:00:00,9066,3003,1001,1,2,101,1001,1,4011,2025-03-16 18:00:00,2025-03-16 21:00:00,2025-03-18 10:00:00,12.934946,77.727607,"Accused intercepted a commercial vehicle on the highway, threatened the driver with sharp weapons, and looted goods."
2630,110033018202502630,202502630,2025-09-15 01:00:00,9133,3018,1003,1,1,101,1001,2,4006,2025-09-13 14:00:00,2025-09-13 19:00:00,2025-09-15 01:00:00,12.98574,77.494833,Two persons riding a black motorcycle snatched a gold chain from a pedestrian near the bus stand and fled.
2631,110023012202502631,202502631,2025-08-17 09:00:00,9194,3012,1002,1,1,104,1007,1,4007,2025-08-15 16:00:00,2025-08-15 17:00:00,2025-08-17 09:00:00,13.063795,77.681617,Two persons riding a black motorcycle snatched a gold chain from a pedestrian near the bus stand and fled.
2632,110023016202502632,202502632,2025-11-08 20:00:00,9375,3016,1002,1,2,102,1003,1,4014,2025-11-07 20:00:00,2025-11-08 02:00:00,2025-11-08 20:00:00,13.108431,77.624886,A group of individuals assaulted the victim following a minor road rage incident causing grievous injuries.
2633,110033017202502633,202502633,2025-12-07 21:00:00,9333,3017,1003,1,1,102,1004,1,4004,2025-12-07 03:00:00,2025-12-07 05:00:00,2025-12-07 21:00:00,12.987186,77.62859,A group of individuals assaulted the victim following a minor road rage incident causing grievous injuries.
2634,110053036202502634,202502634,2025-11-10 20:00:00,9195,3036,1005,1,2,101,1001,2,4009,2025-11-10 07:00:00,2025-11-10 15:00:00,2025-11-10 20:00:00,12.978841,77.648642,Unknown miscreants broke open the lock of the house during late night hours and stole gold ornaments and cash.
2635,110043028202502635,202502635,2025-03-25 22:00:00,9017,3028,1004,1,1,104,1007,3,4003,2025-03-25 12:00:00,2025-03-26 00:00:00,2025-03-25 22:00:00,13.039582,77.683709,Unknown miscreants broke open the lock of the house during late night hours and stole gold ornaments and cash.
2636,110053037202602636,202602636,2026-02-28 04:00:00,9198,3037,1005,1,2,104,1007,3,4004,2026-02-26 15:00:00,2026-02-26 22:00:00,2026-02-28 04:00:00,13.081092,77.706568,"Accused intercepted a commercial vehicle on the highway, threatened the driver with sharp weapons, and looted goods."
2637,110033018202502637,202502637,2025-05-17 04:00:00,9322,3018,1003,1,2,102,1003,3,4003,2025-05-15 13:00:00,2025-05-15 15:00:00,2025-05-17 04:00:00,12.973048,77.57095,"Accused intercepted a commercial vehicle on the highway, threatened the driver with sharp weapons, and looted goods."
2638,110033022202502638,202502638,2025-02-19 03:00:00,9027,3022,1003,1,2,104,1007,3,4006,2025-02-17 08:00:00,2025-02-17 12:00:00,2025-02-19 03:00:00,12.853268,77.598979,A group of individuals assaulted the victim following a minor road rage incident causing grievous injuries.
2639,110033020202502639,202502639,2025-11-27 05:00:00,9188,3020,1003,1,1,102,1004,1,4015,2025-11-25 17:00:00,2025-11-25 23:00:00,2025-11-27 05:00:00,12.978144,77.692236,Unknown miscreants broke open the lock of the house during late night hours and stole gold ornaments and cash.
2640,110023012202502640,202502640,2025-12-22 21:00:00,9241,3012,1002,1,2,102,1004,3,4010,2025-12-22 05:00:00,2025-12-22 13:00:00,2025-12-22 21:00:00,13.106539,77.564612,"Accused intercepted a commercial vehicle on the highway, threatened the driver with sharp weapons, and looted goods."
2641,110043030202502641,202502641,2025-07-11 14:00:00,9368,3030,1004,1,2,101,1001,2,4001,2025-07-11 03:00:00,2025-07-11 14:00:00,2025-07-11 14:00:00,12.972703,77.476429,"Accused intercepted a commercial vehicle on the highway, threatened the driver with sharp weapons, and looted goods."
2642,110023014202502642,202502642,2025-09-08 12:00:00,9328,3014,1002,1,1,104,1007,1,4010,2025-09-06 14:00:00,2025-09-06 17:00:00,2025-09-08 12:00:00,13.078607,77.697308,Complainant reported unauthorized debit transactions from bank account following a fake KYC verification call.
2643,110033017202502643,202502643,2025-06-13 15:00:00,9072,3017,1003,1,1,103,1005,2,4006,2025-06-13 04:00:00,2025-06-13 15:00:00,2025-06-13 15:00:00,12.915361,77.599033,Complainant reported unauthorized debit transactions from bank account following a fake KYC verification call.
2644,110053038202502644,202502644,2025-07-10 14:00:00,9390,3038,1005,1,2,103,1005,3,4007,2025-07-09 05:00:00,2025-07-09 06:00:00,2025-07-10 14:00:00,12.998047,77.55024,A group of individuals assaulted the victim following a minor road rage incident causing grievous injuries.
2645,110053035202602645,202602645,2026-02-24 23:00:00,9307,3035,1005,1,1,102,1004,3,4005,2026-02-23 17:00:00,2026-02-24 03:00:00,2026-02-24 23:00:00,12.974527,77.589729,"Accused intercepted a commercial vehicle on the highway, threatened the driver with sharp weapons, and looted goods."
2646,110053036202502646,202502646,2025-06-22 01:00:00,9025,3036,1005,1,1,101,1002,1,4004,2025-06-20 07:00:00,2025-06-20 15:00:00,2025-06-22 01:00:00,12.930267,77.61117,A group of individuals assaulted the victim following a minor road rage incident causing grievous injuries.
2647,110053039202502647,202502647,2025-11-24 00:00:00,9012,3039,1005,1,1,104,1007,1,4012,2025-11-23 10:00:00,2025-11-23 17:00:00,2025-11-24 00:00:00,12.955511,77.690873,Two persons riding a black motorcycle snatched a gold chain from a pedestrian near the bus stand and fled.
2648,110033020202502648,202502648,2025-11-15 23:00:00,9360,3020,1003,1,1,101,1001,1,4009,2025-11-15 07:00:00,2025-11-15 17:00:00,2025-11-15 23:00:00,12.937293,77.66045,"Accused intercepted a commercial vehicle on the highway, threatened the driver with sharp weapons, and looted goods."
2649,110053038202602649,202602649,2026-03-24 07:00:00,9121,3038,1005,1,2,104,1007,3,4012,2026-03-23 06:00:00,2026-03-23 08:00:00,2026-03-24 07:00:00,12.832962,77.525634,Unknown miscreants broke open the lock of the house during late night hours and stole gold ornaments and cash.
2650,110023012202502650,202502650,2025-08-27 20:00:00,9231,3012,1002,1,2,104,1007,3,4009,2025-08-26 01:00:00,2025-08-26 10:00:00,2025-08-27 20:00:00,13.024409,77.694694,Complainant reported unauthorized debit transactions from bank account following a fake KYC verification call.
2651,110053037202502651,202502651,2025-04-09 14:00:00,9288,3037,1005,1,1,101,1001,2,4013,2025-04-08 15:00:00,2025-04-08 20:00:00,2025-04-09 14:00:00,13.109651,77.51921,Complainant reported unauthorized debit transactions from bank account following a fake KYC verification call.
2652,110033023202602652,202602652,2026-02-08 01:00:00,9213,3023,1003,1,1,104,1007,1,4007,2026-02-06 01:00:00,2026-02-06 03:00:00,2026-02-08 01:00:00,13.060826,77.681088,"Accused intercepted a commercial vehicle on the highway, threatened the driver with sharp weapons, and looted goods."
2653,110013006202602653,202602653,2026-02-25 19:00:00,9041,3006,1001,1,1,104,1007,2,4009,2026-02-23 23:00:00,2026-02-24 10:00:00,2026-02-25 19:00:00,12.934815,77.678119,Complainant reported unauthorized debit transactions from bank account following a fake KYC verification call.
2654,110023016202602654,202602654,2026-02-22 10:00:00,9280,3016,1002,1,2,104,1007,3,4008,2026-02-21 13:00:00,2026-02-22 01:00:00,2026-02-22 10:00:00,13.071933,77.60383,A group of individuals assaulted the victim following a minor road rage incident causing grievous injuries.
2655,110043028202502655,202502655,2025-11-20 13:00:00,9352,3028,1004,1,2,103,1006,1,4012,2025-11-19 21:00:00,2025-11-20 02:00:00,2025-11-20 13:00:00,12.940832,77.550953,"Accused intercepted a commercial vehicle on the highway, threatened the driver with sharp weapons, and looted goods."
2656,110013003202502656,202502656,2025-01-02 04:00:00,9058,3003,1001,1,1,103,1006,2,4003,2025-01-01 03:00:00,2025-01-01 09:00:00,2025-01-02 04:00:00,12.89841,77.507752,Complainant reported unauthorized debit transactions from bank account following a fake KYC verification call.
2657,110023016202502657,202502657,2025-09-14 00:00:00,9168,3016,1002,1,1,103,1006,2,4004,2025-09-12 18:00:00,2025-09-13 01:00:00,2025-09-14 00:00:00,12.823447,77.467074,"Accused intercepted a commercial vehicle on the highway, threatened the driver with sharp weapons, and looted goods."
2658,110023013202602658,202602658,2026-03-06 22:00:00,9021,3013,1002,1,2,102,1003,1,4009,2026-03-06 12:00:00,2026-03-06 18:00:00,2026-03-06 22:00:00,13.034445,77.643379,Unknown miscreants broke open the lock of the house during late night hours and stole gold ornaments and cash.
2659,110023016202502659,202502659,2025-09-25 10:00:00,9202,3016,1002,1,1,103,1005,1,4005,2025-09-25 04:00:00,2025-09-25 11:00:00,2025-09-25 10:00:00,13.019656,77.674735,A group of individuals assaulted the victim following a minor road rage incident causing grievous injuries.
2660,110023012202502660,202502660,2025-04-29 05:00:00,9262,3012,1002,1,1,102,1004,1,4011,2025-04-29 01:00:00,2025-04-29 06:00:00,2025-04-29 05:00:00,12.945254,77.553355,Unknown miscreants broke open the lock of the house during late night hours and stole gold ornaments and cash.
2661,110053033202502661,202502661,2025-02-02 18:00:00,9066,3033,1005,1,1,104,1007,1,4012,2025-02-01 17:00:00,2025-02-01 20:00:00,2025-02-02 18:00:00,12.905996,77.687149,A group of individuals assaulted the victim following a minor road rage incident causing grievous injuries.
2662,110013008202502662,202502662,2025-03-10 01:00:00,9267,3008,1001,1,1,104,1007,1,4006,2025-03-09 06:00:00,2025-03-09 13:00:00,2025-03-10 01:00:00,12.897708,77.544238,Complainant reported unauthorized debit transactions from bank account following a fake KYC verification call.
2663,110023016202502663,202502663,2025-03-16 16:00:00,9068,3016,1002,1,1,101,1001,2,4009,2025-03-15 22:00:00,2025-03-16 08:00:00,2025-03-16 16:00:00,13.026848,77.619291,"Accused intercepted a commercial vehicle on the highway, threatened the driver with sharp weapons, and looted goods."
2664,110013005202502664,202502664,2025-01-23 16:00:00,9358,3005,1001,1,1,101,1001,1,4014,2025-01-22 09:00:00,2025-01-22 20:00:00,2025-01-23 16:00:00,13.057908,77.510675,"Accused intercepted a commercial vehicle on the highway, threatened the driver with sharp weapons, and looted goods."
2665,110013004202502665,202502665,2025-10-01 20:00:00,9369,3004,1001,1,1,104,1007,2,4005,2025-10-01 06:00:00,2025-10-01 07:00:00,2025-10-01 20:00:00,12.976268,77.528959,Unknown miscreants broke open the lock of the house during late night hours and stole gold ornaments and cash.
2666,110013004202602666,202602666,2026-01-12 15:00:00,9257,3004,1001,1,1,103,1005,3,4015,2026-01-11 21:00:00,2026-01-12 06:00:00,2026-01-12 15:00:00,12.965366,77.454838,A group of individuals assaulted the victim following a minor road rage incident causing grievous injuries.
2667,110023010202502667,202502667,2025-10-05 00:00:00,9030,3010,1002,1,1,103,1006,2,4006,2025-10-03 16:00:00,2025-10-03 22:00:00,2025-10-05 00:00:00,13.037346,77.546539,A group of individuals assaulted the victim following a minor road rage incident causing grievous injuries.
2668,110043025202502668,202502668,2025-01-26 01:00:00,9320,3025,1004,1,1,101,1001,1,4007,2025-01-25 06:00:00,2025-01-25 16:00:00,2025-01-26 01:00:00,13.061545,77.477394,Two persons riding a black motorcycle snatched a gold chain from a pedestrian near the bus stand and fled.
2669,110053038202502669,202502669,2025-08-08 23:00:00,9209,3038,1005,1,2,101,1001,2,4010,2025-08-08 12:00:00,2025-08-09 00:00:00,2025-08-08 23:00:00,12.86139,77.743724,Two persons riding a black motorcycle snatched a gold chain from a pedestrian near the bus stand and fled.
2670,110023012202602670,202602670,2026-02-22 02:00:00,9010,3012,1002,1,2,101,1002,1,4001,2026-02-20 11:00:00,2026-02-20 20:00:00,2026-02-22 02:00:00,13.017357,77.467785,Two persons riding a black motorcycle snatched a gold chain from a pedestrian near the bus stand and fled.
2671,110043030202502671,202502671,2025-10-28 18:00:00,9109,3030,1004,1,1,104,1007,3,4014,2025-10-27 08:00:00,2025-10-27 15:00:00,2025-10-28 18:00:00,12.875009,77.574442,Unknown miscreants broke open the lock of the house during late night hours and stole gold ornaments and cash.
2672,110033019202602672,202602672,2026-03-14 22:00:00,9371,3019,1003,1,1,101,1001,2,4007,2026-03-14 01:00:00,2026-03-14 11:00:00,2026-03-14 22:00:00,12.830471,77.456497,Unknown miscreants broke open the lock of the house during late night hours and stole gold ornaments and cash.
2673,110053040202502673,202502673,2025-05-29 00:00:00,9249,3040,1005,1,2,104,1007,1,4010,2025-05-27 23:00:00,2025-05-28 02:00:00,2025-05-29 00:00:00,12.869071,77.67968,Complainant reported unauthorized debit transactions from bank account following a fake KYC verification call.
2674,110053036202502674,202502674,2025-08-27 02:00:00,9082,3036,1005,1,1,101,1001,2,4003,2025-08-25 17:00:00,2025-08-26 00:00:00,2025-08-27 02:00:00,13.035466,77.530944,Unknown miscreants broke open the lock of the house during late night hours and stole gold ornaments and cash.
2675,110053035202502675,202502675,2025-01-31 02:00:00,9087,3035,1005,1,2,104,1007,1,4015,2025-01-30 07:00:00,2025-01-30 16:00:00,2025-01-31 02:00:00,13.070342,77.578531,Complainant reported unauthorized debit transactions from bank account following a fake KYC verification call.
2676,110023013202602676,202602676,2026-03-08 17:00:00,9119,3013,1002,1,2,102,1004,2,4010,2026-03-07 19:00:00,2026-03-07 22:00:00,2026-03-08 17:00:00,13.090764,77.588113,Two persons riding a black motorcycle snatched a gold chain from a pedestrian near the bus stand and fled.
2677,110043032202502677,202502677,2025-12-25 05:00:00,9066,3032,1004,1,1,104,1007,1,4010,2025-12-23 13:00:00,2025-12-23 20:00:00,2025-12-25 05:00:00,12.90824,77.570397,"Accused intercepted a commercial vehicle on the highway, threatened the driver with sharp weapons, and looted goods."
2678,110013001202502678,202502678,2025-01-09 08:00:00,9174,3001,1001,1,1,102,1004,2,4003,2025-01-07 17:00:00,2025-01-08 02:00:00,2025-01-09 08:00:00,13.114632,77.448516,Unknown miscreants broke open the lock of the house during late night hours and stole gold ornaments and cash.
2679,110053036202502679,202502679,2025-05-09 10:00:00,9328,3036,1005,1,1,101,1001,1,4012,2025-05-09 03:00:00,2025-05-09 05:00:00,2025-05-09 10:00:00,12.945092,77.579277,Unknown miscreants broke open the lock of the house during late night hours and stole gold ornaments and cash.
2680,110013001202502680,202502680,2025-10-16 21:00:00,9043,3001,1001,1,1,102,1004,3,4005,2025-10-15 08:00:00,2025-10-15 10:00:00,2025-10-16 21:00:00,12.922674,77.478544,Unknown miscreants broke open the lock of the house during late night hours and stole gold ornaments and cash.
2681,110053037202502681,202502681,2025-03-08 10:00:00,9029,3037,1005,1,1,104,1007,2,4011,2025-03-07 16:00:00,2025-03-08 02:00:00,2025-03-08 10:00:00,13.089202,77.447127,A group of individuals assaulted the victim following a minor road rage incident causing grievous injuries.
2682,110033024202502682,202502682,2025-12-29 03:00:00,9160,3024,1003,1,1,103,1006,1,4008,2025-12-27 10:00:00,2025-12-27 22:00:00,2025-12-29 03:00:00,13.112256,77.571416,A group of individuals assaulted the victim following a minor road rage incident causing grievous injuries.
2683,110023015202502683,202502683,2025-04-04 03:00:00,9399,3015,1002,1,1,102,1004,2,4008,2025-04-02 05:00:00,2025-04-02 12:00:00,2025-04-04 03:00:00,13.066115,77.476612,Complainant reported unauthorized debit transactions from bank account following a fake KYC verification call.
2684,110053034202602684,202602684,2026-01-08 09:00:00,9278,3034,1005,1,1,103,1005,1,4002,2026-01-07 21:00:00,2026-01-08 09:00:00,2026-01-08 09:00:00,12.968928,77.575003,A group of individuals assaulted the victim following a minor road rage incident causing grievous injuries.
2685,110043029202502685,202502685,2025-01-16 09:00:00,9265,3029,1004,1,1,103,1005,3,4007,2025-01-16 04:00:00,2025-01-16 16:00:00,2025-01-16 09:00:00,12.95799,77.559783,A group of individuals assaulted the victim following a minor road rage incident causing grievous injuries.
2686,110043026202602686,202602686,2026-03-20 12:00:00,9133,3026,1004,1,2,103,1005,1,4015,2026-03-18 23:00:00,2026-03-19 05:00:00,2026-03-20 12:00:00,12.836741,77.535958,Two persons riding a black motorcycle snatched a gold chain from a pedestrian near the bus stand and fled.
2687,110033023202602687,202602687,2026-03-06 22:00:00,9276,3023,1003,1,2,102,1003,3,4008,2026-03-05 20:00:00,2026-03-06 06:00:00,2026-03-06 22:00:00,13.111946,77.528394,Two persons riding a black motorcycle snatched a gold chain from a pedestrian near the bus stand and fled.
2688,110043029202602688,202602688,2026-02-15 23:00:00,9010,3029,1004,1,1,104,1007,3,4004,2026-02-15 12:00:00,2026-02-15 22:00:00,2026-02-15 23:00:00,12.947227,77.619502,"Accused intercepted a commercial vehicle on the highway, threatened the driver with sharp weapons, and looted goods."
2689,110033018202502689,202502689,2025-07-07 02:00:00,9373,3018,1003,1,2,102,1003,2,4012,2025-07-05 18:00:00,2025-07-06 03:00:00,2025-07-07 02:00:00,12.998963,77.468591,Unknown miscreants broke open the lock of the house during late night hours and stole gold ornaments and cash.
2690,110053039202502690,202502690,2025-06-12 15:00:00,9126,3039,1005,1,1,101,1001,2,4001,2025-06-11 01:00:00,2025-06-11 05:00:00,2025-06-12 15:00:00,13.017228,77.661334,Two persons riding a black motorcycle snatched a gold chain from a pedestrian near the bus stand and fled.
2691,110023010202602691,202602691,2026-03-06 04:00:00,9001,3010,1002,1,2,103,1006,1,4008,2026-03-05 06:00:00,2026-03-05 09:00:00,2026-03-06 04:00:00,13.121051,77.539902,Complainant reported unauthorized debit transactions from bank account following a fake KYC verification call.
2692,110043030202502692,202502692,2025-10-22 10:00:00,9223,3030,1004,1,2,101,1002,2,4004,2025-10-21 12:00:00,2025-10-21 19:00:00,2025-10-22 10:00:00,12.906509,77.668829,Unknown miscreants broke open the lock of the house during late night hours and stole gold ornaments and cash.
2693,110043030202502693,202502693,2025-12-07 07:00:00,9131,3030,1004,1,1,103,1006,2,4013,2025-12-05 19:00:00,2025-12-06 01:00:00,2025-12-07 07:00:00,12.882273,77.586847,Unknown miscreants broke open the lock of the house during late night hours and stole gold ornaments and cash.
2694,110023013202502694,202502694,2025-10-14 00:00:00,9093,3013,1002,1,1,101,1002,1,4002,2025-10-12 09:00:00,2025-10-12 14:00:00,2025-10-14 00:00:00,12.90576,77.564047,Complainant reported unauthorized debit transactions from bank account following a fake KYC verification call.
2695,110013007202502695,202502695,2025-06-13 17:00:00,9367,3007,1001,1,2,104,1007,2,4004,2025-06-12 16:00:00,2025-06-12 23:00:00,2025-06-13 17:00:00,13.077306,77.533741,Unknown miscreants broke open the lock of the house during late night hours and stole gold ornaments and cash.
2696,110043031202502696,202502696,2025-04-20 18:00:00,9096,3031,1004,1,1,104,1007,1,4013,2025-04-19 06:00:00,2025-04-19 07:00:00,2025-04-20 18:00:00,12.973343,77.738912,Unknown miscreants broke open the lock of the house during late night hours and stole gold ornaments and cash.
2697,110053035202502697,202502697,2025-11-05 11:00:00,9194,3035,1005,1,2,104,1007,3,4004,2025-11-04 11:00:00,2025-11-04 14:00:00,2025-11-05 11:00:00,12.85531,77.703439,Unknown miscreants broke open the lock of the house during late night hours and stole gold ornaments and cash.
2698,110043029202502698,202502698,2025-09-26 18:00:00,9103,3029,1004,1,2,104,1007,3,4005,2025-09-26 13:00:00,2025-09-26 21:00:00,2025-09-26 18:00:00,12.865028,77.675248,Two persons riding a black motorcycle snatched a gold chain from a pedestrian near the bus stand and fled.
2699,110043030202502699,202502699,2025-12-31 12:00:00,9213,3030,1004,1,2,103,1006,3,4015,2025-12-30 11:00:00,2025-12-30 17:00:00,2025-12-31 12:00:00,12.861943,77.451383,Two persons riding a black motorcycle snatched a gold chain from a pedestrian near the bus stand and fled.
2700,110023013202602700,202602700,2026-02-11 21:00:00,9107,3013,1002,1,1,104,1007,2,4011,2026-02-09 23:00:00,2026-02-10 05:00:00,2026-02-11 21:00:00,13.087823,77.506985,Two persons riding a black motorcycle snatched a gold chain from a pedestrian near the bus stand and fled.
2701,110023014202502701,202502701,2025-02-15 12:00:00,9263,3014,1002,1,2,104,1007,1,4015,2025-02-14 02:00:00,2025-02-14 11:00:00,2025-02-15 12:00:00,12.989706,77.591275,A group of individuals assaulted the victim following a minor road rage incident causing grievous injuries.
2702,110033023202502702,202502702,2025-03-08 06:00:00,9203,3023,1003,1,2,103,1005,3,4001,2025-03-07 16:00:00,2025-03-08 02:00:00,2025-03-08 06:00:00,12.836628,77.613039,Unknown miscreants broke open the lock of the house during late night hours and stole gold ornaments and cash.
2703,110033018202502703,202502703,2025-12-17 07:00:00,9314,3018,1003,1,1,102,1004,1,4008,2025-12-17 04:00:00,2025-12-17 10:00:00,2025-12-17 07:00:00,13.052106,77.52458,A group of individuals assaulted the victim following a minor road rage incident causing grievous injuries.
2704,110023010202502704,202502704,2025-11-05 15:00:00,9021,3010,1002,1,1,101,1002,1,4008,2025-11-04 16:00:00,2025-11-05 00:00:00,2025-11-05 15:00:00,12.96368,77.683619,Two persons riding a black motorcycle snatched a gold chain from a pedestrian near the bus stand and fled.
2705,110043031202502705,202502705,2025-06-26 04:00:00,9063,3031,1004,1,2,104,1007,3,4015,2025-06-24 16:00:00,2025-06-25 02:00:00,2025-06-26 04:00:00,12.888331,77.591088,A group of individuals assaulted the victim following a minor road rage incident causing grievous injuries.
2706,110013006202502706,202502706,2025-03-13 14:00:00,9126,3006,1001,1,1,102,1003,3,4008,2025-03-12 23:00:00,2025-03-13 08:00:00,2025-03-13 14:00:00,12.945202,77.475761,Unknown miscreants broke open the lock of the house during late night hours and stole gold ornaments and cash.
2707,110043025202502707,202502707,2025-12-18 17:00:00,9075,3025,1004,1,2,101,1001,2,4002,2025-12-16 19:00:00,2025-12-17 02:00:00,2025-12-18 17:00:00,13.11184,77.504453,Unknown miscreants broke open the lock of the house during late night hours and stole gold ornaments and cash.
2708,110013008202502708,202502708,2025-08-17 22:00:00,9162,3008,1001,1,1,103,1006,2,4005,2025-08-16 23:00:00,2025-08-17 00:00:00,2025-08-17 22:00:00,12.880899,77.575719,Unknown miscreants broke open the lock of the house during late night hours and stole gold ornaments and cash.
2709,110033020202502709,202502709,2025-05-11 16:00:00,9389,3020,1003,1,1,103,1005,3,4006,2025-05-10 12:00:00,2025-05-10 18:00:00,2025-05-11 16:00:00,12.912966,77.603714,"Accused intercepted a commercial vehicle on the highway, threatened the driver with sharp weapons, and looted goods."
2710,110053036202602710,202602710,2026-03-28 07:00:00,9087,3036,1005,1,2,101,1002,2,4006,2026-03-26 20:00:00,2026-03-27 01:00:00,2026-03-28 07:00:00,13.071943,77.454306,"Accused intercepted a commercial vehicle on the highway, threatened the driver with sharp weapons, and looted goods."
2711,110013002202502711,202502711,2025-02-11 11:00:00,9109,3002,1001,1,2,101,1002,2,4005,2025-02-10 23:00:00,2025-02-11 07:00:00,2025-02-11 11:00:00,12.951025,77.55982,Complainant reported unauthorized debit transactions from bank account following a fake KYC verification call.
2712,110053040202602712,202602712,2026-02-20 07:00:00,9331,3040,1005,1,2,101,1001,2,4004,2026-02-20 04:00:00,2026-02-20 10:00:00,2026-02-20 07:00:00,13.073126,77.482717,A group of individuals assaulted the victim following a minor road rage incident causing grievous injuries.
2713,110033021202502713,202502713,2025-07-15 00:00:00,9169,3021,1003,1,2,103,1005,1,4012,2025-07-13 00:00:00,2025-07-13 11:00:00,2025-07-15 00:00:00,12.958185,77.473172,Unknown miscreants broke open the lock of the house during late night hours and stole gold ornaments and cash.
2714,110023012202502714,202502714,2025-08-03 06:00:00,9323,3012,1002,1,1,104,1007,3,4001,2025-08-02 18:00:00,2025-08-02 22:00:00,2025-08-03 06:00:00,13.062542,77.717793,Two persons riding a black motorcycle snatched a gold chain from a pedestrian near the bus stand and fled.
2715,110043030202502715,202502715,2025-10-21 23:00:00,9140,3030,1004,1,1,102,1004,2,4012,2025-10-21 06:00:00,2025-10-21 10:00:00,2025-10-21 23:00:00,12.981031,77.574889,Unknown miscreants broke open the lock of the house during late night hours and stole gold ornaments and cash.
2716,110033022202602716,202602716,2026-02-23 16:00:00,9284,3022,1003,1,2,102,1004,2,4002,2026-02-21 21:00:00,2026-02-21 23:00:00,2026-02-23 16:00:00,13.067906,77.507489,Complainant reported unauthorized debit transactions from bank account following a fake KYC verification call.
2717,110023015202502717,202502717,2025-04-26 04:00:00,9363,3015,1002,1,2,102,1004,3,4003,2025-04-24 14:00:00,2025-04-25 02:00:00,2025-04-26 04:00:00,12.99802,77.655186,Two persons riding a black motorcycle snatched a gold chain from a pedestrian near the bus stand and fled.
2718,110013008202502718,202502718,2025-07-10 19:00:00,9284,3008,1001,1,1,103,1006,1,4005,2025-07-09 23:00:00,2025-07-10 06:00:00,2025-07-10 19:00:00,12.998006,77.632025,"Accused intercepted a commercial vehicle on the highway, threatened the driver with sharp weapons, and looted goods."
2719,110043029202502719,202502719,2025-01-16 17:00:00,9266,3029,1004,1,1,101,1001,2,4003,2025-01-15 02:00:00,2025-01-15 09:00:00,2025-01-16 17:00:00,13.10731,77.520917,A group of individuals assaulted the victim following a minor road rage incident causing grievous injuries.
2720,110043029202502720,202502720,2025-09-30 15:00:00,9148,3029,1004,1,2,104,1007,1,4008,2025-09-30 11:00:00,2025-09-30 12:00:00,2025-09-30 15:00:00,12.833208,77.727233,A group of individuals assaulted the victim following a minor road rage incident causing grievous injuries.
2721,110043030202602721,202602721,2026-03-25 02:00:00,9147,3030,1004,1,2,101,1002,2,4003,2026-03-23 19:00:00,2026-03-23 22:00:00,2026-03-25 02:00:00,12.940277,77.448076,Unknown miscreants broke open the lock of the house during late night hours and stole gold ornaments and cash.
2722,110023009202502722,202502722,2025-06-07 00:00:00,9325,3009,1002,1,1,103,1005,1,4002,2025-06-05 11:00:00,2025-06-05 21:00:00,2025-06-07 00:00:00,12.970057,77.640394,Complainant reported unauthorized debit transactions from bank account following a fake KYC verification call.
2723,110023016202502723,202502723,2025-12-29 00:00:00,9059,3016,1002,1,1,103,1005,1,4008,2025-12-28 09:00:00,2025-12-28 19:00:00,2025-12-29 00:00:00,13.099287,77.491026,Unknown miscreants broke open the lock of the house during late night hours and stole gold ornaments and cash.
2724,110053033202502724,202502724,2025-10-22 21:00:00,9321,3033,1005,1,1,103,1006,1,4003,2025-10-21 02:00:00,2025-10-21 13:00:00,2025-10-22 21:00:00,13.035059,77.524834,Unknown miscreants broke open the lock of the house during late night hours and stole gold ornaments and cash.
2725,110023014202502725,202502725,2025-02-06 10:00:00,9196,3014,1002,1,2,104,1007,1,4003,2025-02-04 16:00:00,2025-02-05 04:00:00,2025-02-06 10:00:00,12.855756,77.528629,Two persons riding a black motorcycle snatched a gold chain from a pedestrian near the bus stand and fled.
2726,110043031202502726,202502726,2025-06-29 01:00:00,9011,3031,1004,1,2,104,1007,1,4001,2025-06-28 00:00:00,2025-06-28 10:00:00,2025-06-29 01:00:00,13.073221,77.605816,Complainant reported unauthorized debit transactions from bank account following a fake KYC verification call.
2727,110013002202602727,202602727,2026-03-24 19:00:00,9262,3002,1001,1,2,102,1003,1,4003,2026-03-22 19:00:00,2026-03-23 04:00:00,2026-03-24 19:00:00,13.108092,77.541223,Two persons riding a black motorcycle snatched a gold chain from a pedestrian near the bus stand and fled.
2728,110043031202502728,202502728,2025-02-23 16:00:00,9138,3031,1004,1,2,102,1003,1,4011,2025-02-22 22:00:00,2025-02-22 23:00:00,2025-02-23 16:00:00,13.055877,77.638465,A group of individuals assaulted the victim following a minor road rage incident causing grievous injuries.
2729,110033018202502729,202502729,2025-01-01 17:00:00,9166,3018,1003,1,1,104,1007,1,4014,2024-12-30 21:00:00,2024-12-31 02:00:00,2025-01-01 17:00:00,13.09741,77.511461,"Accused intercepted a commercial vehicle on the highway, threatened the driver with sharp weapons, and looted goods."
2730,110013008202502730,202502730,2025-03-30 08:00:00,9255,3008,1001,1,2,104,1007,2,4012,2025-03-28 17:00:00,2025-03-29 05:00:00,2025-03-30 08:00:00,12.917969,77.456228,"Accused intercepted a commercial vehicle on the highway, threatened the driver with sharp weapons, and looted goods."
2731,110053039202602731,202602731,2026-01-10 21:00:00,9334,3039,1005,1,2,102,1004,3,4006,2026-01-08 23:00:00,2026-01-09 06:00:00,2026-01-10 21:00:00,12.834161,77.660494,Complainant reported unauthorized debit transactions from bank account following a fake KYC verification call.
2732,110033021202502732,202502732,2025-02-10 11:00:00,9098,3021,1003,1,2,104,1007,2,4008,2025-02-08 17:00:00,2025-02-09 02:00:00,2025-02-10 11:00:00,13.087797,77.669509,Unknown miscreants broke open the lock of the house during late night hours and stole gold ornaments and cash.
2733,110043032202502733,202502733,2025-04-22 10:00:00,9125,3032,1004,1,1,101,1001,1,4001,2025-04-21 08:00:00,2025-04-21 15:00:00,2025-04-22 10:00:00,13.110925,77.614306,"Accused intercepted a commercial vehicle on the highway, threatened the driver with sharp weapons, and looted goods."
2734,110053039202502734,202502734,2025-11-03 09:00:00,9097,3039,1005,1,1,101,1002,2,4004,2025-11-02 03:00:00,2025-11-02 07:00:00,2025-11-03 09:00:00,13.11619,77.665151,A group of individuals assaulted the victim following a minor road rage incident causing grievous injuries.
2735,110013007202602735,202602735,2026-01-07 04:00:00,9112,3007,1001,1,2,101,1002,3,4010,2026-01-05 12:00:00,2026-01-05 19:00:00,2026-01-07 04:00:00,13.09155,77.664472,Two persons riding a black motorcycle snatched a gold chain from a pedestrian near the bus stand and fled.
2736,110023013202502736,202502736,2025-10-28 05:00:00,9334,3013,1002,1,2,102,1004,2,4001,2025-10-27 05:00:00,2025-10-27 08:00:00,2025-10-28 05:00:00,12.92875,77.476955,A group of individuals assaulted the victim following a minor road rage incident causing grievous injuries.
2737,110023009202502737,202502737,2025-11-01 06:00:00,9027,3009,1002,1,2,104,1007,2,4006,2025-11-01 02:00:00,2025-11-01 13:00:00,2025-11-01 06:00:00,12.868465,77.739287,A group of individuals assaulted the victim following a minor road rage incident causing grievous injuries.
2738,110033017202602738,202602738,2026-03-15 17:00:00,9092,3017,1003,1,2,104,1007,1,4013,2026-03-14 12:00:00,2026-03-14 23:00:00,2026-03-15 17:00:00,12.960673,77.690924,A group of individuals assaulted the victim following a minor road rage incident causing grievous injuries.
2739,110013002202502739,202502739,2025-08-06 00:00:00,9371,3002,1001,1,2,102,1003,2,4001,2025-08-05 17:00:00,2025-08-05 23:00:00,2025-08-06 00:00:00,13.10978,77.656642,Two persons riding a black motorcycle snatched a gold chain from a pedestrian near the bus stand and fled.
2740,110023014202502740,202502740,2025-05-27 17:00:00,9171,3014,1002,1,2,103,1005,3,4003,2025-05-27 13:00:00,2025-05-27 20:00:00,2025-05-27 17:00:00,12.940856,77.451153,A group of individuals assaulted the victim following a minor road rage incident causing grievous injuries.
2741,110013007202502741,202502741,2025-02-07 09:00:00,9026,3007,1001,1,2,102,1004,1,4014,2025-02-05 13:00:00,2025-02-05 19:00:00,2025-02-07 09:00:00,12.847153,77.508693,Unknown miscreants broke open the lock of the house during late night hours and stole gold ornaments and cash.
2742,110033024202602742,202602742,2026-02-20 10:00:00,9089,3024,1003,1,2,103,1005,2,4012,2026-02-20 05:00:00,2026-02-20 16:00:00,2026-02-20 10:00:00,13.091574,77.687363,"Accused intercepted a commercial vehicle on the highway, threatened the driver with sharp weapons, and looted goods."
2743,110013002202502743,202502743,2025-07-09 13:00:00,9169,3002,1001,1,2,103,1005,2,4011,2025-07-07 22:00:00,2025-07-08 07:00:00,2025-07-09 13:00:00,12.838225,77.741247,"Accused intercepted a commercial vehicle on the highway, threatened the driver with sharp weapons, and looted goods."
2744,110053034202502744,202502744,2025-06-07 16:00:00,9263,3034,1005,1,2,102,1004,3,4007,2025-06-07 01:00:00,2025-06-07 06:00:00,2025-06-07 16:00:00,12.972889,77.653212,A group of individuals assaulted the victim following a minor road rage incident causing grievous injuries.
2745,110053038202502745,202502745,2025-10-29 22:00:00,9008,3038,1005,1,1,102,1003,3,4013,2025-10-29 02:00:00,2025-10-29 13:00:00,2025-10-29 22:00:00,13.042848,77.529027,A group of individuals assaulted the victim following a minor road rage incident causing grievous injuries.
2746,110023009202502746,202502746,2025-02-16 21:00:00,9249,3009,1002,1,1,102,1004,1,4012,2025-02-15 02:00:00,2025-02-15 05:00:00,2025-02-16 21:00:00,13.102827,77.635738,Unknown miscreants broke open the lock of the house during late night hours and stole gold ornaments and cash.
2747,110023014202602747,202602747,2026-03-07 06:00:00,9294,3014,1002,1,2,103,1006,2,4010,2026-03-06 22:00:00,2026-03-07 10:00:00,2026-03-07 06:00:00,12.992297,77.678956,A group of individuals assaulted the victim following a minor road rage incident causing grievous injuries.
2748,110033021202502748,202502748,2025-02-27 13:00:00,9242,3021,1003,1,1,103,1006,1,4003,2025-02-27 01:00:00,2025-02-27 10:00:00,2025-02-27 13:00:00,12.962679,77.629036,Unknown miscreants broke open the lock of the house during late night hours and stole gold ornaments and cash.
2749,110023012202502749,202502749,2025-10-12 12:00:00,9071,3012,1002,1,1,103,1006,2,4001,2025-10-12 05:00:00,2025-10-12 17:00:00,2025-10-12 12:00:00,12.914785,77.594691,Two persons riding a black motorcycle snatched a gold chain from a pedestrian near the bus stand and fled.
2750,110033023202602750,202602750,2026-02-07 04:00:00,9105,3023,1003,1,2,104,1007,1,4014,2026-02-06 22:00:00,2026-02-07 00:00:00,2026-02-07 04:00:00,12.97719,77.581347,Unknown miscreants broke open the lock of the house during late night hours and stole gold ornaments and cash.
2751,110023012202502751,202502751,2025-07-19 12:00:00,9377,3012,1002,1,1,104,1007,3,4001,2025-07-19 01:00:00,2025-07-19 08:00:00,2025-07-19 12:00:00,13.000598,77.735584,A group of individuals assaulted the victim following a minor road rage incident causing grievous injuries.
2752,110053037202502752,202502752,2025-07-19 20:00:00,9236,3037,1005,1,2,104,1007,3,4004,2025-07-18 20:00:00,2025-07-19 03:00:00,2025-07-19 20:00:00,12.860559,77.665685,"Accused intercepted a commercial vehicle on the highway, threatened the driver with sharp weapons, and looted goods."
2753,110053035202502753,202502753,2025-10-27 17:00:00,9229,3035,1005,1,1,104,1007,2,4003,2025-10-27 01:00:00,2025-10-27 06:00:00,2025-10-27 17:00:00,13.090447,77.723624,Unknown miscreants broke open the lock of the house during late night hours and stole gold ornaments and cash.
2754,110033022202602754,202602754,2026-01-26 07:00:00,9359,3022,1003,1,2,102,1003,1,4015,2026-01-24 16:00:00,2026-01-24 17:00:00,2026-01-26 07:00:00,13.035852,77.559238,Unknown miscreants broke open the lock of the house during late night hours and stole gold ornaments and cash.
2755,110053035202502755,202502755,2025-04-25 10:00:00,9135,3035,1005,1,2,102,1004,1,4006,2025-04-24 17:00:00,2025-04-25 03:00:00,2025-04-25 10:00:00,13.039357,77.545079,Two persons riding a black motorcycle snatched a gold chain from a pedestrian near the bus stand and fled.
2756,110033022202502756,202502756,2025-11-03 14:00:00,9242,3022,1003,1,1,104,1007,2,4005,2025-11-03 09:00:00,2025-11-03 18:00:00,2025-11-03 14:00:00,13.071243,77.534505,"Accused intercepted a commercial vehicle on the highway, threatened the driver with sharp weapons, and looted goods."
2757,110053038202602757,202602757,2026-02-21 13:00:00,9048,3038,1005,1,1,103,1005,1,4005,2026-02-21 09:00:00,2026-02-21 16:00:00,2026-02-21 13:00:00,12.859509,77.700545,A group of individuals assaulted the victim following a minor road rage incident causing grievous injuries.
2758,110053034202602758,202602758,2026-01-29 12:00:00,9011,3034,1005,1,1,103,1005,2,4008,2026-01-28 08:00:00,2026-01-28 12:00:00,2026-01-29 12:00:00,13.029683,77.700459,"Accused intercepted a commercial vehicle on the highway, threatened the driver with sharp weapons, and looted goods."
2759,110053035202502759,202502759,2025-11-10 00:00:00,9094,3035,1005,1,2,103,1006,2,4003,2025-11-09 01:00:00,2025-11-09 04:00:00,2025-11-10 00:00:00,12.893164,77.579876,Two persons riding a black motorcycle snatched a gold chain from a pedestrian near the bus stand and fled.
2760,110043026202502760,202502760,2025-01-27 09:00:00,9326,3026,1004,1,1,104,1007,3,4003,2025-01-27 00:00:00,2025-01-27 05:00:00,2025-01-27 09:00:00,12.979149,77.550731,A group of individuals assaulted the victim following a minor road rage incident causing grievous injuries.
2761,110013005202502761,202502761,2025-12-09 07:00:00,9396,3005,1001,1,1,101,1001,2,4013,2025-12-08 09:00:00,2025-12-08 16:00:00,2025-12-09 07:00:00,12.966593,77.64363,A group of individuals assaulted the victim following a minor road rage incident causing grievous injuries.
2762,110053033202502762,202502762,2025-01-06 20:00:00,9193,3033,1005,1,1,104,1007,2,4002,2025-01-05 14:00:00,2025-01-05 23:00:00,2025-01-06 20:00:00,13.013789,77.726727,A group of individuals assaulted the victim following a minor road rage incident causing grievous injuries.
2763,110013004202502763,202502763,2025-01-11 04:00:00,9084,3004,1001,1,1,102,1004,2,4007,2025-01-10 20:00:00,2025-01-11 02:00:00,2025-01-11 04:00:00,13.054708,77.529178,Unknown miscreants broke open the lock of the house during late night hours and stole gold ornaments and cash.
2764,110053036202602764,202602764,2026-01-05 13:00:00,9150,3036,1005,1,2,103,1006,2,4001,2026-01-03 23:00:00,2026-01-04 02:00:00,2026-01-05 13:00:00,13.04575,77.624805,Complainant reported unauthorized debit transactions from bank account following a fake KYC verification call.
2765,110053035202502765,202502765,2025-09-07 12:00:00,9028,3035,1005,1,1,103,1006,2,4005,2025-09-06 19:00:00,2025-09-07 03:00:00,2025-09-07 12:00:00,12.88453,77.726867,Two persons riding a black motorcycle snatched a gold chain from a pedestrian near the bus stand and fled.
2766,110023015202602766,202602766,2026-01-14 10:00:00,9087,3015,1002,1,2,104,1007,3,4005,2026-01-13 06:00:00,2026-01-13 13:00:00,2026-01-14 10:00:00,13.02971,77.623631,Complainant reported unauthorized debit transactions from bank account following a fake KYC verification call.
2767,110023014202602767,202602767,2026-01-23 15:00:00,9254,3014,1002,1,1,104,1007,3,4015,2026-01-21 21:00:00,2026-01-22 03:00:00,2026-01-23 15:00:00,12.868828,77.710358,"Accused intercepted a commercial vehicle on the highway, threatened the driver with sharp weapons, and looted goods."
2768,110033018202502768,202502768,2025-01-01 11:00:00,9041,3018,1003,1,1,104,1007,3,4009,2024-12-31 07:00:00,2024-12-31 10:00:00,2025-01-01 11:00:00,13.098984,77.539559,"Accused intercepted a commercial vehicle on the highway, threatened the driver with sharp weapons, and looted goods."
2769,110013007202502769,202502769,2025-09-20 19:00:00,9324,3007,1001,1,1,102,1004,1,4005,2025-09-19 03:00:00,2025-09-19 05:00:00,2025-09-20 19:00:00,12.867943,77.717572,Unknown miscreants broke open the lock of the house during late night hours and stole gold ornaments and cash.
2770,110043028202502770,202502770,2025-08-13 20:00:00,9281,3028,1004,1,1,101,1001,2,4011,2025-08-12 01:00:00,2025-08-12 07:00:00,2025-08-13 20:00:00,13.085765,77.625679,Two persons riding a black motorcycle snatched a gold chain from a pedestrian near the bus stand and fled.
2771,110053037202502771,202502771,2025-10-24 10:00:00,9078,3037,1005,1,2,103,1006,1,4002,2025-10-24 01:00:00,2025-10-24 07:00:00,2025-10-24 10:00:00,12.957932,77.735568,"Accused intercepted a commercial vehicle on the highway, threatened the driver with sharp weapons, and looted goods."
2772,110023016202602772,202602772,2026-02-07 03:00:00,9240,3016,1002,1,1,104,1007,3,4005,2026-02-06 05:00:00,2026-02-06 09:00:00,2026-02-07 03:00:00,12.852404,77.701655,"Accused intercepted a commercial vehicle on the highway, threatened the driver with sharp weapons, and looted goods."
2773,110033022202502773,202502773,2025-08-28 05:00:00,9340,3022,1003,1,2,102,1003,1,4001,2025-08-28 02:00:00,2025-08-28 03:00:00,2025-08-28 05:00:00,12.979623,77.688638,Two persons riding a black motorcycle snatched a gold chain from a pedestrian near the bus stand and fled.
2774,110043025202502774,202502774,2025-03-01 11:00:00,9165,3025,1004,1,1,103,1006,2,4002,2025-02-27 20:00:00,2025-02-27 23:00:00,2025-03-01 11:00:00,12.865439,77.495704,Unknown miscreants broke open the lock of the house during late night hours and stole gold ornaments and cash.
2775,110033023202502775,202502775,2025-01-15 11:00:00,9307,3023,1003,1,2,103,1005,1,4007,2025-01-14 23:00:00,2025-01-15 04:00:00,2025-01-15 11:00:00,12.858627,77.502844,A group of individuals assaulted the victim following a minor road rage incident causing grievous injuries.
2776,110053038202602776,202602776,2026-03-01 15:00:00,9072,3038,1005,1,2,101,1001,2,4013,2026-02-28 22:00:00,2026-03-01 04:00:00,2026-03-01 15:00:00,13.0582,77.675784,Unknown miscreants broke open the lock of the house during late night hours and stole gold ornaments and cash.
2777,110043032202502777,202502777,2025-05-27 11:00:00,9325,3032,1004,1,2,103,1005,1,4008,2025-05-26 10:00:00,2025-05-26 22:00:00,2025-05-27 11:00:00,13.109617,77.619277,Two persons riding a black motorcycle snatched a gold chain from a pedestrian near the bus stand and fled.
2778,110023010202502778,202502778,2025-01-16 16:00:00,9348,3010,1002,1,1,103,1006,1,4015,2025-01-15 15:00:00,2025-01-15 22:00:00,2025-01-16 16:00:00,13.035175,77.558066,"Accused intercepted a commercial vehicle on the highway, threatened the driver with sharp weapons, and looted goods."
2779,110043032202602779,202602779,2026-01-29 00:00:00,9054,3032,1004,1,2,101,1001,2,4013,2026-01-27 22:00:00,2026-01-28 08:00:00,2026-01-29 00:00:00,13.078976,77.560609,"Accused intercepted a commercial vehicle on the highway, threatened the driver with sharp weapons, and looted goods."
2780,110053036202502780,202502780,2025-02-01 09:00:00,9385,3036,1005,1,2,102,1004,1,4009,2025-01-30 17:00:00,2025-01-31 00:00:00,2025-02-01 09:00:00,12.897978,77.539281,A group of individuals assaulted the victim following a minor road rage incident causing grievous injuries.
2781,110033018202502781,202502781,2025-05-29 13:00:00,9074,3018,1003,1,1,101,1002,2,4015,2025-05-28 19:00:00,2025-05-29 03:00:00,2025-05-29 13:00:00,12.961899,77.693134,Unknown miscreants broke open the lock of the house during late night hours and stole gold ornaments and cash.
2782,110023011202502782,202502782,2025-01-11 12:00:00,9283,3011,1002,1,1,104,1007,1,4007,2025-01-10 09:00:00,2025-01-10 13:00:00,2025-01-11 12:00:00,13.040046,77.596723,Two persons riding a black motorcycle snatched a gold chain from a pedestrian near the bus stand and fled.
2783,110033023202502783,202502783,2025-06-28 13:00:00,9302,3023,1003,1,1,104,1007,3,4012,2025-06-28 03:00:00,2025-06-28 05:00:00,2025-06-28 13:00:00,12.976692,77.516288,"Accused intercepted a commercial vehicle on the highway, threatened the driver with sharp weapons, and looted goods."
2784,110053037202502784,202502784,2025-11-16 16:00:00,9249,3037,1005,1,2,102,1003,3,4002,2025-11-15 13:00:00,2025-11-16 01:00:00,2025-11-16 16:00:00,12.823626,77.563087,Two persons riding a black motorcycle snatched a gold chain from a pedestrian near the bus stand and fled.
2785,110013002202502785,202502785,2025-09-07 07:00:00,9199,3002,1001,1,1,102,1003,1,4012,2025-09-05 15:00:00,2025-09-05 23:00:00,2025-09-07 07:00:00,12.911749,77.581818,"Accused intercepted a commercial vehicle on the highway, threatened the driver with sharp weapons, and looted goods."
2786,110013004202502786,202502786,2025-06-18 10:00:00,9130,3004,1001,1,1,104,1007,3,4008,2025-06-18 07:00:00,2025-06-18 19:00:00,2025-06-18 10:00:00,12.985926,77.584379,"Accused intercepted a commercial vehicle on the highway, threatened the driver with sharp weapons, and looted goods."
2787,110023014202502787,202502787,2025-03-12 11:00:00,9149,3014,1002,1,1,102,1003,3,4011,2025-03-12 05:00:00,2025-03-12 17:00:00,2025-03-12 11:00:00,12.929417,77.657511,Complainant reported unauthorized debit transactions from bank account following a fake KYC verification call.
2788,110033022202502788,202502788,2025-10-06 15:00:00,9234,3022,1003,1,1,104,1007,3,4003,2025-10-05 17:00:00,2025-10-06 04:00:00,2025-10-06 15:00:00,13.016716,77.54292,Complainant reported unauthorized debit transactions from bank account following a fake KYC verification call.
2789,110033017202502789,202502789,2025-03-01 23:00:00,9185,3017,1003,1,2,101,1002,2,4005,2025-02-28 14:00:00,2025-03-01 02:00:00,2025-03-01 23:00:00,12.864415,77.629831,"Accused intercepted a commercial vehicle on the highway, threatened the driver with sharp weapons, and looted goods."
2790,110053039202502790,202502790,2025-07-03 10:00:00,9244,3039,1005,1,2,102,1004,3,4008,2025-07-01 10:00:00,2025-07-01 12:00:00,2025-07-03 10:00:00,13.031122,77.742651,Complainant reported unauthorized debit transactions from bank account following a fake KYC verification call.
2791,110033022202502791,202502791,2025-12-03 02:00:00,9144,3022,1003,1,1,101,1002,1,4006,2025-12-01 08:00:00,2025-12-01 09:00:00,2025-12-03 02:00:00,13.117914,77.574725,Complainant reported unauthorized debit transactions from bank account following a fake KYC verification call.
2792,110023009202502792,202502792,2025-10-05 18:00:00,9257,3009,1002,1,2,104,1007,2,4005,2025-10-04 17:00:00,2025-10-05 03:00:00,2025-10-05 18:00:00,12.975388,77.674316,Unknown miscreants broke open the lock of the house during late night hours and stole gold ornaments and cash.
2793,110023016202602793,202602793,2026-03-06 07:00:00,9262,3016,1002,1,1,104,1007,3,4014,2026-03-05 22:00:00,2026-03-06 10:00:00,2026-03-06 07:00:00,12.96149,77.655468,Complainant reported unauthorized debit transactions from bank account following a fake KYC verification call.
2794,110023016202502794,202502794,2025-09-01 10:00:00,9360,3016,1002,1,2,101,1001,2,4010,2025-08-30 10:00:00,2025-08-30 12:00:00,2025-09-01 10:00:00,12.845518,77.448356,Complainant reported unauthorized debit transactions from bank account following a fake KYC verification call.
2795,110043030202602795,202602795,2026-03-25 00:00:00,9047,3030,1004,1,1,102,1003,1,4001,2026-03-24 13:00:00,2026-03-24 23:00:00,2026-03-25 00:00:00,12.912095,77.577684,"Accused intercepted a commercial vehicle on the highway, threatened the driver with sharp weapons, and looted goods."
2796,110013007202502796,202502796,2025-11-16 05:00:00,9173,3007,1001,1,2,102,1003,1,4011,2025-11-14 09:00:00,2025-11-14 12:00:00,2025-11-16 05:00:00,13.121305,77.528296,A group of individuals assaulted the victim following a minor road rage incident causing grievous injuries.
2797,110023013202602797,202602797,2026-01-30 12:00:00,9254,3013,1002,1,1,101,1001,2,4008,2026-01-29 18:00:00,2026-01-29 22:00:00,2026-01-30 12:00:00,12.858567,77.735923,Complainant reported unauthorized debit transactions from bank account following a fake KYC verification call.
2798,110033019202502798,202502798,2025-02-27 21:00:00,9082,3019,1003,1,1,102,1003,2,4011,2025-02-27 17:00:00,2025-02-28 04:00:00,2025-02-27 21:00:00,12.823422,77.619328,"Accused intercepted a commercial vehicle on the highway, threatened the driver with sharp weapons, and looted goods."
2799,110023011202502799,202502799,2025-12-04 14:00:00,9009,3011,1002,1,1,103,1005,3,4014,2025-12-02 16:00:00,2025-12-03 03:00:00,2025-12-04 14:00:00,12.949424,77.608957,Unknown miscreants broke open the lock of the house during late night hours and stole gold ornaments and cash.
2800,110053035202502800,202502800,2025-08-28 20:00:00,9249,3035,1005,1,1,102,1003,3,4001,2025-08-27 14:00:00,2025-08-28 00:00:00,2025-08-28 20:00:00,12.978952,77.517522,Unknown miscreants broke open the lock of the house during late night hours and stole gold ornaments and cash.
2801,110033022202602801,202602801,2026-01-05 16:00:00,9070,3022,1003,1,2,103,1006,3,4007,2026-01-05 08:00:00,2026-01-05 20:00:00,2026-01-05 16:00:00,13.096307,77.54525,Unknown miscreants broke open the lock of the house during late night hours and stole gold ornaments and cash.
2802,110023013202502802,202502802,2025-01-04 06:00:00,9300,3013,1002,1,1,103,1006,2,4009,2025-01-03 15:00:00,2025-01-03 20:00:00,2025-01-04 06:00:00,12.851962,77.488236,"Accused intercepted a commercial vehicle on the highway, threatened the driver with sharp weapons, and looted goods."
2803,110033021202602803,202602803,2026-03-06 15:00:00,9349,3021,1003,1,2,103,1006,3,4008,2026-03-04 23:00:00,2026-03-05 08:00:00,2026-03-06 15:00:00,13.011121,77.720508,A group of individuals assaulted the victim following a minor road rage incident causing grievous injuries.
2804,110013005202502804,202502804,2025-05-18 01:00:00,9008,3005,1001,1,1,102,1003,2,4002,2025-05-17 07:00:00,2025-05-17 09:00:00,2025-05-18 01:00:00,12.885884,77.480746,Complainant reported unauthorized debit transactions from bank account following a fake KYC verification call.
2805,110013006202602805,202602805,2026-01-29 07:00:00,9235,3006,1001,1,1,103,1005,1,4009,2026-01-29 02:00:00,2026-01-29 05:00:00,2026-01-29 07:00:00,13.01566,77.621317,"Accused intercepted a commercial vehicle on the highway, threatened the driver with sharp weapons, and looted goods."
2806,110013005202602806,202602806,2026-01-12 14:00:00,9338,3005,1001,1,2,102,1004,1,4014,2026-01-12 08:00:00,2026-01-12 15:00:00,2026-01-12 14:00:00,12.872114,77.449337,Two persons riding a black motorcycle snatched a gold chain from a pedestrian near the bus stand and fled.
2807,110023011202502807,202502807,2025-09-12 01:00:00,9331,3011,1002,1,1,102,1003,1,4013,2025-09-10 03:00:00,2025-09-10 07:00:00,2025-09-12 01:00:00,12.881476,77.638352,"Accused intercepted a commercial vehicle on the highway, threatened the driver with sharp weapons, and looted goods."
2808,110033023202502808,202502808,2025-09-01 04:00:00,9295,3023,1003,1,2,101,1002,1,4015,2025-08-31 10:00:00,2025-08-31 22:00:00,2025-09-01 04:00:00,12.843058,77.71985,Two persons riding a black motorcycle snatched a gold chain from a pedestrian near the bus stand and fled.
2809,110023013202502809,202502809,2025-02-01 12:00:00,9046,3013,1002,1,1,103,1006,3,4012,2025-01-30 19:00:00,2025-01-31 06:00:00,2025-02-01 12:00:00,13.119605,77.485964,Two persons riding a black motorcycle snatched a gold chain from a pedestrian near the bus stand and fled.
2810,110053034202502810,202502810,2025-10-28 23:00:00,9018,3034,1005,1,2,104,1007,3,4009,2025-10-28 13:00:00,2025-10-28 19:00:00,2025-10-28 23:00:00,12.851565,77.458999,Unknown miscreants broke open the lock of the house during late night hours and stole gold ornaments and cash.
2811,110043025202602811,202602811,2026-02-27 09:00:00,9375,3025,1004,1,2,102,1004,2,4015,2026-02-26 03:00:00,2026-02-26 14:00:00,2026-02-27 09:00:00,12.856624,77.597183,Unknown miscreants broke open the lock of the house during late night hours and stole gold ornaments and cash.
2812,110043030202502812,202502812,2025-08-19 20:00:00,9218,3030,1004,1,2,103,1005,1,4011,2025-08-19 03:00:00,2025-08-19 10:00:00,2025-08-19 20:00:00,12.885595,77.578045,"Accused intercepted a commercial vehicle on the highway, threatened the driver with sharp weapons, and looted goods."
2813,110013002202602813,202602813,2026-01-20 07:00:00,9249,3002,1001,1,1,104,1007,3,4007,2026-01-20 00:00:00,2026-01-20 10:00:00,2026-01-20 07:00:00,12.827604,77.532295,A group of individuals assaulted the victim following a minor road rage incident causing grievous injuries.
2814,110043032202502814,202502814,2025-06-11 12:00:00,9040,3032,1004,1,2,102,1003,1,4010,2025-06-09 18:00:00,2025-06-09 20:00:00,2025-06-11 12:00:00,13.044755,77.599817,Two persons riding a black motorcycle snatched a gold chain from a pedestrian near the bus stand and fled.
2815,110033020202502815,202502815,2025-02-05 13:00:00,9379,3020,1003,1,2,101,1002,2,4006,2025-02-04 09:00:00,2025-02-04 21:00:00,2025-02-05 13:00:00,12.852372,77.653556,Complainant reported unauthorized debit transactions from bank account following a fake KYC verification call.
2816,110023013202602816,202602816,2026-03-03 03:00:00,9261,3013,1002,1,2,101,1001,2,4009,2026-03-03 00:00:00,2026-03-03 01:00:00,2026-03-03 03:00:00,12.855644,77.530086,"Accused intercepted a commercial vehicle on the highway, threatened the driver with sharp weapons, and looted goods."
2817,110043027202502817,202502817,2025-05-08 06:00:00,9117,3027,1004,1,1,101,1002,1,4001,2025-05-06 07:00:00,2025-05-06 11:00:00,2025-05-08 06:00:00,13.006623,77.7419,"Accused intercepted a commercial vehicle on the highway, threatened the driver with sharp weapons, and looted goods."
2818,110023015202602818,202602818,2026-03-24 12:00:00,9111,3015,1002,1,1,104,1007,1,4002,2026-03-22 17:00:00,2026-03-23 04:00:00,2026-03-24 12:00:00,12.937638,77.654298,A group of individuals assaulted the victim following a minor road rage incident causing grievous injuries.
2819,110043031202602819,202602819,2026-03-18 15:00:00,9199,3031,1004,1,1,104,1007,1,4005,2026-03-16 23:00:00,2026-03-17 06:00:00,2026-03-18 15:00:00,13.098223,77.719988,A group of individuals assaulted the victim following a minor road rage incident causing grievous injuries.
2820,110043031202502820,202502820,2025-02-24 20:00:00,9193,3031,1004,1,2,103,1005,3,4009,2025-02-24 04:00:00,2025-02-24 07:00:00,2025-02-24 20:00:00,12.833332,77.514093,"Accused intercepted a commercial vehicle on the highway, threatened the driver with sharp weapons, and looted goods."
2821,110033024202602821,202602821,2026-01-06 06:00:00,9072,3024,1003,1,2,103,1005,1,4010,2026-01-04 08:00:00,2026-01-04 12:00:00,2026-01-06 06:00:00,13.035955,77.615344,Complainant reported unauthorized debit transactions from bank account following a fake KYC verification call.
2822,110033019202602822,202602822,2026-01-29 20:00:00,9164,3019,1003,1,2,103,1005,1,4004,2026-01-28 20:00:00,2026-01-29 08:00:00,2026-01-29 20:00:00,13.085751,77.459753,Unknown miscreants broke open the lock of the house during late night hours and stole gold ornaments and cash.
2823,110023011202502823,202502823,2025-03-16 16:00:00,9258,3011,1002,1,1,101,1002,3,4001,2025-03-16 09:00:00,2025-03-16 15:00:00,2025-03-16 16:00:00,12.864541,77.482803,Two persons riding a black motorcycle snatched a gold chain from a pedestrian near the bus stand and fled.
2824,110053034202502824,202502824,2025-11-19 12:00:00,9323,3034,1005,1,1,102,1004,2,4015,2025-11-17 21:00:00,2025-11-18 09:00:00,2025-11-19 12:00:00,12.911499,77.676481,Two persons riding a black motorcycle snatched a gold chain from a pedestrian near the bus stand and fled.
2825,110053035202502825,202502825,2025-03-11 06:00:00,9132,3035,1005,1,1,103,1006,2,4005,2025-03-10 08:00:00,2025-03-10 17:00:00,2025-03-11 06:00:00,12.875278,77.637375,Complainant reported unauthorized debit transactions from bank account following a fake KYC verification call.
2826,110043027202502826,202502826,2025-08-14 21:00:00,9229,3027,1004,1,1,102,1004,1,4009,2025-08-14 16:00:00,2025-08-14 17:00:00,2025-08-14 21:00:00,13.001543,77.633505,Unknown miscreants broke open the lock of the house during late night hours and stole gold ornaments and cash.
2827,110053036202502827,202502827,2025-12-08 10:00:00,9321,3036,1005,1,1,103,1005,1,4013,2025-12-06 11:00:00,2025-12-06 16:00:00,2025-12-08 10:00:00,13.109136,77.545071,"Accused intercepted a commercial vehicle on the highway, threatened the driver with sharp weapons, and looted goods."
2828,110043032202502828,202502828,2025-10-29 23:00:00,9348,3032,1004,1,1,101,1002,2,4005,2025-10-29 11:00:00,2025-10-29 15:00:00,2025-10-29 23:00:00,13.044069,77.701591,"Accused intercepted a commercial vehicle on the highway, threatened the driver with sharp weapons, and looted goods."
2829,110053039202502829,202502829,2025-05-01 13:00:00,9337,3039,1005,1,2,104,1007,2,4008,2025-04-30 18:00:00,2025-04-30 23:00:00,2025-05-01 13:00:00,12.946298,77.528508,Two persons riding a black motorcycle snatched a gold chain from a pedestrian near the bus stand and fled.
2830,110033024202502830,202502830,2025-09-30 11:00:00,9257,3024,1003,1,1,101,1001,3,4009,2025-09-29 22:00:00,2025-09-30 05:00:00,2025-09-30 11:00:00,13.11878,77.668467,"Accused intercepted a commercial vehicle on the highway, threatened the driver with sharp weapons, and looted goods."
2831,110053040202502831,202502831,2025-06-22 01:00:00,9388,3040,1005,1,1,101,1002,3,4014,2025-06-20 03:00:00,2025-06-20 05:00:00,2025-06-22 01:00:00,12.884282,77.741146,Complainant reported unauthorized debit transactions from bank account following a fake KYC verification call.
2832,110023015202502832,202502832,2025-01-30 01:00:00,9200,3015,1002,1,2,102,1003,1,4005,2025-01-29 07:00:00,2025-01-29 12:00:00,2025-01-30 01:00:00,13.006536,77.615491,A group of individuals assaulted the victim following a minor road rage incident causing grievous injuries.
2833,110033019202502833,202502833,2025-04-28 19:00:00,9286,3019,1003,1,2,102,1003,3,4004,2025-04-27 23:00:00,2025-04-28 00:00:00,2025-04-28 19:00:00,12.882062,77.583419,Two persons riding a black motorcycle snatched a gold chain from a pedestrian near the bus stand and fled.
2834,110023014202502834,202502834,2025-10-25 03:00:00,9021,3014,1002,1,1,104,1007,1,4011,2025-10-25 00:00:00,2025-10-25 09:00:00,2025-10-25 03:00:00,12.93464,77.492459,"Accused intercepted a commercial vehicle on the highway, threatened the driver with sharp weapons, and looted goods."
2835,110023014202502835,202502835,2025-12-10 08:00:00,9175,3014,1002,1,2,103,1006,2,4013,2025-12-08 10:00:00,2025-12-08 19:00:00,2025-12-10 08:00:00,12.9364,77.739451,Complainant reported unauthorized debit transactions from bank account following a fake KYC verification call.
2836,110033020202502836,202502836,2025-01-18 11:00:00,9237,3020,1003,1,1,101,1001,2,4010,2025-01-17 04:00:00,2025-01-17 10:00:00,2025-01-18 11:00:00,12.931625,77.711646,"Accused intercepted a commercial vehicle on the highway, threatened the driver with sharp weapons, and looted goods."
2837,110053039202502837,202502837,2025-12-02 09:00:00,9099,3039,1005,1,1,103,1005,3,4007,2025-12-01 15:00:00,2025-12-01 19:00:00,2025-12-02 09:00:00,13.058894,77.620676,A group of individuals assaulted the victim following a minor road rage incident causing grievous injuries.
2838,110043028202502838,202502838,2025-02-18 08:00:00,9060,3028,1004,1,2,104,1007,2,4014,2025-02-17 23:00:00,2025-02-18 03:00:00,2025-02-18 08:00:00,12.831896,77.701922,Unknown miscreants broke open the lock of the house during late night hours and stole gold ornaments and cash.
2839,110053036202502839,202502839,2025-10-27 07:00:00,9223,3036,1005,1,1,101,1001,3,4004,2025-10-26 19:00:00,2025-10-27 04:00:00,2025-10-27 07:00:00,13.048752,77.472906,Two persons riding a black motorcycle snatched a gold chain from a pedestrian near the bus stand and fled.
2840,110043031202502840,202502840,2025-01-07 23:00:00,9168,3031,1004,1,2,102,1003,1,4001,2025-01-07 13:00:00,2025-01-07 16:00:00,2025-01-07 23:00:00,13.075762,77.525379,A group of individuals assaulted the victim following a minor road rage incident causing grievous injuries.
2841,110013001202502841,202502841,2025-01-20 10:00:00,9357,3001,1001,1,1,101,1001,3,4005,2025-01-20 02:00:00,2025-01-20 10:00:00,2025-01-20 10:00:00,12.986653,77.699831,Unknown miscreants broke open the lock of the house during late night hours and stole gold ornaments and cash.
2842,110043026202502842,202502842,2025-12-10 01:00:00,9124,3026,1004,1,2,102,1004,2,4010,2025-12-09 01:00:00,2025-12-09 13:00:00,2025-12-10 01:00:00,12.90703,77.444759,"Accused intercepted a commercial vehicle on the highway, threatened the driver with sharp weapons, and looted goods."
2843,110053035202502843,202502843,2025-02-12 22:00:00,9386,3035,1005,1,1,104,1007,1,4010,2025-02-12 01:00:00,2025-02-12 12:00:00,2025-02-12 22:00:00,12.875466,77.65178,Unknown miscreants broke open the lock of the house during late night hours and stole gold ornaments and cash.
2844,110043027202502844,202502844,2025-01-27 13:00:00,9184,3027,1004,1,1,101,1001,3,4009,2025-01-27 01:00:00,2025-01-27 03:00:00,2025-01-27 13:00:00,12.866581,77.452298,Complainant reported unauthorized debit transactions from bank account following a fake KYC verification call.
2845,110023011202502845,202502845,2025-12-03 14:00:00,9198,3011,1002,1,1,101,1001,3,4014,2025-12-03 08:00:00,2025-12-03 13:00:00,2025-12-03 14:00:00,12.840893,77.557013,A group of individuals assaulted the victim following a minor road rage incident causing grievous injuries.
2846,110053038202502846,202502846,2025-06-18 15:00:00,9206,3038,1005,1,1,101,1001,2,4005,2025-06-17 09:00:00,2025-06-17 16:00:00,2025-06-18 15:00:00,12.87274,77.556213,Complainant reported unauthorized debit transactions from bank account following a fake KYC verification call.
2847,110023010202602847,202602847,2026-03-30 13:00:00,9381,3010,1002,1,1,101,1001,3,4011,2026-03-28 19:00:00,2026-03-29 07:00:00,2026-03-30 13:00:00,12.97844,77.606283,"Accused intercepted a commercial vehicle on the highway, threatened the driver with sharp weapons, and looted goods."
2848,110033023202602848,202602848,2026-03-20 07:00:00,9388,3023,1003,1,2,102,1003,1,4003,2026-03-18 14:00:00,2026-03-19 01:00:00,2026-03-20 07:00:00,12.878168,77.445869,A group of individuals assaulted the victim following a minor road rage incident causing grievous injuries.
2849,110043032202502849,202502849,2025-09-26 05:00:00,9354,3032,1004,1,1,104,1007,3,4001,2025-09-24 17:00:00,2025-09-25 01:00:00,2025-09-26 05:00:00,12.949041,77.737576,Complainant reported unauthorized debit transactions from bank account following a fake KYC verification call.
2850,110023013202502850,202502850,2025-10-06 09:00:00,9375,3013,1002,1,1,101,1002,1,4011,2025-10-05 17:00:00,2025-10-05 19:00:00,2025-10-06 09:00:00,12.98446,77.519858,Unknown miscreants broke open the lock of the house during late night hours and stole gold ornaments and cash.
2851,110013001202502851,202502851,2025-06-26 20:00:00,9109,3001,1001,1,2,103,1006,3,4009,2025-06-25 03:00:00,2025-06-25 06:00:00,2025-06-26 20:00:00,12.905631,77.721618,Unknown miscreants broke open the lock of the house during late night hours and stole gold ornaments and cash.
2852,110053036202502852,202502852,2025-10-20 22:00:00,9299,3036,1005,1,2,102,1004,3,4012,2025-10-20 17:00:00,2025-10-20 23:00:00,2025-10-20 22:00:00,12.894174,77.563129,Unknown miscreants broke open the lock of the house during late night hours and stole gold ornaments and cash.
2853,110033019202502853,202502853,2025-07-13 04:00:00,9098,3019,1003,1,1,104,1007,2,4001,2025-07-11 08:00:00,2025-07-11 18:00:00,2025-07-13 04:00:00,13.042485,77.540341,A group of individuals assaulted the victim following a minor road rage incident causing grievous injuries.
2854,110043026202502854,202502854,2025-12-29 11:00:00,9259,3026,1004,1,1,103,1005,1,4015,2025-12-27 12:00:00,2025-12-28 00:00:00,2025-12-29 11:00:00,12.932564,77.559827,Unknown miscreants broke open the lock of the house during late night hours and stole gold ornaments and cash.
2855,110013002202502855,202502855,2025-09-09 16:00:00,9343,3002,1001,1,2,103,1006,2,4004,2025-09-07 18:00:00,2025-09-08 03:00:00,2025-09-09 16:00:00,13.113295,77.506859,A group of individuals assaulted the victim following a minor road rage incident causing grievous injuries.
2856,110053040202502856,202502856,2025-12-15 20:00:00,9037,3040,1005,1,1,101,1002,3,4001,2025-12-15 18:00:00,2025-12-16 01:00:00,2025-12-15 20:00:00,13.06576,77.704675,Two persons riding a black motorcycle snatched a gold chain from a pedestrian near the bus stand and fled.
2857,110053038202502857,202502857,2025-12-08 12:00:00,9023,3038,1005,1,1,101,1001,2,4003,2025-12-07 10:00:00,2025-12-07 20:00:00,2025-12-08 12:00:00,12.860688,77.661596,Complainant reported unauthorized debit transactions from bank account following a fake KYC verification call.
2858,110013005202502858,202502858,2025-10-15 08:00:00,9362,3005,1001,1,1,103,1006,1,4012,2025-10-14 22:00:00,2025-10-15 05:00:00,2025-10-15 08:00:00,12.937608,77.447708,Complainant reported unauthorized debit transactions from bank account following a fake KYC verification call.
2859,110033020202502859,202502859,2025-02-02 12:00:00,9229,3020,1003,1,1,102,1003,3,4014,2025-02-01 21:00:00,2025-02-02 01:00:00,2025-02-02 12:00:00,13.048356,77.622964,Two persons riding a black motorcycle snatched a gold chain from a pedestrian near the bus stand and fled.
2860,110013004202502860,202502860,2025-02-23 21:00:00,9221,3004,1001,1,1,103,1005,1,4015,2025-02-22 23:00:00,2025-02-23 04:00:00,2025-02-23 21:00:00,13.10218,77.511003,Two persons riding a black motorcycle snatched a gold chain from a pedestrian near the bus stand and fled.
2861,110013005202502861,202502861,2025-05-08 05:00:00,9340,3005,1001,1,1,104,1007,2,4009,2025-05-07 08:00:00,2025-05-07 10:00:00,2025-05-08 05:00:00,13.065389,77.474105,Two persons riding a black motorcycle snatched a gold chain from a pedestrian near the bus stand and fled.
2862,110043026202602862,202602862,2026-01-09 15:00:00,9238,3026,1004,1,1,101,1001,1,4011,2026-01-08 21:00:00,2026-01-09 02:00:00,2026-01-09 15:00:00,12.83829,77.468852,Unknown miscreants broke open the lock of the house during late night hours and stole gold ornaments and cash.
2863,110013007202602863,202602863,2026-01-01 23:00:00,9145,3007,1001,1,1,101,1002,1,4001,2025-12-31 19:00:00,2026-01-01 00:00:00,2026-01-01 23:00:00,12.963271,77.706897,Complainant reported unauthorized debit transactions from bank account following a fake KYC verification call.
2864,110013003202502864,202502864,2025-02-22 11:00:00,9353,3003,1001,1,2,102,1004,3,4002,2025-02-21 13:00:00,2025-02-21 17:00:00,2025-02-22 11:00:00,12.959594,77.693982,A group of individuals assaulted the victim following a minor road rage incident causing grievous injuries.
2865,110033017202502865,202502865,2025-12-03 19:00:00,9260,3017,1003,1,1,101,1002,2,4005,2025-12-02 16:00:00,2025-12-02 23:00:00,2025-12-03 19:00:00,13.120655,77.639297,A group of individuals assaulted the victim following a minor road rage incident causing grievous injuries.
2866,110043026202602866,202602866,2026-01-15 01:00:00,9376,3026,1004,1,1,101,1001,2,4012,2026-01-14 05:00:00,2026-01-14 17:00:00,2026-01-15 01:00:00,12.977458,77.741341,Complainant reported unauthorized debit transactions from bank account following a fake KYC verification call.
2867,110023016202502867,202502867,2025-09-08 08:00:00,9024,3016,1002,1,1,104,1007,2,4012,2025-09-06 15:00:00,2025-09-06 19:00:00,2025-09-08 08:00:00,12.885389,77.616103,Complainant reported unauthorized debit transactions from bank account following a fake KYC verification call.
2868,110033021202502868,202502868,2025-04-29 19:00:00,9145,3021,1003,1,1,104,1007,2,4005,2025-04-28 10:00:00,2025-04-28 17:00:00,2025-04-29 19:00:00,12.825383,77.685775,Two persons riding a black motorcycle snatched a gold chain from a pedestrian near the bus stand and fled.
2869,110033022202502869,202502869,2025-11-26 15:00:00,9005,3022,1003,1,2,101,1002,1,4013,2025-11-26 04:00:00,2025-11-26 12:00:00,2025-11-26 15:00:00,13.078133,77.552435,Two persons riding a black motorcycle snatched a gold chain from a pedestrian near the bus stand and fled.
2870,110013006202602870,202602870,2026-02-16 23:00:00,9299,3006,1001,1,2,103,1005,1,4012,2026-02-15 23:00:00,2026-02-16 02:00:00,2026-02-16 23:00:00,12.897927,77.470027,Unknown miscreants broke open the lock of the house during late night hours and stole gold ornaments and cash.
2871,110013002202602871,202602871,2026-01-14 22:00:00,9285,3002,1001,1,1,104,1007,1,4010,2026-01-14 13:00:00,2026-01-14 22:00:00,2026-01-14 22:00:00,13.06086,77.49569,"Accused intercepted a commercial vehicle on the highway, threatened the driver with sharp weapons, and looted goods."
2872,110043031202502872,202502872,2025-02-13 20:00:00,9384,3031,1004,1,1,104,1007,2,4002,2025-02-13 15:00:00,2025-02-13 18:00:00,2025-02-13 20:00:00,12.9342,77.462474,"Accused intercepted a commercial vehicle on the highway, threatened the driver with sharp weapons, and looted goods."
2873,110013006202502873,202502873,2025-02-11 08:00:00,9235,3006,1001,1,1,103,1005,3,4004,2025-02-10 03:00:00,2025-02-10 12:00:00,2025-02-11 08:00:00,12.853269,77.693323,A group of individuals assaulted the victim following a minor road rage incident causing grievous injuries.
2874,110053034202502874,202502874,2025-04-26 00:00:00,9222,3034,1005,1,1,102,1003,1,4007,2025-04-24 02:00:00,2025-04-24 04:00:00,2025-04-26 00:00:00,13.037656,77.546239,Complainant reported unauthorized debit transactions from bank account following a fake KYC verification call.
2875,110033018202502875,202502875,2025-10-06 07:00:00,9227,3018,1003,1,2,103,1006,1,4007,2025-10-05 20:00:00,2025-10-05 22:00:00,2025-10-06 07:00:00,13.081308,77.702712,"Accused intercepted a commercial vehicle on the highway, threatened the driver with sharp weapons, and looted goods."
2876,110013005202502876,202502876,2025-08-17 23:00:00,9190,3005,1001,1,1,102,1004,1,4014,2025-08-17 21:00:00,2025-08-18 00:00:00,2025-08-17 23:00:00,13.012804,77.587596,Complainant reported unauthorized debit transactions from bank account following a fake KYC verification call.
2877,110023016202502877,202502877,2025-12-18 23:00:00,9161,3016,1002,1,1,104,1007,3,4004,2025-12-18 05:00:00,2025-12-18 08:00:00,2025-12-18 23:00:00,13.066028,77.555071,Complainant reported unauthorized debit transactions from bank account following a fake KYC verification call.
2878,110023010202502878,202502878,2025-03-12 06:00:00,9397,3010,1002,1,1,101,1002,1,4008,2025-03-11 20:00:00,2025-03-12 08:00:00,2025-03-12 06:00:00,13.111351,77.614965,Two persons riding a black motorcycle snatched a gold chain from a pedestrian near the bus stand and fled.
2879,110033023202502879,202502879,2025-08-21 06:00:00,9291,3023,1003,1,2,104,1007,3,4002,2025-08-19 16:00:00,2025-08-19 22:00:00,2025-08-21 06:00:00,12.919487,77.459627,Unknown miscreants broke open the lock of the house during late night hours and stole gold ornaments and cash.
2880,110013006202502880,202502880,2025-02-03 19:00:00,9100,3006,1001,1,1,104,1007,2,4006,2025-02-01 23:00:00,2025-02-02 00:00:00,2025-02-03 19:00:00,12.8652,77.473141,A group of individuals assaulted the victim following a minor road rage incident causing grievous injuries.
2881,110043029202502881,202502881,2025-12-10 13:00:00,9224,3029,1004,1,1,102,1003,1,4001,2025-12-09 11:00:00,2025-12-09 19:00:00,2025-12-10 13:00:00,12.913671,77.51031,Complainant reported unauthorized debit transactions from bank account following a fake KYC verification call.
2882,110043030202602882,202602882,2026-01-15 21:00:00,9051,3030,1004,1,1,104,1007,3,4001,2026-01-15 13:00:00,2026-01-16 01:00:00,2026-01-15 21:00:00,12.983561,77.672345,Two persons riding a black motorcycle snatched a gold chain from a pedestrian near the bus stand and fled.
2883,110033023202502883,202502883,2025-06-27 07:00:00,9240,3023,1003,1,2,104,1007,1,4006,2025-06-26 13:00:00,2025-06-26 14:00:00,2025-06-27 07:00:00,12.884609,77.489577,A group of individuals assaulted the victim following a minor road rage incident causing grievous injuries.
2884,110013001202502884,202502884,2025-03-18 12:00:00,9145,3001,1001,1,2,101,1002,1,4002,2025-03-17 11:00:00,2025-03-17 22:00:00,2025-03-18 12:00:00,12.887828,77.639992,"Accused intercepted a commercial vehicle on the highway, threatened the driver with sharp weapons, and looted goods."
2885,110023016202602885,202602885,2026-03-23 03:00:00,9129,3016,1002,1,1,103,1006,1,4013,2026-03-21 08:00:00,2026-03-21 19:00:00,2026-03-23 03:00:00,12.897006,77.565448,"Accused intercepted a commercial vehicle on the highway, threatened the driver with sharp weapons, and looted goods."
2886,110043029202502886,202502886,2025-02-28 09:00:00,9335,3029,1004,1,2,102,1003,1,4002,2025-02-27 05:00:00,2025-02-27 15:00:00,2025-02-28 09:00:00,12.931677,77.637945,A group of individuals assaulted the victim following a minor road rage incident causing grievous injuries.
2887,110023013202502887,202502887,2025-03-13 12:00:00,9382,3013,1002,1,1,102,1003,1,4009,2025-03-13 10:00:00,2025-03-13 11:00:00,2025-03-13 12:00:00,12.95882,77.585646,Unknown miscreants broke open the lock of the house during late night hours and stole gold ornaments and cash.
2888,110023009202502888,202502888,2025-11-29 04:00:00,9375,3009,1002,1,1,103,1006,3,4007,2025-11-28 09:00:00,2025-11-28 18:00:00,2025-11-29 04:00:00,13.051414,77.55864,Complainant reported unauthorized debit transactions from bank account following a fake KYC verification call.
2889,110013008202502889,202502889,2025-05-27 04:00:00,9304,3008,1001,1,1,104,1007,2,4007,2025-05-26 10:00:00,2025-05-26 11:00:00,2025-05-27 04:00:00,12.868484,77.739301,A group of individuals assaulted the victim following a minor road rage incident causing grievous injuries.
2890,110033024202602890,202602890,2026-02-03 06:00:00,9393,3024,1003,1,1,101,1001,1,4008,2026-02-02 04:00:00,2026-02-02 07:00:00,2026-02-03 06:00:00,13.048063,77.464256,Complainant reported unauthorized debit transactions from bank account following a fake KYC verification call.
2891,110013006202502891,202502891,2025-01-15 08:00:00,9223,3006,1001,1,2,101,1002,2,4006,2025-01-13 10:00:00,2025-01-13 16:00:00,2025-01-15 08:00:00,12.964063,77.495959,"Accused intercepted a commercial vehicle on the highway, threatened the driver with sharp weapons, and looted goods."
2892,110013002202502892,202502892,2025-12-22 13:00:00,9368,3002,1001,1,2,102,1004,3,4001,2025-12-21 09:00:00,2025-12-21 12:00:00,2025-12-22 13:00:00,12.834733,77.492308,"Accused intercepted a commercial vehicle on the highway, threatened the driver with sharp weapons, and looted goods."
2893,110033022202502893,202502893,2025-09-24 15:00:00,9328,3022,1003,1,1,102,1004,3,4011,2025-09-22 20:00:00,2025-09-23 05:00:00,2025-09-24 15:00:00,13.0428,77.667317,Unknown miscreants broke open the lock of the house during late night hours and stole gold ornaments and cash.
2894,110023014202502894,202502894,2025-08-19 22:00:00,9136,3014,1002,1,1,104,1007,1,4008,2025-08-18 18:00:00,2025-08-18 22:00:00,2025-08-19 22:00:00,12.913873,77.659081,Unknown miscreants broke open the lock of the house during late night hours and stole gold ornaments and cash.
2895,110013008202502895,202502895,2025-12-17 19:00:00,9099,3008,1001,1,2,101,1001,1,4009,2025-12-17 08:00:00,2025-12-17 13:00:00,2025-12-17 19:00:00,12.837481,77.738002,A group of individuals assaulted the victim following a minor road rage incident causing grievous injuries.
2896,110053037202502896,202502896,2025-01-27 16:00:00,9019,3037,1005,1,2,103,1005,3,4011,2025-01-27 00:00:00,2025-01-27 10:00:00,2025-01-27 16:00:00,12.890576,77.603866,Complainant reported unauthorized debit transactions from bank account following a fake KYC verification call.
2897,110013002202502897,202502897,2025-08-26 00:00:00,9141,3002,1001,1,1,104,1007,2,4013,2025-08-24 04:00:00,2025-08-24 05:00:00,2025-08-26 00:00:00,13.121545,77.513979,A group of individuals assaulted the victim following a minor road rage incident causing grievous injuries.
2898,110043031202502898,202502898,2025-04-12 02:00:00,9078,3031,1004,1,2,101,1002,3,4001,2025-04-10 04:00:00,2025-04-10 16:00:00,2025-04-12 02:00:00,13.009133,77.631289,Unknown miscreants broke open the lock of the house during late night hours and stole gold ornaments and cash.
2899,110033024202502899,202502899,2025-04-26 13:00:00,9004,3024,1003,1,2,102,1003,2,4001,2025-04-26 05:00:00,2025-04-26 17:00:00,2025-04-26 13:00:00,12.970202,77.570618,Complainant reported unauthorized debit transactions from bank account following a fake KYC verification call.
2900,110013008202502900,202502900,2025-06-07 19:00:00,9189,3008,1001,1,2,103,1005,3,4010,2025-06-05 20:00:00,2025-06-05 21:00:00,2025-06-07 19:00:00,12.991669,77.681281,A group of individuals assaulted the victim following a minor road rage incident causing grievous injuries.
2901,110053035202602901,202602901,2026-01-09 04:00:00,9342,3035,1005,1,2,101,1002,2,4006,2026-01-07 10:00:00,2026-01-07 21:00:00,2026-01-09 04:00:00,12.85443,77.676453,Complainant reported unauthorized debit transactions from bank account following a fake KYC verification call.
2902,110043031202502902,202502902,2025-10-30 15:00:00,9343,3031,1004,1,2,103,1005,2,4001,2025-10-29 08:00:00,2025-10-29 14:00:00,2025-10-30 15:00:00,13.006318,77.588913,Two persons riding a black motorcycle snatched a gold chain from a pedestrian near the bus stand and fled.
2903,110053039202502903,202502903,2025-02-07 17:00:00,9286,3039,1005,1,1,101,1002,2,4005,2025-02-07 04:00:00,2025-02-07 12:00:00,2025-02-07 17:00:00,13.023472,77.460576,A group of individuals assaulted the victim following a minor road rage incident causing grievous injuries.
2904,110043030202502904,202502904,2025-06-28 13:00:00,9062,3030,1004,1,2,104,1007,2,4006,2025-06-26 15:00:00,2025-06-26 17:00:00,2025-06-28 13:00:00,13.097638,77.569186,Unknown miscreants broke open the lock of the house during late night hours and stole gold ornaments and cash.
2905,110053040202502905,202502905,2025-08-03 17:00:00,9225,3040,1005,1,1,104,1007,3,4008,2025-08-02 08:00:00,2025-08-02 16:00:00,2025-08-03 17:00:00,12.841149,77.650269,A group of individuals assaulted the victim following a minor road rage incident causing grievous injuries.
2906,110013002202502906,202502906,2025-12-24 00:00:00,9140,3002,1001,1,1,101,1001,2,4015,2025-12-22 10:00:00,2025-12-22 18:00:00,2025-12-24 00:00:00,13.069083,77.734086,Two persons riding a black motorcycle snatched a gold chain from a pedestrian near the bus stand and fled.
2907,110013008202502907,202502907,2025-11-27 18:00:00,9148,3008,1001,1,2,104,1007,2,4001,2025-11-27 09:00:00,2025-11-27 13:00:00,2025-11-27 18:00:00,12.840281,77.470477,Two persons riding a black motorcycle snatched a gold chain from a pedestrian near the bus stand and fled.
2908,110023012202502908,202502908,2025-03-29 05:00:00,9023,3012,1002,1,1,103,1006,2,4007,2025-03-27 23:00:00,2025-03-28 00:00:00,2025-03-29 05:00:00,12.91283,77.621318,Two persons riding a black motorcycle snatched a gold chain from a pedestrian near the bus stand and fled.
2909,110033018202502909,202502909,2025-04-17 19:00:00,9090,3018,1003,1,2,101,1002,2,4004,2025-04-17 16:00:00,2025-04-17 23:00:00,2025-04-17 19:00:00,12.833993,77.662233,Complainant reported unauthorized debit transactions from bank account following a fake KYC verification call.
2910,110043025202502910,202502910,2025-02-04 14:00:00,9177,3025,1004,1,2,104,1007,2,4003,2025-02-02 14:00:00,2025-02-03 01:00:00,2025-02-04 14:00:00,13.081556,77.637714,Unknown miscreants broke open the lock of the house during late night hours and stole gold ornaments and cash.
2911,110033021202502911,202502911,2025-07-07 16:00:00,9148,3021,1003,1,1,102,1004,2,4011,2025-07-07 08:00:00,2025-07-07 20:00:00,2025-07-07 16:00:00,13.08204,77.567931,Complainant reported unauthorized debit transactions from bank account following a fake KYC verification call.
2912,110033022202602912,202602912,2026-03-14 22:00:00,9247,3022,1003,1,1,104,1007,3,4005,2026-03-13 11:00:00,2026-03-13 14:00:00,2026-03-14 22:00:00,12.986533,77.473438,"Accused intercepted a commercial vehicle on the highway, threatened the driver with sharp weapons, and looted goods."
2913,110023009202502913,202502913,2025-09-25 01:00:00,9055,3009,1002,1,2,101,1002,3,4002,2025-09-24 14:00:00,2025-09-24 18:00:00,2025-09-25 01:00:00,13.052838,77.649394,Complainant reported unauthorized debit transactions from bank account following a fake KYC verification call.
2914,110053039202502914,202502914,2025-10-19 10:00:00,9060,3039,1005,1,2,102,1003,2,4014,2025-10-19 05:00:00,2025-10-19 06:00:00,2025-10-19 10:00:00,13.051172,77.614837,Complainant reported unauthorized debit transactions from bank account following a fake KYC verification call.
2915,110043029202602915,202602915,2026-01-23 12:00:00,9199,3029,1004,1,1,103,1005,1,4012,2026-01-23 00:00:00,2026-01-23 09:00:00,2026-01-23 12:00:00,12.998301,77.660918,A group of individuals assaulted the victim following a minor road rage incident causing grievous injuries.
2916,110023009202502916,202502916,2025-05-30 10:00:00,9364,3009,1002,1,2,102,1003,2,4011,2025-05-30 00:00:00,2025-05-30 12:00:00,2025-05-30 10:00:00,12.930217,77.699618,A group of individuals assaulted the victim following a minor road rage incident causing grievous injuries.
2917,110033023202602917,202602917,2026-03-06 13:00:00,9396,3023,1003,1,1,101,1001,1,4011,2026-03-05 10:00:00,2026-03-05 19:00:00,2026-03-06 13:00:00,12.825596,77.66643,"Accused intercepted a commercial vehicle on the highway, threatened the driver with sharp weapons, and looted goods."
2918,110043031202502918,202502918,2025-08-04 13:00:00,9065,3031,1004,1,2,104,1007,1,4006,2025-08-03 19:00:00,2025-08-04 07:00:00,2025-08-04 13:00:00,13.029677,77.533843,Two persons riding a black motorcycle snatched a gold chain from a pedestrian near the bus stand and fled.
2919,110043032202602919,202602919,2026-02-01 00:00:00,9251,3032,1004,1,2,101,1001,2,4012,2026-01-30 06:00:00,2026-01-30 18:00:00,2026-02-01 00:00:00,13.01571,77.578041,"Accused intercepted a commercial vehicle on the highway, threatened the driver with sharp weapons, and looted goods."
2920,110043027202502920,202502920,2025-07-16 02:00:00,9075,3027,1004,1,2,102,1003,1,4006,2025-07-14 07:00:00,2025-07-14 15:00:00,2025-07-16 02:00:00,12.983564,77.559179,Unknown miscreants broke open the lock of the house during late night hours and stole gold ornaments and cash.
2921,110023009202502921,202502921,2025-08-26 05:00:00,9354,3009,1002,1,2,101,1001,2,4002,2025-08-25 13:00:00,2025-08-25 21:00:00,2025-08-26 05:00:00,13.090139,77.706148,"Accused intercepted a commercial vehicle on the highway, threatened the driver with sharp weapons, and looted goods."
2922,110033019202502922,202502922,2025-04-01 20:00:00,9078,3019,1003,1,1,103,1005,2,4001,2025-04-01 18:00:00,2025-04-01 21:00:00,2025-04-01 20:00:00,12.913625,77.6345,A group of individuals assaulted the victim following a minor road rage incident causing grievous injuries.
2923,110013003202502923,202502923,2025-01-17 22:00:00,9073,3003,1001,1,2,101,1002,1,4011,2025-01-17 07:00:00,2025-01-17 08:00:00,2025-01-17 22:00:00,12.887746,77.679754,Two persons riding a black motorcycle snatched a gold chain from a pedestrian near the bus stand and fled.
2924,110033024202502924,202502924,2025-04-17 12:00:00,9270,3024,1003,1,2,104,1007,1,4013,2025-04-16 12:00:00,2025-04-16 18:00:00,2025-04-17 12:00:00,12.889471,77.506254,Complainant reported unauthorized debit transactions from bank account following a fake KYC verification call.
2925,110053040202502925,202502925,2025-10-24 08:00:00,9308,3040,1005,1,2,104,1007,1,4006,2025-10-23 07:00:00,2025-10-23 16:00:00,2025-10-24 08:00:00,12.875838,77.55338,Complainant reported unauthorized debit transactions from bank account following a fake KYC verification call.
2926,110013007202502926,202502926,2025-06-30 06:00:00,9300,3007,1001,1,2,102,1004,2,4007,2025-06-29 23:00:00,2025-06-30 06:00:00,2025-06-30 06:00:00,13.07963,77.49803,Complainant reported unauthorized debit transactions from bank account following a fake KYC verification call.
2927,110013008202502927,202502927,2025-06-07 06:00:00,9310,3008,1001,1,1,103,1006,3,4014,2025-06-05 07:00:00,2025-06-05 18:00:00,2025-06-07 06:00:00,12.905406,77.593046,Complainant reported unauthorized debit transactions from bank account following a fake KYC verification call.
2928,110023013202502928,202502928,2025-11-01 18:00:00,9311,3013,1002,1,2,104,1007,2,4007,2025-10-31 23:00:00,2025-11-01 04:00:00,2025-11-01 18:00:00,13.084682,77.454195,Unknown miscreants broke open the lock of the house during late night hours and stole gold ornaments and cash.
2929,110053040202502929,202502929,2025-01-12 04:00:00,9137,3040,1005,1,2,102,1004,1,4014,2025-01-11 21:00:00,2025-01-12 05:00:00,2025-01-12 04:00:00,13.029016,77.643091,"Accused intercepted a commercial vehicle on the highway, threatened the driver with sharp weapons, and looted goods."
2930,110033022202502930,202502930,2025-11-26 23:00:00,9070,3022,1003,1,1,104,1007,1,4002,2025-11-26 01:00:00,2025-11-26 07:00:00,2025-11-26 23:00:00,13.042752,77.6521,Complainant reported unauthorized debit transactions from bank account following a fake KYC verification call.
2931,110033022202502931,202502931,2025-04-19 08:00:00,9166,3022,1003,1,2,101,1002,1,4007,2025-04-17 16:00:00,2025-04-17 17:00:00,2025-04-19 08:00:00,13.080785,77.653928,Unknown miscreants broke open the lock of the house during late night hours and stole gold ornaments and cash.
2932,110043030202502932,202502932,2025-08-05 12:00:00,9354,3030,1004,1,1,101,1001,3,4002,2025-08-05 05:00:00,2025-08-05 15:00:00,2025-08-05 12:00:00,12.919635,77.601866,Two persons riding a black motorcycle snatched a gold chain from a pedestrian near the bus stand and fled.
2933,110023009202502933,202502933,2025-06-01 21:00:00,9318,3009,1002,1,2,103,1005,2,4007,2025-05-31 11:00:00,2025-05-31 13:00:00,2025-06-01 21:00:00,13.111357,77.621748,Complainant reported unauthorized debit transactions from bank account following a fake KYC verification call.
2934,110053038202502934,202502934,2025-06-04 14:00:00,9165,3038,1005,1,1,101,1002,2,4014,2025-06-02 19:00:00,2025-06-03 07:00:00,2025-06-04 14:00:00,13.114629,77.708053,"Accused intercepted a commercial vehicle on the highway, threatened the driver with sharp weapons, and looted goods."
2935,110033017202502935,202502935,2025-05-26 01:00:00,9135,3017,1003,1,1,104,1007,1,4002,2025-05-25 08:00:00,2025-05-25 13:00:00,2025-05-26 01:00:00,13.006678,77.503778,Unknown miscreants broke open the lock of the house during late night hours and stole gold ornaments and cash.
2936,110053033202602936,202602936,2026-03-03 09:00:00,9369,3033,1005,1,1,102,1003,3,4007,2026-03-03 00:00:00,2026-03-03 11:00:00,2026-03-03 09:00:00,12.947837,77.458462,A group of individuals assaulted the victim following a minor road rage incident causing grievous injuries.
2937,110053039202502937,202502937,2025-05-17 23:00:00,9375,3039,1005,1,2,103,1006,2,4009,2025-05-16 08:00:00,2025-05-16 17:00:00,2025-05-17 23:00:00,13.088077,77.703057,"Accused intercepted a commercial vehicle on the highway, threatened the driver with sharp weapons, and looted goods."
2938,110023013202502938,202502938,2025-07-25 13:00:00,9303,3013,1002,1,2,103,1005,3,4009,2025-07-25 00:00:00,2025-07-25 11:00:00,2025-07-25 13:00:00,12.855581,77.688295,A group of individuals assaulted the victim following a minor road rage incident causing grievous injuries.
2939,110053035202502939,202502939,2025-03-21 02:00:00,9153,3035,1005,1,1,104,1007,1,4003,2025-03-20 23:00:00,2025-03-21 11:00:00,2025-03-21 02:00:00,12.849267,77.538105,"Accused intercepted a commercial vehicle on the highway, threatened the driver with sharp weapons, and looted goods."
2940,110013004202502940,202502940,2025-06-19 11:00:00,9109,3004,1001,1,1,103,1005,1,4013,2025-06-17 23:00:00,2025-06-18 11:00:00,2025-06-19 11:00:00,13.023029,77.707995,Two persons riding a black motorcycle snatched a gold chain from a pedestrian near the bus stand and fled.
2941,110043027202502941,202502941,2025-01-03 08:00:00,9260,3027,1004,1,1,103,1005,2,4002,2025-01-02 21:00:00,2025-01-03 06:00:00,2025-01-03 08:00:00,12.867288,77.592292,Unknown miscreants broke open the lock of the house during late night hours and stole gold ornaments and cash.
2942,110023012202602942,202602942,2026-01-11 18:00:00,9213,3012,1002,1,2,104,1007,1,4008,2026-01-09 19:00:00,2026-01-10 05:00:00,2026-01-11 18:00:00,13.066495,77.6341,"Accused intercepted a commercial vehicle on the highway, threatened the driver with sharp weapons, and looted goods."
2943,110023012202502943,202502943,2025-08-08 00:00:00,9083,3012,1002,1,2,104,1007,1,4008,2025-08-06 03:00:00,2025-08-06 12:00:00,2025-08-08 00:00:00,12.893926,77.543953,"Accused intercepted a commercial vehicle on the highway, threatened the driver with sharp weapons, and looted goods."
2944,110043029202502944,202502944,2025-06-28 08:00:00,9321,3029,1004,1,1,102,1004,2,4012,2025-06-27 21:00:00,2025-06-28 03:00:00,2025-06-28 08:00:00,12.838938,77.657502,Two persons riding a black motorcycle snatched a gold chain from a pedestrian near the bus stand and fled.
2945,110033017202502945,202502945,2025-05-12 04:00:00,9113,3017,1003,1,2,101,1002,3,4001,2025-05-11 15:00:00,2025-05-12 03:00:00,2025-05-12 04:00:00,13.039862,77.575495,Unknown miscreants broke open the lock of the house during late night hours and stole gold ornaments and cash.
2946,110023015202502946,202502946,2025-06-02 21:00:00,9223,3015,1002,1,2,104,1007,3,4008,2025-06-01 14:00:00,2025-06-01 16:00:00,2025-06-02 21:00:00,12.900323,77.466724,Complainant reported unauthorized debit transactions from bank account following a fake KYC verification call.
2947,110023011202502947,202502947,2025-07-14 19:00:00,9128,3011,1002,1,1,103,1006,3,4005,2025-07-14 14:00:00,2025-07-14 20:00:00,2025-07-14 19:00:00,12.97277,77.479644,"Accused intercepted a commercial vehicle on the highway, threatened the driver with sharp weapons, and looted goods."
2948,110053038202502948,202502948,2025-07-18 04:00:00,9364,3038,1005,1,1,104,1007,3,4003,2025-07-16 07:00:00,2025-07-16 16:00:00,2025-07-18 04:00:00,12.956353,77.470778,Two persons riding a black motorcycle snatched a gold chain from a pedestrian near the bus stand and fled.
2949,110013005202502949,202502949,2025-07-18 03:00:00,9129,3005,1001,1,2,104,1007,2,4010,2025-07-17 03:00:00,2025-07-17 12:00:00,2025-07-18 03:00:00,12.926109,77.458969,Unknown miscreants broke open the lock of the house during late night hours and stole gold ornaments and cash.
2950,110013007202502950,202502950,2025-08-24 17:00:00,9036,3007,1001,1,1,104,1007,1,4007,2025-08-24 10:00:00,2025-08-24 12:00:00,2025-08-24 17:00:00,12.881605,77.538777,Complainant reported unauthorized debit transactions from bank account following a fake KYC verification call.
2951,110033020202502951,202502951,2025-02-09 02:00:00,9322,3020,1003,1,2,102,1003,2,4006,2025-02-08 09:00:00,2025-02-08 16:00:00,2025-02-09 02:00:00,12.919773,77.577241,A group of individuals assaulted the victim following a minor road rage incident causing grievous injuries.
2952,110033017202502952,202502952,2025-12-14 11:00:00,9061,3017,1003,1,2,101,1002,2,4010,2025-12-13 19:00:00,2025-12-13 22:00:00,2025-12-14 11:00:00,13.063287,77.731975,"Accused intercepted a commercial vehicle on the highway, threatened the driver with sharp weapons, and looted goods."
2953,110043027202502953,202502953,2025-04-12 03:00:00,9361,3027,1004,1,1,103,1005,2,4008,2025-04-11 03:00:00,2025-04-11 12:00:00,2025-04-12 03:00:00,12.957908,77.568318,A group of individuals assaulted the victim following a minor road rage incident causing grievous injuries.
2954,110013004202502954,202502954,2025-11-18 01:00:00,9383,3004,1001,1,1,104,1007,3,4008,2025-11-16 07:00:00,2025-11-16 08:00:00,2025-11-18 01:00:00,13.000198,77.541472,Two persons riding a black motorcycle snatched a gold chain from a pedestrian near the bus stand and fled.
2955,110043031202502955,202502955,2025-04-05 05:00:00,9351,3031,1004,1,2,102,1003,1,4011,2025-04-04 02:00:00,2025-04-04 06:00:00,2025-04-05 05:00:00,12.934178,77.541719,"Accused intercepted a commercial vehicle on the highway, threatened the driver with sharp weapons, and looted goods."
2956,110033021202502956,202502956,2025-03-30 18:00:00,9214,3021,1003,1,1,102,1003,2,4012,2025-03-29 10:00:00,2025-03-29 21:00:00,2025-03-30 18:00:00,12.872345,77.692744,Complainant reported unauthorized debit transactions from bank account following a fake KYC verification call.
2957,110023012202602957,202602957,2026-01-11 14:00:00,9036,3012,1002,1,1,101,1001,2,4012,2026-01-10 16:00:00,2026-01-11 03:00:00,2026-01-11 14:00:00,13.019153,77.656689,Complainant reported unauthorized debit transactions from bank account following a fake KYC verification call.
2958,110053040202502958,202502958,2025-02-16 21:00:00,9265,3040,1005,1,1,104,1007,3,4004,2025-02-15 20:00:00,2025-02-16 06:00:00,2025-02-16 21:00:00,12.985498,77.594484,"Accused intercepted a commercial vehicle on the highway, threatened the driver with sharp weapons, and looted goods."
2959,110013006202502959,202502959,2025-01-22 12:00:00,9102,3006,1001,1,2,101,1002,1,4011,2025-01-21 23:00:00,2025-01-22 08:00:00,2025-01-22 12:00:00,13.068783,77.637157,Two persons riding a black motorcycle snatched a gold chain from a pedestrian near the bus stand and fled.
2960,110013008202502960,202502960,2025-10-30 17:00:00,9187,3008,1001,1,2,103,1005,1,4006,2025-10-28 21:00:00,2025-10-29 07:00:00,2025-10-30 17:00:00,12.864935,77.692586,Two persons riding a black motorcycle snatched a gold chain from a pedestrian near the bus stand and fled.
2961,110053039202502961,202502961,2025-03-02 18:00:00,9326,3039,1005,1,1,101,1001,3,4006,2025-03-02 12:00:00,2025-03-02 13:00:00,2025-03-02 18:00:00,13.068202,77.653321,A group of individuals assaulted the victim following a minor road rage incident causing grievous injuries.
2962,110013008202502962,202502962,2025-01-31 21:00:00,9306,3008,1001,1,1,103,1005,3,4008,2025-01-31 06:00:00,2025-01-31 18:00:00,2025-01-31 21:00:00,13.064283,77.492011,A group of individuals assaulted the victim following a minor road rage incident causing grievous injuries.
2963,110033020202502963,202502963,2025-09-09 08:00:00,9311,3020,1003,1,2,101,1002,3,4011,2025-09-07 08:00:00,2025-09-07 17:00:00,2025-09-09 08:00:00,12.842856,77.493809,Two persons riding a black motorcycle snatched a gold chain from a pedestrian near the bus stand and fled.
2964,110023010202602964,202602964,2026-01-12 01:00:00,9231,3010,1002,1,1,103,1005,3,4008,2026-01-10 07:00:00,2026-01-10 11:00:00,2026-01-12 01:00:00,13.059089,77.557316,"Accused intercepted a commercial vehicle on the highway, threatened the driver with sharp weapons, and looted goods."
2965,110053035202502965,202502965,2025-09-25 21:00:00,9007,3035,1005,1,1,102,1004,3,4012,2025-09-24 13:00:00,2025-09-24 22:00:00,2025-09-25 21:00:00,12.935725,77.625748,Complainant reported unauthorized debit transactions from bank account following a fake KYC verification call.
2966,110033020202502966,202502966,2025-09-25 09:00:00,9263,3020,1003,1,2,103,1006,3,4012,2025-09-24 19:00:00,2025-09-25 04:00:00,2025-09-25 09:00:00,12.889539,77.563484,Unknown miscreants broke open the lock of the house during late night hours and stole gold ornaments and cash.
2967,110053034202502967,202502967,2025-10-12 18:00:00,9249,3034,1005,1,1,103,1006,2,4011,2025-10-12 02:00:00,2025-10-12 10:00:00,2025-10-12 18:00:00,12.979591,77.562226,Two persons riding a black motorcycle snatched a gold chain from a pedestrian near the bus stand and fled.
2968,110013002202502968,202502968,2025-10-30 18:00:00,9318,3002,1001,1,1,101,1002,1,4002,2025-10-29 05:00:00,2025-10-29 14:00:00,2025-10-30 18:00:00,13.032262,77.67233,A group of individuals assaulted the victim following a minor road rage incident causing grievous injuries.
2969,110033019202502969,202502969,2025-10-24 20:00:00,9049,3019,1003,1,2,101,1001,1,4013,2025-10-24 01:00:00,2025-10-24 04:00:00,2025-10-24 20:00:00,13.107975,77.653782,"Accused intercepted a commercial vehicle on the highway, threatened the driver with sharp weapons, and looted goods."
2970,110053035202602970,202602970,2026-02-24 18:00:00,9389,3035,1005,1,2,103,1005,3,4011,2026-02-23 04:00:00,2026-02-23 08:00:00,2026-02-24 18:00:00,12.914467,77.558595,Complainant reported unauthorized debit transactions from bank account following a fake KYC verification call.
2971,110043031202502971,202502971,2025-08-17 10:00:00,9093,3031,1004,1,2,103,1006,1,4009,2025-08-16 14:00:00,2025-08-17 00:00:00,2025-08-17 10:00:00,12.988273,77.621883,Two persons riding a black motorcycle snatched a gold chain from a pedestrian near the bus stand and fled.
2972,110043030202602972,202602972,2026-03-09 14:00:00,9009,3030,1004,1,2,101,1002,2,4009,2026-03-08 07:00:00,2026-03-08 17:00:00,2026-03-09 14:00:00,12.950363,77.521307,Two persons riding a black motorcycle snatched a gold chain from a pedestrian near the bus stand and fled.
2973,110033019202502973,202502973,2025-12-29 03:00:00,9320,3019,1003,1,1,104,1007,1,4007,2025-12-27 06:00:00,2025-12-27 10:00:00,2025-12-29 03:00:00,12.834454,77.543299,A group of individuals assaulted the victim following a minor road rage incident causing grievous injuries.
2974,110033022202502974,202502974,2025-03-01 20:00:00,9019,3022,1003,1,1,102,1003,3,4001,2025-03-01 14:00:00,2025-03-02 02:00:00,2025-03-01 20:00:00,12.894749,77.451453,Complainant reported unauthorized debit transactions from bank account following a fake KYC verification call.
2975,110013007202502975,202502975,2025-11-10 15:00:00,9135,3007,1001,1,1,102,1004,2,4009,2025-11-09 19:00:00,2025-11-10 05:00:00,2025-11-10 15:00:00,12.975414,77.637319,Complainant reported unauthorized debit transactions from bank account following a fake KYC verification call.
2976,110053034202602976,202602976,2026-01-26 00:00:00,9206,3034,1005,1,2,104,1007,2,4003,2026-01-25 21:00:00,2026-01-25 22:00:00,2026-01-26 00:00:00,12.976575,77.58689,A group of individuals assaulted the victim following a minor road rage incident causing grievous injuries.
2977,110033023202502977,202502977,2025-03-18 10:00:00,9167,3023,1003,1,2,101,1001,3,4005,2025-03-18 08:00:00,2025-03-18 09:00:00,2025-03-18 10:00:00,12.840938,77.541406,Two persons riding a black motorcycle snatched a gold chain from a pedestrian near the bus stand and fled.
2978,110033024202502978,202502978,2025-01-18 01:00:00,9034,3024,1003,1,2,103,1005,2,4014,2025-01-16 17:00:00,2025-01-16 21:00:00,2025-01-18 01:00:00,12.873592,77.495842,Two persons riding a black motorcycle snatched a gold chain from a pedestrian near the bus stand and fled.
2979,110053038202602979,202602979,2026-02-28 11:00:00,9066,3038,1005,1,1,101,1001,2,4001,2026-02-26 18:00:00,2026-02-26 19:00:00,2026-02-28 11:00:00,12.911408,77.635655,A group of individuals assaulted the victim following a minor road rage incident causing grievous injuries.
2980,110053038202602980,202602980,2026-01-23 12:00:00,9130,3038,1005,1,1,102,1003,1,4006,2026-01-21 15:00:00,2026-01-22 00:00:00,2026-01-23 12:00:00,13.055085,77.697768,A group of individuals assaulted the victim following a minor road rage incident causing grievous injuries.
2981,110033017202502981,202502981,2025-11-21 07:00:00,9282,3017,1003,1,1,101,1002,2,4010,2025-11-20 23:00:00,2025-11-21 03:00:00,2025-11-21 07:00:00,12.933786,77.475212,Complainant reported unauthorized debit transactions from bank account following a fake KYC verification call.
2982,110053037202502982,202502982,2025-05-31 06:00:00,9155,3037,1005,1,1,101,1002,2,4003,2025-05-29 15:00:00,2025-05-29 18:00:00,2025-05-31 06:00:00,13.082038,77.453353,A group of individuals assaulted the victim following a minor road rage incident causing grievous injuries.
2983,110053040202502983,202502983,2025-06-28 22:00:00,9052,3040,1005,1,2,102,1004,1,4007,2025-06-28 20:00:00,2025-06-29 05:00:00,2025-06-28 22:00:00,12.953994,77.60658,Two persons riding a black motorcycle snatched a gold chain from a pedestrian near the bus stand and fled.
2984,110033022202502984,202502984,2025-11-18 01:00:00,9149,3022,1003,1,1,104,1007,3,4007,2025-11-16 01:00:00,2025-11-16 07:00:00,2025-11-18 01:00:00,13.057678,77.565785,Complainant reported unauthorized debit transactions from bank account following a fake KYC verification call.
2985,110013003202502985,202502985,2025-12-04 03:00:00,9059,3003,1001,1,1,101,1002,3,4006,2025-12-03 19:00:00,2025-12-04 05:00:00,2025-12-04 03:00:00,13.04634,77.665769,Unknown miscreants broke open the lock of the house during late night hours and stole gold ornaments and cash.
2986,110023015202502986,202502986,2025-03-14 00:00:00,9054,3015,1002,1,2,102,1003,2,4013,2025-03-12 23:00:00,2025-03-13 06:00:00,2025-03-14 00:00:00,13.018739,77.561992,A group of individuals assaulted the victim following a minor road rage incident causing grievous injuries.
2987,110023013202502987,202502987,2025-07-22 20:00:00,9150,3013,1002,1,1,102,1003,2,4015,2025-07-21 06:00:00,2025-07-21 13:00:00,2025-07-22 20:00:00,12.944628,77.455734,Two persons riding a black motorcycle snatched a gold chain from a pedestrian near the bus stand and fled.
2988,110023011202502988,202502988,2025-02-15 23:00:00,9083,3011,1002,1,2,101,1001,1,4008,2025-02-14 15:00:00,2025-02-15 00:00:00,2025-02-15 23:00:00,13.119104,77.448021,"Accused intercepted a commercial vehicle on the highway, threatened the driver with sharp weapons, and looted goods."
2989,110043031202502989,202502989,2025-01-29 12:00:00,9203,3031,1004,1,1,101,1001,3,4007,2025-01-29 09:00:00,2025-01-29 21:00:00,2025-01-29 12:00:00,12.882548,77.533384,Complainant reported unauthorized debit transactions from bank account following a fake KYC verification call.
2990,110053033202502990,202502990,2025-09-03 20:00:00,9281,3033,1005,1,1,103,1006,2,4004,2025-09-03 18:00:00,2025-09-04 03:00:00,2025-09-03 20:00:00,13.005579,77.595115,A group of individuals assaulted the victim following a minor road rage incident causing grievous injuries.
2991,110043030202502991,202502991,2025-08-02 02:00:00,9396,3030,1004,1,2,101,1002,3,4003,2025-07-31 08:00:00,2025-07-31 16:00:00,2025-08-02 02:00:00,12.862198,77.669268,"Accused intercepted a commercial vehicle on the highway, threatened the driver with sharp weapons, and looted goods."
2992,110013001202502992,202502992,2025-11-02 14:00:00,9371,3001,1001,1,1,104,1007,1,4011,2025-11-01 22:00:00,2025-11-02 09:00:00,2025-11-02 14:00:00,13.027234,77.640988,"Accused intercepted a commercial vehicle on the highway, threatened the driver with sharp weapons, and looted goods."
2993,110053038202502993,202502993,2025-07-08 18:00:00,9112,3038,1005,1,2,101,1002,1,4008,2025-07-06 20:00:00,2025-07-06 21:00:00,2025-07-08 18:00:00,12.826891,77.645226,Unknown miscreants broke open the lock of the house during late night hours and stole gold ornaments and cash.
2994,110053035202502994,202502994,2025-02-27 17:00:00,9134,3035,1005,1,2,102,1003,2,4005,2025-02-26 04:00:00,2025-02-26 09:00:00,2025-02-27 17:00:00,12.996877,77.647893,Two persons riding a black motorcycle snatched a gold chain from a pedestrian near the bus stand and fled.
2995,110043031202502995,202502995,2025-07-31 08:00:00,9015,3031,1004,1,2,101,1001,3,4008,2025-07-30 22:00:00,2025-07-31 03:00:00,2025-07-31 08:00:00,13.106982,77.712121,Two persons riding a black motorcycle snatched a gold chain from a pedestrian near the bus stand and fled.
2996,110023009202502996,202502996,2025-06-24 05:00:00,9371,3009,1002,1,1,101,1001,2,4015,2025-06-23 19:00:00,2025-06-23 22:00:00,2025-06-24 05:00:00,13.001396,77.58292,Two persons riding a black motorcycle snatched a gold chain from a pedestrian near the bus stand and fled.
2997,110033019202502997,202502997,2025-12-02 14:00:00,9098,3019,1003,1,1,103,1006,1,4012,2025-12-02 11:00:00,2025-12-02 13:00:00,2025-12-02 14:00:00,12.93726,77.689581,"Accused intercepted a commercial vehicle on the highway, threatened the driver with sharp weapons, and looted goods."
2998,110013002202502998,202502998,2025-03-06 01:00:00,9337,3002,1001,1,2,102,1003,3,4015,2025-03-04 14:00:00,2025-03-04 16:00:00,2025-03-06 01:00:00,13.07731,77.466883,Unknown miscreants broke open the lock of the house during late night hours and stole gold ornaments and cash.
2999,110013008202502999,202502999,2025-03-25 02:00:00,9182,3008,1001,1,2,102,1003,3,4003,2025-03-23 20:00:00,2025-03-23 23:00:00,2025-03-25 02:00:00,13.010717,77.590127,A group of individuals assaulted the victim following a minor road rage incident causing grievous injuries.
3000,110043025202603000,202603000,2026-01-29 14:00:00,9198,3025,1004,1,2,101,1002,1,4008,2026-01-28 12:00:00,2026-01-28 15:00:00,2026-01-29 14:00:00,13.059735,77.610387,Two persons riding a black motorcycle snatched a gold chain from a pedestrian near the bus stand and fled.
3001,110043027202503001,202503001,2025-12-07 06:00:00,9310,3027,1004,1,2,103,1005,2,4007,2025-12-06 08:00:00,2025-12-06 16:00:00,2025-12-07 06:00:00,12.854373,77.674606,A group of individuals assaulted the victim following a minor road rage incident causing grievous injuries.
3002,110023016202503002,202503002,2025-12-26 18:00:00,9191,3016,1002,1,1,102,1003,1,4007,2025-12-25 23:00:00,2025-12-26 01:00:00,2025-12-26 18:00:00,12.996625,77.732862,Complainant reported unauthorized debit transactions from bank account following a fake KYC verification call.
3003,110033022202603003,202603003,2026-02-08 04:00:00,9158,3022,1003,1,1,103,1006,3,4003,2026-02-07 15:00:00,2026-02-07 19:00:00,2026-02-08 04:00:00,12.94227,77.572615,Unknown miscreants broke open the lock of the house during late night hours and stole gold ornaments and cash.
