ComplainantID,CaseMasterID,ComplainantName,AgeYear,OccupationID,ReligionID,CasteID,GenderID
1,1,Vijay Patil,25,7,3,1,2
2,2,Ramesh Pujari,48,9,1,6,2
3,3,Kavitha Pujari,29,5,2,3,2
4,4,Vijay Deshmukh,37,3,3,5,1
5,5,Anitha Pujari,61,4,4,6,2
6,6,Venkatesh Deshmukh,67,6,5,5,1
7,7,Venkatesh Shetty,70,6,2,10,1
8,8,Manjunath Deshmukh,52,2,4,9,1
9,9,Mahesh Kumar,24,6,3,5,2
10,10,Suresh Kulkarni,24,5,2,8,1
11,11,Anitha Patil,64,2,4,2,2
12,12,Priya Rao,34,5,4,4,1
13,13,Manjunath Shetty,51,10,3,7,2
14,14,Mahesh Deshmukh,62,2,5,8,1
15,15,Ganesh Hegde,35,2,5,6,2
16,16,Priya Reddy,57,6,1,1,2
17,17,Anitha Kulkarni,69,7,5,3,2
18,18,Anitha Patil,36,9,5,7,2
19,19,Manjunath Shetty,28,4,1,9,1
20,20,Suresh Rao,28,4,4,8,1
21,21,Ramesh Pujari,69,1,4,6,1
22,22,Suresh Pujari,27,9,1,8,1
23,23,Priya Kumar,59,7,1,3,2
24,24,Ganesh Pujari,65,10,3,1,1
25,25,Manjunath Kumar,62,7,3,5,1
26,26,Venkatesh Gowda,21,1,3,1,2
27,27,Suresh Rao,37,6,5,7,1
28,28,Priya Rao,29,6,5,9,2
29,29,Mahesh Kulkarni,28,6,1,2,1
30,30,Venkatesh Nayak,67,1,4,2,2
31,31,Kavitha Shetty,55,1,4,10,1
32,32,Ramesh Hegde,34,3,1,2,2
33,33,Anitha Gowda,58,10,5,6,1
34,34,Vijay Bhat,38,5,3,10,1
35,35,Ganesh Pujari,63,1,2,5,1
36,36,Manjunath Kumar,53,8,2,5,1
37,37,Manjunath Patil,39,6,2,6,2
38,38,Sunita Bhat,22,8,2,2,1
39,39,Vijay Hegde,32,9,1,10,2
40,40,Vijay Reddy,52,7,4,2,2
41,41,Lakshmi Pujari,52,7,3,6,2
42,42,Venkatesh Nayak,38,6,1,7,1
43,43,Ramesh Kulkarni,65,3,4,4,1
44,44,Sunita Rao,31,3,5,4,2
45,45,Anitha Bhat,52,10,4,8,1
46,46,Vijay Gowda,51,4,4,2,2
47,47,Kavitha Kumar,37,5,2,6,1
48,48,Anitha Pujari,48,1,2,10,2
49,49,Priya Shetty,46,10,3,6,1
50,50,Lakshmi Hegde,28,1,5,5,1
51,51,Ramesh Bhat,58,7,5,5,2
52,52,Venkatesh Gowda,21,8,5,9,2
53,53,Mahesh Kumar,63,9,2,7,2
54,54,Mahesh Reddy,56,2,5,3,1
55,55,Kavitha Bhat,30,8,4,10,2
56,56,Kavitha Reddy,26,6,2,5,2
57,57,Suresh Pujari,37,7,1,7,1
58,58,Priya Rao,45,2,5,9,2
59,59,Kavitha Hegde,41,5,4,10,2
60,60,Suresh Gowda,55,4,5,1,1
61,61,Sunita Gowda,49,1,3,9,2
62,62,Manjunath Kumar,58,10,1,2,2
63,63,Anitha Deshmukh,51,5,2,5,2
64,64,Ganesh Patil,32,3,3,4,1
65,65,Lakshmi Shetty,44,3,3,8,1
66,66,Kavitha Shetty,53,9,4,8,2
67,67,Lakshmi Shetty,28,1,4,6,1
68,68,Mahesh Rao,38,10,2,2,2
69,69,Manjunath Kumar,60,7,2,2,2
70,70,Mahesh Pujari,23,2,4,8,1
71,71,Ramesh Shetty,42,2,3,1,1
72,72,Anitha Shetty,43,2,4,2,2
73,73,Manjunath Shetty,39,3,2,5,1
74,74,Vijay Kumar,66,8,3,9,2
75,75,Priya Deshmukh,45,10,1,9,1
76,76,Suresh Pujari,60,4,1,2,2
77,77,Mahesh Nayak,23,7,1,2,2
78,78,Venkatesh Kumar,38,10,4,4,1
79,79,Manjunath Deshmukh,24,2,2,3,1
80,80,Sunita Pujari,46,8,3,2,2
81,81,Ramesh Bhat,38,10,2,3,1
82,82,Anitha Pujari,37,5,5,5,1
83,83,Mahesh Pujari,60,5,1,7,1
84,84,Suresh Gowda,44,8,5,6,1
85,85,Priya Gowda,53,8,3,2,1
86,86,Vijay Nayak,45,3,3,10,2
87,87,Anitha Shetty,69,1,1,4,2
88,88,Suresh Rao,62,6,1,1,1
89,89,Vijay Gowda,60,10,2,10,2
90,90,Priya Hegde,39,3,2,3,1
91,91,Vijay Shetty,42,8,3,8,1
92,92,Sunita Rao,46,9,2,9,2
93,93,Ramesh Deshmukh,54,10,3,7,2
94,94,Ramesh Nayak,21,8,5,4,2
95,95,Ramesh Shetty,63,1,3,8,2
96,96,Vijay Shetty,36,1,4,2,2
97,97,Sunita Reddy,68,1,5,4,1
98,98,Ramesh Gowda,41,5,3,4,2
99,99,Lakshmi Rao,47,1,5,2,1
100,100,Priya Reddy,23,3,5,8,1
101,101,Venkatesh Kulkarni,57,1,4,6,1
102,102,Vijay Pujari,58,8,3,4,2
103,103,Anitha Hegde,68,9,5,5,1
104,104,Lakshmi Patil,69,2,1,5,1
105,105,Ramesh Deshmukh,69,2,1,6,2
106,106,Anitha Reddy,50,4,4,10,2
107,107,Ganesh Kulkarni,64,7,3,2,1
108,108,Manjunath Bhat,51,3,1,2,1
109,109,Mahesh Reddy,64,2,3,3,2
110,110,Lakshmi Pujari,63,8,3,6,2
111,111,Suresh Shetty,38,8,5,3,1
112,112,Ganesh Patil,38,8,3,7,2
113,113,Venkatesh Kumar,61,10,3,4,2
114,114,Mahesh Nayak,58,2,4,8,1
115,115,Suresh Deshmukh,36,9,5,7,2
116,116,Mahesh Nayak,34,1,5,4,1
117,117,Priya Nayak,65,10,3,2,1
118,118,Lakshmi Bhat,42,9,5,4,2
119,119,Suresh Nayak,56,1,5,4,1
120,120,Venkatesh Deshmukh,42,9,5,1,2
121,121,Anitha Kulkarni,67,10,2,9,1
122,122,Priya Reddy,67,9,3,9,2
123,123,Suresh Hegde,43,8,2,10,2
124,124,Vijay Pujari,65,9,5,2,1
125,125,Sunita Nayak,32,6,5,8,1
126,126,Lakshmi Patil,68,3,1,3,1
127,127,Venkatesh Kumar,51,3,3,3,1
128,128,Manjunath Hegde,47,9,1,5,2
129,129,Suresh Pujari,21,9,5,5,1
130,130,Mahesh Nayak,59,3,4,3,1
131,131,Lakshmi Bhat,59,10,5,7,2
132,132,Kavitha Pujari,41,5,5,7,2
133,133,Ramesh Nayak,48,4,1,1,1
134,134,Kavitha Pujari,64,7,3,8,2
135,135,Manjunath Shetty,39,3,1,2,1
136,136,Suresh Shetty,46,10,5,5,2
137,137,Venkatesh Kulkarni,65,4,3,7,2
138,138,Ramesh Kulkarni,56,2,5,7,2
139,139,Vijay Reddy,21,7,3,6,2
140,140,Suresh Reddy,61,10,2,1,1
141,141,Manjunath Kulkarni,44,3,3,2,2
142,142,Manjunath Patil,62,1,3,9,1
143,143,Lakshmi Shetty,54,5,2,7,1
144,144,Mahesh Bhat,34,9,5,5,1
145,145,Sunita Shetty,47,7,3,6,1
146,146,Anitha Pujari,42,2,4,8,1
147,147,Anitha Kulkarni,52,1,3,6,2
148,148,Kavitha Patil,59,5,4,4,2
149,149,Venkatesh Reddy,65,4,1,2,2
150,150,Kavitha Kumar,31,7,3,10,2
151,151,Anitha Kumar,27,7,3,8,2
152,152,Sunita Kumar,23,1,3,10,2
153,153,Priya Pujari,64,4,5,4,1
154,154,Sunita Hegde,54,10,5,7,2
155,155,Lakshmi Hegde,53,2,2,6,1
156,156,Suresh Kumar,61,5,2,8,2
157,157,Manjunath Reddy,54,8,5,9,2
158,158,Vijay Hegde,39,6,4,10,2
159,159,Mahesh Deshmukh,65,3,5,9,2
160,160,Mahesh Reddy,55,9,5,4,1
161,161,Ramesh Shetty,46,4,1,3,2
162,162,Suresh Nayak,46,7,3,7,1
163,163,Lakshmi Gowda,32,4,1,2,1
164,164,Mahesh Gowda,67,2,2,4,1
165,165,Ganesh Shetty,21,1,2,1,2
166,166,Vijay Bhat,67,4,5,10,2
167,167,Vijay Kulkarni,44,4,4,5,1
168,168,Manjunath Gowda,46,7,5,3,1
169,169,Anitha Patil,23,3,3,7,1
170,170,Suresh Patil,61,7,1,6,2
171,171,Ganesh Reddy,28,9,2,3,1
172,172,Sunita Hegde,45,5,4,9,2
173,173,Ramesh Kumar,21,5,1,7,1
174,174,Lakshmi Deshmukh,40,5,3,2,2
175,175,Anitha Kulkarni,50,3,4,2,1
176,176,Sunita Bhat,33,1,4,10,1
177,177,Suresh Reddy,70,9,2,3,1
178,178,Kavitha Kulkarni,45,2,5,3,1
179,179,Sunita Hegde,63,7,5,4,2
180,180,Suresh Kulkarni,67,1,5,4,2
181,181,Vijay Deshmukh,32,3,4,10,1
182,182,Lakshmi Gowda,58,8,2,8,2
183,183,Sunita Patil,35,8,2,4,2
184,184,Suresh Patil,59,6,5,8,2
185,185,Sunita Patil,47,5,3,8,2
186,186,Sunita Kulkarni,56,6,2,10,2
187,187,Suresh Kulkarni,61,4,1,10,1
188,188,Lakshmi Kulkarni,47,7,1,2,2
189,189,Lakshmi Kulkarni,58,1,1,10,2
190,190,Anitha Kulkarni,24,3,1,4,2
191,191,Anitha Reddy,28,5,5,6,1
192,192,Sunita Kulkarni,49,9,4,3,2
193,193,Venkatesh Hegde,66,3,1,6,1
194,194,Suresh Hegde,58,6,4,1,1
195,195,Venkatesh Hegde,25,10,3,3,2
196,196,Manjunath Rao,45,10,1,2,1
197,197,Ramesh Hegde,35,6,2,10,2
198,198,Ramesh Kumar,40,3,4,6,2
199,199,Ganesh Shetty,66,9,3,5,1
200,200,Ganesh Kulkarni,23,5,5,10,1
201,201,Priya Gowda,38,1,4,7,1
202,202,Suresh Rao,30,2,3,10,1
203,203,Mahesh Kumar,50,7,1,3,1
204,204,Vijay Patil,48,7,5,8,2
205,205,Ramesh Nayak,41,7,1,10,2
206,206,Priya Nayak,70,8,5,4,1
207,207,Priya Kumar,30,8,3,8,1
208,208,Ganesh Gowda,52,10,5,10,1
209,209,Ganesh Kulkarni,21,9,1,3,1
210,210,Suresh Deshmukh,39,10,1,1,2
211,211,Priya Bhat,47,8,1,5,1
212,212,Lakshmi Reddy,28,1,5,8,2
213,213,Ganesh Bhat,66,9,2,3,2
214,214,Lakshmi Rao,43,4,2,9,2
215,215,Ganesh Rao,56,9,1,4,2
216,216,Mahesh Kumar,43,8,5,6,1
217,217,Venkatesh Deshmukh,32,1,2,6,2
218,218,Kavitha Reddy,49,2,5,8,2
219,219,Vijay Gowda,30,5,2,5,2
220,220,Ramesh Bhat,28,3,1,8,2
221,221,Sunita Gowda,27,3,4,4,1
222,222,Ganesh Rao,44,4,5,2,2
223,223,Vijay Kumar,26,9,3,8,2
224,224,Priya Rao,48,6,1,2,2
225,225,Venkatesh Kulkarni,52,4,3,4,2
226,226,Mahesh Kumar,61,8,5,2,2
227,227,Kavitha Pujari,37,8,3,4,1
228,228,Mahesh Bhat,62,6,1,6,1
229,229,Vijay Gowda,45,8,2,8,1
230,230,Mahesh Patil,50,10,3,10,1
231,231,Suresh Reddy,29,5,1,5,2
232,232,Suresh Kumar,45,4,1,1,2
233,233,Vijay Shetty,24,2,1,1,2
234,234,Priya Hegde,56,4,4,4,1
235,235,Mahesh Patil,22,3,2,2,2
236,236,Priya Patil,59,2,3,8,1
237,237,Anitha Rao,45,3,3,3,2
238,238,Ramesh Pujari,63,3,4,6,1
239,239,Lakshmi Pujari,64,3,4,3,2
240,240,Vijay Rao,60,9,4,6,1
241,241,Priya Kumar,54,8,5,4,1
242,242,Venkatesh Bhat,66,5,1,1,2
243,243,Kavitha Deshmukh,47,4,1,1,1
244,244,Suresh Nayak,51,8,1,6,1
245,245,Priya Patil,26,6,1,4,2
246,246,Sunita Rao,66,6,3,7,1
247,247,Ramesh Deshmukh,50,1,2,1,2
248,248,Kavitha Shetty,53,4,3,5,1
249,249,Lakshmi Bhat,50,2,3,9,2
250,250,Vijay Shetty,51,9,2,3,1
251,251,Mahesh Deshmukh,50,2,4,4,1
252,252,Ganesh Bhat,23,10,1,10,2
253,253,Suresh Pujari,59,10,1,10,1
254,254,Anitha Gowda,51,8,3,7,2
255,255,Sunita Gowda,63,5,5,7,2
256,256,Venkatesh Kulkarni,22,2,2,9,1
257,257,Venkatesh Reddy,44,9,4,8,2
258,258,Lakshmi Deshmukh,69,3,5,1,2
259,259,Priya Nayak,63,8,2,3,1
260,260,Kavitha Nayak,22,3,1,8,2
261,261,Priya Hegde,28,9,4,1,1
262,262,Ramesh Shetty,25,1,1,10,1
263,263,Manjunath Nayak,23,9,3,4,1
264,264,Manjunath Reddy,67,9,2,6,1
265,265,Priya Patil,64,1,1,10,1
266,266,Mahesh Kumar,29,8,4,4,1
267,267,Lakshmi Nayak,55,5,5,7,2
268,268,Priya Shetty,38,2,1,1,1
269,269,Anitha Pujari,28,6,4,6,2
270,270,Ramesh Rao,44,9,3,5,1
271,271,Manjunath Gowda,32,8,4,8,1
272,272,Priya Patil,43,7,4,7,2
273,273,Sunita Pujari,52,2,5,8,2
274,274,Kavitha Rao,25,4,1,10,2
275,275,Kavitha Hegde,33,10,4,9,2
276,276,Ganesh Bhat,30,3,3,1,1
277,277,Mahesh Reddy,68,9,5,8,1
278,278,Ganesh Reddy,38,9,3,10,2
279,279,Sunita Pujari,48,5,2,9,2
280,280,Anitha Reddy,61,5,3,1,2
281,281,Ramesh Reddy,27,7,5,5,2
282,282,Kavitha Patil,60,3,2,6,1
283,283,Lakshmi Deshmukh,60,10,2,3,2
284,284,Manjunath Rao,53,4,5,2,1
285,285,Ramesh Gowda,61,9,2,1,1
286,286,Lakshmi Kulkarni,68,2,5,9,1
287,287,Ramesh Hegde,35,8,3,5,1
288,288,Kavitha Rao,21,8,4,2,2
289,289,Priya Bhat,31,5,1,9,2
290,290,Lakshmi Pujari,43,7,2,1,1
291,291,Priya Reddy,53,5,2,8,2
292,292,Manjunath Patil,44,8,5,8,2
293,293,Manjunath Pujari,31,5,1,6,1
294,294,Suresh Rao,59,9,5,2,1
295,295,Kavitha Kumar,26,6,2,6,1
296,296,Vijay Kumar,23,10,5,1,2
297,297,Ramesh Hegde,56,4,4,10,2
298,298,Manjunath Patil,68,10,4,10,2
299,299,Vijay Patil,29,2,5,5,2
300,300,Vijay Shetty,54,7,4,3,1
301,301,Anitha Kulkarni,38,9,4,6,1
302,302,Ramesh Reddy,22,10,4,3,2
303,303,Manjunath Hegde,46,1,4,9,1
304,304,Ganesh Hegde,60,8,3,4,2
305,305,Sunita Pujari,67,2,5,9,1
306,306,Lakshmi Kumar,42,7,4,9,1
307,307,Venkatesh Reddy,47,5,5,3,2
308,308,Mahesh Kulkarni,51,10,1,3,2
309,309,Suresh Gowda,64,4,4,8,1
310,310,Ramesh Reddy,69,10,1,5,1
311,311,Venkatesh Kulkarni,32,9,1,4,1
312,312,Suresh Kulkarni,29,8,3,6,2
313,313,Ramesh Rao,31,6,1,3,2
314,314,Ramesh Kumar,35,5,3,10,2
315,315,Anitha Deshmukh,39,8,2,1,1
316,316,Priya Deshmukh,25,4,3,8,2
317,317,Vijay Hegde,45,10,3,7,2
318,318,Vijay Rao,24,6,1,9,2
319,319,Mahesh Shetty,58,4,4,7,2
320,320,Kavitha Hegde,43,8,1,2,1
321,321,Manjunath Gowda,25,1,5,1,1
322,322,Anitha Patil,54,1,2,9,1
323,323,Lakshmi Shetty,55,4,4,5,2
324,324,Ramesh Gowda,38,9,3,10,2
325,325,Suresh Bhat,60,1,1,7,2
326,326,Ganesh Bhat,53,6,1,8,1
327,327,Sunita Patil,64,5,2,2,2
328,328,Lakshmi Gowda,58,6,5,3,2
329,329,Priya Gowda,41,1,1,9,1
330,330,Venkatesh Gowda,26,2,1,8,2
331,331,Kavitha Hegde,57,2,2,8,1
332,332,Sunita Shetty,47,7,2,2,1
333,333,Venkatesh Kulkarni,37,4,2,1,1
334,334,Lakshmi Nayak,63,2,4,7,2
335,335,Ramesh Shetty,69,3,1,9,1
336,336,Suresh Rao,65,1,2,2,1
337,337,Suresh Gowda,49,4,1,9,1
338,338,Kavitha Bhat,35,4,3,4,2
339,339,Ramesh Kulkarni,55,10,3,5,1
340,340,Lakshmi Hegde,50,5,1,6,1
341,341,Manjunath Rao,33,2,3,6,2
342,342,Kavitha Patil,68,2,5,3,2
343,343,Lakshmi Rao,41,10,1,2,2
344,344,Vijay Hegde,26,10,3,1,2
345,345,Kavitha Kumar,27,1,1,8,2
346,346,Manjunath Patil,52,9,2,10,2
347,347,Vijay Reddy,61,6,2,4,1
348,348,Manjunath Patil,23,3,4,7,1
349,349,Sunita Kulkarni,56,7,1,5,1
350,350,Venkatesh Deshmukh,22,10,2,5,1
351,351,Anitha Rao,59,3,5,2,2
352,352,Priya Kulkarni,37,10,3,5,2
353,353,Sunita Kumar,42,8,3,4,2
354,354,Kavitha Bhat,45,5,5,1,2
355,355,Lakshmi Deshmukh,45,5,1,4,2
356,356,Vijay Bhat,64,9,5,10,2
357,357,Vijay Hegde,31,2,1,2,2
358,358,Vijay Gowda,41,9,1,6,1
359,359,Vijay Nayak,68,4,1,3,2
360,360,Priya Nayak,53,3,2,6,1
361,361,Ganesh Gowda,21,7,1,3,1
362,362,Mahesh Deshmukh,26,2,5,2,1
363,363,Ramesh Shetty,49,8,4,4,2
364,364,Venkatesh Gowda,50,3,3,4,2
365,365,Mahesh Kumar,66,10,3,7,1
366,366,Manjunath Pujari,31,9,2,1,2
367,367,Anitha Bhat,36,3,3,8,2
368,368,Sunita Patil,57,6,2,10,1
369,369,Anitha Reddy,59,4,3,4,1
370,370,Lakshmi Bhat,30,8,3,10,2
371,371,Priya Bhat,33,4,1,2,1
372,372,Manjunath Gowda,45,4,3,7,1
373,373,Kavitha Rao,56,1,2,10,2
374,374,Priya Kumar,46,7,5,7,1
375,375,Manjunath Reddy,34,1,4,6,2
376,376,Manjunath Pujari,64,2,5,4,1
377,377,Lakshmi Gowda,50,8,1,6,1
378,378,Manjunath Rao,34,7,4,1,1
379,379,Ramesh Nayak,39,6,1,8,1
380,380,Priya Shetty,60,1,2,2,2
381,381,Priya Kulkarni,23,9,2,10,2
382,382,Kavitha Reddy,45,1,4,10,2
383,383,Anitha Hegde,62,8,1,7,1
384,384,Suresh Deshmukh,24,10,5,2,1
385,385,Vijay Rao,22,3,5,9,1
386,386,Suresh Pujari,50,7,5,7,1
387,387,Suresh Reddy,30,10,4,9,1
388,388,Manjunath Nayak,68,5,2,6,1
389,389,Ganesh Bhat,38,9,2,4,2
390,390,Mahesh Kumar,52,6,5,5,2
391,391,Ramesh Pujari,56,6,2,10,1
392,392,Kavitha Deshmukh,31,7,5,8,1
393,393,Ramesh Patil,51,5,5,7,1
394,394,Kavitha Reddy,45,5,2,6,1
395,395,Anitha Rao,56,7,1,5,2
396,396,Ramesh Bhat,58,3,4,9,2
397,397,Suresh Kulkarni,55,3,2,7,1
398,398,Venkatesh Hegde,36,6,2,1,2
399,399,Mahesh Reddy,46,7,4,4,1
400,400,Manjunath Nayak,44,2,1,9,1
401,401,Priya Kumar,68,3,4,4,1
402,402,Ramesh Patil,31,2,3,1,2
403,403,Priya Bhat,69,8,2,7,1
404,404,Venkatesh Pujari,56,3,5,10,1
405,405,Suresh Shetty,32,1,4,6,1
406,406,Anitha Hegde,35,8,3,7,1
407,407,Venkatesh Kulkarni,28,2,5,1,2
408,408,Anitha Pujari,52,1,2,4,1
409,409,Anitha Reddy,35,6,5,7,2
410,410,Anitha Reddy,29,6,4,3,2
411,411,Ganesh Deshmukh,70,2,3,6,1
412,412,Manjunath Reddy,59,8,1,6,1
413,413,Lakshmi Nayak,24,4,1,10,2
414,414,Lakshmi Deshmukh,62,10,1,10,1
415,415,Kavitha Deshmukh,43,9,1,9,1
416,416,Anitha Gowda,68,2,4,1,1
417,417,Manjunath Reddy,66,2,2,6,2
418,418,Venkatesh Deshmukh,60,6,1,5,1
419,419,Anitha Gowda,40,3,5,7,1
420,420,Sunita Rao,35,1,3,1,1
421,421,Ramesh Nayak,65,9,2,3,1
422,422,Ganesh Bhat,47,2,1,9,2
423,423,Suresh Kulkarni,22,9,5,2,2
424,424,Anitha Gowda,22,3,5,2,2
425,425,Lakshmi Kulkarni,25,5,5,6,2
426,426,Vijay Reddy,47,10,5,9,1
427,427,Priya Kumar,39,5,2,2,1
428,428,Suresh Kumar,47,7,3,5,1
429,429,Kavitha Kumar,42,10,4,9,2
430,430,Mahesh Nayak,26,5,4,5,1
431,431,Sunita Nayak,37,3,2,6,1
432,432,Anitha Gowda,24,5,1,10,2
433,433,Venkatesh Gowda,54,1,4,2,1
434,434,Vijay Kulkarni,65,7,4,3,1
435,435,Lakshmi Rao,29,9,1,4,1
436,436,Venkatesh Patil,24,8,4,6,2
437,437,Anitha Bhat,53,9,2,4,2
438,438,Lakshmi Bhat,28,2,4,3,2
439,439,Ganesh Patil,65,5,1,6,2
440,440,Anitha Kumar,31,5,2,6,1
441,441,Anitha Kulkarni,32,2,2,9,2
442,442,Priya Gowda,48,7,5,10,2
443,443,Sunita Bhat,26,3,1,10,2
444,444,Suresh Gowda,68,1,3,8,1
445,445,Venkatesh Hegde,37,10,4,7,2
446,446,Venkatesh Gowda,61,6,4,1,2
447,447,Ramesh Bhat,63,9,2,4,1
448,448,Ramesh Kumar,34,4,1,8,2
449,449,Venkatesh Shetty,46,10,4,4,1
450,450,Kavitha Reddy,30,1,1,2,2
451,451,Sunita Reddy,70,3,4,4,2
452,452,Vijay Pujari,46,1,1,10,1
453,453,Vijay Reddy,52,8,5,3,2
454,454,Kavitha Rao,57,7,3,7,1
455,455,Suresh Kulkarni,60,6,1,8,1
456,456,Vijay Hegde,33,8,3,10,1
457,457,Kavitha Reddy,27,7,5,9,1
458,458,Manjunath Reddy,65,9,4,5,1
459,459,Mahesh Rao,70,6,1,1,2
460,460,Venkatesh Patil,30,4,4,4,1
461,461,Priya Reddy,61,2,2,3,1
462,462,Lakshmi Gowda,46,6,5,5,1
463,463,Ramesh Hegde,29,2,4,10,1
464,464,Sunita Kulkarni,66,1,4,2,1
465,465,Mahesh Kumar,70,7,1,3,1
466,466,Suresh Deshmukh,32,2,3,3,2
467,467,Lakshmi Bhat,34,6,2,3,1
468,468,Lakshmi Reddy,36,7,1,2,1
469,469,Suresh Kumar,70,10,1,6,1
470,470,Ramesh Rao,50,8,1,3,2
471,471,Kavitha Nayak,30,4,1,5,2
472,472,Priya Deshmukh,22,8,1,9,2
473,473,Anitha Rao,39,4,1,10,1
474,474,Lakshmi Pujari,52,6,3,6,2
475,475,Lakshmi Kulkarni,66,3,4,8,1
476,476,Anitha Patil,38,7,3,8,1
477,477,Mahesh Kulkarni,48,3,3,8,2
478,478,Mahesh Bhat,38,4,3,8,2
479,479,Venkatesh Patil,50,4,3,3,1
480,480,Lakshmi Nayak,23,10,3,7,1
481,481,Lakshmi Rao,30,4,3,9,2
482,482,Sunita Kumar,64,8,3,10,1
483,483,Suresh Bhat,45,1,4,1,2
484,484,Kavitha Deshmukh,51,4,3,4,2
485,485,Kavitha Deshmukh,42,1,1,3,1
486,486,Sunita Deshmukh,63,10,1,4,1
487,487,Sunita Hegde,45,10,4,10,1
488,488,Mahesh Gowda,42,7,2,6,1
489,489,Venkatesh Deshmukh,51,10,4,6,1
490,490,Kavitha Deshmukh,63,10,2,2,1
491,491,Mahesh Hegde,70,4,1,9,2
492,492,Mahesh Bhat,66,4,3,2,1
493,493,Sunita Patil,59,1,4,9,1
494,494,Mahesh Nayak,35,6,5,7,2
495,495,Priya Shetty,33,10,4,5,1
496,496,Lakshmi Rao,56,2,4,1,2
497,497,Vijay Reddy,59,1,5,7,2
498,498,Ganesh Pujari,31,1,2,10,2
499,499,Mahesh Kulkarni,67,9,3,4,1
500,500,Lakshmi Patil,67,5,2,7,2
501,501,Vijay Bhat,42,3,1,1,1
502,502,Priya Deshmukh,49,2,1,9,2
503,503,Venkatesh Nayak,55,6,1,8,2
504,504,Ganesh Kumar,23,10,2,6,1
505,505,Sunita Patil,66,9,5,3,1
506,506,Anitha Kulkarni,48,6,1,1,1
507,507,Mahesh Reddy,50,5,5,1,1
508,508,Ramesh Shetty,31,5,5,6,2
509,509,Ganesh Hegde,23,3,1,8,2
510,510,Priya Hegde,55,7,3,8,2
511,511,Vijay Rao,54,8,5,6,1
512,512,Venkatesh Deshmukh,43,6,5,8,1
513,513,Sunita Bhat,23,6,2,10,1
514,514,Lakshmi Kumar,40,1,2,10,2
515,515,Suresh Shetty,69,7,3,3,2
516,516,Suresh Kulkarni,25,1,4,10,1
517,517,Anitha Kulkarni,26,7,3,8,2
518,518,Vijay Hegde,62,9,4,10,1
519,519,Priya Patil,21,8,5,9,1
520,520,Vijay Rao,28,1,1,3,1
521,521,Kavitha Gowda,40,9,4,6,2
522,522,Manjunath Shetty,66,4,4,3,2
523,523,Ganesh Pujari,32,8,1,3,1
524,524,Priya Bhat,28,7,3,5,2
525,525,Sunita Reddy,54,7,3,6,1
526,526,Kavitha Hegde,36,1,5,8,1
527,527,Manjunath Patil,54,9,1,6,1
528,528,Vijay Rao,58,7,3,1,1
529,529,Venkatesh Kulkarni,38,4,1,6,2
530,530,Manjunath Kulkarni,60,8,1,10,2
531,531,Manjunath Gowda,29,8,2,7,1
532,532,Mahesh Deshmukh,63,4,1,5,1
533,533,Anitha Gowda,32,9,1,5,2
534,534,Mahesh Shetty,62,2,4,7,2
535,535,Venkatesh Patil,70,5,5,7,1
536,536,Suresh Bhat,57,4,2,8,1
537,537,Sunita Bhat,45,4,5,9,2
538,538,Manjunath Nayak,44,7,5,7,2
539,539,Kavitha Gowda,30,1,1,7,1
540,540,Kavitha Reddy,27,7,4,1,2
541,541,Suresh Pujari,68,6,2,10,1
542,542,Vijay Reddy,36,3,3,1,1
543,543,Sunita Bhat,54,2,5,1,1
544,544,Ganesh Kulkarni,59,10,3,5,2
545,545,Mahesh Patil,29,9,3,1,1
546,546,Manjunath Hegde,38,1,4,2,1
547,547,Suresh Pujari,66,9,4,4,2
548,548,Priya Hegde,48,3,4,4,1
549,549,Mahesh Reddy,47,5,4,4,1
550,550,Anitha Reddy,40,6,1,9,2
551,551,Mahesh Patil,31,4,5,8,1
552,552,Ramesh Gowda,33,5,1,5,1
553,553,Suresh Bhat,40,10,2,4,1
554,554,Kavitha Deshmukh,36,1,5,5,1
555,555,Vijay Gowda,42,6,3,7,2
556,556,Priya Deshmukh,61,5,4,1,2
557,557,Ganesh Rao,32,9,5,6,1
558,558,Priya Shetty,40,10,1,3,2
559,559,Priya Kulkarni,39,9,5,8,2
560,560,Manjunath Rao,59,5,3,5,1
561,561,Anitha Pujari,67,6,2,10,2
562,562,Ganesh Rao,46,3,5,4,1
563,563,Kavitha Kulkarni,24,2,1,5,2
564,564,Priya Hegde,49,2,4,10,2
565,565,Kavitha Shetty,59,10,3,8,1
566,566,Mahesh Kumar,64,5,3,7,2
567,567,Sunita Kumar,47,6,2,7,2
568,568,Priya Pujari,69,8,2,9,2
569,569,Mahesh Kumar,50,10,1,3,1
570,570,Vijay Gowda,25,2,3,8,2
571,571,Sunita Patil,59,9,4,8,1
572,572,Ganesh Rao,33,6,4,8,1
573,573,Anitha Pujari,47,7,5,7,2
574,574,Venkatesh Pujari,44,5,5,7,1
575,575,Priya Hegde,70,6,2,9,2
576,576,Ganesh Bhat,53,7,1,7,1
577,577,Manjunath Hegde,69,4,4,3,1
578,578,Venkatesh Nayak,67,10,3,1,2
579,579,Suresh Patil,62,10,1,4,1
580,580,Ramesh Rao,39,4,5,1,1
581,581,Suresh Deshmukh,43,4,2,7,1
582,582,Mahesh Patil,70,10,4,4,2
583,583,Lakshmi Gowda,55,8,4,8,1
584,584,Ramesh Reddy,43,8,2,5,1
585,585,Lakshmi Nayak,37,8,3,2,1
586,586,Ganesh Shetty,49,1,2,7,2
587,587,Ganesh Hegde,63,10,1,8,1
588,588,Vijay Hegde,25,2,3,4,2
589,589,Ramesh Rao,36,1,2,2,2
590,590,Suresh Gowda,61,6,2,7,2
591,591,Kavitha Bhat,53,5,5,4,1
592,592,Sunita Nayak,23,8,3,8,1
593,593,Suresh Reddy,68,10,3,8,2
594,594,Ramesh Rao,39,10,5,4,1
595,595,Venkatesh Hegde,24,1,5,9,2
596,596,Sunita Nayak,60,6,4,7,2
597,597,Mahesh Deshmukh,65,5,1,7,2
598,598,Sunita Pujari,27,3,3,4,2
599,599,Sunita Hegde,22,6,1,2,2
600,600,Suresh Deshmukh,61,10,2,8,2
601,601,Vijay Kulkarni,62,10,4,6,1
602,602,Ganesh Shetty,64,5,3,4,1
603,603,Vijay Rao,24,7,4,1,1
604,604,Anitha Gowda,58,3,2,6,1
605,605,Manjunath Rao,61,8,4,6,1
606,606,Priya Pujari,67,9,1,6,2
607,607,Suresh Deshmukh,35,7,4,4,1
608,608,Lakshmi Shetty,37,3,1,4,2
609,609,Vijay Rao,52,2,4,10,1
610,610,Vijay Bhat,30,3,1,5,1
611,611,Mahesh Rao,70,7,3,7,1
612,612,Sunita Pujari,40,1,4,7,2
613,613,Venkatesh Gowda,60,3,1,10,2
614,614,Lakshmi Gowda,42,9,1,6,2
615,615,Lakshmi Kulkarni,52,4,2,7,1
616,616,Suresh Shetty,39,7,4,7,2
617,617,Ramesh Hegde,46,9,1,8,1
618,618,Priya Bhat,54,9,4,9,1
619,619,Venkatesh Hegde,62,1,3,2,2
620,620,Vijay Shetty,31,6,2,3,2
621,621,Ramesh Deshmukh,21,6,4,4,1
622,622,Sunita Pujari,45,5,4,10,2
623,623,Anitha Kulkarni,33,2,1,4,1
624,624,Ganesh Patil,32,4,5,5,2
625,625,Lakshmi Gowda,60,3,2,3,2
626,626,Ganesh Rao,64,8,4,10,2
627,627,Mahesh Rao,24,4,5,6,1
628,628,Venkatesh Bhat,68,6,3,1,2
629,629,Kavitha Deshmukh,44,6,1,2,1
630,630,Anitha Shetty,35,7,2,5,1
631,631,Lakshmi Bhat,63,10,1,1,2
632,632,Priya Kulkarni,33,9,3,1,1
633,633,Ramesh Hegde,65,8,5,4,2
634,634,Suresh Hegde,52,7,2,4,2
635,635,Ramesh Deshmukh,31,10,5,2,2
636,636,Ramesh Nayak,26,8,3,6,2
637,637,Manjunath Kumar,34,8,1,1,2
638,638,Anitha Patil,66,5,1,10,2
639,639,Lakshmi Shetty,67,1,4,1,2
640,640,Vijay Hegde,59,6,5,10,1
641,641,Manjunath Patil,61,6,1,6,1
642,642,Anitha Rao,67,1,3,4,1
643,643,Priya Kumar,42,1,3,6,2
644,644,Suresh Gowda,58,10,1,3,2
645,645,Sunita Nayak,53,6,4,5,1
646,646,Ganesh Pujari,35,4,4,1,2
647,647,Anitha Kulkarni,27,7,3,1,1
648,648,Suresh Shetty,32,7,5,3,2
649,649,Anitha Reddy,33,2,4,10,2
650,650,Suresh Nayak,61,5,1,2,1
651,651,Venkatesh Reddy,28,8,1,3,1
652,652,Manjunath Bhat,35,6,2,10,1
653,653,Suresh Nayak,69,6,5,5,2
654,654,Mahesh Shetty,57,10,3,10,1
655,655,Lakshmi Deshmukh,27,9,5,4,1
656,656,Mahesh Kulkarni,67,6,2,4,2
657,657,Vijay Shetty,54,4,1,6,1
658,658,Kavitha Rao,33,6,3,7,1
659,659,Ganesh Gowda,22,8,2,9,1
660,660,Anitha Patil,26,4,4,10,1
661,661,Anitha Kulkarni,33,4,5,7,1
662,662,Sunita Kumar,30,9,4,10,1
663,663,Sunita Shetty,68,4,2,5,2
664,664,Ganesh Kulkarni,38,1,1,1,1
665,665,Sunita Shetty,55,5,4,6,2
666,666,Sunita Rao,70,4,3,5,1
667,667,Manjunath Kulkarni,34,4,1,8,2
668,668,Kavitha Hegde,63,4,3,7,1
669,669,Ganesh Kulkarni,65,8,4,2,1
670,670,Kavitha Gowda,43,1,1,10,2
671,671,Lakshmi Patil,23,9,3,1,1
672,672,Kavitha Nayak,50,1,2,3,1
673,673,Kavitha Nayak,32,7,5,4,1
674,674,Kavitha Shetty,36,3,1,4,1
675,675,Suresh Patil,60,3,1,1,1
676,676,Kavitha Patil,22,4,4,9,1
677,677,Priya Kumar,65,1,2,3,2
678,678,Manjunath Kumar,62,6,4,1,2
679,679,Venkatesh Bhat,54,5,3,10,1
680,680,Manjunath Kumar,64,10,4,7,1
681,681,Sunita Deshmukh,21,1,1,9,2
682,682,Anitha Bhat,48,10,5,2,1
683,683,Venkatesh Pujari,21,8,1,2,2
684,684,Priya Shetty,59,7,4,9,1
685,685,Venkatesh Shetty,35,6,1,10,2
686,686,Priya Hegde,66,1,2,3,2
687,687,Ramesh Bhat,64,5,2,4,2
688,688,Vijay Reddy,44,3,2,2,1
689,689,Ganesh Hegde,51,2,2,8,2
690,690,Ganesh Pujari,39,8,5,7,1
691,691,Mahesh Pujari,50,3,3,8,2
692,692,Vijay Kulkarni,31,5,5,1,1
693,693,Manjunath Pujari,59,10,3,6,2
694,694,Kavitha Nayak,45,5,4,5,2
695,695,Vijay Shetty,49,10,2,8,1
696,696,Kavitha Reddy,70,3,5,7,1
697,697,Suresh Deshmukh,58,9,1,1,2
698,698,Kavitha Bhat,42,3,1,8,2
699,699,Ganesh Kumar,29,4,4,6,2
700,700,Manjunath Bhat,23,2,3,8,1
701,701,Manjunath Rao,30,1,2,3,1
702,702,Kavitha Shetty,43,1,2,1,1
703,703,Priya Deshmukh,62,4,3,5,1
704,704,Anitha Gowda,40,9,4,7,1
705,705,Vijay Pujari,32,1,5,3,1
706,706,Venkatesh Deshmukh,38,3,1,2,1
707,707,Ganesh Patil,67,1,2,5,2
708,708,Suresh Deshmukh,27,7,1,4,1
709,709,Ramesh Reddy,24,3,4,8,1
710,710,Kavitha Deshmukh,22,6,2,1,2
711,711,Sunita Hegde,59,3,3,10,2
712,712,Manjunath Deshmukh,51,3,1,4,2
713,713,Ganesh Rao,33,1,3,8,1
714,714,Manjunath Bhat,51,1,5,10,2
715,715,Ganesh Hegde,42,7,5,6,2
716,716,Kavitha Pujari,55,10,2,7,2
717,717,Kavitha Gowda,43,10,1,1,1
718,718,Ganesh Bhat,34,3,5,3,2
719,719,Suresh Shetty,45,2,3,10,2
720,720,Suresh Pujari,53,8,1,2,2
721,721,Lakshmi Nayak,69,8,2,4,2
722,722,Sunita Deshmukh,54,6,4,1,2
723,723,Mahesh Gowda,47,8,5,3,2
724,724,Ramesh Patil,60,6,5,9,1
725,725,Sunita Pujari,46,9,4,8,1
726,726,Lakshmi Gowda,54,5,5,3,1
727,727,Ramesh Rao,43,1,2,1,1
728,728,Mahesh Kulkarni,26,3,3,1,2
729,729,Priya Reddy,64,2,3,2,2
730,730,Ganesh Shetty,27,10,3,7,2
731,731,Ganesh Kulkarni,51,5,4,8,1
732,732,Anitha Hegde,45,4,5,10,1
733,733,Vijay Patil,68,8,2,7,1
734,734,Priya Deshmukh,28,10,1,5,2
735,735,Ganesh Reddy,54,2,1,8,2
736,736,Mahesh Rao,44,3,5,4,2
737,737,Vijay Hegde,54,10,2,9,1
738,738,Venkatesh Gowda,37,2,1,10,2
739,739,Lakshmi Nayak,69,7,1,2,1
740,740,Ganesh Deshmukh,60,9,5,9,2
741,741,Vijay Reddy,28,2,2,2,2
742,742,Anitha Bhat,36,2,1,8,1
743,743,Lakshmi Bhat,34,1,1,9,1
744,744,Sunita Deshmukh,37,5,2,1,2
745,745,Manjunath Rao,45,8,2,3,2
746,746,Priya Bhat,60,9,5,5,1
747,747,Vijay Shetty,53,6,1,3,1
748,748,Suresh Bhat,64,1,5,7,2
749,749,Kavitha Patil,38,6,2,5,1
750,750,Manjunath Bhat,26,7,5,4,1
751,751,Venkatesh Kumar,50,9,3,10,1
752,752,Lakshmi Rao,58,9,1,6,1
753,753,Suresh Kulkarni,50,3,4,6,2
754,754,Ganesh Kumar,65,6,3,3,2
755,755,Ramesh Nayak,32,8,3,2,2
756,756,Ramesh Nayak,53,5,2,2,2
757,757,Ganesh Kulkarni,28,2,3,4,2
758,758,Suresh Shetty,55,9,1,6,1
759,759,Ganesh Rao,23,6,4,10,2
760,760,Vijay Rao,52,2,4,9,2
761,761,Sunita Deshmukh,44,1,4,1,2
762,762,Mahesh Rao,60,8,4,1,1
763,763,Sunita Nayak,59,9,2,8,2
764,764,Suresh Patil,21,9,2,9,2
765,765,Vijay Shetty,54,7,4,1,1
766,766,Priya Gowda,37,10,2,8,1
767,767,Ganesh Hegde,45,10,2,7,2
768,768,Vijay Reddy,35,10,4,8,1
769,769,Lakshmi Shetty,52,7,3,9,1
770,770,Suresh Reddy,34,2,2,7,1
771,771,Vijay Nayak,66,4,3,4,2
772,772,Kavitha Rao,69,2,4,4,2
773,773,Lakshmi Bhat,34,6,4,8,2
774,774,Ramesh Bhat,57,8,5,2,2
775,775,Ramesh Nayak,52,5,4,5,2
776,776,Manjunath Rao,61,9,3,8,2
777,777,Ramesh Shetty,30,7,4,4,2
778,778,Ganesh Kulkarni,32,10,5,4,1
779,779,Mahesh Pujari,24,3,2,5,2
780,780,Vijay Gowda,68,7,3,4,2
781,781,Venkatesh Hegde,58,3,5,5,1
782,782,Kavitha Kumar,30,3,1,6,1
783,783,Manjunath Nayak,41,9,4,2,1
784,784,Lakshmi Pujari,68,10,3,1,2
785,785,Suresh Reddy,63,3,1,9,1
786,786,Ganesh Shetty,27,7,3,2,1
787,787,Ramesh Hegde,36,6,2,5,1
788,788,Kavitha Patil,48,6,2,3,1
789,789,Venkatesh Reddy,52,5,4,2,2
790,790,Kavitha Reddy,38,7,3,4,2
791,791,Manjunath Hegde,31,9,4,7,2
792,792,Priya Pujari,26,10,1,5,1
793,793,Ganesh Gowda,50,6,4,8,1
794,794,Sunita Patil,56,8,1,10,2
795,795,Lakshmi Gowda,61,8,2,9,2
796,796,Mahesh Reddy,65,8,2,6,1
797,797,Lakshmi Reddy,44,3,1,9,2
798,798,Kavitha Bhat,25,1,4,10,1
799,799,Priya Kumar,37,4,1,6,2
800,800,Suresh Rao,51,2,4,7,1
801,801,Sunita Nayak,35,9,5,10,1
802,802,Venkatesh Kumar,21,9,4,4,2
803,803,Vijay Rao,37,8,3,10,2
804,804,Priya Deshmukh,44,9,1,10,2
805,805,Vijay Pujari,65,2,5,7,1
806,806,Sunita Nayak,36,10,4,7,1
807,807,Lakshmi Kumar,27,2,5,6,2
808,808,Manjunath Gowda,32,4,2,5,2
809,809,Ganesh Nayak,37,4,1,4,1
810,810,Suresh Kulkarni,54,5,5,6,2
811,811,Mahesh Nayak,21,3,1,3,1
812,812,Manjunath Pujari,58,7,4,1,2
813,813,Sunita Rao,46,1,4,5,1
814,814,Sunita Shetty,45,7,2,10,2
815,815,Priya Shetty,35,3,1,6,1
816,816,Venkatesh Kulkarni,31,6,5,9,2
817,817,Vijay Patil,58,3,1,10,1
818,818,Suresh Gowda,42,3,4,9,1
819,819,Priya Bhat,70,8,4,2,2
820,820,Manjunath Shetty,43,5,5,9,1
821,821,Manjunath Nayak,68,10,2,8,1
822,822,Sunita Rao,48,10,5,4,2
823,823,Vijay Patil,28,7,4,9,1
824,824,Lakshmi Pujari,68,8,5,4,1
825,825,Suresh Deshmukh,23,9,4,3,2
826,826,Venkatesh Hegde,42,7,1,10,1
827,827,Lakshmi Reddy,56,10,5,5,2
828,828,Manjunath Patil,56,5,4,9,2
829,829,Venkatesh Pujari,45,2,3,8,1
830,830,Anitha Deshmukh,35,1,3,2,1
831,831,Venkatesh Nayak,32,5,1,8,1
832,832,Sunita Pujari,49,4,4,8,2
833,833,Mahesh Pujari,35,1,4,10,1
834,834,Lakshmi Pujari,65,3,1,8,2
835,835,Venkatesh Patil,40,10,5,6,1
836,836,Priya Nayak,29,2,3,10,2
837,837,Anitha Shetty,26,8,2,4,2
838,838,Anitha Rao,51,1,4,6,2
839,839,Manjunath Patil,67,6,3,8,2
840,840,Suresh Kumar,47,4,5,3,2
841,841,Sunita Kumar,56,8,3,1,2
842,842,Venkatesh Patil,53,6,4,2,2
843,843,Priya Kulkarni,29,1,4,4,2
844,844,Venkatesh Nayak,54,4,1,10,2
845,845,Kavitha Rao,68,5,2,3,2
846,846,Kavitha Bhat,50,1,4,9,2
847,847,Ramesh Deshmukh,37,9,1,4,2
848,848,Sunita Kumar,57,1,4,9,1
849,849,Suresh Hegde,64,6,1,7,2
850,850,Lakshmi Pujari,50,5,3,6,1
851,851,Sunita Patil,67,2,4,4,1
852,852,Ganesh Kulkarni,27,3,2,9,2
853,853,Venkatesh Patil,49,1,1,3,1
854,854,Sunita Shetty,44,10,4,10,1
855,855,Ramesh Bhat,37,3,1,7,1
856,856,Ramesh Patil,41,6,4,2,1
857,857,Priya Rao,32,5,2,6,2
858,858,Kavitha Nayak,60,6,2,5,1
859,859,Ganesh Reddy,68,3,1,10,2
860,860,Priya Gowda,25,6,3,1,2
861,861,Kavitha Kulkarni,24,10,4,8,2
862,862,Sunita Kulkarni,22,7,3,3,1
863,863,Kavitha Kumar,22,8,4,3,1
864,864,Anitha Gowda,29,8,3,10,1
865,865,Anitha Kulkarni,23,3,1,10,2
866,866,Suresh Kulkarni,30,8,4,9,2
867,867,Vijay Gowda,36,3,5,5,2
868,868,Ganesh Gowda,21,8,3,7,2
869,869,Vijay Pujari,40,9,2,9,1
870,870,Mahesh Pujari,65,5,2,10,2
871,871,Manjunath Shetty,38,1,2,8,1
872,872,Suresh Reddy,38,10,1,4,1
873,873,Mahesh Bhat,68,9,4,9,1
874,874,Sunita Kulkarni,54,3,1,1,1
875,875,Mahesh Gowda,53,8,1,5,1
876,876,Anitha Pujari,25,2,2,1,2
877,877,Ramesh Kumar,35,3,2,2,2
878,878,Ramesh Hegde,59,2,4,6,1
879,879,Venkatesh Reddy,48,9,4,7,2
880,880,Manjunath Nayak,30,10,1,3,2
881,881,Lakshmi Shetty,41,5,4,1,2
882,882,Kavitha Bhat,34,10,2,1,2
883,883,Ramesh Patil,50,1,5,5,2
884,884,Anitha Pujari,51,8,4,5,1
885,885,Lakshmi Kumar,59,2,3,8,2
886,886,Lakshmi Kulkarni,68,2,3,1,2
887,887,Ramesh Patil,38,10,3,8,2
888,888,Mahesh Rao,37,6,5,6,2
889,889,Venkatesh Reddy,46,4,5,6,1
890,890,Anitha Deshmukh,65,5,5,8,2
891,891,Ganesh Shetty,57,2,5,9,1
892,892,Ganesh Kumar,42,3,3,8,2
893,893,Sunita Rao,62,10,4,4,2
894,894,Ganesh Gowda,48,4,4,8,2
895,895,Manjunath Patil,49,10,5,10,1
896,896,Anitha Deshmukh,24,5,5,8,2
897,897,Venkatesh Hegde,36,9,3,1,1
898,898,Anitha Bhat,56,7,3,10,2
899,899,Priya Kulkarni,51,6,1,10,2
900,900,Manjunath Deshmukh,66,8,4,2,2
901,901,Venkatesh Deshmukh,38,2,2,1,2
902,902,Anitha Kulkarni,36,2,2,6,2
903,903,Priya Kumar,31,1,1,9,1
904,904,Kavitha Pujari,47,6,3,3,2
905,905,Mahesh Kulkarni,66,5,2,7,2
906,906,Ganesh Hegde,47,9,1,4,1
907,907,Suresh Nayak,34,10,4,10,1
908,908,Sunita Shetty,24,9,2,9,1
909,909,Suresh Bhat,22,8,3,7,1
910,910,Kavitha Gowda,41,4,3,4,1
911,911,Mahesh Nayak,32,1,1,4,1
912,912,Manjunath Nayak,48,5,1,4,1
913,913,Ramesh Deshmukh,56,2,1,10,1
914,914,Vijay Bhat,68,4,4,9,1
915,915,Suresh Kumar,42,4,1,5,2
916,916,Lakshmi Reddy,32,10,4,10,2
917,917,Vijay Reddy,66,2,4,8,2
918,918,Vijay Bhat,27,6,4,6,1
919,919,Suresh Hegde,29,2,2,1,1
920,920,Priya Gowda,57,5,3,8,1
921,921,Mahesh Rao,32,1,3,3,2
922,922,Suresh Pujari,27,5,3,9,2
923,923,Venkatesh Pujari,35,5,3,6,2
924,924,Suresh Hegde,34,3,3,10,1
925,925,Kavitha Hegde,50,1,1,4,2
926,926,Priya Patil,63,5,3,1,1
927,927,Sunita Deshmukh,38,1,2,7,1
928,928,Ganesh Hegde,64,1,5,2,2
929,929,Ramesh Nayak,58,4,2,7,2
930,930,Priya Deshmukh,28,4,2,1,2
931,931,Lakshmi Deshmukh,26,5,4,1,2
932,932,Manjunath Kulkarni,53,7,5,10,2
933,933,Lakshmi Reddy,35,7,5,4,2
934,934,Lakshmi Reddy,70,4,1,1,1
935,935,Lakshmi Nayak,62,3,2,8,2
936,936,Suresh Nayak,43,7,5,9,1
937,937,Vijay Patil,44,4,5,5,2
938,938,Manjunath Kumar,26,7,2,7,2
939,939,Manjunath Bhat,41,1,5,5,2
940,940,Priya Kulkarni,52,3,4,3,1
941,941,Vijay Nayak,63,2,2,10,1
942,942,Suresh Gowda,53,3,3,5,2
943,943,Venkatesh Deshmukh,38,9,1,4,2
944,944,Anitha Patil,21,3,4,4,2
945,945,Mahesh Reddy,26,10,1,6,1
946,946,Venkatesh Shetty,31,7,2,4,1
947,947,Mahesh Hegde,34,5,4,8,1
948,948,Mahesh Rao,55,6,5,3,2
949,949,Anitha Patil,67,6,4,7,1
950,950,Lakshmi Gowda,42,2,1,10,2
951,951,Anitha Rao,65,8,1,8,2
952,952,Vijay Reddy,54,6,4,7,2
953,953,Ramesh Nayak,28,3,2,10,1
954,954,Anitha Pujari,70,4,4,6,1
955,955,Vijay Deshmukh,60,4,3,4,1
956,956,Kavitha Rao,68,10,3,1,1
957,957,Kavitha Pujari,66,6,3,5,1
958,958,Anitha Patil,67,10,4,1,1
959,959,Anitha Nayak,55,7,4,6,2
960,960,Ganesh Hegde,62,3,3,3,1
961,961,Venkatesh Deshmukh,58,5,1,3,1
962,962,Priya Patil,41,4,4,7,1
963,963,Lakshmi Hegde,48,2,1,10,1
964,964,Mahesh Patil,44,8,5,9,1
965,965,Lakshmi Nayak,40,8,1,5,2
966,966,Manjunath Bhat,31,8,2,9,1
967,967,Manjunath Rao,48,1,4,5,1
968,968,Sunita Hegde,26,4,2,10,2
969,969,Mahesh Patil,43,6,4,2,1
970,970,Ganesh Deshmukh,65,1,5,9,2
971,971,Ganesh Kulkarni,47,8,1,9,2
972,972,Anitha Kulkarni,68,8,1,1,2
973,973,Ganesh Rao,50,8,2,2,2
974,974,Mahesh Gowda,35,9,5,5,2
975,975,Sunita Pujari,41,7,3,3,1
976,976,Mahesh Shetty,65,4,1,3,1
977,977,Manjunath Hegde,24,9,1,9,1
978,978,Ganesh Hegde,62,2,2,9,1
979,979,Suresh Shetty,53,5,2,7,1
980,980,Mahesh Patil,66,3,4,6,1
981,981,Manjunath Reddy,38,2,1,3,2
982,982,Manjunath Hegde,44,1,3,7,2
983,983,Sunita Hegde,41,7,4,5,1
984,984,Kavitha Hegde,54,8,4,4,1
985,985,Sunita Nayak,41,10,4,2,1
986,986,Suresh Hegde,66,8,2,9,1
987,987,Manjunath Nayak,33,10,2,3,2
988,988,Suresh Gowda,24,10,4,9,2
989,989,Venkatesh Patil,62,1,3,8,2
990,990,Ganesh Gowda,43,7,2,9,2
991,991,Ganesh Hegde,39,9,1,10,2
992,992,Suresh Hegde,64,10,1,1,1
993,993,Manjunath Deshmukh,41,5,5,7,1
994,994,Suresh Nayak,27,4,5,1,2
995,995,Lakshmi Patil,63,7,2,6,2
996,996,Priya Reddy,54,7,5,9,2
997,997,Priya Deshmukh,60,6,4,4,2
998,998,Suresh Gowda,47,7,2,2,2
999,999,Suresh Patil,48,2,2,4,2
1000,1000,Mahesh Reddy,23,7,3,5,2
1001,1001,Venkatesh Shetty,41,2,1,9,2
1002,1002,Priya Reddy,59,1,4,2,1
1003,1003,Ramesh Bhat,48,2,4,2,2
1004,1004,Mahesh Rao,55,7,5,5,2
1005,1005,Manjunath Kumar,66,9,2,5,1
1006,1006,Lakshmi Pujari,60,4,5,10,2
1007,1007,Ganesh Nayak,53,3,3,5,2
1008,1008,Mahesh Kumar,22,10,2,2,2
1009,1009,Anitha Nayak,60,1,3,3,1
1010,1010,Mahesh Kumar,63,10,4,3,2
1011,1011,Sunita Shetty,64,2,5,8,2
1012,1012,Anitha Shetty,31,1,3,7,1
1013,1013,Sunita Kulkarni,70,10,1,6,1
1014,1014,Manjunath Bhat,67,3,2,9,2
1015,1015,Venkatesh Rao,54,7,1,8,2
1016,1016,Mahesh Patil,42,5,4,4,1
1017,1017,Vijay Kulkarni,30,9,2,2,1
1018,1018,Kavitha Bhat,41,8,1,3,2
1019,1019,Ganesh Nayak,61,2,4,6,2
1020,1020,Mahesh Deshmukh,22,7,3,7,2
1021,1021,Kavitha Pujari,34,8,2,8,2
1022,1022,Sunita Kumar,37,8,1,5,2
1023,1023,Mahesh Hegde,69,9,3,9,1
1024,1024,Manjunath Rao,58,10,1,1,2
1025,1025,Priya Nayak,61,9,5,4,1
1026,1026,Kavitha Shetty,50,8,3,4,2
1027,1027,Vijay Kumar,21,9,4,3,2
1028,1028,Manjunath Kulkarni,69,10,5,5,1
1029,1029,Lakshmi Reddy,66,1,4,2,2
1030,1030,Suresh Rao,46,8,5,2,2
1031,1031,Venkatesh Kumar,62,10,2,10,2
1032,1032,Venkatesh Kumar,46,7,4,7,1
1033,1033,Manjunath Nayak,48,5,4,7,1
1034,1034,Anitha Bhat,41,4,2,2,2
1035,1035,Manjunath Nayak,51,10,2,10,1
1036,1036,Ganesh Bhat,55,4,2,1,1
1037,1037,Suresh Bhat,62,7,4,7,2
1038,1038,Manjunath Pujari,55,10,2,9,1
1039,1039,Mahesh Nayak,24,1,5,1,1
1040,1040,Ramesh Reddy,57,7,3,5,1
1041,1041,Vijay Shetty,23,8,2,7,2
1042,1042,Vijay Deshmukh,45,8,1,9,2
1043,1043,Sunita Deshmukh,21,7,1,2,1
1044,1044,Kavitha Deshmukh,23,4,4,6,1
1045,1045,Ramesh Kumar,39,7,4,3,1
1046,1046,Manjunath Pujari,33,2,3,1,1
1047,1047,Anitha Nayak,24,7,1,4,1
1048,1048,Venkatesh Reddy,27,4,3,1,1
1049,1049,Mahesh Hegde,33,9,3,9,2
1050,1050,Vijay Reddy,21,9,4,7,2
1051,1051,Venkatesh Gowda,37,3,2,6,2
1052,1052,Venkatesh Patil,48,1,2,5,2
1053,1053,Venkatesh Shetty,37,1,4,6,2
1054,1054,Sunita Kulkarni,36,6,1,2,2
1055,1055,Priya Kulkarni,61,8,5,9,2
1056,1056,Ganesh Kumar,27,2,5,9,2
1057,1057,Venkatesh Hegde,24,5,4,5,1
1058,1058,Anitha Kumar,54,9,3,10,1
1059,1059,Venkatesh Bhat,67,4,4,8,1
1060,1060,Sunita Patil,26,8,1,7,1
1061,1061,Lakshmi Reddy,38,1,1,8,1
1062,1062,Manjunath Kulkarni,56,4,3,4,1
1063,1063,Ganesh Bhat,39,7,1,7,2
1064,1064,Venkatesh Nayak,31,1,4,5,2
1065,1065,Priya Kumar,64,1,1,6,1
1066,1066,Mahesh Reddy,68,10,2,1,2
1067,1067,Lakshmi Rao,57,7,1,9,1
1068,1068,Anitha Hegde,63,10,5,3,1
1069,1069,Sunita Pujari,57,7,5,6,2
1070,1070,Venkatesh Deshmukh,59,5,5,7,1
1071,1071,Lakshmi Kulkarni,22,2,4,10,2
1072,1072,Venkatesh Rao,62,4,1,9,2
1073,1073,Suresh Deshmukh,50,3,3,5,2
1074,1074,Manjunath Rao,32,1,1,8,2
1075,1075,Priya Bhat,39,8,2,9,1
1076,1076,Priya Pujari,30,8,3,9,1
1077,1077,Ramesh Reddy,63,4,2,6,1
1078,1078,Venkatesh Nayak,62,5,4,9,2
1079,1079,Priya Rao,61,10,5,1,1
1080,1080,Manjunath Shetty,55,9,3,10,1
1081,1081,Anitha Kumar,63,10,4,2,2
1082,1082,Priya Nayak,50,10,2,5,1
1083,1083,Vijay Reddy,38,5,3,3,2
1084,1084,Sunita Nayak,64,3,1,3,2
1085,1085,Ganesh Patil,24,5,1,6,1
1086,1086,Ganesh Reddy,64,8,1,1,1
1087,1087,Ganesh Reddy,25,8,5,9,2
1088,1088,Vijay Reddy,52,5,1,7,2
1089,1089,Ramesh Hegde,63,9,4,1,2
1090,1090,Anitha Rao,30,10,4,6,1
1091,1091,Mahesh Patil,30,1,2,4,1
1092,1092,Vijay Shetty,65,3,2,5,1
1093,1093,Mahesh Bhat,23,6,4,6,1
1094,1094,Manjunath Shetty,42,7,2,10,1
1095,1095,Anitha Deshmukh,40,8,2,3,2
1096,1096,Priya Gowda,60,9,5,9,1
1097,1097,Priya Hegde,40,3,5,3,1
1098,1098,Mahesh Hegde,51,4,3,6,2
1099,1099,Kavitha Rao,55,2,4,9,2
1100,1100,Anitha Pujari,52,5,3,2,1
1101,1101,Manjunath Kumar,41,8,2,9,1
1102,1102,Sunita Deshmukh,22,2,3,4,2
1103,1103,Sunita Pujari,50,5,2,1,1
1104,1104,Manjunath Bhat,57,8,3,6,2
1105,1105,Suresh Pujari,38,9,2,2,2
1106,1106,Ramesh Nayak,45,3,1,2,1
1107,1107,Ramesh Patil,28,6,2,3,2
1108,1108,Suresh Deshmukh,48,7,1,7,2
1109,1109,Manjunath Shetty,30,8,5,4,2
1110,1110,Vijay Shetty,66,1,1,7,1
1111,1111,Priya Nayak,37,3,3,8,2
1112,1112,Kavitha Deshmukh,42,6,2,7,2
1113,1113,Lakshmi Deshmukh,58,2,1,7,2
1114,1114,Priya Rao,63,4,4,6,1
1115,1115,Mahesh Gowda,23,3,4,7,1
1116,1116,Suresh Hegde,26,9,1,10,2
1117,1117,Kavitha Kumar,28,9,4,5,2
1118,1118,Suresh Shetty,68,3,2,9,2
1119,1119,Ganesh Rao,22,5,5,9,2
1120,1120,Sunita Kulkarni,57,5,1,1,2
1121,1121,Venkatesh Rao,29,4,2,4,2
1122,1122,Venkatesh Rao,58,5,5,10,1
1123,1123,Vijay Gowda,50,8,4,2,1
1124,1124,Mahesh Rao,66,7,4,3,2
1125,1125,Ramesh Hegde,51,8,1,3,2
1126,1126,Ramesh Kulkarni,56,4,2,5,2
1127,1127,Ganesh Kumar,53,1,5,6,2
1128,1128,Ramesh Kulkarni,52,3,5,7,2
1129,1129,Kavitha Pujari,49,3,2,3,2
1130,1130,Ramesh Pujari,58,8,4,3,2
1131,1131,Venkatesh Nayak,58,10,1,2,1
1132,1132,Priya Hegde,47,6,3,9,2
1133,1133,Suresh Reddy,36,9,3,8,2
1134,1134,Sunita Patil,53,10,1,8,1
1135,1135,Suresh Gowda,60,5,4,5,2
1136,1136,Suresh Rao,40,7,2,2,1
1137,1137,Suresh Bhat,22,10,3,8,1
1138,1138,Mahesh Pujari,49,1,4,2,1
1139,1139,Ganesh Reddy,43,8,2,9,1
1140,1140,Suresh Reddy,70,8,5,1,1
1141,1141,Manjunath Deshmukh,52,7,2,10,1
1142,1142,Ramesh Rao,32,9,1,9,1
1143,1143,Vijay Shetty,34,5,5,9,2
1144,1144,Suresh Rao,66,4,1,5,1
1145,1145,Sunita Kumar,68,8,2,6,2
1146,1146,Lakshmi Kulkarni,40,5,1,1,1
1147,1147,Anitha Deshmukh,48,1,5,7,1
1148,1148,Sunita Nayak,40,1,5,1,1
1149,1149,Vijay Reddy,28,2,5,6,2
1150,1150,Ramesh Deshmukh,60,4,5,8,2
1151,1151,Venkatesh Kulkarni,61,4,5,8,2
1152,1152,Ramesh Shetty,68,2,1,9,1
1153,1153,Mahesh Shetty,66,10,1,4,1
1154,1154,Priya Deshmukh,37,4,5,7,1
1155,1155,Sunita Gowda,52,3,2,3,2
1156,1156,Venkatesh Hegde,64,4,3,7,2
1157,1157,Ganesh Pujari,53,10,3,6,1
1158,1158,Ganesh Pujari,50,2,1,3,1
1159,1159,Anitha Bhat,50,10,1,4,1
1160,1160,Mahesh Patil,47,4,1,6,1
1161,1161,Venkatesh Deshmukh,69,4,2,6,2
1162,1162,Ramesh Patil,35,4,4,8,2
1163,1163,Lakshmi Kulkarni,42,9,2,3,1
1164,1164,Priya Kumar,31,7,2,2,1
1165,1165,Manjunath Rao,70,2,1,8,1
1166,1166,Manjunath Reddy,53,7,5,5,2
1167,1167,Anitha Rao,47,10,3,4,1
1168,1168,Venkatesh Pujari,39,8,4,6,2
1169,1169,Mahesh Pujari,57,1,1,6,2
1170,1170,Manjunath Kulkarni,30,8,2,7,2
1171,1171,Venkatesh Pujari,70,4,2,8,1
1172,1172,Ramesh Patil,62,8,1,5,2
1173,1173,Mahesh Deshmukh,33,7,5,4,1
1174,1174,Mahesh Rao,33,7,3,2,2
1175,1175,Manjunath Shetty,53,10,2,7,1
1176,1176,Ganesh Deshmukh,25,7,5,3,1
1177,1177,Lakshmi Hegde,25,6,4,9,2
1178,1178,Venkatesh Pujari,55,8,5,2,2
1179,1179,Priya Hegde,27,2,3,9,1
1180,1180,Manjunath Pujari,46,8,5,2,1
1181,1181,Sunita Nayak,33,9,5,9,2
1182,1182,Kavitha Kulkarni,65,6,3,1,1
1183,1183,Venkatesh Kulkarni,55,6,2,1,2
1184,1184,Sunita Kulkarni,36,1,5,1,1
1185,1185,Kavitha Bhat,55,9,4,7,2
1186,1186,Ramesh Rao,26,4,2,1,2
1187,1187,Kavitha Deshmukh,28,3,5,7,2
1188,1188,Lakshmi Hegde,35,4,3,6,2
1189,1189,Vijay Kulkarni,32,8,4,3,2
1190,1190,Vijay Shetty,24,1,4,10,2
1191,1191,Venkatesh Patil,26,5,3,3,2
1192,1192,Ganesh Rao,59,7,3,3,1
1193,1193,Sunita Hegde,30,9,2,2,1
1194,1194,Mahesh Deshmukh,68,3,3,8,1
1195,1195,Vijay Bhat,26,8,3,9,1
1196,1196,Priya Shetty,41,7,1,6,2
1197,1197,Ramesh Kulkarni,62,1,3,6,2
1198,1198,Mahesh Gowda,47,9,2,6,2
1199,1199,Ramesh Nayak,67,8,4,6,2
1200,1200,Vijay Rao,53,9,4,5,1
1201,1201,Sunita Gowda,62,7,1,1,2
1202,1202,Anitha Rao,45,6,5,4,1
1203,1203,Anitha Kumar,29,4,4,6,2
1204,1204,Ramesh Pujari,55,6,4,8,2
1205,1205,Mahesh Pujari,48,6,2,10,1
1206,1206,Vijay Reddy,51,5,4,6,2
1207,1207,Anitha Hegde,70,8,2,3,1
1208,1208,Anitha Deshmukh,29,4,3,6,1
1209,1209,Ramesh Patil,21,6,1,4,2
1210,1210,Suresh Shetty,52,6,3,7,1
1211,1211,Kavitha Hegde,38,10,4,4,1
1212,1212,Anitha Gowda,26,4,2,9,1
1213,1213,Suresh Pujari,68,4,3,10,1
1214,1214,Anitha Nayak,49,9,2,7,2
1215,1215,Lakshmi Pujari,45,10,1,10,2
1216,1216,Mahesh Patil,34,4,4,5,1
1217,1217,Lakshmi Shetty,52,2,4,9,2
1218,1218,Ganesh Bhat,61,9,5,9,2
1219,1219,Ganesh Pujari,27,7,5,8,1
1220,1220,Manjunath Bhat,27,6,4,5,1
1221,1221,Ganesh Pujari,61,7,5,4,1
1222,1222,Anitha Reddy,47,1,3,2,1
1223,1223,Priya Patil,62,6,1,6,2
1224,1224,Venkatesh Patil,33,4,1,2,1
1225,1225,Manjunath Patil,60,3,1,7,1
1226,1226,Kavitha Nayak,49,10,1,3,1
1227,1227,Suresh Nayak,41,10,2,7,2
1228,1228,Ganesh Kumar,42,10,2,10,1
1229,1229,Ramesh Nayak,26,7,3,3,1
1230,1230,Mahesh Pujari,23,3,5,3,1
1231,1231,Manjunath Nayak,57,3,4,6,2
1232,1232,Lakshmi Reddy,57,3,5,7,2
1233,1233,Anitha Kumar,63,1,2,4,1
1234,1234,Ganesh Kumar,33,8,3,10,1
1235,1235,Kavitha Kulkarni,35,9,5,8,1
1236,1236,Mahesh Hegde,42,3,3,1,1
1237,1237,Ramesh Gowda,36,1,3,7,1
1238,1238,Venkatesh Kulkarni,38,4,4,1,1
1239,1239,Priya Reddy,30,4,1,9,2
1240,1240,Priya Deshmukh,65,2,4,6,2
1241,1241,Vijay Patil,40,6,4,8,1
1242,1242,Vijay Kulkarni,27,10,3,6,1
1243,1243,Priya Bhat,21,10,1,1,2
1244,1244,Mahesh Deshmukh,56,6,5,2,1
1245,1245,Anitha Kumar,53,6,2,3,2
1246,1246,Mahesh Kulkarni,56,6,4,2,2
1247,1247,Venkatesh Kumar,62,9,3,1,2
1248,1248,Kavitha Pujari,55,7,1,4,2
1249,1249,Venkatesh Patil,70,8,1,3,1
1250,1250,Venkatesh Rao,65,5,4,6,1
1251,1251,Venkatesh Hegde,49,8,1,9,2
1252,1252,Manjunath Pujari,61,6,1,4,1
1253,1253,Sunita Pujari,60,3,1,3,2
1254,1254,Priya Kulkarni,36,1,2,6,2
1255,1255,Sunita Gowda,49,1,4,7,2
1256,1256,Sunita Pujari,49,2,3,8,1
1257,1257,Sunita Kumar,65,4,3,8,2
1258,1258,Ramesh Bhat,59,7,5,1,1
1259,1259,Suresh Bhat,63,9,1,9,2
1260,1260,Manjunath Nayak,38,5,4,5,2
1261,1261,Lakshmi Deshmukh,61,5,5,1,1
1262,1262,Sunita Reddy,21,1,3,10,1
1263,1263,Ramesh Kulkarni,30,7,1,9,1
1264,1264,Anitha Bhat,63,5,5,1,1
1265,1265,Manjunath Deshmukh,23,4,2,1,2
1266,1266,Mahesh Reddy,22,5,5,4,1
1267,1267,Kavitha Deshmukh,38,1,2,4,2
1268,1268,Lakshmi Hegde,69,1,2,7,2
1269,1269,Ganesh Hegde,58,1,5,8,1
1270,1270,Lakshmi Hegde,69,5,5,1,1
1271,1271,Sunita Kumar,51,6,5,4,2
1272,1272,Lakshmi Hegde,29,1,2,5,1
1273,1273,Anitha Hegde,42,5,2,10,1
1274,1274,Mahesh Gowda,30,7,3,5,1
1275,1275,Anitha Gowda,21,3,5,3,1
1276,1276,Sunita Gowda,48,7,2,2,2
1277,1277,Mahesh Kulkarni,36,5,3,9,2
1278,1278,Suresh Shetty,40,4,4,6,2
1279,1279,Lakshmi Hegde,44,1,2,9,2
1280,1280,Ganesh Kumar,56,7,2,6,2
1281,1281,Ramesh Deshmukh,70,5,3,10,2
1282,1282,Sunita Kulkarni,46,8,3,6,2
1283,1283,Kavitha Reddy,70,4,1,8,2
1284,1284,Anitha Kumar,49,7,2,7,2
1285,1285,Kavitha Kumar,26,1,4,2,1
1286,1286,Priya Bhat,61,5,4,6,1
1287,1287,Suresh Kumar,57,10,4,1,1
1288,1288,Vijay Kumar,22,9,4,10,2
1289,1289,Priya Gowda,35,2,2,4,2
1290,1290,Vijay Rao,29,10,4,9,1
1291,1291,Mahesh Pujari,47,7,5,5,2
1292,1292,Suresh Gowda,60,3,5,3,1
1293,1293,Anitha Reddy,48,2,2,8,1
1294,1294,Lakshmi Shetty,50,7,3,10,1
1295,1295,Kavitha Patil,60,2,1,8,1
1296,1296,Mahesh Reddy,63,2,3,5,2
1297,1297,Priya Gowda,23,6,3,6,2
1298,1298,Sunita Nayak,24,8,4,8,2
1299,1299,Mahesh Bhat,34,5,4,8,1
1300,1300,Suresh Hegde,47,9,3,4,1
1301,1301,Vijay Kumar,59,2,2,8,1
1302,1302,Ganesh Gowda,51,4,5,4,1
1303,1303,Sunita Shetty,36,4,5,10,2
1304,1304,Mahesh Kumar,31,6,4,10,2
1305,1305,Venkatesh Gowda,60,8,4,6,2
1306,1306,Sunita Patil,30,5,1,10,2
1307,1307,Mahesh Kulkarni,44,5,5,9,2
1308,1308,Suresh Kumar,70,7,3,7,1
1309,1309,Manjunath Deshmukh,65,7,2,8,1
1310,1310,Ganesh Hegde,45,5,3,6,2
1311,1311,Kavitha Bhat,39,9,1,2,1
1312,1312,Suresh Bhat,67,8,2,2,2
1313,1313,Ganesh Pujari,48,10,5,5,1
1314,1314,Suresh Pujari,35,10,4,8,2
1315,1315,Ramesh Nayak,26,9,2,7,2
1316,1316,Vijay Kumar,28,5,3,6,2
1317,1317,Lakshmi Patil,32,6,1,2,2
1318,1318,Venkatesh Hegde,36,9,1,9,2
1319,1319,Suresh Gowda,49,1,5,6,2
1320,1320,Kavitha Kumar,50,2,4,7,2
1321,1321,Suresh Gowda,57,9,5,6,2
1322,1322,Manjunath Deshmukh,55,5,2,8,1
1323,1323,Sunita Kumar,45,9,4,7,2
1324,1324,Mahesh Bhat,69,9,4,8,1
1325,1325,Ganesh Rao,27,8,2,3,2
1326,1326,Manjunath Bhat,36,5,1,4,1
1327,1327,Ganesh Hegde,62,3,4,7,1
1328,1328,Vijay Kumar,33,6,5,1,1
1329,1329,Anitha Kumar,68,4,2,7,2
1330,1330,Sunita Gowda,34,10,3,7,2
1331,1331,Manjunath Deshmukh,47,7,3,7,2
1332,1332,Manjunath Nayak,57,5,1,4,1
1333,1333,Vijay Patil,62,7,1,3,2
1334,1334,Priya Kumar,26,8,1,1,2
1335,1335,Ganesh Pujari,59,3,5,4,2
1336,1336,Mahesh Nayak,51,1,3,4,1
1337,1337,Ramesh Kumar,67,1,3,8,1
1338,1338,Priya Kumar,32,5,4,6,1
1339,1339,Manjunath Pujari,61,3,3,5,1
1340,1340,Sunita Kumar,68,8,3,7,1
1341,1341,Ramesh Patil,53,4,2,10,1
1342,1342,Lakshmi Kumar,21,10,1,7,2
1343,1343,Sunita Gowda,62,9,2,4,1
1344,1344,Suresh Nayak,24,1,5,9,2
1345,1345,Lakshmi Shetty,30,8,3,9,1
1346,1346,Anitha Gowda,35,3,1,8,2
1347,1347,Lakshmi Gowda,54,1,1,9,1
1348,1348,Ramesh Hegde,47,4,5,9,1
1349,1349,Ramesh Bhat,49,8,3,4,1
1350,1350,Vijay Rao,42,7,1,10,1
1351,1351,Anitha Shetty,66,4,3,9,2
1352,1352,Venkatesh Gowda,29,1,5,2,1
1353,1353,Mahesh Shetty,30,5,1,2,1
1354,1354,Suresh Shetty,35,9,4,3,2
1355,1355,Lakshmi Shetty,31,4,5,2,2
1356,1356,Kavitha Deshmukh,30,4,3,4,2
1357,1357,Suresh Kulkarni,29,9,3,7,2
1358,1358,Ganesh Bhat,23,9,5,10,2
1359,1359,Kavitha Gowda,53,4,3,4,1
1360,1360,Vijay Deshmukh,23,6,2,1,2
1361,1361,Lakshmi Deshmukh,26,7,3,7,1
1362,1362,Lakshmi Shetty,27,3,5,10,2
1363,1363,Suresh Nayak,44,5,1,2,2
1364,1364,Mahesh Rao,40,4,5,8,2
1365,1365,Venkatesh Shetty,59,6,4,5,1
1366,1366,Manjunath Kumar,68,7,2,5,1
1367,1367,Anitha Shetty,39,10,5,3,1
1368,1368,Suresh Kumar,51,3,4,8,2
1369,1369,Suresh Hegde,35,6,4,10,2
1370,1370,Venkatesh Deshmukh,21,8,4,6,1
1371,1371,Kavitha Bhat,27,3,1,2,2
1372,1372,Mahesh Reddy,39,2,1,9,2
1373,1373,Ganesh Gowda,70,10,5,10,2
1374,1374,Venkatesh Pujari,64,5,1,4,1
1375,1375,Suresh Deshmukh,44,10,4,3,2
1376,1376,Lakshmi Reddy,68,5,1,6,1
1377,1377,Mahesh Deshmukh,52,8,4,9,1
1378,1378,Ganesh Nayak,63,3,1,3,1
1379,1379,Priya Pujari,46,8,1,2,2
1380,1380,Ramesh Rao,29,4,3,5,2
1381,1381,Anitha Bhat,51,4,1,2,2
1382,1382,Ganesh Nayak,56,10,3,10,1
1383,1383,Ganesh Kulkarni,33,8,4,8,2
1384,1384,Venkatesh Nayak,40,4,1,4,1
1385,1385,Priya Shetty,23,6,1,2,1
1386,1386,Manjunath Hegde,55,1,1,6,2
1387,1387,Sunita Reddy,43,7,4,8,2
1388,1388,Ramesh Patil,31,3,5,7,2
1389,1389,Anitha Nayak,60,9,2,6,2
1390,1390,Ramesh Reddy,54,1,1,10,2
1391,1391,Mahesh Nayak,29,4,3,2,1
1392,1392,Suresh Bhat,62,6,4,6,2
1393,1393,Vijay Shetty,57,9,4,8,1
1394,1394,Vijay Pujari,56,4,2,5,2
1395,1395,Ganesh Patil,39,9,5,9,2
1396,1396,Anitha Kulkarni,22,8,5,6,2
1397,1397,Lakshmi Kulkarni,44,2,4,7,1
1398,1398,Sunita Hegde,69,7,2,8,1
1399,1399,Ramesh Gowda,24,8,1,5,1
1400,1400,Sunita Pujari,66,1,5,1,1
1401,1401,Kavitha Deshmukh,63,9,3,4,1
1402,1402,Ganesh Kumar,29,5,5,8,1
1403,1403,Ganesh Hegde,63,4,1,3,1
1404,1404,Anitha Kumar,60,8,5,6,2
1405,1405,Sunita Kulkarni,29,4,4,6,1
1406,1406,Anitha Nayak,57,3,5,10,2
1407,1407,Anitha Kulkarni,43,10,1,6,1
1408,1408,Sunita Hegde,69,3,3,5,2
1409,1409,Priya Shetty,24,1,1,8,2
1410,1410,Lakshmi Patil,40,8,1,6,1
1411,1411,Lakshmi Gowda,38,6,3,7,1
1412,1412,Kavitha Kumar,63,8,1,8,2
1413,1413,Vijay Patil,68,5,1,10,1
1414,1414,Ramesh Deshmukh,67,9,1,4,1
1415,1415,Priya Hegde,57,3,3,2,2
1416,1416,Lakshmi Nayak,32,9,5,8,1
1417,1417,Suresh Rao,34,9,4,2,2
1418,1418,Sunita Nayak,70,4,4,9,2
1419,1419,Ganesh Bhat,39,2,3,3,1
1420,1420,Ramesh Patil,46,1,2,1,1
1421,1421,Ganesh Hegde,33,9,5,6,2
1422,1422,Lakshmi Kumar,30,10,1,1,1
1423,1423,Ramesh Gowda,41,6,3,5,2
1424,1424,Ramesh Shetty,60,10,4,6,1
1425,1425,Kavitha Nayak,44,5,5,10,2
1426,1426,Priya Nayak,28,1,4,9,1
1427,1427,Lakshmi Deshmukh,64,1,5,5,1
1428,1428,Priya Kumar,25,5,3,2,1
1429,1429,Priya Hegde,47,9,4,5,1
1430,1430,Priya Nayak,22,8,2,9,2
1431,1431,Anitha Shetty,66,5,4,9,1
1432,1432,Manjunath Shetty,56,8,3,5,2
1433,1433,Sunita Nayak,36,3,5,7,2
1434,1434,Mahesh Deshmukh,27,5,3,7,2
1435,1435,Priya Nayak,39,1,5,10,2
1436,1436,Mahesh Gowda,30,1,4,10,1
1437,1437,Anitha Deshmukh,40,8,4,2,1
1438,1438,Venkatesh Gowda,69,1,4,7,2
1439,1439,Ganesh Pujari,69,9,2,5,2
1440,1440,Venkatesh Rao,23,10,5,4,2
1441,1441,Lakshmi Reddy,37,8,1,4,1
1442,1442,Manjunath Bhat,37,7,4,2,1
1443,1443,Priya Nayak,64,5,1,10,1
1444,1444,Ganesh Shetty,23,10,3,2,1
1445,1445,Ganesh Kulkarni,56,6,5,10,1
1446,1446,Sunita Rao,44,9,1,6,1
1447,1447,Anitha Hegde,56,2,4,5,1
1448,1448,Priya Hegde,44,10,3,3,1
1449,1449,Lakshmi Gowda,46,2,1,10,1
1450,1450,Priya Rao,26,4,4,6,2
1451,1451,Ramesh Hegde,52,7,4,5,1
1452,1452,Priya Reddy,63,6,1,6,1
1453,1453,Anitha Kulkarni,46,6,1,2,1
1454,1454,Ganesh Pujari,59,4,4,10,1
1455,1455,Anitha Pujari,26,4,4,3,1
1456,1456,Priya Hegde,35,10,4,3,1
1457,1457,Kavitha Reddy,28,10,4,5,1
1458,1458,Anitha Reddy,23,7,1,6,2
1459,1459,Kavitha Gowda,46,10,4,10,2
1460,1460,Venkatesh Reddy,29,1,2,5,2
1461,1461,Mahesh Pujari,68,3,5,9,1
1462,1462,Sunita Reddy,36,9,1,1,1
1463,1463,Mahesh Hegde,43,1,1,4,1
1464,1464,Priya Patil,34,3,1,5,2
1465,1465,Anitha Kumar,65,5,3,9,2
1466,1466,Kavitha Bhat,63,3,5,2,1
1467,1467,Venkatesh Rao,44,10,3,10,1
1468,1468,Suresh Rao,39,3,1,1,1
1469,1469,Priya Nayak,28,8,3,4,2
1470,1470,Sunita Deshmukh,46,5,4,1,1
1471,1471,Vijay Gowda,46,8,4,3,1
1472,1472,Venkatesh Pujari,43,8,5,10,1
1473,1473,Anitha Kumar,44,7,2,5,2
1474,1474,Manjunath Pujari,56,7,3,5,1
1475,1475,Sunita Kulkarni,63,6,5,3,2
1476,1476,Priya Patil,64,2,1,2,1
1477,1477,Kavitha Shetty,28,6,3,6,2
1478,1478,Anitha Patil,68,1,3,3,2
1479,1479,Lakshmi Bhat,29,8,2,7,2
1480,1480,Ramesh Patil,38,1,3,9,2
1481,1481,Ganesh Nayak,56,6,2,6,2
1482,1482,Lakshmi Reddy,40,9,1,8,1
1483,1483,Priya Kulkarni,59,1,4,8,2
1484,1484,Anitha Shetty,35,9,5,10,1
1485,1485,Lakshmi Deshmukh,55,9,1,1,1
1486,1486,Suresh Nayak,64,9,4,10,2
1487,1487,Priya Gowda,55,4,4,2,1
1488,1488,Sunita Kumar,59,2,5,3,1
1489,1489,Anitha Gowda,68,6,4,1,1
1490,1490,Anitha Nayak,38,5,2,5,1
1491,1491,Ganesh Kulkarni,43,3,4,4,1
1492,1492,Manjunath Hegde,52,6,2,2,2
1493,1493,Priya Rao,61,3,2,7,1
1494,1494,Mahesh Rao,27,7,5,4,2
1495,1495,Manjunath Pujari,51,2,4,2,1
1496,1496,Manjunath Reddy,23,7,1,5,1
1497,1497,Sunita Rao,28,1,5,6,1
1498,1498,Ramesh Shetty,69,2,5,4,1
1499,1499,Ganesh Patil,25,4,4,2,1
1500,1500,Ramesh Shetty,59,4,4,7,1
1501,1501,Anitha Hegde,47,2,5,3,1
1502,1502,Venkatesh Kumar,30,7,3,6,2
1503,1503,Anitha Kulkarni,64,4,3,3,1
1504,1504,Sunita Gowda,57,2,4,7,2
1505,1505,Ganesh Shetty,49,5,3,10,1
1506,1506,Anitha Deshmukh,55,4,2,6,1
1507,1507,Sunita Gowda,45,9,1,3,1
1508,1508,Vijay Pujari,37,4,2,4,2
1509,1509,Manjunath Shetty,41,2,2,8,2
1510,1510,Ramesh Shetty,22,6,3,4,2
1511,1511,Suresh Hegde,67,1,2,1,2
1512,1512,Ganesh Nayak,53,9,4,5,2
1513,1513,Ramesh Patil,59,8,4,6,2
1514,1514,Priya Gowda,40,2,5,7,1
1515,1515,Vijay Rao,45,1,5,4,2
1516,1516,Suresh Shetty,70,9,2,2,2
1517,1517,Ramesh Patil,26,6,5,9,1
1518,1518,Ramesh Pujari,37,10,3,9,2
1519,1519,Kavitha Pujari,23,8,1,2,1
1520,1520,Anitha Hegde,23,9,2,5,2
1521,1521,Sunita Reddy,64,3,1,4,2
1522,1522,Mahesh Nayak,44,8,4,10,1
1523,1523,Ramesh Gowda,63,2,5,5,1
1524,1524,Anitha Bhat,40,9,2,7,2
1525,1525,Vijay Kulkarni,49,6,5,6,2
1526,1526,Vijay Bhat,62,9,5,3,1
1527,1527,Priya Patil,37,5,5,7,1
1528,1528,Mahesh Nayak,69,1,3,9,2
1529,1529,Sunita Pujari,49,3,1,8,1
1530,1530,Kavitha Nayak,68,8,3,9,1
1531,1531,Mahesh Kumar,59,6,2,1,2
1532,1532,Venkatesh Kulkarni,42,7,4,8,1
1533,1533,Ganesh Rao,40,4,4,7,2
1534,1534,Sunita Rao,58,2,1,1,2
1535,1535,Anitha Kulkarni,65,3,3,1,2
1536,1536,Kavitha Hegde,58,1,2,4,1
1537,1537,Sunita Pujari,66,7,3,8,1
1538,1538,Priya Bhat,49,1,4,10,1
1539,1539,Kavitha Kulkarni,48,10,1,9,1
1540,1540,Anitha Gowda,54,5,4,7,1
1541,1541,Vijay Bhat,61,10,3,8,2
1542,1542,Manjunath Rao,44,3,4,2,1
1543,1543,Priya Kumar,43,8,2,5,2
1544,1544,Anitha Patil,44,1,4,3,2
1545,1545,Priya Nayak,60,1,5,1,1
1546,1546,Kavitha Patil,64,5,4,7,2
1547,1547,Ganesh Deshmukh,46,3,1,2,2
1548,1548,Lakshmi Bhat,45,7,3,5,1
1549,1549,Vijay Kumar,51,8,5,4,2
1550,1550,Priya Patil,46,1,2,6,1
1551,1551,Suresh Deshmukh,38,6,3,4,1
1552,1552,Priya Deshmukh,27,10,1,8,2
1553,1553,Lakshmi Pujari,55,3,4,10,1
1554,1554,Venkatesh Bhat,33,2,4,4,1
1555,1555,Mahesh Shetty,56,3,5,1,1
1556,1556,Sunita Reddy,63,2,5,4,2
1557,1557,Manjunath Pujari,63,1,2,6,1
1558,1558,Sunita Bhat,37,7,4,5,2
1559,1559,Priya Rao,23,7,1,8,1
1560,1560,Suresh Nayak,41,6,1,6,2
1561,1561,Kavitha Bhat,30,10,5,4,1
1562,1562,Vijay Rao,63,2,4,10,2
1563,1563,Mahesh Nayak,58,2,3,4,2
1564,1564,Kavitha Kumar,58,3,3,5,2
1565,1565,Ganesh Patil,56,8,5,2,1
1566,1566,Venkatesh Patil,32,1,5,8,1
1567,1567,Manjunath Patil,52,1,4,9,1
1568,1568,Suresh Bhat,51,3,3,6,1
1569,1569,Kavitha Shetty,59,3,1,1,1
1570,1570,Anitha Deshmukh,33,8,4,4,2
1571,1571,Lakshmi Kumar,32,3,5,4,1
1572,1572,Anitha Reddy,50,5,4,1,2
1573,1573,Venkatesh Patil,68,2,3,7,2
1574,1574,Vijay Nayak,53,10,1,10,2
1575,1575,Kavitha Nayak,22,9,1,2,1
1576,1576,Suresh Kulkarni,50,9,4,10,1
1577,1577,Venkatesh Pujari,29,10,2,2,2
1578,1578,Manjunath Nayak,36,8,3,5,1
1579,1579,Ramesh Deshmukh,33,6,4,9,1
1580,1580,Priya Nayak,66,6,5,3,2
1581,1581,Vijay Patil,48,4,3,1,2
1582,1582,Venkatesh Bhat,63,7,3,6,2
1583,1583,Suresh Rao,37,6,3,7,1
1584,1584,Suresh Pujari,24,8,2,9,2
1585,1585,Ganesh Rao,25,8,5,10,2
1586,1586,Anitha Deshmukh,60,2,1,10,2
1587,1587,Mahesh Gowda,44,3,3,3,2
1588,1588,Anitha Rao,44,9,3,2,1
1589,1589,Ganesh Nayak,49,10,3,3,1
1590,1590,Vijay Pujari,40,6,5,2,1
1591,1591,Manjunath Pujari,41,4,3,9,1
1592,1592,Kavitha Nayak,26,8,2,1,1
1593,1593,Sunita Bhat,21,8,5,9,2
1594,1594,Ganesh Pujari,59,3,1,4,1
1595,1595,Anitha Bhat,62,7,4,3,2
1596,1596,Ganesh Kulkarni,29,7,4,6,1
1597,1597,Priya Patil,37,8,3,4,1
1598,1598,Venkatesh Pujari,55,4,1,5,1
1599,1599,Kavitha Hegde,33,7,2,1,2
1600,1600,Sunita Reddy,65,1,3,5,2
1601,1601,Manjunath Patil,39,1,5,6,1
1602,1602,Suresh Hegde,53,2,5,1,2
1603,1603,Kavitha Deshmukh,57,2,2,1,1
1604,1604,Suresh Gowda,55,9,3,7,1
1605,1605,Sunita Deshmukh,40,5,5,10,1
1606,1606,Vijay Deshmukh,66,7,5,8,2
1607,1607,Lakshmi Reddy,50,4,3,3,2
1608,1608,Lakshmi Bhat,50,5,3,10,1
1609,1609,Suresh Gowda,47,6,1,6,2
1610,1610,Sunita Deshmukh,55,8,1,1,1
1611,1611,Lakshmi Nayak,65,2,5,1,2
1612,1612,Vijay Kumar,56,1,4,8,2
1613,1613,Manjunath Pujari,63,2,1,4,2
1614,1614,Ganesh Patil,55,7,5,10,2
1615,1615,Sunita Rao,47,9,2,8,2
1616,1616,Anitha Pujari,66,4,4,4,1
1617,1617,Suresh Bhat,23,2,5,5,2
1618,1618,Sunita Kumar,23,4,3,4,2
1619,1619,Ramesh Kumar,29,5,1,6,1
1620,1620,Manjunath Shetty,52,1,3,5,2
1621,1621,Anitha Nayak,39,3,5,10,2
1622,1622,Sunita Rao,55,3,4,2,1
1623,1623,Kavitha Gowda,49,7,2,10,1
1624,1624,Manjunath Nayak,61,2,3,5,2
1625,1625,Ganesh Kumar,26,7,5,4,1
1626,1626,Suresh Deshmukh,41,10,5,7,1
1627,1627,Ganesh Hegde,31,2,1,5,2
1628,1628,Kavitha Hegde,44,5,3,7,1
1629,1629,Priya Nayak,41,8,5,8,2
1630,1630,Vijay Rao,67,10,2,2,1
1631,1631,Venkatesh Patil,32,10,3,10,2
1632,1632,Manjunath Deshmukh,50,2,1,2,1
1633,1633,Sunita Reddy,25,1,1,8,2
1634,1634,Kavitha Kulkarni,67,7,4,1,2
1635,1635,Anitha Patil,70,7,3,1,1
1636,1636,Anitha Pujari,23,9,5,6,1
1637,1637,Priya Hegde,44,7,4,3,2
1638,1638,Sunita Deshmukh,70,5,5,4,1
1639,1639,Kavitha Gowda,51,4,2,8,1
1640,1640,Sunita Gowda,55,3,3,7,1
1641,1641,Vijay Kumar,46,3,1,6,2
1642,1642,Priya Deshmukh,32,4,5,2,1
1643,1643,Mahesh Reddy,45,1,2,3,2
1644,1644,Suresh Kumar,69,5,4,4,1
1645,1645,Vijay Kulkarni,50,5,4,10,2
1646,1646,Venkatesh Pujari,62,10,3,1,2
1647,1647,Suresh Bhat,38,9,1,3,2
1648,1648,Ganesh Kumar,37,6,4,4,2
1649,1649,Manjunath Bhat,45,4,3,4,2
1650,1650,Sunita Rao,70,10,2,5,2
1651,1651,Priya Nayak,33,3,5,2,2
1652,1652,Sunita Patil,39,3,1,9,2
1653,1653,Vijay Deshmukh,49,10,3,10,1
1654,1654,Ganesh Kumar,37,10,5,8,1
1655,1655,Priya Rao,39,10,3,9,2
1656,1656,Ramesh Nayak,37,3,3,5,2
1657,1657,Suresh Hegde,46,3,2,5,1
1658,1658,Priya Rao,40,10,2,6,2
1659,1659,Suresh Shetty,62,7,4,5,1
1660,1660,Anitha Gowda,44,8,5,4,2
1661,1661,Suresh Shetty,28,1,1,10,2
1662,1662,Sunita Shetty,46,4,2,8,2
1663,1663,Lakshmi Kulkarni,56,3,3,8,1
1664,1664,Priya Deshmukh,27,3,5,5,2
1665,1665,Ramesh Nayak,23,2,4,8,2
1666,1666,Vijay Deshmukh,37,4,1,5,2
1667,1667,Kavitha Reddy,64,4,5,6,1
1668,1668,Lakshmi Deshmukh,21,1,2,10,2
1669,1669,Ramesh Kumar,39,7,5,5,2
1670,1670,Ganesh Pujari,42,6,4,8,2
1671,1671,Priya Bhat,35,2,5,5,2
1672,1672,Mahesh Kumar,65,9,4,2,2
1673,1673,Suresh Shetty,54,9,4,5,1
1674,1674,Suresh Nayak,39,7,3,4,2
1675,1675,Suresh Patil,64,9,2,1,1
1676,1676,Mahesh Kulkarni,30,3,2,7,2
1677,1677,Venkatesh Reddy,30,3,1,3,2
1678,1678,Ganesh Rao,51,2,3,5,2
1679,1679,Mahesh Rao,22,4,3,8,1
1680,1680,Kavitha Kulkarni,54,8,4,7,2
1681,1681,Manjunath Hegde,31,10,4,2,1
1682,1682,Vijay Patil,37,5,3,8,1
1683,1683,Manjunath Nayak,31,1,5,2,2
1684,1684,Ramesh Gowda,31,5,2,8,1
1685,1685,Priya Pujari,23,8,2,8,2
1686,1686,Lakshmi Shetty,48,9,3,4,1
1687,1687,Mahesh Nayak,44,4,5,2,1
1688,1688,Suresh Patil,47,8,4,10,1
1689,1689,Mahesh Gowda,60,6,4,3,2
1690,1690,Ganesh Shetty,54,2,2,7,2
1691,1691,Manjunath Deshmukh,64,9,5,1,2
1692,1692,Venkatesh Kumar,53,10,5,7,2
1693,1693,Mahesh Kulkarni,37,10,2,5,2
1694,1694,Ganesh Nayak,59,8,3,1,1
1695,1695,Sunita Patil,53,9,5,6,1
1696,1696,Mahesh Pujari,61,3,1,5,1
1697,1697,Kavitha Deshmukh,28,3,2,3,2
1698,1698,Ramesh Shetty,59,8,3,2,1
1699,1699,Sunita Bhat,70,7,5,7,1
1700,1700,Venkatesh Rao,49,6,3,4,2
1701,1701,Anitha Patil,61,6,4,6,2
1702,1702,Mahesh Kulkarni,67,9,5,9,2
1703,1703,Venkatesh Pujari,59,10,4,10,1
1704,1704,Ganesh Kulkarni,33,1,5,6,1
1705,1705,Anitha Bhat,50,2,1,1,1
1706,1706,Sunita Bhat,33,6,1,10,2
1707,1707,Vijay Kulkarni,57,4,2,8,1
1708,1708,Sunita Rao,25,10,4,6,1
1709,1709,Kavitha Pujari,47,6,1,7,2
1710,1710,Priya Kumar,58,8,2,6,1
1711,1711,Manjunath Gowda,53,6,4,6,1
1712,1712,Anitha Pujari,32,3,2,1,1
1713,1713,Sunita Hegde,52,5,4,6,2
1714,1714,Suresh Pujari,27,1,3,9,2
1715,1715,Lakshmi Patil,53,10,1,4,2
1716,1716,Mahesh Patil,55,1,1,5,2
1717,1717,Anitha Kumar,53,5,4,7,2
1718,1718,Suresh Pujari,50,5,4,1,1
1719,1719,Vijay Nayak,65,5,4,4,2
1720,1720,Mahesh Pujari,22,5,3,3,1
1721,1721,Ramesh Shetty,55,7,2,7,2
1722,1722,Vijay Kulkarni,65,4,2,1,1
1723,1723,Ramesh Kumar,30,5,5,2,2
1724,1724,Kavitha Patil,67,5,4,4,2
1725,1725,Vijay Gowda,58,7,5,1,2
1726,1726,Kavitha Kulkarni,52,10,2,8,2
1727,1727,Mahesh Shetty,68,3,3,1,1
1728,1728,Lakshmi Patil,62,8,2,8,1
1729,1729,Ganesh Reddy,44,8,2,10,2
1730,1730,Ramesh Hegde,68,10,4,5,1
1731,1731,Anitha Deshmukh,67,5,4,8,2
1732,1732,Suresh Hegde,55,8,1,5,1
1733,1733,Suresh Kumar,56,5,4,2,2
1734,1734,Ganesh Kumar,29,8,1,8,1
1735,1735,Kavitha Rao,54,9,4,6,1
1736,1736,Anitha Nayak,44,3,1,2,1
1737,1737,Ramesh Nayak,23,8,5,6,1
1738,1738,Mahesh Reddy,21,3,2,4,2
1739,1739,Ganesh Kulkarni,40,1,4,9,2
1740,1740,Ramesh Hegde,27,9,2,10,2
1741,1741,Venkatesh Gowda,33,9,1,5,1
1742,1742,Mahesh Hegde,48,1,2,6,2
1743,1743,Ramesh Rao,50,1,5,2,2
1744,1744,Sunita Reddy,46,5,1,3,2
1745,1745,Venkatesh Rao,49,9,4,5,2
1746,1746,Vijay Shetty,56,2,1,1,2
1747,1747,Mahesh Pujari,51,1,4,2,2
1748,1748,Sunita Bhat,48,4,3,2,1
1749,1749,Mahesh Deshmukh,62,5,2,9,2
1750,1750,Sunita Shetty,51,10,5,1,2
1751,1751,Venkatesh Kulkarni,41,7,5,6,1
1752,1752,Kavitha Patil,50,9,5,8,1
1753,1753,Ganesh Kulkarni,27,10,2,10,1
1754,1754,Mahesh Kumar,63,7,2,6,1
1755,1755,Ramesh Nayak,59,2,4,7,1
1756,1756,Ramesh Patil,54,7,2,2,2
1757,1757,Anitha Gowda,29,3,5,10,1
1758,1758,Lakshmi Kumar,45,5,2,8,1
1759,1759,Manjunath Rao,55,9,1,5,2
1760,1760,Mahesh Hegde,23,9,4,7,1
1761,1761,Lakshmi Kulkarni,45,1,3,10,2
1762,1762,Kavitha Nayak,52,7,3,9,1
1763,1763,Mahesh Nayak,49,6,3,2,1
1764,1764,Sunita Patil,45,7,5,6,2
1765,1765,Lakshmi Pujari,43,2,2,9,1
1766,1766,Vijay Reddy,64,5,4,9,2
1767,1767,Suresh Kumar,63,10,1,9,1
1768,1768,Vijay Patil,27,8,3,8,2
1769,1769,Manjunath Bhat,58,3,1,3,2
1770,1770,Priya Reddy,34,8,2,3,2
1771,1771,Ramesh Deshmukh,22,8,1,5,1
1772,1772,Venkatesh Kumar,42,10,1,4,1
1773,1773,Lakshmi Deshmukh,46,9,2,8,1
1774,1774,Priya Kumar,43,8,3,2,1
1775,1775,Ramesh Rao,27,10,4,8,2
1776,1776,Mahesh Rao,27,2,4,6,2
1777,1777,Manjunath Shetty,30,8,5,1,2
1778,1778,Mahesh Kulkarni,21,7,3,1,1
1779,1779,Manjunath Pujari,30,10,4,7,1
1780,1780,Lakshmi Deshmukh,38,6,2,6,2
1781,1781,Suresh Gowda,55,2,5,5,1
1782,1782,Mahesh Shetty,25,8,1,6,1
1783,1783,Venkatesh Nayak,62,6,5,10,2
1784,1784,Suresh Reddy,39,4,2,6,2
1785,1785,Suresh Patil,57,5,2,4,2
1786,1786,Vijay Bhat,47,7,1,4,2
1787,1787,Anitha Deshmukh,50,2,1,9,2
1788,1788,Vijay Nayak,44,1,5,8,2
1789,1789,Lakshmi Gowda,54,9,3,4,2
1790,1790,Manjunath Reddy,34,2,3,6,2
1791,1791,Kavitha Reddy,21,2,4,4,2
1792,1792,Suresh Nayak,36,5,5,10,2
1793,1793,Mahesh Patil,23,9,2,2,1
1794,1794,Manjunath Pujari,44,9,3,7,2
1795,1795,Manjunath Nayak,46,9,4,5,1
1796,1796,Kavitha Gowda,46,10,1,10,1
1797,1797,Kavitha Deshmukh,70,8,2,7,2
1798,1798,Anitha Bhat,44,3,3,10,1
1799,1799,Anitha Hegde,29,7,1,10,2
1800,1800,Manjunath Bhat,40,1,4,8,1
1801,1801,Vijay Hegde,40,1,2,2,1
1802,1802,Lakshmi Rao,28,10,4,4,2
1803,1803,Priya Deshmukh,68,3,2,4,2
1804,1804,Priya Pujari,25,3,5,10,1
1805,1805,Venkatesh Shetty,70,8,4,5,1
1806,1806,Lakshmi Pujari,40,8,4,9,2
1807,1807,Sunita Hegde,23,5,4,10,1
1808,1808,Mahesh Patil,63,6,5,1,1
1809,1809,Manjunath Shetty,51,4,5,4,2
1810,1810,Vijay Kumar,25,8,5,4,1
1811,1811,Kavitha Rao,57,6,5,1,1
1812,1812,Venkatesh Reddy,45,8,2,7,1
1813,1813,Vijay Patil,59,3,3,5,2
1814,1814,Anitha Reddy,39,4,2,7,2
1815,1815,Suresh Shetty,31,7,3,6,2
1816,1816,Venkatesh Deshmukh,57,10,5,7,1
1817,1817,Sunita Kulkarni,42,6,2,4,2
1818,1818,Suresh Shetty,59,8,1,6,2
1819,1819,Lakshmi Bhat,51,10,1,3,2
1820,1820,Vijay Gowda,23,4,3,4,1
1821,1821,Manjunath Pujari,29,1,2,7,1
1822,1822,Mahesh Gowda,28,7,1,6,1
1823,1823,Suresh Rao,59,10,5,10,2
1824,1824,Priya Patil,25,9,1,3,1
1825,1825,Priya Kulkarni,37,2,5,1,2
1826,1826,Anitha Shetty,68,5,1,10,1
1827,1827,Vijay Hegde,57,8,2,2,1
1828,1828,Manjunath Hegde,61,5,5,4,2
1829,1829,Ramesh Kumar,59,9,4,10,2
1830,1830,Lakshmi Deshmukh,55,9,2,2,1
1831,1831,Lakshmi Reddy,58,3,4,6,1
1832,1832,Priya Kulkarni,56,10,1,7,2
1833,1833,Suresh Pujari,62,6,4,8,2
1834,1834,Vijay Rao,64,5,5,6,2
1835,1835,Lakshmi Patil,39,5,4,4,2
1836,1836,Lakshmi Kulkarni,52,1,5,6,1
1837,1837,Vijay Shetty,49,6,2,4,1
1838,1838,Manjunath Kulkarni,44,2,5,3,2
1839,1839,Ganesh Pujari,47,8,1,10,1
1840,1840,Mahesh Kulkarni,66,9,5,3,1
1841,1841,Venkatesh Pujari,63,2,3,6,1
1842,1842,Sunita Nayak,33,2,2,6,2
1843,1843,Ramesh Rao,62,10,1,5,1
1844,1844,Manjunath Reddy,44,5,1,8,1
1845,1845,Kavitha Reddy,62,4,1,9,1
1846,1846,Ganesh Kulkarni,26,6,4,3,2
1847,1847,Anitha Patil,29,8,3,6,1
1848,1848,Mahesh Kumar,56,10,5,7,2
1849,1849,Manjunath Shetty,48,9,1,9,1
1850,1850,Kavitha Bhat,58,4,4,2,2
1851,1851,Sunita Gowda,25,4,1,6,2
1852,1852,Mahesh Kumar,58,2,2,8,2
1853,1853,Suresh Hegde,35,5,5,1,1
1854,1854,Mahesh Rao,43,8,1,10,2
1855,1855,Vijay Reddy,56,4,2,1,1
1856,1856,Vijay Shetty,26,2,3,3,2
1857,1857,Ganesh Bhat,41,7,3,5,2
1858,1858,Suresh Bhat,35,4,3,5,2
1859,1859,Vijay Reddy,32,7,3,9,2
1860,1860,Vijay Pujari,41,10,1,8,1
1861,1861,Sunita Bhat,44,9,4,4,2
1862,1862,Ganesh Rao,58,2,3,9,1
1863,1863,Priya Nayak,23,3,2,2,2
1864,1864,Sunita Pujari,38,2,1,1,1
1865,1865,Kavitha Kumar,46,9,1,3,2
1866,1866,Manjunath Kulkarni,32,9,5,5,1
1867,1867,Anitha Hegde,46,10,3,5,2
1868,1868,Ramesh Rao,40,7,4,2,1
1869,1869,Suresh Bhat,36,8,4,3,1
1870,1870,Vijay Gowda,26,1,3,6,2
1871,1871,Venkatesh Gowda,27,7,5,7,2
1872,1872,Kavitha Patil,34,4,2,8,2
1873,1873,Sunita Deshmukh,52,2,3,2,2
1874,1874,Anitha Nayak,24,1,2,1,1
1875,1875,Sunita Reddy,32,4,3,8,1
1876,1876,Priya Deshmukh,28,6,3,9,1
1877,1877,Lakshmi Kumar,50,6,4,2,2
1878,1878,Venkatesh Shetty,70,9,3,2,2
1879,1879,Mahesh Kulkarni,45,3,2,2,1
1880,1880,Anitha Kulkarni,60,9,4,10,1
1881,1881,Manjunath Kumar,37,4,2,1,2
1882,1882,Vijay Deshmukh,60,8,4,10,2
1883,1883,Kavitha Deshmukh,52,2,1,7,2
1884,1884,Suresh Bhat,60,10,3,1,2
1885,1885,Sunita Kumar,63,4,2,5,2
1886,1886,Vijay Hegde,39,4,3,6,1
1887,1887,Lakshmi Hegde,21,5,1,3,2
1888,1888,Suresh Bhat,39,7,3,2,1
1889,1889,Manjunath Shetty,35,7,5,8,1
1890,1890,Kavitha Kulkarni,30,7,4,5,2
1891,1891,Anitha Reddy,51,2,3,5,2
1892,1892,Manjunath Hegde,28,8,4,8,2
1893,1893,Venkatesh Nayak,49,5,4,4,2
1894,1894,Sunita Kulkarni,60,5,2,7,2
1895,1895,Suresh Nayak,36,8,5,7,1
1896,1896,Venkatesh Reddy,43,6,5,6,1
1897,1897,Sunita Kulkarni,63,4,3,2,2
1898,1898,Anitha Kumar,57,7,5,10,1
1899,1899,Vijay Gowda,61,6,2,6,2
1900,1900,Lakshmi Hegde,28,2,2,7,2
1901,1901,Priya Bhat,56,10,4,4,1
1902,1902,Vijay Shetty,70,7,3,3,1
1903,1903,Ganesh Kumar,64,10,5,3,2
1904,1904,Ramesh Gowda,54,4,2,3,1
1905,1905,Vijay Deshmukh,28,7,3,7,1
1906,1906,Vijay Reddy,57,5,1,9,2
1907,1907,Vijay Rao,55,1,3,7,2
1908,1908,Lakshmi Pujari,68,4,1,9,2
1909,1909,Lakshmi Deshmukh,63,5,4,10,1
1910,1910,Manjunath Patil,60,7,3,2,1
1911,1911,Vijay Deshmukh,41,9,5,3,2
1912,1912,Sunita Hegde,42,5,1,2,1
1913,1913,Manjunath Patil,31,4,2,6,1
1914,1914,Anitha Kulkarni,59,8,5,2,1
1915,1915,Venkatesh Kumar,30,6,1,6,2
1916,1916,Manjunath Nayak,40,10,3,9,1
1917,1917,Venkatesh Gowda,62,8,3,2,1
1918,1918,Mahesh Kulkarni,59,4,2,7,2
1919,1919,Vijay Kulkarni,47,4,4,7,2
1920,1920,Ramesh Bhat,57,8,3,2,1
1921,1921,Ramesh Nayak,67,1,2,1,1
1922,1922,Ramesh Patil,22,8,2,10,1
1923,1923,Kavitha Patil,66,5,1,10,2
1924,1924,Priya Bhat,53,8,3,10,1
1925,1925,Suresh Reddy,26,10,5,8,2
1926,1926,Sunita Patil,45,3,3,6,2
1927,1927,Mahesh Pujari,38,5,3,4,2
1928,1928,Venkatesh Reddy,51,8,4,10,1
1929,1929,Sunita Reddy,22,2,2,10,2
1930,1930,Ramesh Kumar,66,7,1,9,1
1931,1931,Lakshmi Rao,68,3,5,10,2
1932,1932,Sunita Patil,42,5,4,2,1
1933,1933,Ganesh Pujari,51,6,2,10,2
1934,1934,Mahesh Shetty,54,10,2,5,2
1935,1935,Anitha Kulkarni,63,10,5,2,2
1936,1936,Ramesh Deshmukh,65,2,2,9,2
1937,1937,Priya Kumar,28,3,1,3,1
1938,1938,Sunita Bhat,38,3,2,8,2
1939,1939,Ramesh Gowda,47,1,2,7,2
1940,1940,Anitha Deshmukh,34,8,2,6,1
1941,1941,Kavitha Shetty,28,9,3,6,1
1942,1942,Vijay Deshmukh,65,3,2,2,2
1943,1943,Vijay Pujari,26,4,1,6,1
1944,1944,Kavitha Gowda,59,5,1,1,2
1945,1945,Priya Hegde,26,7,4,10,1
1946,1946,Anitha Nayak,61,4,4,3,1
1947,1947,Kavitha Deshmukh,47,7,1,1,1
1948,1948,Venkatesh Gowda,30,5,2,5,2
1949,1949,Ramesh Shetty,52,5,4,6,1
1950,1950,Sunita Hegde,23,6,5,2,2
1951,1951,Ramesh Kulkarni,22,7,1,5,1
1952,1952,Kavitha Hegde,25,5,4,9,1
1953,1953,Anitha Kumar,47,7,2,5,1
1954,1954,Lakshmi Deshmukh,41,2,5,2,1
1955,1955,Manjunath Pujari,23,10,4,6,2
1956,1956,Vijay Hegde,54,3,1,4,1
1957,1957,Venkatesh Kumar,53,1,1,10,1
1958,1958,Priya Deshmukh,47,4,5,10,2
1959,1959,Lakshmi Bhat,25,5,4,4,1
1960,1960,Sunita Shetty,31,9,5,7,1
1961,1961,Manjunath Shetty,21,3,5,5,1
1962,1962,Manjunath Pujari,25,6,4,10,2
1963,1963,Ramesh Deshmukh,25,1,4,2,2
1964,1964,Vijay Deshmukh,23,1,4,8,2
1965,1965,Sunita Nayak,37,6,4,4,1
1966,1966,Vijay Reddy,60,10,1,5,1
1967,1967,Ganesh Kulkarni,56,1,4,6,1
1968,1968,Kavitha Nayak,28,6,1,5,2
1969,1969,Sunita Reddy,70,4,5,7,1
1970,1970,Ramesh Kumar,32,7,1,9,2
1971,1971,Lakshmi Gowda,38,3,5,5,2
1972,1972,Suresh Gowda,65,6,3,5,2
1973,1973,Sunita Hegde,57,9,4,3,2
1974,1974,Venkatesh Nayak,48,10,2,2,1
1975,1975,Manjunath Shetty,21,3,3,8,2
1976,1976,Ganesh Deshmukh,47,4,5,6,1
1977,1977,Ganesh Shetty,37,9,3,8,2
1978,1978,Lakshmi Hegde,44,8,3,7,1
1979,1979,Kavitha Patil,58,5,4,4,1
1980,1980,Ganesh Kumar,44,9,5,9,1
1981,1981,Manjunath Nayak,35,3,3,9,2
1982,1982,Sunita Rao,41,6,1,2,1
1983,1983,Manjunath Kulkarni,21,5,5,9,2
1984,1984,Manjunath Bhat,60,4,3,4,1
1985,1985,Kavitha Kulkarni,68,2,2,1,2
1986,1986,Manjunath Pujari,31,4,3,3,1
1987,1987,Vijay Deshmukh,53,6,1,5,1
1988,1988,Suresh Kulkarni,32,3,2,4,2
1989,1989,Mahesh Pujari,61,4,4,10,1
1990,1990,Ramesh Rao,60,2,3,10,1
1991,1991,Mahesh Gowda,27,1,3,1,1
1992,1992,Manjunath Patil,40,4,1,7,1
1993,1993,Priya Patil,61,2,1,5,2
1994,1994,Kavitha Rao,67,2,2,5,1
1995,1995,Lakshmi Rao,32,5,1,9,2
1996,1996,Lakshmi Gowda,36,2,1,7,1
1997,1997,Suresh Nayak,24,2,3,7,1
1998,1998,Ganesh Gowda,37,3,1,10,2
1999,1999,Anitha Hegde,38,5,1,8,2
2000,2000,Vijay Shetty,41,3,4,9,2
2001,2001,Manjunath Rao,31,7,4,9,2
2002,2002,Kavitha Kumar,26,6,1,8,1
2003,2003,Venkatesh Pujari,36,10,4,2,1
2004,2004,Lakshmi Nayak,23,7,2,3,2
2005,2005,Priya Gowda,65,6,1,2,2
2006,2006,Kavitha Hegde,38,6,2,1,2
2007,2007,Sunita Patil,21,5,5,8,1
2008,2008,Anitha Hegde,59,6,1,3,2
2009,2009,Vijay Rao,51,5,4,7,1
2010,2010,Suresh Kulkarni,53,5,4,8,1
2011,2011,Manjunath Kumar,62,9,5,6,2
2012,2012,Manjunath Patil,69,3,5,6,1
2013,2013,Sunita Bhat,53,7,2,8,1
2014,2014,Vijay Hegde,63,8,2,9,1
2015,2015,Sunita Gowda,38,7,3,6,2
2016,2016,Ramesh Kulkarni,64,6,3,4,2
2017,2017,Sunita Nayak,51,5,2,4,1
2018,2018,Kavitha Bhat,26,2,5,8,1
2019,2019,Lakshmi Kulkarni,63,7,3,8,2
2020,2020,Lakshmi Kulkarni,55,6,4,1,1
2021,2021,Kavitha Reddy,55,6,5,5,1
2022,2022,Mahesh Reddy,31,4,5,4,2
2023,2023,Kavitha Pujari,46,8,5,5,1
2024,2024,Manjunath Nayak,35,10,2,9,1
2025,2025,Venkatesh Bhat,27,3,1,10,2
2026,2026,Anitha Patil,56,1,3,1,1
2027,2027,Sunita Reddy,67,8,2,7,1
2028,2028,Venkatesh Kumar,68,5,5,6,1
2029,2029,Ramesh Gowda,60,2,3,6,1
2030,2030,Ramesh Kulkarni,40,7,3,8,1
2031,2031,Suresh Rao,54,5,3,3,2
2032,2032,Sunita Bhat,43,3,5,5,2
2033,2033,Ganesh Reddy,49,1,3,6,1
2034,2034,Mahesh Nayak,44,6,4,7,1
2035,2035,Lakshmi Hegde,42,3,2,4,1
2036,2036,Lakshmi Reddy,69,5,5,9,2
2037,2037,Lakshmi Shetty,46,8,4,2,2
2038,2038,Lakshmi Reddy,25,7,2,2,1
2039,2039,Ganesh Bhat,61,1,3,8,2
2040,2040,Suresh Bhat,34,1,4,1,1
2041,2041,Lakshmi Gowda,41,9,2,2,1
2042,2042,Sunita Pujari,58,2,4,3,1
2043,2043,Anitha Shetty,48,9,1,5,1
2044,2044,Kavitha Shetty,30,4,1,10,2
2045,2045,Anitha Hegde,27,3,4,7,2
2046,2046,Lakshmi Pujari,34,9,1,6,1
2047,2047,Venkatesh Reddy,22,2,4,7,1
2048,2048,Manjunath Shetty,24,2,3,7,2
2049,2049,Vijay Pujari,66,8,2,9,2
2050,2050,Priya Gowda,24,9,5,6,1
2051,2051,Lakshmi Nayak,53,8,4,10,2
2052,2052,Priya Bhat,32,3,1,8,1
2053,2053,Vijay Bhat,58,7,5,8,2
2054,2054,Ramesh Pujari,27,6,2,8,2
2055,2055,Lakshmi Bhat,33,5,5,7,2
2056,2056,Suresh Nayak,54,1,4,10,1
2057,2057,Ramesh Kulkarni,58,6,4,2,1
2058,2058,Vijay Nayak,66,3,5,6,2
2059,2059,Priya Gowda,67,8,2,2,1
2060,2060,Vijay Shetty,26,6,1,7,2
2061,2061,Venkatesh Bhat,63,3,5,10,2
2062,2062,Anitha Gowda,29,5,2,8,2
2063,2063,Venkatesh Pujari,43,6,3,8,1
2064,2064,Vijay Deshmukh,22,7,4,4,1
2065,2065,Ganesh Pujari,46,4,4,1,2
2066,2066,Ramesh Kulkarni,70,6,2,10,1
2067,2067,Anitha Bhat,60,7,5,5,1
2068,2068,Lakshmi Kumar,54,2,2,7,2
2069,2069,Lakshmi Pujari,22,6,5,10,1
2070,2070,Anitha Kumar,56,1,4,3,1
2071,2071,Vijay Pujari,62,1,5,4,2
2072,2072,Vijay Shetty,52,6,4,6,1
2073,2073,Kavitha Deshmukh,57,5,4,10,1
2074,2074,Mahesh Kumar,40,7,1,6,1
2075,2075,Ganesh Gowda,64,7,4,2,2
2076,2076,Mahesh Kumar,39,5,2,5,1
2077,2077,Lakshmi Pujari,40,6,2,6,1
2078,2078,Venkatesh Deshmukh,57,7,2,4,2
2079,2079,Mahesh Rao,42,3,2,1,2
2080,2080,Mahesh Gowda,21,8,5,8,1
2081,2081,Manjunath Kulkarni,36,2,2,6,1
2082,2082,Suresh Rao,33,8,1,3,2
2083,2083,Anitha Rao,63,1,2,8,2
2084,2084,Manjunath Shetty,48,1,2,6,1
2085,2085,Manjunath Patil,55,2,2,5,1
2086,2086,Sunita Nayak,59,6,3,5,1
2087,2087,Vijay Bhat,63,1,1,1,1
2088,2088,Suresh Rao,48,2,4,1,1
2089,2089,Mahesh Bhat,40,5,4,6,1
2090,2090,Venkatesh Patil,59,10,5,7,1
2091,2091,Vijay Bhat,57,3,2,6,1
2092,2092,Suresh Rao,57,5,5,4,2
2093,2093,Lakshmi Reddy,36,7,1,3,1
2094,2094,Ramesh Patil,49,1,4,9,2
2095,2095,Venkatesh Deshmukh,21,3,2,5,1
2096,2096,Sunita Pujari,27,3,1,9,2
2097,2097,Vijay Kulkarni,60,2,1,2,2
2098,2098,Sunita Hegde,70,5,2,10,2
2099,2099,Ganesh Hegde,30,1,1,4,2
2100,2100,Venkatesh Bhat,36,10,3,10,1
2101,2101,Mahesh Reddy,36,5,3,3,1
2102,2102,Lakshmi Patil,28,5,3,3,1
2103,2103,Mahesh Kulkarni,44,7,2,2,1
2104,2104,Manjunath Bhat,34,5,4,6,1
2105,2105,Vijay Kumar,38,8,4,8,1
2106,2106,Priya Nayak,55,7,1,1,2
2107,2107,Manjunath Hegde,70,3,4,6,2
2108,2108,Vijay Deshmukh,59,10,2,7,1
2109,2109,Kavitha Hegde,29,6,4,4,1
2110,2110,Mahesh Kulkarni,21,5,1,2,2
2111,2111,Priya Deshmukh,22,3,5,10,1
2112,2112,Kavitha Kulkarni,46,7,1,8,1
2113,2113,Sunita Reddy,42,2,4,8,1
2114,2114,Venkatesh Hegde,50,9,3,8,1
2115,2115,Sunita Nayak,69,6,1,9,1
2116,2116,Vijay Shetty,54,9,3,10,2
2117,2117,Kavitha Deshmukh,35,9,1,5,2
2118,2118,Ramesh Pujari,49,9,5,1,1
2119,2119,Venkatesh Nayak,52,3,2,3,1
2120,2120,Vijay Patil,30,6,1,10,2
2121,2121,Venkatesh Deshmukh,35,7,3,4,1
2122,2122,Suresh Kumar,38,4,5,6,1
2123,2123,Kavitha Rao,30,2,1,9,2
2124,2124,Venkatesh Kulkarni,54,10,3,4,1
2125,2125,Mahesh Deshmukh,29,3,2,3,2
2126,2126,Venkatesh Gowda,22,10,4,10,1
2127,2127,Ganesh Kumar,69,4,1,2,1
2128,2128,Manjunath Hegde,49,7,1,8,2
2129,2129,Manjunath Shetty,26,3,5,10,1
2130,2130,Lakshmi Hegde,32,1,1,10,1
2131,2131,Ganesh Deshmukh,36,2,2,1,2
2132,2132,Mahesh Patil,63,2,1,5,2
2133,2133,Mahesh Gowda,31,2,4,2,2
2134,2134,Ganesh Deshmukh,29,3,1,8,2
2135,2135,Kavitha Shetty,65,7,3,5,2
2136,2136,Kavitha Shetty,41,5,2,3,2
2137,2137,Anitha Nayak,55,2,5,3,1
2138,2138,Ramesh Hegde,27,7,5,10,1
2139,2139,Venkatesh Shetty,22,1,5,7,2
2140,2140,Lakshmi Patil,52,5,2,9,2
2141,2141,Kavitha Reddy,26,4,2,6,1
2142,2142,Vijay Rao,40,5,5,8,2
2143,2143,Ramesh Hegde,67,4,5,8,1
2144,2144,Ganesh Reddy,32,9,3,1,1
2145,2145,Manjunath Shetty,39,5,1,10,2
2146,2146,Suresh Nayak,47,7,3,5,1
2147,2147,Priya Nayak,55,6,2,5,2
2148,2148,Ganesh Kumar,28,1,4,3,2
2149,2149,Manjunath Gowda,24,7,4,7,2
2150,2150,Suresh Kumar,59,6,4,10,1
2151,2151,Ganesh Pujari,36,9,1,3,1
2152,2152,Lakshmi Bhat,70,8,5,5,2
2153,2153,Sunita Kulkarni,24,10,1,7,2
2154,2154,Anitha Hegde,36,2,1,5,1
2155,2155,Mahesh Deshmukh,69,5,4,10,1
2156,2156,Kavitha Bhat,47,10,5,6,1
2157,2157,Ramesh Gowda,23,9,4,3,2
2158,2158,Mahesh Pujari,38,2,2,3,2
2159,2159,Sunita Shetty,61,1,3,3,2
2160,2160,Anitha Nayak,57,4,5,6,1
2161,2161,Venkatesh Gowda,56,8,3,10,1
2162,2162,Lakshmi Nayak,39,6,1,10,1
2163,2163,Mahesh Nayak,69,5,1,2,1
2164,2164,Priya Gowda,45,7,3,8,2
2165,2165,Ramesh Shetty,34,3,5,9,2
2166,2166,Sunita Kumar,41,4,4,5,1
2167,2167,Kavitha Reddy,69,6,4,1,2
2168,2168,Ganesh Rao,30,9,4,10,2
2169,2169,Ramesh Bhat,41,2,4,5,2
2170,2170,Ramesh Deshmukh,65,6,2,6,1
2171,2171,Lakshmi Rao,53,2,5,2,2
2172,2172,Vijay Nayak,21,3,1,6,1
2173,2173,Anitha Bhat,25,3,4,10,2
2174,2174,Ganesh Rao,41,2,2,5,2
2175,2175,Priya Patil,63,10,4,3,2
2176,2176,Vijay Hegde,49,8,5,7,2
2177,2177,Kavitha Patil,29,4,5,4,1
2178,2178,Ramesh Hegde,47,3,2,9,2
2179,2179,Manjunath Gowda,35,9,1,3,2
2180,2180,Vijay Deshmukh,49,4,3,1,2
2181,2181,Vijay Shetty,21,1,2,2,2
2182,2182,Lakshmi Kulkarni,36,10,5,9,2
2183,2183,Suresh Pujari,50,6,5,5,1
2184,2184,Venkatesh Hegde,22,9,2,5,2
2185,2185,Manjunath Bhat,36,5,2,8,2
2186,2186,Suresh Reddy,66,7,1,9,2
2187,2187,Ramesh Pujari,47,7,2,1,1
2188,2188,Ganesh Deshmukh,52,5,3,6,1
2189,2189,Priya Nayak,46,7,3,9,2
2190,2190,Sunita Hegde,34,8,2,7,1
2191,2191,Anitha Gowda,56,1,1,2,1
2192,2192,Priya Rao,57,1,3,7,1
2193,2193,Anitha Bhat,58,4,5,1,1
2194,2194,Venkatesh Bhat,55,8,3,5,1
2195,2195,Ramesh Pujari,27,3,3,3,1
2196,2196,Priya Nayak,65,3,1,1,1
2197,2197,Kavitha Reddy,30,7,4,10,2
2198,2198,Kavitha Shetty,29,9,4,1,2
2199,2199,Ganesh Kulkarni,64,4,4,8,2
2200,2200,Vijay Kumar,54,10,1,10,1
2201,2201,Anitha Bhat,47,8,4,8,1
2202,2202,Mahesh Patil,36,3,4,7,2
2203,2203,Mahesh Hegde,60,5,1,2,1
2204,2204,Suresh Nayak,51,2,4,2,2
2205,2205,Sunita Rao,55,6,1,7,2
2206,2206,Mahesh Bhat,59,10,2,3,2
2207,2207,Mahesh Hegde,27,1,4,5,2
2208,2208,Lakshmi Gowda,37,8,2,7,2
2209,2209,Vijay Shetty,59,9,3,5,2
2210,2210,Manjunath Rao,33,2,4,5,2
2211,2211,Priya Hegde,49,3,1,7,1
2212,2212,Vijay Shetty,37,9,5,7,1
2213,2213,Suresh Patil,70,6,3,2,1
2214,2214,Sunita Nayak,24,9,4,10,2
2215,2215,Suresh Deshmukh,30,5,5,8,2
2216,2216,Priya Gowda,23,7,3,2,1
2217,2217,Manjunath Nayak,48,4,4,10,1
2218,2218,Venkatesh Bhat,53,3,1,9,1
2219,2219,Venkatesh Kulkarni,44,6,3,10,1
2220,2220,Anitha Nayak,50,8,5,5,2
2221,2221,Anitha Rao,68,3,4,6,2
2222,2222,Kavitha Rao,64,4,5,6,2
2223,2223,Sunita Deshmukh,33,10,2,5,1
2224,2224,Priya Nayak,70,7,3,10,2
2225,2225,Anitha Shetty,47,10,5,5,1
2226,2226,Venkatesh Reddy,48,5,2,9,2
2227,2227,Manjunath Kumar,54,6,1,4,1
2228,2228,Ganesh Nayak,67,9,3,8,2
2229,2229,Priya Deshmukh,44,4,1,9,1
2230,2230,Manjunath Pujari,38,1,2,7,2
2231,2231,Priya Rao,42,5,3,8,1
2232,2232,Ganesh Bhat,38,1,1,8,2
2233,2233,Ramesh Rao,64,2,2,8,1
2234,2234,Manjunath Kulkarni,30,2,3,7,2
2235,2235,Sunita Shetty,29,7,5,7,2
2236,2236,Priya Bhat,34,4,5,6,2
2237,2237,Priya Gowda,45,6,3,10,1
2238,2238,Priya Deshmukh,35,9,2,10,2
2239,2239,Suresh Kulkarni,33,8,3,8,1
2240,2240,Sunita Bhat,41,5,1,3,1
2241,2241,Vijay Gowda,57,1,3,8,1
2242,2242,Lakshmi Kulkarni,27,5,4,6,2
2243,2243,Vijay Shetty,60,10,3,5,1
2244,2244,Vijay Bhat,63,1,1,9,1
2245,2245,Mahesh Patil,37,5,4,1,1
2246,2246,Vijay Rao,23,1,1,7,1
2247,2247,Venkatesh Kumar,68,10,3,10,2
2248,2248,Ganesh Pujari,67,1,4,1,2
2249,2249,Mahesh Kumar,22,9,3,10,2
2250,2250,Manjunath Kulkarni,53,8,5,6,1
2251,2251,Ganesh Reddy,64,2,1,9,1
2252,2252,Lakshmi Pujari,65,8,4,9,1
2253,2253,Manjunath Deshmukh,37,6,5,10,2
2254,2254,Venkatesh Reddy,24,5,1,8,2
2255,2255,Mahesh Nayak,60,7,3,9,2
2256,2256,Ramesh Patil,68,6,3,9,2
2257,2257,Priya Shetty,51,9,5,2,1
2258,2258,Venkatesh Rao,38,3,5,10,1
2259,2259,Suresh Gowda,35,1,4,7,1
2260,2260,Ganesh Pujari,54,9,1,4,2
2261,2261,Ramesh Nayak,34,2,5,7,1
2262,2262,Priya Rao,54,5,2,7,2
2263,2263,Sunita Pujari,34,7,1,10,2
2264,2264,Anitha Rao,55,2,1,8,2
2265,2265,Priya Pujari,70,6,3,6,2
2266,2266,Anitha Shetty,61,8,1,1,2
2267,2267,Ganesh Pujari,46,8,5,10,2
2268,2268,Priya Nayak,35,8,1,10,1
2269,2269,Lakshmi Reddy,50,8,1,9,1
2270,2270,Sunita Deshmukh,51,5,4,4,1
2271,2271,Anitha Reddy,52,2,1,2,1
2272,2272,Manjunath Nayak,34,9,3,8,1
2273,2273,Sunita Reddy,53,2,4,2,1
2274,2274,Ganesh Kumar,42,10,2,7,2
2275,2275,Kavitha Nayak,37,5,5,7,1
2276,2276,Ganesh Shetty,60,10,5,8,2
2277,2277,Sunita Deshmukh,22,3,1,3,2
2278,2278,Sunita Hegde,58,3,5,8,2
2279,2279,Anitha Nayak,37,10,2,8,2
2280,2280,Ganesh Gowda,47,1,1,3,2
2281,2281,Mahesh Nayak,45,4,4,10,2
2282,2282,Anitha Bhat,36,8,4,5,1
2283,2283,Sunita Pujari,50,6,5,1,1
2284,2284,Ramesh Deshmukh,68,10,2,2,2
2285,2285,Priya Nayak,27,8,4,9,2
2286,2286,Mahesh Kulkarni,66,1,5,2,1
2287,2287,Ramesh Shetty,52,2,2,10,1
2288,2288,Suresh Hegde,56,9,5,7,1
2289,2289,Kavitha Reddy,42,3,4,7,2
2290,2290,Vijay Nayak,67,5,1,7,1
2291,2291,Sunita Rao,56,8,2,7,2
2292,2292,Suresh Patil,23,6,4,10,2
2293,2293,Suresh Gowda,56,3,3,3,2
2294,2294,Sunita Gowda,32,9,5,8,1
2295,2295,Anitha Deshmukh,36,10,2,3,1
2296,2296,Venkatesh Patil,48,8,4,4,1
2297,2297,Priya Shetty,48,8,3,6,2
2298,2298,Venkatesh Bhat,68,7,3,10,2
2299,2299,Venkatesh Deshmukh,62,6,4,6,1
2300,2300,Vijay Kulkarni,25,6,5,10,1
2301,2301,Vijay Reddy,36,8,2,10,1
2302,2302,Manjunath Reddy,53,4,1,3,2
2303,2303,Ramesh Nayak,33,4,5,2,2
2304,2304,Kavitha Pujari,22,8,4,6,2
2305,2305,Ramesh Kulkarni,53,10,4,10,1
2306,2306,Anitha Deshmukh,28,6,1,1,1
2307,2307,Venkatesh Bhat,60,2,3,3,1
2308,2308,Lakshmi Kulkarni,51,9,3,1,1
2309,2309,Lakshmi Bhat,54,7,4,6,2
2310,2310,Venkatesh Pujari,46,5,2,9,2
2311,2311,Mahesh Gowda,59,8,3,5,1
2312,2312,Vijay Nayak,43,5,2,2,2
2313,2313,Vijay Reddy,26,8,5,9,2
2314,2314,Lakshmi Hegde,65,9,2,5,2
2315,2315,Venkatesh Kumar,21,5,1,2,1
2316,2316,Suresh Pujari,39,3,4,1,1
2317,2317,Anitha Deshmukh,65,7,5,2,1
2318,2318,Priya Shetty,33,5,4,7,2
2319,2319,Kavitha Reddy,65,3,2,10,2
2320,2320,Kavitha Deshmukh,63,2,5,10,2
2321,2321,Venkatesh Bhat,65,7,5,8,2
2322,2322,Mahesh Rao,36,1,2,1,1
2323,2323,Anitha Hegde,58,3,3,8,1
2324,2324,Kavitha Kulkarni,70,4,4,3,1
2325,2325,Vijay Pujari,31,6,2,7,2
2326,2326,Priya Gowda,69,3,1,5,1
2327,2327,Ganesh Patil,24,9,3,3,1
2328,2328,Ganesh Deshmukh,56,4,4,4,1
2329,2329,Sunita Nayak,36,5,1,2,1
2330,2330,Kavitha Reddy,44,10,1,10,2
2331,2331,Mahesh Kulkarni,51,8,1,10,1
2332,2332,Venkatesh Bhat,29,4,2,3,2
2333,2333,Priya Gowda,56,9,3,8,1
2334,2334,Mahesh Shetty,63,9,2,4,2
2335,2335,Manjunath Rao,49,3,1,1,2
2336,2336,Mahesh Kumar,68,8,2,3,1
2337,2337,Ramesh Deshmukh,38,8,5,3,2
2338,2338,Kavitha Hegde,56,3,1,7,1
2339,2339,Kavitha Rao,62,8,5,8,2
2340,2340,Priya Kumar,22,7,3,1,1
2341,2341,Sunita Kulkarni,59,6,4,6,1
2342,2342,Mahesh Hegde,70,3,1,1,1
2343,2343,Anitha Kumar,56,1,4,9,1
2344,2344,Manjunath Patil,31,5,2,4,1
2345,2345,Lakshmi Reddy,54,9,2,7,1
2346,2346,Ramesh Shetty,49,10,5,7,1
2347,2347,Vijay Gowda,54,3,1,5,2
2348,2348,Vijay Gowda,69,2,2,3,2
2349,2349,Mahesh Nayak,36,9,3,9,2
2350,2350,Vijay Pujari,43,9,4,7,1
2351,2351,Manjunath Gowda,53,8,2,3,2
2352,2352,Sunita Pujari,25,4,1,2,1
2353,2353,Venkatesh Kumar,34,8,1,4,2
2354,2354,Priya Gowda,38,10,5,4,1
2355,2355,Mahesh Hegde,45,1,2,5,2
2356,2356,Mahesh Rao,45,9,5,10,2
2357,2357,Suresh Kulkarni,68,10,5,3,2
2358,2358,Ganesh Hegde,53,8,3,8,2
2359,2359,Ganesh Gowda,68,9,1,5,1
2360,2360,Priya Shetty,30,2,3,4,1
2361,2361,Ganesh Rao,40,6,2,9,2
2362,2362,Priya Reddy,69,4,5,2,2
2363,2363,Mahesh Kumar,22,6,4,10,2
2364,2364,Priya Rao,44,6,3,9,2
2365,2365,Vijay Deshmukh,22,4,1,1,1
2366,2366,Ganesh Rao,28,4,2,6,2
2367,2367,Ganesh Bhat,66,4,5,1,2
2368,2368,Suresh Pujari,38,10,2,3,1
2369,2369,Mahesh Nayak,27,9,1,7,2
2370,2370,Suresh Pujari,59,6,4,5,2
2371,2371,Ramesh Nayak,21,3,2,6,1
2372,2372,Mahesh Reddy,68,3,5,10,2
2373,2373,Priya Rao,51,7,5,2,1
2374,2374,Priya Patil,63,3,4,6,2
2375,2375,Kavitha Hegde,59,6,2,2,1
2376,2376,Venkatesh Deshmukh,69,4,3,10,1
2377,2377,Venkatesh Gowda,28,8,2,10,1
2378,2378,Manjunath Deshmukh,40,7,3,3,1
2379,2379,Priya Gowda,39,1,4,1,1
2380,2380,Ganesh Shetty,45,9,4,8,1
2381,2381,Anitha Rao,40,9,3,5,2
2382,2382,Manjunath Hegde,32,8,5,2,1
2383,2383,Vijay Kulkarni,50,8,1,10,2
2384,2384,Ganesh Deshmukh,43,10,1,9,1
2385,2385,Sunita Rao,27,5,2,3,2
2386,2386,Mahesh Rao,53,6,1,2,2
2387,2387,Manjunath Nayak,39,7,5,5,1
2388,2388,Anitha Pujari,62,7,2,1,2
2389,2389,Sunita Patil,36,9,1,6,1
2390,2390,Suresh Patil,54,2,4,8,2
2391,2391,Venkatesh Shetty,47,2,2,6,1
2392,2392,Priya Rao,28,10,2,3,1
2393,2393,Priya Rao,54,10,3,7,1
2394,2394,Anitha Hegde,55,10,3,3,2
2395,2395,Priya Hegde,46,9,5,8,2
2396,2396,Suresh Pujari,38,3,2,3,2
2397,2397,Kavitha Bhat,60,7,3,7,2
2398,2398,Priya Patil,24,8,1,7,2
2399,2399,Vijay Rao,41,2,1,10,2
2400,2400,Anitha Reddy,69,1,4,1,2
2401,2401,Vijay Bhat,22,5,4,10,1
2402,2402,Manjunath Kulkarni,62,10,1,9,2
2403,2403,Suresh Gowda,62,8,2,9,1
2404,2404,Manjunath Rao,65,7,4,2,2
2405,2405,Anitha Kulkarni,31,7,5,3,1
2406,2406,Ganesh Nayak,48,9,5,8,1
2407,2407,Sunita Pujari,22,6,3,7,2
2408,2408,Ganesh Hegde,66,2,5,5,1
2409,2409,Kavitha Nayak,54,7,3,7,1
2410,2410,Suresh Reddy,38,1,5,3,1
2411,2411,Kavitha Bhat,23,4,2,6,2
2412,2412,Priya Gowda,70,10,3,6,1
2413,2413,Lakshmi Pujari,31,4,3,5,2
2414,2414,Ganesh Kumar,44,8,1,3,2
2415,2415,Suresh Kulkarni,46,4,1,9,1
2416,2416,Lakshmi Kumar,43,10,2,8,2
2417,2417,Priya Reddy,41,1,5,4,2
2418,2418,Ganesh Rao,51,1,1,9,1
2419,2419,Vijay Reddy,24,2,3,3,2
2420,2420,Priya Patil,35,5,5,8,2
2421,2421,Mahesh Reddy,57,8,2,8,1
2422,2422,Kavitha Nayak,64,6,3,1,2
2423,2423,Venkatesh Pujari,49,6,2,2,2
2424,2424,Anitha Hegde,36,8,3,7,2
2425,2425,Ramesh Rao,28,6,1,3,2
2426,2426,Anitha Patil,34,1,4,1,2
2427,2427,Venkatesh Patil,61,1,2,2,1
2428,2428,Priya Rao,49,9,5,6,2
2429,2429,Priya Pujari,70,9,1,1,2
2430,2430,Anitha Gowda,23,10,4,10,1
2431,2431,Ganesh Gowda,35,6,5,5,1
2432,2432,Anitha Pujari,53,10,1,8,1
2433,2433,Mahesh Rao,32,5,4,7,1
2434,2434,Mahesh Rao,28,7,2,7,1
2435,2435,Ramesh Deshmukh,41,9,1,9,2
2436,2436,Suresh Gowda,29,3,3,8,2
2437,2437,Kavitha Gowda,51,9,3,8,2
2438,2438,Vijay Kumar,41,1,1,5,2
2439,2439,Ramesh Deshmukh,33,3,4,4,2
2440,2440,Suresh Bhat,33,9,5,5,2
2441,2441,Lakshmi Bhat,54,1,4,6,1
2442,2442,Anitha Rao,64,6,1,4,1
2443,2443,Mahesh Kulkarni,21,2,4,7,1
2444,2444,Ramesh Patil,68,6,5,4,1
2445,2445,Suresh Rao,49,1,2,10,2
2446,2446,Kavitha Pujari,63,5,4,2,1
2447,2447,Anitha Reddy,24,1,1,10,2
2448,2448,Vijay Hegde,65,3,5,8,2
2449,2449,Anitha Pujari,62,10,1,2,1
2450,2450,Venkatesh Nayak,68,4,4,3,1
2451,2451,Manjunath Hegde,49,4,5,2,1
2452,2452,Anitha Bhat,53,5,3,10,2
2453,2453,Manjunath Rao,24,9,1,7,1
2454,2454,Suresh Nayak,30,7,2,9,2
2455,2455,Manjunath Rao,48,6,4,9,2
2456,2456,Lakshmi Pujari,64,9,1,3,1
2457,2457,Kavitha Gowda,65,9,3,5,2
2458,2458,Lakshmi Gowda,42,9,4,8,1
2459,2459,Sunita Patil,38,7,2,1,2
2460,2460,Mahesh Bhat,55,3,1,10,1
2461,2461,Priya Kumar,30,3,4,6,2
2462,2462,Manjunath Reddy,67,2,1,4,2
2463,2463,Anitha Deshmukh,56,3,3,8,2
2464,2464,Anitha Reddy,23,8,2,5,1
2465,2465,Mahesh Rao,67,3,5,5,1
2466,2466,Vijay Hegde,62,5,1,2,1
2467,2467,Venkatesh Patil,26,9,5,9,2
2468,2468,Sunita Pujari,32,7,2,5,2
2469,2469,Kavitha Nayak,35,3,5,6,2
2470,2470,Ramesh Rao,22,8,4,8,1
2471,2471,Vijay Deshmukh,47,3,3,10,2
2472,2472,Priya Bhat,55,9,3,5,2
2473,2473,Venkatesh Bhat,28,8,1,5,1
2474,2474,Ganesh Hegde,54,1,3,8,2
2475,2475,Mahesh Rao,47,7,3,6,1
2476,2476,Kavitha Nayak,51,9,5,6,1
2477,2477,Mahesh Rao,34,10,4,10,2
2478,2478,Anitha Pujari,63,8,2,7,2
2479,2479,Anitha Hegde,34,7,2,9,2
2480,2480,Anitha Pujari,60,8,3,10,2
2481,2481,Ganesh Shetty,58,8,1,1,1
2482,2482,Anitha Gowda,68,5,4,9,2
2483,2483,Kavitha Kulkarni,50,10,5,4,2
2484,2484,Sunita Shetty,60,4,1,7,2
2485,2485,Venkatesh Pujari,28,7,1,1,2
2486,2486,Venkatesh Pujari,48,1,1,8,2
2487,2487,Suresh Patil,55,3,5,3,2
2488,2488,Sunita Reddy,36,2,3,10,1
2489,2489,Suresh Pujari,66,2,5,8,2
2490,2490,Priya Kulkarni,62,6,1,6,1
2491,2491,Sunita Hegde,65,1,1,8,1
2492,2492,Vijay Kumar,51,9,1,1,1
2493,2493,Kavitha Reddy,51,2,2,10,1
2494,2494,Suresh Kumar,25,1,1,8,2
2495,2495,Suresh Gowda,62,5,3,8,2
2496,2496,Lakshmi Nayak,57,6,3,3,1
2497,2497,Kavitha Bhat,57,2,1,1,1
2498,2498,Manjunath Kumar,60,3,3,8,1
2499,2499,Kavitha Deshmukh,23,6,5,7,1
2500,2500,Sunita Rao,54,7,3,9,1
2501,2501,Priya Reddy,55,8,5,5,2
2502,2502,Lakshmi Reddy,33,4,3,3,1
2503,2503,Mahesh Patil,27,2,3,4,2
2504,2504,Ramesh Bhat,47,8,4,6,2
2505,2505,Ganesh Rao,69,8,2,5,2
2506,2506,Vijay Shetty,22,3,4,5,1
2507,2507,Venkatesh Pujari,42,8,3,7,2
2508,2508,Vijay Rao,69,2,4,7,1
2509,2509,Kavitha Deshmukh,43,8,4,6,1
2510,2510,Ramesh Kumar,56,5,1,5,2
2511,2511,Mahesh Kumar,44,5,2,10,2
2512,2512,Anitha Patil,21,4,1,6,2
2513,2513,Venkatesh Shetty,58,7,1,5,1
2514,2514,Mahesh Patil,26,1,2,9,1
2515,2515,Priya Kulkarni,55,6,5,5,2
2516,2516,Sunita Nayak,37,4,1,3,1
2517,2517,Manjunath Deshmukh,59,9,1,4,1
2518,2518,Vijay Pujari,56,2,1,1,1
2519,2519,Mahesh Rao,39,9,5,5,1
2520,2520,Ramesh Gowda,56,10,4,8,2
2521,2521,Manjunath Bhat,62,10,5,1,1
2522,2522,Priya Shetty,45,1,1,1,2
2523,2523,Ganesh Kumar,26,6,4,9,1
2524,2524,Manjunath Rao,68,8,4,3,2
2525,2525,Ramesh Kumar,60,4,3,3,2
2526,2526,Mahesh Deshmukh,70,7,1,4,1
2527,2527,Ramesh Shetty,65,6,4,4,2
2528,2528,Mahesh Reddy,59,2,5,2,1
2529,2529,Suresh Nayak,70,8,2,5,2
2530,2530,Kavitha Rao,33,6,2,7,2
2531,2531,Vijay Gowda,22,8,2,9,1
2532,2532,Sunita Kulkarni,36,4,3,6,2
2533,2533,Kavitha Patil,36,4,5,1,1
2534,2534,Lakshmi Kumar,47,9,1,8,2
2535,2535,Sunita Pujari,62,1,3,5,1
2536,2536,Suresh Hegde,66,4,3,5,2
2537,2537,Ganesh Pujari,45,8,3,6,1
2538,2538,Manjunath Pujari,24,7,3,4,2
2539,2539,Priya Gowda,45,5,5,9,1
2540,2540,Suresh Kumar,24,6,3,3,1
2541,2541,Anitha Deshmukh,62,10,4,7,2
2542,2542,Anitha Deshmukh,68,4,4,4,1
2543,2543,Ramesh Pujari,41,8,5,4,2
2544,2544,Ganesh Kulkarni,61,2,5,9,2
2545,2545,Sunita Gowda,49,9,2,1,1
2546,2546,Anitha Gowda,52,7,1,3,2
2547,2547,Ramesh Shetty,53,5,1,9,1
2548,2548,Ganesh Kulkarni,44,1,5,4,1
2549,2549,Ganesh Gowda,65,1,2,5,1
2550,2550,Vijay Rao,68,7,5,10,1
2551,2551,Sunita Gowda,34,3,3,8,1
2552,2552,Kavitha Pujari,28,7,4,5,2
2553,2553,Kavitha Reddy,55,6,2,10,2
2554,2554,Kavitha Pujari,35,3,5,2,2
2555,2555,Mahesh Shetty,26,7,3,4,1
2556,2556,Venkatesh Pujari,61,3,3,9,1
2557,2557,Suresh Kumar,33,1,3,8,2
2558,2558,Priya Nayak,56,3,3,4,1
2559,2559,Sunita Hegde,60,9,4,6,1
2560,2560,Ramesh Shetty,39,5,4,7,1
2561,2561,Lakshmi Gowda,26,9,1,3,2
2562,2562,Priya Nayak,34,8,5,10,1
2563,2563,Ramesh Rao,54,2,5,9,1
2564,2564,Venkatesh Pujari,43,6,3,2,1
2565,2565,Lakshmi Deshmukh,56,7,3,1,1
2566,2566,Priya Nayak,48,1,2,1,2
2567,2567,Ramesh Nayak,44,7,4,4,2
2568,2568,Lakshmi Nayak,51,9,1,1,1
2569,2569,Sunita Kulkarni,38,1,5,5,1
2570,2570,Venkatesh Pujari,21,7,1,3,2
2571,2571,Manjunath Gowda,32,10,3,1,1
2572,2572,Ganesh Nayak,55,6,1,1,2
2573,2573,Mahesh Hegde,31,3,5,6,1
2574,2574,Suresh Bhat,32,10,3,9,1
2575,2575,Vijay Rao,43,3,5,8,2
2576,2576,Kavitha Bhat,25,2,3,1,1
2577,2577,Kavitha Gowda,44,8,4,4,2
2578,2578,Sunita Gowda,22,9,3,8,1
2579,2579,Suresh Kulkarni,49,5,1,3,2
2580,2580,Manjunath Rao,46,7,5,8,2
2581,2581,Lakshmi Deshmukh,60,10,1,1,2
2582,2582,Venkatesh Pujari,68,8,3,3,2
2583,2583,Manjunath Kulkarni,41,1,1,2,1
2584,2584,Lakshmi Hegde,56,5,5,7,2
2585,2585,Kavitha Kumar,67,5,1,2,2
2586,2586,Manjunath Shetty,30,10,2,9,1
2587,2587,Lakshmi Patil,26,8,5,1,1
2588,2588,Anitha Shetty,70,7,3,8,1
2589,2589,Suresh Hegde,28,7,5,8,1
2590,2590,Sunita Hegde,51,2,5,3,2
2591,2591,Manjunath Pujari,49,6,1,1,2
2592,2592,Manjunath Gowda,64,10,3,9,2
2593,2593,Kavitha Nayak,24,6,4,2,2
2594,2594,Anitha Reddy,34,9,3,2,1
2595,2595,Vijay Hegde,55,4,2,1,2
2596,2596,Venkatesh Kulkarni,56,5,2,2,2
2597,2597,Suresh Pujari,53,3,5,7,2
2598,2598,Lakshmi Patil,59,2,2,5,2
2599,2599,Kavitha Kulkarni,61,8,5,5,2
2600,2600,Sunita Rao,25,2,1,8,2
2601,2601,Venkatesh Gowda,44,10,4,6,2
2602,2602,Vijay Reddy,45,3,3,10,2
2603,2603,Manjunath Deshmukh,61,6,3,4,1
2604,2604,Suresh Patil,44,6,1,8,1
2605,2605,Ramesh Deshmukh,62,3,4,9,2
2606,2606,Priya Patil,27,8,3,10,1
2607,2607,Mahesh Pujari,53,4,1,5,1
2608,2608,Sunita Nayak,53,5,1,6,2
2609,2609,Venkatesh Kulkarni,30,3,5,3,1
2610,2610,Mahesh Patil,65,5,3,10,1
2611,2611,Vijay Kumar,23,8,1,1,1
2612,2612,Venkatesh Rao,42,7,2,9,1
2613,2613,Anitha Pujari,48,1,2,7,2
2614,2614,Ramesh Nayak,64,9,4,5,2
2615,2615,Kavitha Pujari,37,4,4,10,1
2616,2616,Ramesh Gowda,48,7,3,4,1
2617,2617,Mahesh Reddy,24,5,2,7,1
2618,2618,Mahesh Rao,70,2,5,2,1
2619,2619,Priya Reddy,45,7,3,7,2
2620,2620,Priya Kulkarni,60,6,2,4,1
2621,2621,Mahesh Reddy,46,5,5,5,1
2622,2622,Ramesh Bhat,36,9,4,8,1
2623,2623,Suresh Shetty,29,1,5,6,2
2624,2624,Sunita Rao,41,7,3,4,2
2625,2625,Venkatesh Nayak,30,3,2,9,2
2626,2626,Ganesh Deshmukh,58,10,1,9,2
2627,2627,Ramesh Hegde,21,9,2,5,1
2628,2628,Sunita Nayak,44,2,5,8,1
2629,2629,Anitha Patil,44,2,3,5,1
2630,2630,Ganesh Deshmukh,65,9,3,5,2
2631,2631,Suresh Shetty,64,3,3,2,2
2632,2632,Vijay Bhat,33,5,1,8,1
2633,2633,Venkatesh Patil,66,10,2,2,1
2634,2634,Anitha Patil,56,10,5,8,2
2635,2635,Vijay Rao,70,4,3,2,1
2636,2636,Priya Hegde,37,4,4,2,1
2637,2637,Ganesh Deshmukh,48,7,5,4,1
2638,2638,Kavitha Reddy,35,1,5,6,2
2639,2639,Sunita Deshmukh,40,7,4,8,2
2640,2640,Kavitha Kulkarni,57,2,5,10,1
2641,2641,Anitha Pujari,40,3,2,7,2
2642,2642,Lakshmi Deshmukh,47,3,3,8,1
2643,2643,Anitha Patil,51,2,3,3,1
2644,2644,Lakshmi Patil,48,5,2,9,1
2645,2645,Ganesh Rao,27,8,3,9,2
2646,2646,Vijay Deshmukh,33,7,2,5,1
2647,2647,Ramesh Nayak,31,9,4,10,1
2648,2648,Suresh Nayak,39,6,4,6,1
2649,2649,Anitha Deshmukh,33,3,4,7,2
2650,2650,Priya Rao,47,5,3,5,2
2651,2651,Suresh Bhat,69,9,4,2,1
2652,2652,Ramesh Gowda,23,5,3,10,2
2653,2653,Lakshmi Reddy,26,6,3,5,1
2654,2654,Mahesh Shetty,34,3,3,9,2
2655,2655,Lakshmi Deshmukh,35,10,5,7,1
2656,2656,Manjunath Patil,34,5,3,2,2
2657,2657,Ganesh Hegde,42,9,4,7,2
2658,2658,Priya Nayak,25,4,1,2,1
2659,2659,Manjunath Reddy,38,1,5,7,2
2660,2660,Vijay Bhat,30,7,2,3,2
2661,2661,Priya Hegde,55,3,4,4,2
2662,2662,Manjunath Nayak,69,1,2,3,2
2663,2663,Priya Kulkarni,23,9,3,4,1
2664,2664,Lakshmi Hegde,70,4,4,7,2
2665,2665,Manjunath Shetty,55,1,2,7,1
2666,2666,Priya Nayak,35,4,1,6,1
2667,2667,Anitha Deshmukh,46,2,1,1,1
2668,2668,Vijay Pujari,60,10,4,4,1
2669,2669,Mahesh Kumar,34,9,4,7,2
2670,2670,Vijay Kulkarni,62,2,1,4,1
2671,2671,Ganesh Nayak,40,3,3,7,1
2672,2672,Manjunath Nayak,43,5,5,10,1
2673,2673,Sunita Shetty,61,3,1,8,2
2674,2674,Lakshmi Reddy,45,2,5,2,1
2675,2675,Kavitha Shetty,57,3,2,2,1
2676,2676,Kavitha Shetty,63,2,4,10,2
2677,2677,Kavitha Nayak,28,7,2,4,1
2678,2678,Priya Hegde,55,8,5,7,2
2679,2679,Suresh Hegde,58,8,1,6,1
2680,2680,Lakshmi Kulkarni,35,2,4,7,2
2681,2681,Lakshmi Gowda,45,2,2,3,1
2682,2682,Suresh Shetty,57,6,3,10,2
2683,2683,Anitha Hegde,69,5,4,6,1
2684,2684,Priya Hegde,40,8,1,6,1
2685,2685,Mahesh Gowda,56,8,1,4,2
2686,2686,Suresh Kulkarni,27,6,3,6,2
2687,2687,Lakshmi Deshmukh,49,3,5,3,1
2688,2688,Ramesh Gowda,22,6,3,4,1
2689,2689,Ganesh Kumar,60,8,3,2,2
2690,2690,Kavitha Kumar,53,3,3,5,1
2691,2691,Manjunath Reddy,61,4,3,2,2
2692,2692,Ganesh Nayak,30,2,1,5,1
2693,2693,Lakshmi Shetty,29,9,4,5,1
2694,2694,Vijay Shetty,64,9,2,3,2
2695,2695,Vijay Nayak,54,2,5,10,2
2696,2696,Ramesh Bhat,66,9,3,6,1
2697,2697,Vijay Shetty,53,2,2,9,2
2698,2698,Priya Kumar,44,4,4,8,2
2699,2699,Mahesh Patil,25,4,1,7,2
2700,2700,Ramesh Reddy,26,3,5,9,2
2701,2701,Ramesh Patil,35,3,2,8,1
2702,2702,Sunita Bhat,48,4,4,10,2
2703,2703,Ramesh Gowda,52,6,1,9,1
2704,2704,Suresh Gowda,59,9,2,10,2
2705,2705,Manjunath Gowda,50,8,5,7,1
2706,2706,Suresh Gowda,27,10,1,10,2
2707,2707,Suresh Rao,28,10,3,8,1
2708,2708,Suresh Kumar,44,10,3,8,2
2709,2709,Anitha Pujari,66,10,4,2,2
2710,2710,Manjunath Kumar,39,4,5,8,1
2711,2711,Mahesh Bhat,22,8,5,1,1
2712,2712,Anitha Deshmukh,55,8,3,6,1
2713,2713,Suresh Hegde,66,6,4,5,2
2714,2714,Ramesh Patil,69,2,5,7,1
2715,2715,Venkatesh Kumar,44,1,3,5,1
2716,2716,Suresh Kumar,32,7,4,4,2
2717,2717,Mahesh Hegde,45,5,1,9,2
2718,2718,Vijay Hegde,23,1,3,5,1
2719,2719,Venkatesh Patil,66,2,4,8,2
2720,2720,Ramesh Shetty,31,2,5,4,1
2721,2721,Mahesh Gowda,67,1,5,6,1
2722,2722,Kavitha Shetty,26,5,3,8,1
2723,2723,Lakshmi Shetty,30,5,4,1,2
2724,2724,Mahesh Deshmukh,21,10,5,8,1
2725,2725,Venkatesh Patil,34,5,1,8,1
2726,2726,Anitha Nayak,54,7,4,8,2
2727,2727,Anitha Bhat,61,10,4,9,2
2728,2728,Mahesh Pujari,31,6,4,1,2
2729,2729,Priya Patil,42,3,4,3,1
2730,2730,Venkatesh Deshmukh,50,6,5,4,1
2731,2731,Ganesh Shetty,68,10,1,2,1
2732,2732,Vijay Reddy,69,9,4,8,1
2733,2733,Ganesh Deshmukh,32,1,5,7,2
2734,2734,Vijay Patil,70,9,3,5,1
2735,2735,Manjunath Hegde,30,8,5,5,2
2736,2736,Sunita Rao,41,7,1,8,1
2737,2737,Manjunath Rao,69,6,5,4,1
2738,2738,Mahesh Kumar,30,8,4,10,2
2739,2739,Venkatesh Pujari,36,2,4,6,2
2740,2740,Sunita Nayak,69,6,3,4,1
2741,2741,Vijay Bhat,67,3,4,4,1
2742,2742,Anitha Pujari,46,4,4,10,2
2743,2743,Ganesh Patil,26,5,5,6,1
2744,2744,Venkatesh Hegde,57,7,1,1,1
2745,2745,Lakshmi Pujari,53,3,2,8,1
2746,2746,Ganesh Rao,31,9,1,8,1
2747,2747,Mahesh Patil,27,6,4,9,2
2748,2748,Kavitha Nayak,70,5,2,8,1
2749,2749,Priya Kumar,48,5,3,5,2
2750,2750,Priya Rao,51,6,2,1,2
2751,2751,Venkatesh Pujari,36,5,4,3,1
2752,2752,Mahesh Shetty,25,4,3,9,2
2753,2753,Sunita Reddy,57,1,3,2,2
2754,2754,Ganesh Pujari,28,2,2,5,1
2755,2755,Mahesh Pujari,63,1,2,5,2
2756,2756,Kavitha Rao,45,10,3,6,1
2757,2757,Anitha Kulkarni,39,4,3,1,1
2758,2758,Ramesh Deshmukh,57,7,1,2,1
2759,2759,Manjunath Kulkarni,37,5,1,9,1
2760,2760,Anitha Deshmukh,29,5,1,4,2
2761,2761,Vijay Gowda,43,9,5,10,1
2762,2762,Ganesh Kumar,59,3,1,6,2
2763,2763,Anitha Bhat,50,5,2,5,2
2764,2764,Ramesh Kulkarni,56,6,2,6,2
2765,2765,Suresh Nayak,23,4,2,4,2
2766,2766,Kavitha Patil,38,1,4,5,1
2767,2767,Lakshmi Reddy,47,3,5,4,2
2768,2768,Manjunath Hegde,23,7,1,2,2
2769,2769,Manjunath Rao,56,6,3,5,2
2770,2770,Priya Reddy,48,7,5,4,2
2771,2771,Suresh Hegde,54,5,1,1,2
2772,2772,Vijay Bhat,28,8,5,9,2
2773,2773,Vijay Rao,21,2,2,8,1
2774,2774,Anitha Nayak,31,7,2,10,1
2775,2775,Priya Deshmukh,22,2,5,8,2
2776,2776,Ramesh Bhat,58,7,4,2,2
2777,2777,Kavitha Pujari,25,9,3,2,1
2778,2778,Suresh Rao,43,6,4,4,1
2779,2779,Lakshmi Bhat,22,8,2,6,1
2780,2780,Ramesh Shetty,49,10,1,9,2
2781,2781,Anitha Kulkarni,52,2,5,6,2
2782,2782,Vijay Deshmukh,69,6,1,8,1
2783,2783,Lakshmi Deshmukh,70,5,5,7,1
2784,2784,Ramesh Hegde,69,5,4,8,2
2785,2785,Anitha Nayak,64,6,3,1,2
2786,2786,Priya Gowda,30,8,3,5,2
2787,2787,Ramesh Nayak,31,2,3,6,1
2788,2788,Mahesh Hegde,21,5,4,7,1
2789,2789,Ganesh Pujari,37,8,3,5,1
2790,2790,Kavitha Shetty,48,7,3,7,2
2791,2791,Kavitha Hegde,60,6,3,1,2
2792,2792,Sunita Rao,55,7,3,8,1
2793,2793,Kavitha Pujari,53,1,2,2,1
2794,2794,Ganesh Kumar,33,8,4,1,2
2795,2795,Mahesh Reddy,44,10,1,10,1
2796,2796,Venkatesh Patil,56,1,2,8,1
2797,2797,Sunita Bhat,59,9,3,5,1
2798,2798,Manjunath Kulkarni,38,4,5,5,1
2799,2799,Kavitha Hegde,53,2,2,6,2
2800,2800,Ganesh Kulkarni,23,6,1,1,2
2801,2801,Lakshmi Pujari,58,6,2,1,2
2802,2802,Manjunath Pujari,58,5,1,4,2
2803,2803,Mahesh Nayak,55,9,4,3,2
2804,2804,Manjunath Rao,45,7,3,8,1
2805,2805,Anitha Bhat,53,2,4,5,1
2806,2806,Lakshmi Patil,45,6,4,10,1
2807,2807,Priya Kulkarni,67,9,5,6,2
2808,2808,Manjunath Kumar,39,7,5,6,2
2809,2809,Vijay Patil,38,2,1,10,1
2810,2810,Sunita Gowda,65,5,3,9,1
2811,2811,Vijay Shetty,25,3,2,2,1
2812,2812,Venkatesh Reddy,52,2,2,3,2
2813,2813,Anitha Shetty,55,4,5,3,2
2814,2814,Venkatesh Shetty,44,3,5,3,2
2815,2815,Ramesh Hegde,53,8,2,8,1
2816,2816,Manjunath Bhat,55,8,4,5,2
2817,2817,Sunita Hegde,63,2,1,10,2
2818,2818,Anitha Pujari,26,2,2,4,2
2819,2819,Anitha Shetty,43,8,5,3,2
2820,2820,Anitha Pujari,51,4,3,4,1
2821,2821,Anitha Nayak,44,6,3,3,1
2822,2822,Ganesh Hegde,54,10,1,10,1
2823,2823,Ganesh Shetty,58,5,3,2,1
2824,2824,Mahesh Reddy,23,1,1,2,1
2825,2825,Priya Reddy,25,8,3,8,2
2826,2826,Ramesh Shetty,68,3,4,3,1
2827,2827,Suresh Kumar,25,4,2,10,2
2828,2828,Priya Nayak,54,4,2,3,2
2829,2829,Ganesh Reddy,49,3,4,4,1
2830,2830,Vijay Gowda,65,3,4,4,1
2831,2831,Lakshmi Pujari,62,7,1,10,1
2832,2832,Mahesh Kulkarni,39,10,5,7,2
2833,2833,Sunita Kulkarni,26,8,3,1,1
2834,2834,Ramesh Pujari,52,8,4,10,2
2835,2835,Manjunath Gowda,28,5,2,4,2
2836,2836,Suresh Pujari,64,3,3,10,1
2837,2837,Venkatesh Patil,57,8,2,5,2
2838,2838,Sunita Deshmukh,29,9,5,7,2
2839,2839,Ganesh Reddy,53,7,1,2,1
2840,2840,Mahesh Kulkarni,36,10,2,8,1
2841,2841,Suresh Gowda,64,4,2,4,2
2842,2842,Mahesh Pujari,30,8,1,6,1
2843,2843,Priya Rao,56,8,2,3,2
2844,2844,Vijay Reddy,50,2,1,2,1
2845,2845,Manjunath Reddy,40,3,2,1,1
2846,2846,Venkatesh Deshmukh,29,10,2,6,2
2847,2847,Ramesh Shetty,23,10,1,2,1
2848,2848,Kavitha Nayak,26,2,5,6,1
2849,2849,Suresh Kumar,52,9,1,9,2
2850,2850,Kavitha Patil,37,6,4,4,2
2851,2851,Manjunath Nayak,36,5,2,5,1
2852,2852,Ganesh Bhat,38,9,5,8,2
2853,2853,Lakshmi Reddy,30,1,2,1,1
2854,2854,Lakshmi Pujari,67,2,1,9,1
2855,2855,Anitha Hegde,42,5,1,9,1
2856,2856,Ramesh Gowda,40,3,1,10,1
2857,2857,Venkatesh Nayak,47,4,1,10,2
2858,2858,Anitha Patil,25,9,5,7,2
2859,2859,Sunita Kumar,48,9,2,5,2
2860,2860,Mahesh Hegde,66,2,2,5,2
2861,2861,Priya Nayak,64,5,3,9,2
2862,2862,Sunita Reddy,53,4,4,7,2
2863,2863,Ganesh Rao,60,8,4,4,1
2864,2864,Manjunath Patil,69,10,3,8,2
2865,2865,Mahesh Rao,51,1,3,2,1
2866,2866,Anitha Bhat,50,6,2,5,2
2867,2867,Ramesh Pujari,51,1,3,6,2
2868,2868,Suresh Deshmukh,63,9,2,2,1
2869,2869,Ramesh Kumar,41,9,1,4,2
2870,2870,Kavitha Pujari,31,3,5,3,1
2871,2871,Mahesh Pujari,60,1,2,7,2
2872,2872,Vijay Patil,27,7,5,5,2
2873,2873,Lakshmi Shetty,49,3,3,7,2
2874,2874,Suresh Kulkarni,61,3,3,6,2
2875,2875,Manjunath Kumar,44,2,1,8,2
2876,2876,Venkatesh Deshmukh,58,7,5,9,1
2877,2877,Kavitha Reddy,47,9,4,2,1
2878,2878,Kavitha Deshmukh,25,5,3,5,2
2879,2879,Mahesh Reddy,50,10,5,6,1
2880,2880,Lakshmi Reddy,43,3,5,4,2
2881,2881,Ramesh Pujari,27,10,2,3,1
2882,2882,Kavitha Rao,24,4,5,4,2
2883,2883,Ramesh Bhat,47,10,5,9,1
2884,2884,Suresh Patil,27,10,1,3,2
2885,2885,Manjunath Deshmukh,38,8,2,8,2
2886,2886,Venkatesh Pujari,66,2,2,9,1
2887,2887,Venkatesh Kulkarni,37,2,3,5,2
2888,2888,Venkatesh Kumar,66,3,5,2,2
2889,2889,Ganesh Reddy,44,5,2,8,1
2890,2890,Priya Gowda,32,3,2,6,2
2891,2891,Venkatesh Patil,54,10,2,4,2
2892,2892,Sunita Bhat,22,7,5,4,1
2893,2893,Anitha Bhat,60,7,3,8,2
2894,2894,Anitha Kulkarni,22,2,4,6,1
2895,2895,Vijay Deshmukh,50,1,2,6,2
2896,2896,Suresh Deshmukh,46,7,2,6,1
2897,2897,Mahesh Bhat,62,10,3,8,2
2898,2898,Ganesh Shetty,23,8,5,3,1
2899,2899,Priya Patil,51,8,1,2,1
2900,2900,Kavitha Kulkarni,65,9,5,4,1
2901,2901,Sunita Nayak,55,2,3,6,2
2902,2902,Vijay Patil,42,5,5,7,1
2903,2903,Anitha Kulkarni,34,10,2,10,2
2904,2904,Lakshmi Bhat,35,5,4,7,2
2905,2905,Venkatesh Deshmukh,45,10,2,8,2
2906,2906,Anitha Rao,34,9,1,2,2
2907,2907,Lakshmi Rao,66,4,1,2,2
2908,2908,Ramesh Hegde,39,1,5,10,1
2909,2909,Ramesh Rao,33,1,4,9,1
2910,2910,Ramesh Gowda,57,5,4,3,1
2911,2911,Lakshmi Nayak,55,2,2,3,2
2912,2912,Vijay Nayak,33,1,5,9,2
2913,2913,Ramesh Bhat,67,9,5,9,2
2914,2914,Sunita Deshmukh,46,8,2,6,1
2915,2915,Suresh Nayak,43,8,3,5,2
2916,2916,Ramesh Gowda,35,4,2,8,1
2917,2917,Kavitha Nayak,48,4,5,6,1
2918,2918,Ganesh Kumar,54,10,1,2,2
2919,2919,Venkatesh Reddy,25,6,4,8,2
2920,2920,Venkatesh Gowda,57,8,1,8,1
2921,2921,Ramesh Hegde,49,6,2,8,1
2922,2922,Ganesh Rao,55,8,1,2,2
2923,2923,Kavitha Reddy,69,1,2,8,2
2924,2924,Sunita Nayak,43,7,1,10,1
2925,2925,Mahesh Hegde,65,2,3,3,1
2926,2926,Sunita Patil,37,5,1,9,2
2927,2927,Suresh Pujari,45,2,1,10,1
2928,2928,Lakshmi Reddy,66,2,1,7,2
2929,2929,Vijay Rao,42,1,4,4,2
2930,2930,Sunita Nayak,26,7,2,7,2
2931,2931,Venkatesh Shetty,32,8,4,9,1
2932,2932,Sunita Rao,58,9,5,6,1
2933,2933,Mahesh Rao,38,4,4,10,2
2934,2934,Anitha Shetty,59,3,2,10,2
2935,2935,Mahesh Shetty,46,7,5,8,2
2936,2936,Ganesh Shetty,45,2,1,1,2
2937,2937,Suresh Reddy,26,5,1,1,1
2938,2938,Ganesh Deshmukh,43,8,1,9,2
2939,2939,Priya Nayak,55,4,3,4,2
2940,2940,Lakshmi Kulkarni,66,4,3,4,2
2941,2941,Ramesh Rao,27,6,5,10,1
2942,2942,Anitha Shetty,26,3,1,9,2
2943,2943,Vijay Patil,64,4,5,5,1
2944,2944,Priya Patil,62,4,2,10,2
2945,2945,Mahesh Pujari,36,1,5,2,2
2946,2946,Lakshmi Shetty,68,5,4,8,2
2947,2947,Anitha Hegde,31,10,1,4,1
2948,2948,Manjunath Bhat,44,9,5,1,2
2949,2949,Manjunath Shetty,35,3,4,6,2
2950,2950,Lakshmi Pujari,60,3,1,2,2
2951,2951,Ramesh Nayak,54,2,1,5,1
2952,2952,Venkatesh Kulkarni,22,10,1,8,2
2953,2953,Mahesh Shetty,38,6,5,1,2
2954,2954,Manjunath Pujari,55,4,5,5,1
2955,2955,Ganesh Rao,21,9,4,7,2
2956,2956,Anitha Reddy,30,8,4,6,1
2957,2957,Ganesh Shetty,30,9,4,10,2
2958,2958,Sunita Hegde,43,2,4,6,2
2959,2959,Lakshmi Shetty,50,2,4,1,2
2960,2960,Venkatesh Reddy,70,8,3,5,1
2961,2961,Priya Shetty,53,8,1,10,1
2962,2962,Ganesh Hegde,48,10,5,8,2
2963,2963,Mahesh Shetty,38,10,2,9,2
2964,2964,Ramesh Pujari,51,9,2,7,1
2965,2965,Lakshmi Reddy,64,1,4,9,2
2966,2966,Suresh Rao,61,8,3,5,2
2967,2967,Kavitha Bhat,26,7,2,3,1
2968,2968,Mahesh Deshmukh,25,6,5,8,2
2969,2969,Kavitha Gowda,59,1,3,2,1
2970,2970,Sunita Kulkarni,29,2,1,5,2
2971,2971,Mahesh Gowda,45,3,4,7,2
2972,2972,Venkatesh Reddy,33,3,1,7,1
2973,2973,Sunita Kumar,42,5,5,10,1
2974,2974,Venkatesh Hegde,70,8,2,4,2
2975,2975,Vijay Gowda,27,4,2,5,1
2976,2976,Vijay Hegde,65,6,3,7,1
2977,2977,Kavitha Hegde,55,2,4,9,2
2978,2978,Venkatesh Pujari,31,10,2,3,2
2979,2979,Ramesh Pujari,57,1,4,6,1
2980,2980,Anitha Reddy,24,2,1,10,2
2981,2981,Sunita Pujari,55,1,5,3,2
2982,2982,Priya Shetty,52,9,5,9,2
2983,2983,Lakshmi Kumar,34,6,2,7,1
2984,2984,Ramesh Kumar,56,3,5,6,1
2985,2985,Kavitha Pujari,29,9,1,6,1
2986,2986,Manjunath Patil,26,5,3,9,2
2987,2987,Vijay Rao,62,8,3,2,2
2988,2988,Lakshmi Hegde,47,1,4,8,2
2989,2989,Priya Hegde,40,7,3,1,2
2990,2990,Suresh Bhat,65,7,5,2,2
2991,2991,Lakshmi Bhat,69,6,4,6,1
2992,2992,Ramesh Bhat,39,4,2,6,2
2993,2993,Anitha Patil,40,8,5,1,1
2994,2994,Suresh Rao,54,6,5,10,2
2995,2995,Sunita Reddy,63,5,2,8,2
2996,2996,Anitha Patil,40,1,2,4,2
2997,2997,Ganesh Bhat,53,9,2,1,2
2998,2998,Lakshmi Rao,23,2,5,3,1
2999,2999,Mahesh Hegde,68,6,1,10,1
3000,3000,Mahesh Patil,24,10,4,4,2
3001,3001,Lakshmi Gowda,54,10,1,1,2
3002,3002,Anitha Pujari,69,3,5,4,1
3003,3003,Sunita Bhat,64,10,1,4,2
