VictimMasterID,CaseMasterID,VictimName,AgeYear,GenderID,VictimPolice
1,1,Manjunath Pujari,52,1,0
2,1,Lakshmi Kumar,44,2,0
3,2,Anitha Shetty,26,2,0
4,2,Kavitha Kumar,30,1,0
5,3,Mahesh Rao,19,2,0
6,4,Kavitha Patil,30,2,0
7,5,Venkatesh Kumar,23,1,1
8,5,Vijay Shetty,26,1,0
9,6,Ganesh Nayak,44,2,1
10,6,Anitha Kumar,47,1,0
11,7,Ganesh Rao,64,1,0
12,8,Ramesh Kumar,56,2,0
13,8,Lakshmi Shetty,45,1,0
14,9,Manjunath Shetty,37,2,1
15,10,Ganesh Patil,59,1,0
16,10,Vijay Kulkarni,26,2,0
17,11,Anitha Patil,24,1,1
18,12,Vijay Kulkarni,24,1,0
19,13,Manjunath Bhat,40,2,0
20,14,Suresh Kulkarni,31,2,0
21,15,Mahesh Pujari,37,2,0
22,16,Ganesh Gowda,62,1,0
23,16,Ganesh Kulkarni,36,2,0
24,17,Kavitha Deshmukh,42,2,0
25,18,Priya Pujari,38,2,0
26,18,Manjunath Hegde,26,1,0
27,19,Mahesh Bhat,29,1,0
28,20,Anitha Kumar,43,1,1
29,21,Mahesh Patil,54,2,0
30,22,Venkatesh Reddy,52,1,0
31,23,Anitha Reddy,22,2,1
32,24,Manjunath Gowda,35,1,1
33,25,Anitha Reddy,29,1,1
34,26,Suresh Kulkarni,65,1,0
35,27,Priya Bhat,58,1,0
36,28,Ramesh Bhat,62,2,0
37,29,Suresh Patil,43,2,0
38,30,Vijay Pujari,64,2,1
39,31,Vijay Shetty,54,2,1
40,32,Ganesh Rao,38,1,0
41,32,Ganesh Bhat,19,2,0
42,33,Lakshmi Patil,41,1,0
43,34,Manjunath Kulkarni,22,2,0
44,35,Ganesh Bhat,43,1,0
45,36,Lakshmi Kumar,42,2,0
46,37,Kavitha Hegde,63,2,0
47,37,Vijay Patil,64,2,1
48,38,Venkatesh Pujari,63,1,0
49,39,Vijay Gowda,57,2,0
50,39,Ganesh Pujari,54,1,1
51,40,Manjunath Rao,48,1,0
52,41,Manjunath Kulkarni,51,1,1
53,42,Lakshmi Gowda,55,1,0
54,43,Priya Kumar,21,1,0
55,44,Priya Kulkarni,27,1,0
56,45,Ramesh Hegde,63,1,0
57,46,Anitha Bhat,47,1,0
58,47,Venkatesh Deshmukh,19,1,1
59,48,Priya Bhat,59,1,0
60,49,Mahesh Kumar,29,1,1
61,49,Venkatesh Nayak,47,1,1
62,50,Ramesh Kulkarni,45,2,1
63,51,Lakshmi Nayak,32,1,0
64,52,Anitha Gowda,34,1,0
65,53,Kavitha Rao,21,1,1
66,53,Ganesh Deshmukh,44,1,1
67,54,Kavitha Hegde,38,1,0
68,54,Priya Kumar,57,2,0
69,55,Ganesh Kulkarni,20,1,1
70,55,Vijay Hegde,25,2,0
71,56,Priya Nayak,61,1,0
72,57,Lakshmi Patil,19,2,1
73,58,Manjunath Patil,33,1,0
74,59,Suresh Deshmukh,32,2,0
75,60,Manjunath Patil,18,2,0
76,60,Venkatesh Pujari,50,2,0
77,61,Manjunath Pujari,48,1,0
78,62,Lakshmi Nayak,26,1,0
79,63,Ramesh Patil,61,1,0
80,63,Venkatesh Gowda,38,1,0
81,64,Kavitha Patil,43,2,0
82,64,Lakshmi Rao,27,1,0
83,65,Kavitha Deshmukh,18,2,0
84,66,Priya Rao,18,2,0
85,67,Priya Hegde,39,1,1
86,68,Vijay Reddy,45,2,0
87,68,Venkatesh Kumar,32,2,0
88,69,Anitha Patil,41,2,0
89,69,Vijay Pujari,37,2,0
90,70,Ramesh Pujari,63,1,0
91,71,Ramesh Rao,40,2,1
92,72,Kavitha Nayak,65,2,1
93,73,Lakshmi Reddy,55,1,0
94,74,Vijay Pujari,33,1,0
95,75,Venkatesh Hegde,48,2,0
96,76,Vijay Patil,61,1,1
97,77,Sunita Nayak,43,1,0
98,78,Priya Hegde,20,2,0
99,79,Manjunath Shetty,64,1,0
100,80,Sunita Nayak,26,2,0
101,81,Ramesh Kulkarni,55,2,0
102,82,Kavitha Nayak,35,1,0
103,83,Vijay Shetty,64,2,0
104,84,Ganesh Nayak,31,2,0
105,85,Suresh Kumar,58,1,1
106,85,Priya Shetty,48,1,1
107,86,Lakshmi Patil,28,1,0
108,87,Mahesh Pujari,19,2,0
109,88,Ramesh Patil,46,2,0
110,89,Ramesh Nayak,39,2,1
111,90,Venkatesh Gowda,52,1,0
112,90,Manjunath Reddy,64,1,0
113,91,Anitha Bhat,34,2,0
114,92,Sunita Kulkarni,51,2,0
115,93,Kavitha Nayak,20,1,0
116,93,Manjunath Patil,30,2,0
117,94,Lakshmi Nayak,52,1,0
118,94,Anitha Patil,52,2,0
119,95,Lakshmi Pujari,38,2,0
120,96,Manjunath Patil,52,1,0
121,97,Anitha Pujari,45,1,1
122,98,Kavitha Pujari,19,1,0
123,99,Kavitha Nayak,41,1,0
124,100,Venkatesh Bhat,30,2,0
125,101,Manjunath Nayak,32,2,1
126,102,Lakshmi Pujari,30,1,0
127,103,Lakshmi Patil,47,2,0
128,104,Mahesh Nayak,42,1,0
129,105,Sunita Shetty,61,1,0
130,106,Anitha Shetty,36,1,0
131,106,Ramesh Reddy,30,1,0
132,107,Venkatesh Pujari,65,2,0
133,108,Venkatesh Hegde,34,1,0
134,108,Ramesh Reddy,45,2,0
135,109,Priya Bhat,40,1,0
136,109,Suresh Gowda,24,2,0
137,110,Ganesh Gowda,19,1,0
138,110,Venkatesh Nayak,21,2,1
139,111,Anitha Nayak,62,2,1
140,112,Suresh Kumar,56,2,1
141,113,Suresh Reddy,45,1,0
142,114,Priya Kumar,44,2,0
143,115,Priya Gowda,30,1,0
144,116,Ganesh Bhat,61,1,0
145,117,Mahesh Hegde,41,1,0
146,117,Kavitha Nayak,32,1,0
147,118,Manjunath Kumar,31,1,0
148,119,Venkatesh Nayak,47,2,0
149,120,Venkatesh Patil,23,2,0
150,121,Kavitha Deshmukh,43,2,0
151,122,Mahesh Bhat,36,1,0
152,123,Venkatesh Kulkarni,52,1,0
153,124,Lakshmi Shetty,44,1,0
154,124,Ganesh Reddy,42,2,0
155,125,Kavitha Hegde,23,1,1
156,126,Venkatesh Pujari,42,2,0
157,127,Kavitha Shetty,19,2,0
158,128,Suresh Bhat,26,2,0
159,129,Priya Pujari,52,2,0
160,130,Sunita Deshmukh,48,1,0
161,131,Kavitha Pujari,21,2,0
162,132,Vijay Kumar,23,2,0
163,133,Sunita Nayak,53,1,1
164,134,Mahesh Shetty,44,2,0
165,135,Ganesh Deshmukh,39,2,0
166,135,Anitha Nayak,28,2,0
167,136,Vijay Patil,35,2,0
168,136,Kavitha Kulkarni,36,2,0
169,137,Mahesh Shetty,60,2,0
170,138,Anitha Kulkarni,63,2,0
171,139,Anitha Patil,40,2,0
172,140,Lakshmi Patil,42,1,0
173,141,Suresh Gowda,32,2,1
174,141,Suresh Rao,39,1,0
175,142,Venkatesh Pujari,33,2,1
176,143,Vijay Bhat,47,2,1
177,144,Ramesh Gowda,36,2,0
178,145,Kavitha Gowda,19,2,1
179,146,Manjunath Kulkarni,33,1,0
180,147,Manjunath Pujari,43,2,0
181,148,Kavitha Gowda,53,2,0
182,149,Mahesh Rao,55,2,0
183,150,Vijay Gowda,63,2,0
184,151,Anitha Pujari,50,1,0
185,152,Kavitha Gowda,59,2,0
186,153,Mahesh Shetty,25,2,1
187,154,Priya Patil,37,2,1
188,155,Manjunath Deshmukh,30,1,0
189,156,Suresh Bhat,20,1,0
190,156,Manjunath Hegde,65,2,1
191,157,Priya Reddy,33,1,0
192,158,Priya Pujari,45,2,0
193,159,Suresh Patil,23,2,0
194,159,Manjunath Bhat,20,2,0
195,160,Ganesh Deshmukh,54,2,0
196,161,Venkatesh Rao,60,2,0
197,162,Anitha Deshmukh,19,1,1
198,163,Suresh Rao,26,1,1
199,163,Sunita Gowda,27,2,0
200,164,Anitha Rao,41,2,0
201,165,Ganesh Patil,44,2,1
202,165,Priya Reddy,55,2,0
203,166,Sunita Deshmukh,62,1,0
204,167,Ramesh Bhat,58,2,0
205,167,Ramesh Rao,61,1,0
206,168,Anitha Pujari,43,2,0
207,168,Priya Kumar,62,2,0
208,169,Lakshmi Shetty,52,2,0
209,170,Mahesh Pujari,47,2,0
210,170,Priya Rao,26,2,0
211,171,Suresh Nayak,54,1,0
212,172,Ganesh Deshmukh,63,1,1
213,173,Anitha Gowda,29,1,0
214,173,Suresh Deshmukh,51,1,0
215,174,Suresh Rao,18,1,0
216,174,Ramesh Deshmukh,44,2,0
217,175,Suresh Patil,34,1,0
218,175,Ganesh Nayak,42,1,0
219,176,Manjunath Bhat,41,1,1
220,177,Mahesh Patil,32,2,0
221,178,Venkatesh Reddy,40,2,0
222,179,Venkatesh Nayak,20,1,0
223,180,Anitha Patil,39,2,0
224,181,Mahesh Kulkarni,53,2,0
225,181,Kavitha Rao,51,2,1
226,182,Priya Shetty,38,1,0
227,182,Sunita Pujari,62,1,0
228,183,Anitha Nayak,19,2,1
229,183,Ganesh Gowda,38,1,0
230,184,Venkatesh Hegde,56,1,1
231,185,Ganesh Kumar,49,1,0
232,185,Venkatesh Hegde,51,2,0
233,186,Sunita Patil,30,1,0
234,187,Ganesh Bhat,56,2,1
235,187,Suresh Nayak,27,2,1
236,188,Manjunath Pujari,19,1,1
237,188,Lakshmi Kumar,32,1,1
238,189,Anitha Patil,63,1,0
239,190,Venkatesh Bhat,63,2,0
240,191,Anitha Deshmukh,58,2,0
241,191,Ramesh Kulkarni,64,1,0
242,192,Venkatesh Reddy,29,1,0
243,193,Venkatesh Hegde,34,2,1
244,194,Kavitha Pujari,26,2,1
245,195,Venkatesh Rao,29,2,0
246,196,Sunita Hegde,55,2,0
247,197,Sunita Shetty,22,2,0
248,198,Venkatesh Hegde,42,2,0
249,199,Suresh Patil,47,2,1
250,199,Priya Bhat,28,1,0
251,200,Vijay Hegde,55,2,0
252,200,Ramesh Patil,30,2,0
253,201,Lakshmi Gowda,34,1,1
254,202,Ganesh Deshmukh,64,2,1
255,203,Kavitha Bhat,51,1,0
256,204,Manjunath Bhat,48,1,0
257,204,Sunita Gowda,42,2,0
258,205,Manjunath Nayak,30,1,1
259,205,Priya Nayak,46,2,0
260,206,Ganesh Kumar,60,2,0
261,207,Kavitha Rao,52,2,0
262,208,Vijay Reddy,28,2,0
263,208,Suresh Patil,46,2,0
264,209,Anitha Gowda,37,1,1
265,210,Ganesh Gowda,24,1,0
266,210,Vijay Deshmukh,19,1,0
267,211,Sunita Deshmukh,39,2,1
268,212,Vijay Kumar,50,2,0
269,213,Manjunath Nayak,54,1,1
270,214,Venkatesh Rao,60,1,0
271,215,Suresh Pujari,65,2,0
272,216,Kavitha Pujari,60,1,0
273,216,Vijay Kumar,19,2,0
274,217,Venkatesh Bhat,29,2,0
275,218,Vijay Patil,54,1,1
276,219,Vijay Rao,47,1,1
277,220,Ramesh Pujari,45,1,0
278,221,Anitha Bhat,26,1,0
279,222,Suresh Reddy,37,2,0
280,223,Kavitha Bhat,39,2,0
281,224,Vijay Shetty,21,2,0
282,225,Sunita Kulkarni,31,1,0
283,226,Anitha Pujari,44,1,0
284,227,Lakshmi Patil,57,1,0
285,228,Vijay Reddy,40,1,0
286,229,Ganesh Deshmukh,55,1,1
287,230,Kavitha Kulkarni,60,2,0
288,231,Sunita Deshmukh,28,1,0
289,232,Vijay Patil,27,2,0
290,233,Vijay Patil,28,2,0
291,234,Ganesh Pujari,22,2,1
292,235,Ramesh Pujari,24,2,0
293,236,Anitha Gowda,58,2,0
294,237,Lakshmi Hegde,60,1,1
295,238,Anitha Hegde,44,1,0
296,238,Sunita Pujari,57,1,0
297,239,Suresh Gowda,18,2,1
298,240,Suresh Rao,31,2,0
299,241,Kavitha Kulkarni,31,1,0
300,242,Kavitha Deshmukh,34,1,0
301,243,Lakshmi Gowda,48,1,0
302,243,Vijay Deshmukh,47,2,0
303,244,Sunita Shetty,58,1,1
304,245,Mahesh Shetty,47,2,0
305,246,Lakshmi Pujari,29,2,1
306,246,Suresh Shetty,54,1,1
307,247,Lakshmi Kulkarni,18,1,0
308,248,Anitha Deshmukh,41,1,0
309,249,Sunita Rao,32,1,0
310,250,Kavitha Pujari,55,1,0
311,251,Anitha Kulkarni,41,2,1
312,252,Sunita Hegde,61,2,0
313,252,Ramesh Bhat,46,2,0
314,253,Suresh Shetty,29,2,0
315,254,Lakshmi Gowda,63,1,1
316,254,Vijay Kumar,18,2,0
317,255,Kavitha Patil,61,2,1
318,256,Vijay Shetty,21,2,0
319,257,Manjunath Kulkarni,48,1,1
320,258,Suresh Reddy,22,2,0
321,259,Ramesh Kumar,20,1,0
322,260,Ramesh Rao,21,2,1
323,261,Ramesh Deshmukh,28,1,1
324,262,Venkatesh Patil,60,1,0
325,263,Kavitha Patil,48,2,0
326,264,Sunita Pujari,44,2,1
327,265,Ganesh Nayak,22,1,0
328,266,Kavitha Patil,54,1,1
329,267,Venkatesh Kulkarni,39,2,0
330,268,Vijay Kumar,62,1,0
331,269,Lakshmi Kulkarni,42,2,0
332,270,Manjunath Patil,45,2,0
333,271,Vijay Nayak,35,2,0
334,271,Venkatesh Kulkarni,43,1,0
335,272,Manjunath Kumar,65,2,0
336,273,Anitha Bhat,57,1,0
337,274,Mahesh Patil,25,2,0
338,275,Anitha Deshmukh,22,1,1
339,276,Manjunath Deshmukh,22,2,0
340,277,Vijay Nayak,19,2,1
341,278,Venkatesh Bhat,59,2,0
342,279,Venkatesh Kumar,38,1,0
343,280,Priya Nayak,62,2,0
344,281,Ganesh Rao,59,1,0
345,281,Mahesh Reddy,32,2,0
346,282,Manjunath Bhat,64,1,0
347,283,Manjunath Shetty,61,1,0
348,283,Sunita Rao,27,2,0
349,284,Venkatesh Reddy,19,2,0
350,284,Priya Hegde,62,2,0
351,285,Priya Gowda,47,1,1
352,286,Mahesh Nayak,34,1,1
353,287,Vijay Gowda,58,1,0
354,287,Ganesh Nayak,47,2,0
355,288,Anitha Patil,44,1,0
356,288,Kavitha Kulkarni,21,1,0
357,289,Vijay Nayak,57,1,1
358,290,Venkatesh Pujari,63,2,0
359,291,Manjunath Hegde,38,1,0
360,292,Manjunath Kumar,51,2,0
361,293,Lakshmi Nayak,63,2,1
362,294,Suresh Nayak,48,1,1
363,295,Manjunath Shetty,31,1,0
364,296,Anitha Shetty,58,2,1
365,297,Anitha Gowda,60,2,0
366,298,Vijay Bhat,43,1,0
367,299,Mahesh Rao,55,2,0
368,300,Lakshmi Nayak,28,2,0
369,301,Manjunath Kumar,21,2,0
370,302,Lakshmi Patil,18,1,0
371,303,Manjunath Kumar,21,1,0
372,303,Ganesh Kulkarni,45,2,0
373,304,Suresh Deshmukh,56,2,0
374,304,Anitha Patil,24,1,0
375,305,Lakshmi Nayak,53,2,0
376,306,Vijay Pujari,60,2,1
377,307,Ganesh Hegde,28,2,0
378,307,Kavitha Deshmukh,36,2,0
379,308,Kavitha Gowda,29,2,0
380,309,Ramesh Pujari,65,2,0
381,310,Lakshmi Patil,26,2,0
382,311,Manjunath Kulkarni,50,2,0
383,312,Vijay Shetty,22,2,0
384,313,Kavitha Kulkarni,38,1,0
385,313,Suresh Shetty,58,1,0
386,314,Venkatesh Pujari,48,2,1
387,315,Priya Nayak,32,2,0
388,315,Sunita Deshmukh,65,1,0
389,316,Lakshmi Hegde,64,2,0
390,317,Priya Patil,59,1,1
391,318,Venkatesh Pujari,33,1,0
392,319,Suresh Patil,49,1,0
393,319,Venkatesh Hegde,61,1,0
394,320,Lakshmi Gowda,56,2,0
395,321,Anitha Reddy,34,2,0
396,322,Venkatesh Bhat,54,1,0
397,323,Priya Kulkarni,44,1,0
398,323,Lakshmi Kulkarni,42,2,0
399,324,Sunita Gowda,27,2,1
400,325,Mahesh Pujari,58,2,0
401,326,Kavitha Hegde,36,1,0
402,326,Venkatesh Bhat,40,2,0
403,327,Mahesh Deshmukh,32,2,0
404,328,Ganesh Nayak,19,1,0
405,329,Priya Gowda,54,1,1
406,330,Priya Bhat,51,1,0
407,330,Kavitha Nayak,48,1,0
408,331,Mahesh Bhat,25,2,0
409,332,Priya Reddy,62,1,0
410,333,Vijay Pujari,33,2,0
411,334,Priya Deshmukh,34,2,0
412,335,Ganesh Rao,28,1,0
413,336,Lakshmi Shetty,24,1,0
414,337,Mahesh Kumar,52,1,0
415,337,Mahesh Gowda,30,2,0
416,338,Sunita Shetty,50,2,0
417,339,Ramesh Bhat,48,1,0
418,339,Vijay Kulkarni,41,2,0
419,340,Lakshmi Bhat,62,2,1
420,341,Anitha Kumar,35,2,0
421,341,Ramesh Bhat,54,2,0
422,342,Vijay Kumar,34,2,0
423,343,Lakshmi Gowda,58,1,1
424,344,Manjunath Deshmukh,49,2,1
425,345,Vijay Rao,46,2,0
426,346,Kavitha Rao,27,2,0
427,347,Manjunath Bhat,58,1,0
428,348,Lakshmi Rao,38,1,1
429,349,Priya Kulkarni,43,1,0
430,349,Mahesh Nayak,40,1,0
431,350,Kavitha Kumar,28,2,0
432,351,Lakshmi Shetty,36,1,0
433,352,Ganesh Nayak,51,2,1
434,353,Suresh Bhat,55,2,0
435,354,Mahesh Hegde,29,2,0
436,355,Sunita Bhat,55,2,1
437,356,Manjunath Kumar,65,1,1
438,357,Kavitha Gowda,45,1,1
439,358,Mahesh Pujari,64,2,1
440,359,Priya Deshmukh,41,2,0
441,359,Ganesh Kumar,32,2,1
442,360,Lakshmi Gowda,63,2,0
443,361,Kavitha Nayak,34,1,0
444,362,Vijay Kulkarni,44,1,0
445,363,Ramesh Gowda,26,1,0
446,364,Manjunath Reddy,30,2,0
447,364,Ganesh Patil,48,2,0
448,365,Anitha Patil,58,1,0
449,366,Ganesh Kumar,21,2,0
450,367,Sunita Kumar,21,2,0
451,368,Manjunath Reddy,34,1,0
452,368,Ramesh Shetty,50,2,0
453,369,Kavitha Gowda,37,1,0
454,369,Venkatesh Deshmukh,30,2,0
455,370,Kavitha Hegde,47,2,0
456,370,Kavitha Rao,47,2,1
457,371,Anitha Gowda,32,2,0
458,372,Suresh Bhat,59,1,0
459,373,Ramesh Kumar,53,1,0
460,374,Manjunath Kumar,46,2,0
461,375,Suresh Nayak,57,1,1
462,375,Venkatesh Nayak,48,1,1
463,376,Kavitha Pujari,40,2,1
464,377,Manjunath Hegde,28,1,0
465,378,Vijay Bhat,29,2,0
466,379,Venkatesh Gowda,24,1,0
467,380,Anitha Hegde,32,2,0
468,381,Sunita Patil,32,1,0
469,382,Anitha Rao,32,2,0
470,383,Venkatesh Patil,37,1,0
471,383,Anitha Patil,59,1,0
472,384,Priya Reddy,57,2,1
473,385,Lakshmi Kulkarni,49,1,0
474,386,Vijay Shetty,20,2,0
475,387,Sunita Kulkarni,28,1,0
476,388,Vijay Pujari,32,2,0
477,389,Ganesh Patil,47,1,1
478,389,Manjunath Kulkarni,22,2,0
479,390,Ramesh Gowda,63,2,0
480,391,Lakshmi Deshmukh,24,1,1
481,392,Ganesh Rao,35,2,0
482,392,Vijay Hegde,27,1,0
483,393,Vijay Pujari,42,1,1
484,394,Priya Deshmukh,56,2,0
485,395,Priya Patil,22,2,1
486,396,Vijay Bhat,60,1,0
487,397,Manjunath Reddy,18,2,0
488,398,Mahesh Pujari,54,1,1
489,398,Sunita Reddy,24,2,0
490,399,Venkatesh Bhat,29,1,1
491,399,Mahesh Kulkarni,56,2,1
492,400,Ramesh Hegde,32,2,0
493,401,Sunita Nayak,50,2,0
494,402,Mahesh Kulkarni,29,1,1
495,402,Venkatesh Hegde,39,2,0
496,403,Vijay Bhat,24,1,0
497,404,Sunita Reddy,55,1,0
498,405,Sunita Hegde,25,2,0
499,406,Anitha Kumar,50,2,1
500,406,Vijay Shetty,41,1,0
501,407,Sunita Deshmukh,33,2,1
502,407,Anitha Shetty,63,2,1
503,408,Venkatesh Gowda,52,1,1
504,409,Anitha Shetty,24,1,0
505,410,Lakshmi Bhat,50,1,1
506,411,Manjunath Shetty,36,1,0
507,412,Mahesh Shetty,36,1,0
508,413,Ganesh Kulkarni,37,1,1
509,413,Mahesh Rao,38,1,0
510,414,Kavitha Shetty,34,1,0
511,415,Anitha Gowda,31,1,0
512,415,Ganesh Bhat,32,2,0
513,416,Suresh Patil,58,1,0
514,417,Ganesh Shetty,46,1,0
515,417,Venkatesh Shetty,37,1,0
516,418,Suresh Gowda,33,1,0
517,418,Anitha Patil,55,2,0
518,419,Suresh Bhat,52,2,0
519,419,Suresh Pujari,20,1,0
520,420,Vijay Bhat,59,1,0
521,421,Sunita Reddy,58,2,0
522,421,Priya Patil,64,2,0
523,422,Sunita Nayak,34,1,0
524,422,Manjunath Deshmukh,22,1,1
525,423,Priya Pujari,27,2,1
526,424,Ganesh Deshmukh,48,2,0
527,425,Ganesh Kulkarni,46,2,0
528,425,Manjunath Reddy,37,2,0
529,426,Anitha Patil,24,1,0
530,427,Manjunath Nayak,51,2,0
531,428,Ganesh Deshmukh,23,2,0
532,429,Suresh Pujari,34,2,0
533,429,Vijay Kulkarni,35,2,1
534,430,Venkatesh Patil,51,2,0
535,431,Ganesh Shetty,56,2,1
536,432,Kavitha Rao,55,1,0
537,433,Kavitha Shetty,63,2,0
538,434,Sunita Deshmukh,22,1,1
539,435,Mahesh Deshmukh,59,2,0
540,435,Ganesh Shetty,62,1,0
541,436,Priya Gowda,19,2,1
542,437,Lakshmi Nayak,42,2,0
543,438,Kavitha Hegde,27,2,0
544,439,Priya Deshmukh,20,1,0
545,440,Kavitha Rao,26,1,0
546,440,Kavitha Bhat,43,1,0
547,441,Manjunath Shetty,35,2,0
548,442,Lakshmi Shetty,47,1,1
549,443,Kavitha Pujari,33,1,0
550,444,Priya Gowda,31,2,0
551,445,Manjunath Deshmukh,43,2,1
552,446,Kavitha Rao,29,1,1
553,446,Kavitha Kulkarni,57,1,1
554,447,Lakshmi Bhat,63,2,0
555,447,Suresh Deshmukh,22,1,0
556,448,Mahesh Kulkarni,24,2,0
557,448,Priya Shetty,22,1,0
558,449,Mahesh Rao,52,2,1
559,450,Sunita Reddy,23,2,1
560,451,Ganesh Hegde,57,1,0
561,452,Kavitha Reddy,49,2,0
562,453,Vijay Pujari,38,1,0
563,453,Kavitha Deshmukh,30,2,0
564,454,Anitha Bhat,40,1,1
565,455,Manjunath Kumar,51,2,0
566,456,Ramesh Deshmukh,29,2,0
567,456,Mahesh Kulkarni,56,2,0
568,457,Ramesh Shetty,40,2,0
569,458,Anitha Deshmukh,44,1,1
570,459,Lakshmi Kulkarni,28,1,0
571,460,Anitha Kulkarni,34,1,0
572,461,Anitha Kulkarni,47,1,1
573,462,Priya Pujari,35,1,1
574,463,Manjunath Pujari,64,1,0
575,464,Kavitha Shetty,53,2,0
576,465,Kavitha Hegde,37,2,0
577,466,Anitha Shetty,36,1,0
578,466,Ganesh Reddy,35,1,0
579,467,Mahesh Deshmukh,60,2,1
580,467,Sunita Kulkarni,59,1,0
581,468,Sunita Deshmukh,37,1,1
582,468,Manjunath Kumar,38,2,0
583,469,Priya Kumar,63,1,0
584,469,Anitha Reddy,59,1,0
585,470,Sunita Kulkarni,32,1,0
586,470,Lakshmi Rao,54,2,0
587,471,Ganesh Rao,36,1,0
588,472,Venkatesh Deshmukh,40,2,0
589,473,Ganesh Reddy,29,1,0
590,474,Anitha Kulkarni,45,2,0
591,475,Vijay Reddy,61,1,1
592,476,Priya Bhat,25,1,1
593,477,Venkatesh Patil,57,2,1
594,478,Kavitha Gowda,49,2,1
595,479,Mahesh Shetty,54,1,0
596,480,Mahesh Shetty,51,1,0
597,480,Ganesh Nayak,61,2,1
598,481,Vijay Deshmukh,38,2,0
599,482,Vijay Kumar,55,2,1
600,483,Sunita Kumar,62,1,0
601,484,Manjunath Patil,28,1,0
602,485,Ramesh Rao,19,1,0
603,485,Ganesh Kulkarni,33,2,0
604,486,Kavitha Shetty,19,2,0
605,486,Ganesh Patil,53,2,0
606,487,Anitha Kulkarni,54,2,0
607,488,Kavitha Rao,29,1,0
608,489,Priya Rao,50,2,0
609,489,Manjunath Gowda,28,1,1
610,490,Vijay Patil,42,2,0
611,491,Vijay Hegde,28,2,0
612,492,Priya Gowda,62,1,0
613,493,Sunita Kumar,31,2,1
614,494,Suresh Deshmukh,41,2,1
615,495,Kavitha Nayak,53,2,0
616,495,Sunita Bhat,53,1,1
617,496,Mahesh Patil,60,1,0
618,497,Kavitha Shetty,29,1,1
619,498,Priya Patil,24,1,0
620,498,Kavitha Shetty,36,2,1
621,499,Manjunath Gowda,27,1,0
622,500,Sunita Kumar,48,2,0
623,501,Ganesh Patil,23,1,0
624,502,Suresh Nayak,33,1,0
625,503,Mahesh Deshmukh,54,1,0
626,504,Venkatesh Pujari,39,1,1
627,504,Suresh Kumar,29,2,0
628,505,Mahesh Pujari,61,1,0
629,506,Sunita Rao,30,1,1
630,506,Mahesh Bhat,38,1,1
631,507,Vijay Pujari,39,1,0
632,508,Mahesh Rao,24,2,0
633,509,Manjunath Pujari,46,2,1
634,509,Priya Patil,60,2,0
635,510,Suresh Reddy,60,2,1
636,511,Anitha Reddy,18,1,0
637,512,Sunita Nayak,37,2,0
638,512,Vijay Kulkarni,32,1,1
639,513,Vijay Kumar,47,2,0
640,513,Lakshmi Nayak,28,2,0
641,514,Anitha Shetty,65,2,0
642,514,Mahesh Reddy,40,2,0
643,515,Kavitha Shetty,41,2,0
644,515,Vijay Patil,29,1,0
645,516,Mahesh Nayak,35,2,1
646,516,Suresh Rao,56,2,0
647,517,Venkatesh Nayak,35,2,1
648,518,Anitha Patil,39,1,0
649,519,Anitha Nayak,51,2,0
650,520,Lakshmi Gowda,26,2,0
651,520,Ramesh Nayak,21,2,0
652,521,Venkatesh Rao,24,2,0
653,522,Lakshmi Shetty,49,1,1
654,523,Ramesh Nayak,45,2,0
655,524,Manjunath Rao,47,1,0
656,524,Kavitha Rao,40,2,1
657,525,Suresh Rao,38,2,1
658,526,Sunita Hegde,55,2,0
659,527,Manjunath Rao,46,2,0
660,528,Mahesh Gowda,63,2,0
661,529,Suresh Nayak,45,1,0
662,530,Ramesh Kulkarni,57,2,1
663,531,Ramesh Bhat,19,1,0
664,532,Vijay Kumar,48,1,1
665,532,Suresh Deshmukh,59,2,0
666,533,Suresh Kulkarni,42,1,0
667,533,Venkatesh Pujari,31,1,0
668,534,Venkatesh Nayak,25,2,0
669,535,Sunita Patil,20,1,0
670,536,Suresh Shetty,28,1,0
671,537,Venkatesh Hegde,35,1,0
672,537,Vijay Reddy,55,2,0
673,538,Venkatesh Reddy,35,2,0
674,539,Ramesh Kumar,20,2,0
675,539,Mahesh Bhat,47,2,0
676,540,Manjunath Patil,50,1,0
677,541,Priya Hegde,33,1,0
678,542,Manjunath Nayak,28,1,0
679,543,Kavitha Kulkarni,39,1,0
680,544,Kavitha Rao,37,1,0
681,545,Kavitha Hegde,65,2,0
682,545,Venkatesh Bhat,54,1,0
683,546,Venkatesh Nayak,48,1,0
684,547,Kavitha Rao,53,1,0
685,548,Mahesh Kulkarni,60,1,0
686,549,Kavitha Deshmukh,32,1,0
687,550,Lakshmi Pujari,44,2,0
688,551,Vijay Rao,49,2,1
689,552,Lakshmi Patil,64,2,0
690,553,Manjunath Nayak,34,2,1
691,553,Ramesh Kulkarni,46,2,0
692,554,Ramesh Deshmukh,58,1,1
693,555,Kavitha Shetty,26,2,0
694,556,Suresh Patil,39,2,0
695,557,Suresh Kulkarni,18,1,1
696,558,Vijay Rao,57,1,0
697,559,Kavitha Bhat,63,1,1
698,560,Kavitha Nayak,38,1,0
699,561,Priya Hegde,46,2,0
700,562,Anitha Deshmukh,24,2,0
701,563,Venkatesh Deshmukh,58,2,0
702,563,Anitha Patil,55,1,1
703,564,Priya Gowda,54,1,0
704,564,Kavitha Shetty,64,1,0
705,565,Manjunath Rao,22,2,0
706,566,Lakshmi Nayak,18,2,0
707,567,Sunita Reddy,63,1,0
708,567,Venkatesh Shetty,27,1,0
709,568,Manjunath Pujari,57,2,0
710,569,Venkatesh Bhat,43,1,0
711,569,Sunita Kumar,59,2,0
712,570,Priya Nayak,47,2,1
713,571,Anitha Reddy,37,1,0
714,571,Suresh Pujari,62,2,1
715,572,Anitha Reddy,25,2,0
716,573,Venkatesh Nayak,65,2,0
717,574,Venkatesh Reddy,50,2,0
718,575,Anitha Gowda,46,1,1
719,576,Suresh Bhat,60,2,0
720,577,Vijay Deshmukh,42,1,0
721,578,Ramesh Patil,54,1,0
722,579,Vijay Nayak,27,1,0
723,580,Anitha Hegde,21,2,0
724,580,Manjunath Kumar,26,1,1
725,581,Venkatesh Patil,50,1,1
726,582,Priya Reddy,61,1,1
727,583,Priya Rao,32,2,0
728,584,Kavitha Pujari,49,1,0
729,584,Vijay Pujari,25,2,0
730,585,Kavitha Bhat,39,2,0
731,586,Ramesh Hegde,23,1,0
732,587,Anitha Nayak,38,2,0
733,588,Sunita Gowda,37,1,1
734,589,Ramesh Kulkarni,39,1,0
735,589,Kavitha Shetty,19,2,0
736,590,Sunita Deshmukh,54,2,0
737,590,Kavitha Reddy,57,1,0
738,591,Ganesh Kumar,35,2,0
739,592,Manjunath Bhat,24,2,0
740,593,Lakshmi Gowda,32,1,0
741,594,Manjunath Kumar,30,2,0
742,595,Vijay Bhat,31,2,1
743,596,Ramesh Reddy,26,2,0
744,597,Sunita Shetty,44,1,0
745,598,Priya Bhat,20,2,0
746,599,Manjunath Rao,37,1,0
747,600,Ramesh Shetty,51,2,0
748,601,Priya Shetty,21,1,0
749,602,Sunita Nayak,45,2,0
750,602,Sunita Hegde,51,2,1
751,603,Vijay Gowda,20,2,0
752,604,Suresh Kumar,47,2,0
753,604,Ganesh Gowda,38,2,1
754,605,Lakshmi Deshmukh,57,1,0
755,606,Venkatesh Reddy,53,1,0
756,607,Venkatesh Shetty,35,2,0
757,608,Sunita Rao,33,1,0
758,609,Priya Reddy,44,1,0
759,609,Priya Deshmukh,44,1,0
760,610,Mahesh Kumar,57,2,0
761,611,Vijay Shetty,61,2,0
762,611,Lakshmi Kumar,41,1,0
763,612,Kavitha Gowda,54,1,0
764,613,Priya Bhat,63,1,0
765,614,Suresh Rao,57,1,0
766,614,Venkatesh Reddy,50,2,0
767,615,Sunita Deshmukh,60,1,0
768,616,Kavitha Bhat,46,2,0
769,617,Suresh Shetty,23,2,1
770,618,Suresh Bhat,48,1,0
771,619,Ganesh Deshmukh,54,2,1
772,620,Ganesh Shetty,59,1,0
773,621,Manjunath Kumar,24,1,0
774,622,Priya Kulkarni,24,2,0
775,623,Vijay Deshmukh,52,2,1
776,623,Ganesh Pujari,58,1,0
777,624,Manjunath Pujari,65,2,1
778,624,Sunita Gowda,32,2,0
779,625,Vijay Rao,39,2,0
780,626,Priya Patil,47,2,0
781,627,Mahesh Pujari,53,1,0
782,628,Priya Rao,45,2,0
783,628,Lakshmi Gowda,36,2,0
784,629,Lakshmi Nayak,27,2,1
785,630,Ganesh Nayak,63,1,0
786,631,Ramesh Patil,64,1,0
787,631,Vijay Gowda,21,1,0
788,632,Vijay Gowda,36,2,1
789,632,Anitha Patil,54,2,1
790,633,Venkatesh Hegde,65,2,0
791,633,Vijay Bhat,49,2,1
792,634,Lakshmi Nayak,35,2,1
793,635,Ramesh Shetty,64,2,0
794,636,Anitha Hegde,38,2,1
795,637,Ramesh Shetty,35,1,0
796,638,Sunita Kumar,22,1,0
797,639,Kavitha Kumar,63,2,0
798,640,Venkatesh Bhat,29,2,0
799,640,Lakshmi Reddy,59,1,0
800,641,Ganesh Pujari,40,1,1
801,642,Venkatesh Patil,53,1,0
802,643,Vijay Kulkarni,25,2,1
803,644,Suresh Patil,20,2,0
804,645,Ganesh Reddy,50,2,1
805,645,Vijay Bhat,27,2,0
806,646,Ramesh Pujari,26,2,0
807,647,Sunita Bhat,52,1,0
808,647,Anitha Nayak,32,2,0
809,648,Ganesh Nayak,63,2,0
810,649,Kavitha Bhat,53,2,0
811,650,Mahesh Pujari,51,2,1
812,651,Sunita Patil,63,2,0
813,652,Anitha Bhat,63,1,1
814,653,Ganesh Reddy,44,2,0
815,653,Mahesh Nayak,37,1,0
816,654,Venkatesh Pujari,50,2,1
817,655,Anitha Nayak,51,1,0
818,656,Vijay Hegde,61,2,0
819,657,Ganesh Shetty,49,1,1
820,657,Vijay Bhat,54,2,1
821,658,Kavitha Kulkarni,37,1,0
822,658,Mahesh Deshmukh,59,2,0
823,659,Ganesh Rao,43,2,0
824,660,Mahesh Nayak,25,1,1
825,661,Ramesh Patil,27,2,0
826,662,Anitha Deshmukh,37,2,0
827,662,Ramesh Hegde,60,2,0
828,663,Ramesh Kulkarni,32,2,1
829,664,Lakshmi Pujari,36,2,0
830,665,Priya Gowda,56,2,0
831,666,Priya Nayak,40,2,0
832,667,Vijay Kulkarni,19,1,0
833,668,Anitha Nayak,29,1,0
834,669,Venkatesh Kulkarni,59,1,0
835,670,Mahesh Patil,43,1,0
836,671,Kavitha Pujari,38,1,1
837,672,Sunita Reddy,49,1,0
838,672,Venkatesh Pujari,60,1,0
839,673,Anitha Shetty,21,2,1
840,674,Ramesh Nayak,35,1,0
841,674,Ramesh Kulkarni,51,1,1
842,675,Lakshmi Reddy,64,2,0
843,676,Venkatesh Gowda,63,2,1
844,677,Vijay Hegde,20,2,1
845,678,Ganesh Reddy,30,2,0
846,678,Mahesh Nayak,52,1,1
847,679,Venkatesh Bhat,56,1,0
848,679,Lakshmi Shetty,61,1,1
849,680,Anitha Bhat,34,2,1
850,680,Sunita Rao,39,2,0
851,681,Manjunath Shetty,49,1,0
852,682,Kavitha Kulkarni,54,1,0
853,683,Suresh Shetty,57,2,0
854,684,Lakshmi Rao,55,2,0
855,684,Manjunath Kulkarni,51,1,0
856,685,Kavitha Kumar,24,1,0
857,686,Ramesh Hegde,18,2,0
858,687,Suresh Gowda,40,2,1
859,688,Ganesh Patil,37,1,1
860,689,Kavitha Reddy,40,1,0
861,690,Anitha Nayak,54,1,0
862,691,Lakshmi Patil,33,2,0
863,692,Lakshmi Kumar,65,2,0
864,693,Ramesh Hegde,53,1,0
865,693,Vijay Rao,59,2,0
866,694,Kavitha Bhat,64,1,0
867,694,Mahesh Pujari,64,1,0
868,695,Anitha Bhat,31,2,0
869,696,Anitha Reddy,55,2,0
870,696,Ramesh Gowda,59,1,0
871,697,Ganesh Shetty,53,2,1
872,698,Priya Patil,58,2,1
873,699,Sunita Hegde,50,1,0
874,700,Suresh Rao,41,1,1
875,700,Vijay Rao,39,1,0
876,701,Ramesh Reddy,54,1,0
877,702,Manjunath Rao,31,2,0
878,702,Kavitha Reddy,56,1,0
879,703,Priya Patil,30,1,0
880,704,Mahesh Hegde,30,2,0
881,705,Vijay Gowda,56,2,0
882,706,Ramesh Patil,36,2,0
883,707,Anitha Nayak,40,2,0
884,708,Ramesh Kulkarni,37,1,0
885,709,Anitha Reddy,59,1,0
886,709,Sunita Shetty,56,2,0
887,710,Ramesh Gowda,20,1,0
888,711,Venkatesh Kulkarni,33,2,0
889,712,Kavitha Deshmukh,53,1,0
890,713,Sunita Patil,63,1,0
891,714,Ganesh Reddy,24,2,0
892,715,Priya Hegde,60,2,0
893,715,Manjunath Pujari,19,2,0
894,716,Suresh Shetty,25,2,0
895,716,Sunita Gowda,30,1,0
896,717,Priya Kulkarni,60,1,0
897,718,Suresh Gowda,23,1,0
898,719,Suresh Gowda,63,2,0
899,720,Venkatesh Shetty,63,1,0
900,721,Ramesh Pujari,34,1,0
901,722,Lakshmi Reddy,55,2,0
902,723,Venkatesh Hegde,19,2,0
903,724,Lakshmi Reddy,57,2,1
904,725,Ramesh Pujari,32,1,0
905,726,Kavitha Pujari,42,2,0
906,726,Kavitha Pujari,31,2,0
907,727,Kavitha Deshmukh,58,1,0
908,728,Lakshmi Patil,62,1,0
909,729,Manjunath Kulkarni,20,1,1
910,730,Kavitha Kulkarni,64,2,0
911,731,Ganesh Reddy,26,2,0
912,731,Kavitha Kulkarni,45,1,0
913,732,Manjunath Bhat,31,2,0
914,733,Manjunath Kulkarni,57,2,1
915,734,Sunita Deshmukh,65,1,0
916,735,Manjunath Patil,61,1,0
917,736,Mahesh Gowda,45,1,0
918,737,Anitha Nayak,60,2,0
919,738,Priya Bhat,23,1,0
920,738,Mahesh Rao,62,2,1
921,739,Lakshmi Hegde,35,1,0
922,740,Venkatesh Nayak,43,1,0
923,741,Ramesh Hegde,38,1,0
924,741,Anitha Deshmukh,39,2,0
925,742,Anitha Rao,44,2,0
926,742,Vijay Bhat,36,1,1
927,743,Ramesh Pujari,50,1,0
928,744,Venkatesh Gowda,26,2,0
929,744,Vijay Gowda,56,2,0
930,745,Manjunath Patil,31,2,0
931,746,Venkatesh Rao,50,2,1
932,747,Manjunath Gowda,59,2,0
933,748,Priya Patil,48,2,0
934,749,Mahesh Kulkarni,41,2,0
935,750,Priya Gowda,29,2,0
936,751,Vijay Reddy,35,1,0
937,752,Mahesh Shetty,34,2,1
938,753,Suresh Pujari,48,2,0
939,754,Suresh Shetty,31,1,1
940,755,Sunita Patil,61,2,0
941,756,Manjunath Pujari,19,1,0
942,757,Manjunath Patil,46,2,1
943,758,Ganesh Shetty,47,2,0
944,758,Manjunath Nayak,40,2,0
945,759,Anitha Pujari,32,2,0
946,760,Anitha Gowda,57,2,0
947,761,Venkatesh Kumar,31,2,0
948,762,Kavitha Gowda,23,2,0
949,763,Ramesh Kumar,55,2,0
950,764,Ganesh Reddy,54,1,0
951,765,Manjunath Reddy,49,2,0
952,766,Vijay Gowda,37,2,0
953,766,Priya Shetty,48,1,0
954,767,Anitha Gowda,43,2,1
955,768,Priya Gowda,63,1,0
956,768,Venkatesh Bhat,49,1,1
957,769,Mahesh Nayak,19,1,0
958,770,Sunita Gowda,64,1,0
959,771,Ganesh Hegde,46,2,0
960,772,Suresh Kumar,58,2,0
961,772,Anitha Bhat,19,1,1
962,773,Priya Patil,51,2,0
963,774,Kavitha Kumar,31,2,0
964,775,Ganesh Gowda,41,2,0
965,776,Venkatesh Patil,36,1,0
966,777,Lakshmi Nayak,60,2,1
967,778,Ramesh Deshmukh,36,2,0
968,778,Manjunath Hegde,43,2,0
969,779,Venkatesh Patil,27,2,0
970,780,Mahesh Patil,18,2,0
971,781,Vijay Gowda,24,1,1
972,782,Ramesh Patil,60,1,1
973,783,Sunita Kumar,19,2,0
974,784,Lakshmi Nayak,30,1,0
975,784,Sunita Deshmukh,26,1,0
976,785,Anitha Reddy,45,1,1
977,786,Manjunath Hegde,28,1,0
978,786,Kavitha Gowda,29,2,0
979,787,Kavitha Pujari,58,2,0
980,788,Manjunath Nayak,54,1,0
981,789,Sunita Nayak,25,1,0
982,790,Lakshmi Gowda,38,1,0
983,791,Venkatesh Shetty,33,1,1
984,792,Suresh Shetty,56,1,0
985,793,Mahesh Gowda,33,1,0
986,794,Lakshmi Deshmukh,19,2,1
987,795,Priya Patil,18,1,1
988,796,Ganesh Patil,20,2,1
989,797,Vijay Shetty,60,2,0
990,798,Manjunath Patil,22,1,0
991,799,Suresh Kulkarni,63,2,0
992,800,Suresh Kulkarni,18,2,0
993,801,Sunita Shetty,18,2,0
994,802,Priya Rao,49,2,0
995,802,Manjunath Shetty,40,2,1
996,803,Mahesh Hegde,40,1,0
997,804,Kavitha Hegde,61,1,0
998,805,Manjunath Hegde,37,2,0
999,806,Venkatesh Pujari,34,1,0
1000,806,Ganesh Kumar,25,2,0
1001,807,Anitha Bhat,64,2,0
1002,807,Ramesh Gowda,43,2,1
1003,808,Suresh Deshmukh,49,2,0
1004,809,Anitha Rao,65,1,0
1005,810,Vijay Kumar,20,1,1
1006,811,Mahesh Deshmukh,37,2,0
1007,812,Mahesh Deshmukh,35,1,0
1008,813,Sunita Reddy,51,2,1
1009,814,Priya Reddy,35,2,0
1010,815,Venkatesh Reddy,41,1,0
1011,816,Anitha Hegde,40,1,0
1012,817,Suresh Hegde,52,1,1
1013,818,Manjunath Hegde,54,1,0
1014,819,Lakshmi Bhat,46,1,0
1015,819,Ramesh Deshmukh,44,2,1
1016,820,Lakshmi Hegde,59,1,0
1017,821,Vijay Bhat,51,1,0
1018,822,Ramesh Reddy,65,2,0
1019,823,Sunita Kulkarni,56,2,0
1020,824,Venkatesh Hegde,20,2,0
1021,825,Ganesh Reddy,37,1,0
1022,826,Kavitha Kumar,51,1,0
1023,827,Suresh Patil,56,1,0
1024,828,Anitha Bhat,47,2,1
1025,829,Priya Shetty,45,2,0
1026,829,Sunita Rao,53,1,0
1027,830,Venkatesh Gowda,61,2,1
1028,831,Anitha Nayak,50,2,0
1029,831,Suresh Hegde,20,2,0
1030,832,Anitha Kumar,55,1,0
1031,833,Mahesh Bhat,61,1,0
1032,833,Manjunath Shetty,55,1,1
1033,834,Anitha Gowda,47,1,1
1034,835,Ganesh Patil,22,1,0
1035,836,Sunita Patil,35,2,0
1036,837,Lakshmi Shetty,57,2,1
1037,837,Ramesh Gowda,49,1,0
1038,838,Venkatesh Pujari,65,2,0
1039,839,Priya Rao,25,1,0
1040,840,Ramesh Patil,55,1,0
1041,841,Vijay Pujari,26,2,1
1042,842,Venkatesh Bhat,62,1,0
1043,843,Ganesh Gowda,27,2,1
1044,844,Vijay Rao,31,1,1
1045,844,Venkatesh Rao,61,2,0
1046,845,Kavitha Bhat,28,1,0
1047,846,Suresh Kumar,18,2,1
1048,847,Kavitha Pujari,48,1,1
1049,847,Lakshmi Reddy,35,2,0
1050,848,Manjunath Gowda,37,2,0
1051,849,Anitha Kumar,38,2,1
1052,850,Ramesh Nayak,37,1,0
1053,851,Suresh Reddy,65,2,0
1054,852,Suresh Hegde,42,1,0
1055,853,Venkatesh Shetty,60,1,1
1056,853,Suresh Hegde,22,1,1
1057,854,Mahesh Patil,52,1,0
1058,854,Sunita Kumar,26,2,0
1059,855,Vijay Deshmukh,65,1,0
1060,856,Manjunath Deshmukh,64,2,0
1061,857,Ganesh Gowda,24,2,0
1062,858,Sunita Gowda,50,2,0
1063,859,Venkatesh Bhat,65,2,1
1064,859,Sunita Deshmukh,53,2,0
1065,860,Ramesh Hegde,52,2,1
1066,861,Lakshmi Nayak,25,2,0
1067,861,Anitha Pujari,64,1,0
1068,862,Priya Patil,18,1,1
1069,863,Kavitha Shetty,19,2,0
1070,864,Manjunath Bhat,45,2,0
1071,865,Ganesh Reddy,30,1,0
1072,866,Sunita Reddy,46,2,1
1073,867,Vijay Bhat,61,1,0
1074,868,Anitha Kulkarni,25,1,0
1075,869,Manjunath Deshmukh,19,1,0
1076,870,Venkatesh Shetty,50,1,0
1077,871,Sunita Pujari,23,1,0
1078,872,Sunita Shetty,44,1,0
1079,873,Sunita Rao,52,2,0
1080,874,Suresh Kulkarni,44,1,0
1081,875,Vijay Bhat,58,1,0
1082,875,Lakshmi Kumar,35,1,0
1083,876,Manjunath Kulkarni,43,1,0
1084,877,Kavitha Pujari,61,2,1
1085,878,Ganesh Patil,23,2,0
1086,879,Ganesh Gowda,47,2,1
1087,879,Manjunath Reddy,25,1,1
1088,880,Ramesh Deshmukh,33,2,0
1089,881,Sunita Reddy,56,2,0
1090,882,Manjunath Gowda,41,1,0
1091,883,Venkatesh Kulkarni,61,1,1
1092,883,Priya Gowda,58,2,1
1093,884,Anitha Kulkarni,34,2,0
1094,884,Vijay Patil,18,2,0
1095,885,Manjunath Reddy,54,2,0
1096,886,Anitha Nayak,40,1,0
1097,887,Vijay Nayak,40,1,1
1098,888,Ramesh Pujari,38,1,1
1099,889,Mahesh Kulkarni,59,2,1
1100,890,Kavitha Rao,34,1,0
1101,891,Lakshmi Shetty,34,2,1
1102,892,Kavitha Kulkarni,23,2,0
1103,893,Mahesh Hegde,25,1,1
1104,893,Lakshmi Gowda,51,2,0
1105,894,Ramesh Rao,62,1,0
1106,894,Suresh Gowda,36,1,0
1107,895,Kavitha Gowda,19,2,0
1108,895,Mahesh Shetty,46,2,0
1109,896,Anitha Reddy,33,2,0
1110,897,Suresh Shetty,54,2,0
1111,897,Suresh Patil,18,2,0
1112,898,Anitha Shetty,54,1,0
1113,899,Manjunath Bhat,33,2,0
1114,899,Manjunath Shetty,57,2,0
1115,900,Manjunath Gowda,35,1,0
1116,901,Priya Gowda,28,1,0
1117,901,Lakshmi Pujari,33,2,0
1118,902,Anitha Pujari,60,2,0
1119,902,Vijay Bhat,55,1,1
1120,903,Ganesh Nayak,65,2,0
1121,903,Manjunath Kumar,34,1,1
1122,904,Ramesh Deshmukh,44,1,0
1123,904,Priya Nayak,56,2,1
1124,905,Ramesh Rao,45,2,0
1125,906,Ganesh Gowda,50,2,0
1126,907,Manjunath Kumar,34,2,0
1127,907,Manjunath Reddy,61,2,0
1128,908,Lakshmi Deshmukh,28,1,0
1129,909,Kavitha Hegde,21,1,1
1130,909,Suresh Reddy,48,1,0
1131,910,Priya Gowda,59,1,0
1132,911,Ganesh Patil,48,2,0
1133,912,Suresh Patil,38,2,1
1134,913,Manjunath Pujari,53,1,1
1135,914,Kavitha Deshmukh,59,1,0
1136,914,Ganesh Bhat,20,1,0
1137,915,Mahesh Nayak,45,2,0
1138,915,Kavitha Pujari,62,1,0
1139,916,Priya Gowda,29,1,0
1140,917,Suresh Gowda,36,2,1
1141,917,Kavitha Bhat,54,2,0
1142,918,Vijay Nayak,61,2,0
1143,919,Mahesh Kumar,34,2,0
1144,920,Ganesh Shetty,48,2,1
1145,921,Vijay Kumar,20,2,1
1146,922,Venkatesh Bhat,38,1,0
1147,922,Venkatesh Reddy,51,2,0
1148,923,Suresh Kumar,49,2,0
1149,924,Kavitha Patil,48,1,0
1150,924,Lakshmi Kumar,31,2,0
1151,925,Suresh Kulkarni,26,2,1
1152,926,Anitha Nayak,60,1,0
1153,927,Manjunath Bhat,27,1,0
1154,928,Manjunath Rao,62,2,1
1155,929,Venkatesh Gowda,32,2,0
1156,930,Mahesh Shetty,32,2,0
1157,931,Vijay Pujari,18,1,0
1158,931,Sunita Shetty,56,1,1
1159,932,Anitha Hegde,65,2,0
1160,933,Anitha Bhat,60,2,0
1161,933,Ganesh Bhat,55,1,1
1162,934,Priya Gowda,20,2,0
1163,934,Ganesh Kulkarni,23,2,1
1164,935,Kavitha Kumar,55,1,0
1165,935,Anitha Kumar,40,2,0
1166,936,Suresh Bhat,35,2,0
1167,937,Kavitha Pujari,24,1,0
1168,938,Vijay Pujari,64,2,0
1169,939,Mahesh Shetty,52,2,0
1170,940,Mahesh Bhat,63,2,0
1171,941,Kavitha Pujari,45,1,1
1172,942,Venkatesh Kumar,18,2,0
1173,943,Sunita Kulkarni,56,1,0
1174,944,Ramesh Hegde,40,2,0
1175,945,Anitha Reddy,27,2,0
1176,946,Vijay Deshmukh,55,1,1
1177,946,Priya Reddy,57,1,0
1178,947,Venkatesh Shetty,23,1,1
1179,947,Anitha Kulkarni,30,1,1
1180,948,Suresh Pujari,43,2,0
1181,949,Vijay Patil,50,1,0
1182,950,Ramesh Hegde,43,2,0
1183,950,Ganesh Nayak,24,1,0
1184,951,Suresh Pujari,39,2,0
1185,952,Anitha Bhat,35,2,0
1186,953,Kavitha Hegde,62,2,1
1187,954,Ramesh Hegde,38,2,0
1188,955,Anitha Hegde,23,1,0
1189,955,Manjunath Kulkarni,53,2,0
1190,956,Suresh Reddy,56,1,1
1191,956,Priya Shetty,19,2,0
1192,957,Anitha Deshmukh,64,1,1
1193,958,Lakshmi Kulkarni,46,2,1
1194,959,Anitha Kumar,60,1,0
1195,960,Sunita Kulkarni,60,1,0
1196,961,Suresh Deshmukh,61,1,0
1197,962,Lakshmi Patil,24,2,1
1198,963,Manjunath Shetty,32,2,1
1199,963,Lakshmi Nayak,59,1,0
1200,964,Sunita Rao,29,1,1
1201,965,Venkatesh Pujari,43,2,0
1202,966,Vijay Reddy,53,2,0
1203,967,Anitha Kulkarni,54,2,0
1204,968,Mahesh Shetty,44,2,0
1205,968,Sunita Gowda,43,2,0
1206,969,Priya Reddy,27,1,0
1207,969,Manjunath Rao,60,2,0
1208,970,Ramesh Deshmukh,55,2,0
1209,971,Sunita Gowda,23,1,0
1210,972,Ganesh Hegde,60,2,1
1211,973,Vijay Kulkarni,56,1,1
1212,973,Kavitha Rao,37,1,0
1213,974,Vijay Gowda,34,1,0
1214,975,Manjunath Deshmukh,25,2,0
1215,976,Venkatesh Shetty,59,2,1
1216,977,Kavitha Deshmukh,44,2,0
1217,978,Anitha Kumar,64,1,1
1218,979,Priya Gowda,49,2,0
1219,980,Ramesh Bhat,20,1,0
1220,981,Anitha Pujari,40,2,0
1221,982,Manjunath Patil,30,1,0
1222,982,Priya Kumar,59,2,0
1223,983,Anitha Deshmukh,19,1,0
1224,983,Suresh Pujari,48,2,0
1225,984,Venkatesh Rao,64,1,0
1226,985,Anitha Hegde,21,2,0
1227,986,Suresh Gowda,45,2,0
1228,987,Priya Gowda,51,1,0
1229,988,Kavitha Deshmukh,20,1,0
1230,989,Kavitha Pujari,42,2,1
1231,990,Vijay Nayak,52,2,0
1232,991,Lakshmi Kulkarni,45,1,1
1233,992,Manjunath Kumar,21,2,0
1234,992,Sunita Rao,40,2,1
1235,993,Sunita Gowda,25,1,0
1236,994,Kavitha Reddy,33,1,0
1237,994,Priya Hegde,45,2,0
1238,995,Sunita Pujari,56,2,0
1239,996,Kavitha Deshmukh,30,1,1
1240,996,Anitha Hegde,62,1,0
1241,997,Suresh Nayak,24,1,0
1242,998,Ganesh Reddy,18,2,0
1243,999,Anitha Deshmukh,52,1,0
1244,1000,Mahesh Kulkarni,44,2,1
1245,1001,Venkatesh Gowda,18,2,1
1246,1001,Ramesh Kulkarni,31,1,0
1247,1002,Kavitha Patil,38,2,0
1248,1003,Lakshmi Kulkarni,65,2,0
1249,1004,Venkatesh Shetty,44,2,0
1250,1005,Lakshmi Deshmukh,47,1,0
1251,1006,Manjunath Hegde,19,2,0
1252,1007,Kavitha Kumar,19,1,0
1253,1008,Anitha Patil,54,2,0
1254,1009,Vijay Pujari,41,1,0
1255,1010,Venkatesh Kulkarni,21,1,0
1256,1010,Lakshmi Shetty,41,1,1
1257,1011,Kavitha Patil,22,1,0
1258,1011,Venkatesh Nayak,20,1,0
1259,1012,Suresh Reddy,19,2,0
1260,1013,Priya Kumar,18,2,0
1261,1013,Sunita Deshmukh,43,1,1
1262,1014,Manjunath Deshmukh,27,2,0
1263,1015,Lakshmi Reddy,24,1,1
1264,1016,Sunita Bhat,62,1,1
1265,1017,Kavitha Gowda,18,1,0
1266,1018,Manjunath Reddy,24,2,0
1267,1018,Suresh Rao,49,2,1
1268,1019,Venkatesh Gowda,21,1,1
1269,1020,Suresh Nayak,39,1,0
1270,1021,Priya Shetty,24,1,0
1271,1022,Anitha Pujari,37,2,0
1272,1023,Sunita Gowda,52,1,0
1273,1023,Kavitha Rao,51,2,0
1274,1024,Lakshmi Deshmukh,65,2,0
1275,1025,Sunita Reddy,22,2,0
1276,1026,Mahesh Shetty,56,1,0
1277,1027,Lakshmi Bhat,35,2,0
1278,1027,Priya Deshmukh,33,2,0
1279,1028,Suresh Kulkarni,39,1,0
1280,1029,Manjunath Pujari,31,2,0
1281,1030,Ganesh Deshmukh,42,2,0
1282,1030,Venkatesh Hegde,23,1,0
1283,1031,Vijay Kulkarni,44,1,0
1284,1032,Sunita Reddy,58,2,0
1285,1033,Sunita Hegde,18,1,1
1286,1034,Kavitha Shetty,57,2,0
1287,1035,Vijay Bhat,64,2,0
1288,1036,Manjunath Hegde,49,1,1
1289,1036,Manjunath Kulkarni,31,1,1
1290,1037,Kavitha Reddy,54,2,0
1291,1038,Manjunath Gowda,29,1,0
1292,1039,Vijay Reddy,38,2,0
1293,1040,Priya Gowda,26,1,0
1294,1041,Priya Deshmukh,65,2,0
1295,1042,Manjunath Shetty,30,2,1
1296,1043,Venkatesh Gowda,36,2,0
1297,1044,Venkatesh Rao,32,1,0
1298,1045,Priya Hegde,34,1,1
1299,1046,Lakshmi Patil,50,2,0
1300,1047,Mahesh Pujari,32,2,0
1301,1048,Anitha Kulkarni,22,1,0
1302,1049,Priya Deshmukh,19,1,0
1303,1050,Priya Kumar,22,2,0
1304,1051,Sunita Pujari,24,1,0
1305,1052,Anitha Nayak,35,1,0
1306,1053,Manjunath Kulkarni,23,2,1
1307,1054,Sunita Hegde,18,2,0
1308,1054,Ramesh Reddy,28,1,1
1309,1055,Venkatesh Shetty,54,2,1
1310,1056,Venkatesh Shetty,41,1,0
1311,1057,Kavitha Kumar,28,2,0
1312,1058,Ganesh Kulkarni,35,1,0
1313,1059,Venkatesh Kumar,65,1,0
1314,1060,Anitha Kumar,30,2,0
1315,1061,Ganesh Kumar,26,2,0
1316,1062,Vijay Pujari,64,1,0
1317,1063,Mahesh Patil,62,2,0
1318,1063,Kavitha Pujari,34,2,0
1319,1064,Vijay Kulkarni,56,2,0
1320,1065,Priya Pujari,21,2,0
1321,1066,Sunita Nayak,49,1,0
1322,1067,Ganesh Hegde,40,1,1
1323,1067,Suresh Pujari,21,2,0
1324,1068,Suresh Shetty,56,1,1
1325,1069,Manjunath Deshmukh,65,1,0
1326,1070,Priya Pujari,31,1,0
1327,1071,Kavitha Kumar,60,1,0
1328,1072,Lakshmi Reddy,36,1,0
1329,1073,Vijay Patil,47,1,0
1330,1074,Mahesh Nayak,43,1,0
1331,1075,Anitha Hegde,20,1,0
1332,1075,Priya Kulkarni,51,2,0
1333,1076,Suresh Reddy,45,1,0
1334,1077,Vijay Reddy,62,1,0
1335,1078,Lakshmi Hegde,21,2,0
1336,1079,Ganesh Hegde,54,2,1
1337,1080,Vijay Kulkarni,60,2,0
1338,1081,Anitha Shetty,46,2,0
1339,1082,Lakshmi Pujari,46,1,0
1340,1083,Priya Patil,28,1,0
1341,1084,Vijay Shetty,58,2,0
1342,1084,Kavitha Rao,53,1,0
1343,1085,Kavitha Pujari,52,2,0
1344,1086,Mahesh Pujari,41,1,0
1345,1087,Kavitha Nayak,37,2,0
1346,1087,Sunita Rao,47,1,0
1347,1088,Ganesh Kumar,63,1,1
1348,1088,Mahesh Nayak,45,2,0
1349,1089,Ramesh Pujari,56,2,0
1350,1089,Ganesh Rao,21,1,0
1351,1090,Mahesh Gowda,23,2,0
1352,1091,Manjunath Kumar,59,1,0
1353,1092,Vijay Gowda,34,2,1
1354,1092,Sunita Kumar,44,1,0
1355,1093,Priya Kulkarni,23,1,0
1356,1093,Anitha Nayak,25,2,1
1357,1094,Vijay Patil,60,2,0
1358,1095,Manjunath Nayak,57,2,0
1359,1096,Lakshmi Pujari,42,2,0
1360,1097,Suresh Deshmukh,32,2,0
1361,1098,Mahesh Reddy,26,1,0
1362,1099,Kavitha Patil,24,1,0
1363,1100,Anitha Pujari,32,1,0
1364,1100,Ganesh Shetty,19,2,0
1365,1101,Venkatesh Pujari,20,1,0
1366,1101,Mahesh Nayak,50,1,0
1367,1102,Vijay Patil,35,2,0
1368,1103,Ganesh Pujari,31,1,0
1369,1104,Vijay Rao,48,1,0
1370,1105,Ramesh Bhat,58,2,0
1371,1105,Ganesh Pujari,18,2,0
1372,1106,Priya Reddy,62,2,0
1373,1107,Venkatesh Shetty,45,1,0
1374,1107,Sunita Shetty,38,2,0
1375,1108,Ganesh Nayak,23,1,0
1376,1109,Mahesh Reddy,60,1,1
1377,1109,Priya Pujari,26,1,1
1378,1110,Manjunath Pujari,22,1,0
1379,1110,Mahesh Reddy,59,2,1
1380,1111,Suresh Nayak,36,2,0
1381,1111,Ramesh Shetty,21,1,0
1382,1112,Suresh Gowda,36,2,0
1383,1112,Mahesh Reddy,19,2,0
1384,1113,Vijay Bhat,55,1,0
1385,1114,Venkatesh Deshmukh,52,1,1
1386,1115,Lakshmi Shetty,65,1,0
1387,1115,Sunita Patil,48,1,0
1388,1116,Anitha Kumar,27,2,0
1389,1117,Venkatesh Kumar,47,2,0
1390,1117,Priya Patil,55,2,1
1391,1118,Kavitha Reddy,27,2,0
1392,1119,Venkatesh Kulkarni,46,1,0
1393,1119,Anitha Deshmukh,24,1,0
1394,1120,Ganesh Nayak,42,1,0
1395,1121,Ramesh Kumar,42,1,1
1396,1122,Mahesh Patil,20,1,0
1397,1123,Venkatesh Nayak,54,2,0
1398,1124,Anitha Kulkarni,62,2,0
1399,1124,Anitha Reddy,22,2,0
1400,1125,Anitha Kulkarni,40,1,0
1401,1125,Lakshmi Reddy,23,2,0
1402,1126,Mahesh Hegde,54,1,0
1403,1127,Mahesh Patil,60,1,0
1404,1128,Priya Pujari,46,1,0
1405,1128,Ganesh Shetty,36,2,1
1406,1129,Anitha Patil,46,2,0
1407,1130,Vijay Deshmukh,33,2,0
1408,1131,Venkatesh Gowda,47,2,0
1409,1131,Ganesh Pujari,48,1,0
1410,1132,Priya Patil,43,1,1
1411,1132,Ramesh Shetty,61,2,0
1412,1133,Mahesh Hegde,21,2,1
1413,1133,Kavitha Bhat,33,2,0
1414,1134,Kavitha Reddy,26,1,0
1415,1135,Sunita Kumar,65,2,0
1416,1135,Sunita Patil,52,1,0
1417,1136,Venkatesh Pujari,55,1,0
1418,1137,Lakshmi Reddy,65,2,0
1419,1137,Priya Hegde,48,1,0
1420,1138,Suresh Pujari,25,1,0
1421,1139,Manjunath Kulkarni,49,1,1
1422,1139,Kavitha Bhat,39,2,1
1423,1140,Suresh Nayak,65,1,0
1424,1140,Kavitha Nayak,29,2,0
1425,1141,Sunita Hegde,65,1,0
1426,1142,Manjunath Patil,51,2,1
1427,1143,Lakshmi Deshmukh,22,1,0
1428,1144,Mahesh Bhat,51,1,0
1429,1144,Anitha Reddy,47,2,0
1430,1145,Sunita Rao,26,2,0
1431,1146,Ramesh Hegde,38,2,0
1432,1147,Ganesh Bhat,39,1,0
1433,1148,Suresh Deshmukh,33,1,0
1434,1149,Venkatesh Gowda,52,1,0
1435,1150,Venkatesh Rao,48,2,0
1436,1150,Lakshmi Bhat,32,2,0
1437,1151,Vijay Gowda,61,2,1
1438,1152,Priya Deshmukh,18,2,1
1439,1153,Anitha Deshmukh,58,1,1
1440,1154,Venkatesh Rao,20,2,0
1441,1155,Anitha Kulkarni,28,1,1
1442,1156,Priya Shetty,36,2,1
1443,1157,Priya Deshmukh,58,2,0
1444,1158,Mahesh Nayak,41,1,1
1445,1159,Anitha Reddy,39,2,0
1446,1160,Anitha Kulkarni,58,1,0
1447,1161,Lakshmi Pujari,49,1,0
1448,1161,Vijay Pujari,64,1,1
1449,1162,Anitha Kulkarni,52,2,0
1450,1163,Manjunath Patil,63,1,0
1451,1164,Ganesh Shetty,28,1,1
1452,1165,Anitha Pujari,64,2,0
1453,1166,Suresh Nayak,55,1,0
1454,1167,Ramesh Pujari,27,2,1
1455,1168,Venkatesh Hegde,41,2,0
1456,1169,Vijay Pujari,26,1,0
1457,1169,Ganesh Kulkarni,51,2,0
1458,1170,Anitha Hegde,25,1,0
1459,1171,Manjunath Shetty,49,2,0
1460,1171,Manjunath Bhat,29,1,0
1461,1172,Sunita Deshmukh,31,1,1
1462,1173,Mahesh Bhat,42,1,1
1463,1174,Manjunath Shetty,60,2,0
1464,1174,Venkatesh Pujari,18,2,1
1465,1175,Anitha Kulkarni,25,2,0
1466,1175,Ramesh Gowda,50,1,0
1467,1176,Venkatesh Kumar,50,1,0
1468,1176,Mahesh Reddy,35,2,0
1469,1177,Priya Kulkarni,22,2,1
1470,1178,Manjunath Bhat,25,1,0
1471,1179,Suresh Shetty,64,2,1
1472,1180,Ramesh Rao,55,2,0
1473,1181,Mahesh Pujari,58,2,0
1474,1182,Ganesh Hegde,31,1,0
1475,1182,Vijay Nayak,41,2,1
1476,1183,Suresh Gowda,48,2,0
1477,1184,Sunita Patil,30,1,0
1478,1185,Sunita Bhat,47,1,1
1479,1186,Sunita Patil,18,1,0
1480,1187,Ganesh Rao,22,2,0
1481,1187,Anitha Bhat,52,1,0
1482,1188,Sunita Hegde,59,2,0
1483,1189,Priya Pujari,56,1,0
1484,1190,Priya Patil,41,1,0
1485,1191,Vijay Reddy,57,2,0
1486,1192,Ramesh Nayak,41,1,0
1487,1193,Priya Patil,20,1,0
1488,1194,Ganesh Hegde,27,1,1
1489,1195,Priya Shetty,35,2,0
1490,1196,Suresh Bhat,48,2,1
1491,1196,Sunita Hegde,52,1,1
1492,1197,Mahesh Deshmukh,21,1,1
1493,1198,Ramesh Reddy,26,2,0
1494,1198,Vijay Bhat,32,2,0
1495,1199,Priya Kumar,31,1,0
1496,1199,Kavitha Nayak,53,1,1
1497,1200,Ganesh Patil,23,2,0
1498,1201,Ganesh Hegde,25,2,1
1499,1201,Manjunath Hegde,27,1,0
1500,1202,Priya Patil,60,1,0
1501,1203,Venkatesh Hegde,38,2,0
1502,1204,Mahesh Bhat,60,2,0
1503,1205,Venkatesh Patil,56,2,0
1504,1206,Suresh Patil,58,2,0
1505,1207,Sunita Reddy,22,1,1
1506,1208,Ganesh Gowda,48,2,0
1507,1209,Venkatesh Patil,28,1,0
1508,1210,Venkatesh Pujari,59,2,0
1509,1211,Suresh Rao,34,2,0
1510,1212,Suresh Deshmukh,49,2,0
1511,1213,Suresh Kumar,51,1,1
1512,1214,Ramesh Kumar,20,1,0
1513,1214,Vijay Kulkarni,22,1,0
1514,1215,Anitha Kulkarni,28,1,0
1515,1216,Ganesh Hegde,52,2,0
1516,1217,Sunita Patil,18,2,0
1517,1218,Vijay Shetty,21,2,1
1518,1218,Anitha Shetty,50,1,0
1519,1219,Ramesh Hegde,52,2,0
1520,1220,Kavitha Patil,19,2,0
1521,1220,Mahesh Kumar,45,1,0
1522,1221,Priya Rao,18,2,0
1523,1221,Ramesh Rao,23,1,1
1524,1222,Lakshmi Kulkarni,55,1,0
1525,1223,Ganesh Kulkarni,54,1,0
1526,1224,Mahesh Bhat,44,2,0
1527,1224,Lakshmi Deshmukh,45,2,0
1528,1225,Sunita Patil,64,1,0
1529,1226,Sunita Kulkarni,48,1,0
1530,1227,Anitha Bhat,50,2,0
1531,1227,Suresh Kulkarni,45,1,1
1532,1228,Anitha Deshmukh,52,1,0
1533,1229,Priya Reddy,47,2,1
1534,1229,Vijay Deshmukh,42,1,0
1535,1230,Mahesh Bhat,33,2,0
1536,1231,Mahesh Patil,46,1,0
1537,1232,Priya Kulkarni,54,1,1
1538,1233,Anitha Bhat,43,1,1
1539,1234,Priya Gowda,25,2,0
1540,1234,Mahesh Pujari,34,2,0
1541,1235,Lakshmi Nayak,36,2,0
1542,1235,Anitha Hegde,49,2,0
1543,1236,Venkatesh Nayak,27,2,0
1544,1236,Priya Nayak,39,2,0
1545,1237,Mahesh Hegde,59,1,0
1546,1238,Kavitha Patil,42,2,0
1547,1239,Vijay Pujari,19,2,0
1548,1240,Suresh Shetty,31,2,0
1549,1241,Anitha Gowda,64,2,1
1550,1242,Vijay Hegde,57,1,0
1551,1243,Priya Gowda,49,2,0
1552,1243,Suresh Reddy,20,2,1
1553,1244,Suresh Deshmukh,60,1,0
1554,1245,Ramesh Gowda,53,2,0
1555,1246,Sunita Bhat,24,1,1
1556,1247,Ganesh Rao,23,2,0
1557,1248,Mahesh Gowda,22,1,0
1558,1249,Vijay Deshmukh,48,2,0
1559,1250,Sunita Rao,29,1,0
1560,1251,Suresh Gowda,57,1,1
1561,1252,Sunita Kulkarni,42,1,0
1562,1252,Mahesh Gowda,58,2,1
1563,1253,Lakshmi Reddy,51,1,0
1564,1253,Manjunath Reddy,23,1,1
1565,1254,Mahesh Deshmukh,59,2,0
1566,1255,Manjunath Reddy,51,1,0
1567,1256,Ganesh Reddy,20,2,0
1568,1256,Lakshmi Rao,55,2,1
1569,1257,Sunita Nayak,19,1,0
1570,1257,Priya Hegde,28,1,1
1571,1258,Ganesh Bhat,29,1,1
1572,1259,Manjunath Bhat,46,2,1
1573,1260,Ganesh Gowda,53,2,0
1574,1261,Ramesh Shetty,55,2,0
1575,1262,Ramesh Reddy,51,2,0
1576,1263,Kavitha Shetty,52,1,0
1577,1264,Manjunath Bhat,23,2,0
1578,1265,Kavitha Bhat,47,2,1
1579,1266,Ramesh Kumar,53,2,0
1580,1267,Ramesh Hegde,64,1,0
1581,1267,Vijay Rao,45,2,1
1582,1268,Sunita Gowda,51,1,0
1583,1269,Lakshmi Pujari,64,1,1
1584,1270,Ramesh Gowda,64,2,0
1585,1271,Sunita Gowda,58,1,1
1586,1271,Venkatesh Bhat,46,2,1
1587,1272,Priya Pujari,49,1,0
1588,1272,Anitha Reddy,57,2,1
1589,1273,Priya Rao,51,1,0
1590,1274,Venkatesh Pujari,46,1,0
1591,1275,Lakshmi Hegde,26,2,1
1592,1276,Venkatesh Kumar,60,2,1
1593,1277,Priya Bhat,51,2,0
1594,1277,Ganesh Nayak,44,1,0
1595,1278,Venkatesh Nayak,46,1,0
1596,1279,Anitha Shetty,59,1,0
1597,1279,Mahesh Rao,45,2,0
1598,1280,Vijay Reddy,52,1,0
1599,1281,Priya Kulkarni,56,2,0
1600,1282,Anitha Shetty,27,1,1
1601,1283,Mahesh Gowda,49,1,0
1602,1284,Vijay Kumar,48,1,0
1603,1285,Lakshmi Hegde,18,2,0
1604,1286,Lakshmi Deshmukh,33,2,0
1605,1287,Venkatesh Reddy,28,2,0
1606,1288,Mahesh Deshmukh,53,1,0
1607,1289,Anitha Bhat,45,1,0
1608,1289,Suresh Gowda,36,1,0
1609,1290,Vijay Bhat,31,1,0
1610,1291,Mahesh Deshmukh,50,1,0
1611,1292,Vijay Rao,24,1,0
1612,1292,Ramesh Patil,53,1,0
1613,1293,Vijay Kumar,55,2,0
1614,1294,Priya Deshmukh,18,1,0
1615,1295,Lakshmi Shetty,28,1,0
1616,1296,Ramesh Bhat,61,1,0
1617,1297,Ramesh Deshmukh,57,2,0
1618,1298,Sunita Bhat,57,1,0
1619,1298,Sunita Pujari,58,1,0
1620,1299,Ramesh Reddy,25,1,0
1621,1300,Priya Shetty,63,1,1
1622,1301,Ganesh Hegde,45,2,0
1623,1302,Suresh Reddy,36,1,0
1624,1303,Mahesh Gowda,59,1,0
1625,1303,Anitha Shetty,22,2,0
1626,1304,Priya Kulkarni,53,1,0
1627,1305,Mahesh Hegde,37,2,1
1628,1306,Ganesh Deshmukh,36,1,0
1629,1307,Suresh Deshmukh,22,2,0
1630,1308,Venkatesh Kulkarni,64,2,0
1631,1309,Suresh Patil,27,1,0
1632,1310,Ramesh Deshmukh,21,2,0
1633,1311,Anitha Gowda,35,1,1
1634,1312,Sunita Pujari,47,2,1
1635,1313,Suresh Deshmukh,20,1,0
1636,1313,Ganesh Hegde,61,1,0
1637,1314,Ramesh Nayak,57,1,1
1638,1314,Vijay Patil,57,2,1
1639,1315,Venkatesh Reddy,40,2,0
1640,1316,Anitha Shetty,33,2,0
1641,1317,Venkatesh Gowda,30,2,1
1642,1318,Ganesh Reddy,45,2,0
1643,1319,Sunita Pujari,43,1,0
1644,1320,Vijay Nayak,36,2,0
1645,1320,Priya Nayak,65,2,0
1646,1321,Sunita Hegde,52,1,0
1647,1322,Ramesh Shetty,37,2,0
1648,1323,Ganesh Kulkarni,48,2,1
1649,1324,Kavitha Kumar,45,2,0
1650,1325,Suresh Gowda,64,1,0
1651,1326,Kavitha Kulkarni,53,1,0
1652,1327,Priya Hegde,58,2,1
1653,1328,Venkatesh Kulkarni,60,2,0
1654,1329,Anitha Kumar,41,2,0
1655,1330,Mahesh Kumar,19,1,0
1656,1331,Suresh Pujari,35,2,0
1657,1332,Anitha Nayak,55,1,0
1658,1333,Lakshmi Reddy,22,1,0
1659,1333,Manjunath Patil,21,2,0
1660,1334,Priya Reddy,58,1,0
1661,1334,Priya Gowda,56,1,0
1662,1335,Ganesh Kulkarni,39,1,0
1663,1336,Priya Kumar,30,1,0
1664,1337,Anitha Pujari,22,1,0
1665,1338,Mahesh Nayak,57,2,0
1666,1339,Mahesh Kumar,55,1,0
1667,1340,Ganesh Shetty,23,1,0
1668,1341,Kavitha Gowda,33,2,0
1669,1341,Priya Deshmukh,58,1,1
1670,1342,Ramesh Gowda,33,2,1
1671,1343,Priya Hegde,34,1,0
1672,1344,Sunita Rao,50,1,0
1673,1345,Mahesh Deshmukh,58,2,0
1674,1345,Ganesh Deshmukh,26,1,0
1675,1346,Sunita Rao,45,1,0
1676,1346,Suresh Kulkarni,35,1,0
1677,1347,Kavitha Kumar,64,1,0
1678,1348,Anitha Patil,25,2,1
1679,1349,Ramesh Kumar,59,2,1
1680,1350,Ganesh Kulkarni,56,2,0
1681,1351,Anitha Pujari,62,2,0
1682,1351,Manjunath Deshmukh,21,2,0
1683,1352,Vijay Pujari,48,2,0
1684,1353,Venkatesh Reddy,61,1,0
1685,1354,Anitha Kulkarni,51,2,0
1686,1355,Ramesh Pujari,53,1,0
1687,1356,Kavitha Pujari,53,1,1
1688,1356,Suresh Hegde,26,2,0
1689,1357,Ganesh Rao,40,1,1
1690,1358,Sunita Reddy,39,1,0
1691,1359,Priya Nayak,46,1,0
1692,1360,Lakshmi Nayak,32,1,0
1693,1360,Priya Kumar,51,2,0
1694,1361,Lakshmi Bhat,37,1,1
1695,1362,Kavitha Deshmukh,21,1,1
1696,1363,Suresh Kumar,31,2,0
1697,1364,Manjunath Patil,54,1,1
1698,1364,Priya Shetty,34,2,0
1699,1365,Venkatesh Patil,31,1,0
1700,1366,Sunita Gowda,50,1,0
1701,1367,Ramesh Bhat,46,2,0
1702,1367,Manjunath Bhat,45,1,0
1703,1368,Manjunath Pujari,18,2,0
1704,1369,Vijay Gowda,61,1,0
1705,1370,Ganesh Nayak,25,1,0
1706,1371,Manjunath Deshmukh,56,1,0
1707,1371,Venkatesh Kumar,38,1,1
1708,1372,Ganesh Reddy,26,2,0
1709,1373,Kavitha Kumar,55,1,1
1710,1374,Suresh Gowda,52,1,0
1711,1375,Suresh Rao,33,1,0
1712,1376,Sunita Kulkarni,23,1,0
1713,1376,Venkatesh Kulkarni,32,2,0
1714,1377,Sunita Hegde,36,2,0
1715,1377,Mahesh Deshmukh,55,1,0
1716,1378,Sunita Rao,31,1,1
1717,1379,Priya Gowda,29,1,0
1718,1379,Vijay Kumar,41,2,0
1719,1380,Manjunath Hegde,59,1,0
1720,1380,Kavitha Hegde,41,1,1
1721,1381,Priya Pujari,42,2,0
1722,1382,Mahesh Bhat,47,1,0
1723,1382,Priya Nayak,38,2,0
1724,1383,Manjunath Shetty,25,2,1
1725,1384,Kavitha Reddy,22,2,0
1726,1385,Lakshmi Reddy,23,1,1
1727,1386,Kavitha Gowda,51,1,0
1728,1387,Ganesh Gowda,22,2,0
1729,1387,Kavitha Kulkarni,25,2,0
1730,1388,Mahesh Hegde,51,2,1
1731,1389,Venkatesh Shetty,46,2,0
1732,1390,Vijay Reddy,36,2,0
1733,1391,Manjunath Nayak,31,2,0
1734,1391,Anitha Kulkarni,39,2,0
1735,1392,Kavitha Shetty,19,1,0
1736,1393,Lakshmi Shetty,36,2,1
1737,1394,Priya Pujari,50,1,0
1738,1395,Mahesh Kulkarni,24,2,0
1739,1396,Priya Rao,55,1,0
1740,1397,Anitha Pujari,29,1,0
1741,1398,Kavitha Gowda,25,1,0
1742,1399,Anitha Pujari,54,2,0
1743,1400,Manjunath Gowda,32,1,0
1744,1401,Venkatesh Rao,42,2,1
1745,1401,Anitha Shetty,20,2,0
1746,1402,Venkatesh Hegde,42,1,0
1747,1402,Venkatesh Pujari,51,1,0
1748,1403,Sunita Deshmukh,35,1,1
1749,1403,Suresh Deshmukh,64,1,0
1750,1404,Ganesh Bhat,64,2,1
1751,1405,Venkatesh Kumar,28,1,0
1752,1406,Sunita Reddy,60,1,1
1753,1407,Sunita Bhat,18,2,1
1754,1407,Priya Pujari,50,2,0
1755,1408,Vijay Gowda,45,2,0
1756,1408,Sunita Reddy,30,1,0
1757,1409,Kavitha Patil,32,1,0
1758,1409,Priya Rao,62,2,0
1759,1410,Ganesh Patil,19,1,1
1760,1411,Lakshmi Rao,58,2,0
1761,1412,Ramesh Nayak,63,2,0
1762,1413,Ganesh Kulkarni,18,2,1
1763,1414,Ramesh Gowda,25,1,0
1764,1415,Kavitha Patil,49,2,0
1765,1416,Kavitha Bhat,47,1,0
1766,1417,Priya Kulkarni,40,1,0
1767,1418,Anitha Pujari,31,1,0
1768,1419,Sunita Nayak,65,1,0
1769,1420,Venkatesh Reddy,57,2,1
1770,1421,Manjunath Pujari,37,2,0
1771,1422,Mahesh Kulkarni,53,1,0
1772,1423,Suresh Deshmukh,56,1,0
1773,1423,Mahesh Patil,29,1,0
1774,1424,Anitha Kumar,42,2,1
1775,1424,Venkatesh Hegde,18,2,0
1776,1425,Lakshmi Gowda,44,2,0
1777,1426,Priya Rao,26,1,0
1778,1426,Priya Hegde,50,1,0
1779,1427,Kavitha Kumar,36,2,1
1780,1428,Ramesh Pujari,29,2,0
1781,1428,Vijay Reddy,29,1,1
1782,1429,Ganesh Pujari,45,1,1
1783,1429,Ramesh Kulkarni,42,2,0
1784,1430,Kavitha Reddy,63,1,0
1785,1431,Manjunath Deshmukh,55,1,1
1786,1432,Ramesh Gowda,52,1,0
1787,1432,Anitha Pujari,65,2,0
1788,1433,Ganesh Bhat,22,2,1
1789,1434,Lakshmi Hegde,31,1,1
1790,1435,Ramesh Kulkarni,56,2,0
1791,1436,Priya Hegde,46,1,1
1792,1437,Venkatesh Kulkarni,60,2,1
1793,1438,Ganesh Patil,24,1,0
1794,1439,Manjunath Hegde,41,1,0
1795,1440,Ramesh Kumar,62,1,0
1796,1441,Suresh Pujari,63,1,0
1797,1442,Lakshmi Rao,35,1,0
1798,1443,Vijay Bhat,33,1,0
1799,1444,Kavitha Patil,22,1,0
1800,1445,Sunita Gowda,25,2,1
1801,1446,Vijay Patil,56,1,1
1802,1447,Sunita Rao,39,1,0
1803,1448,Mahesh Kulkarni,26,1,0
1804,1449,Venkatesh Rao,33,2,1
1805,1450,Anitha Kulkarni,38,1,1
1806,1451,Vijay Reddy,32,2,0
1807,1451,Venkatesh Gowda,43,1,0
1808,1452,Manjunath Deshmukh,35,1,1
1809,1453,Suresh Pujari,45,1,1
1810,1454,Manjunath Hegde,43,2,0
1811,1455,Venkatesh Nayak,42,1,0
1812,1456,Manjunath Shetty,56,1,0
1813,1456,Manjunath Reddy,24,1,1
1814,1457,Manjunath Bhat,26,1,0
1815,1457,Lakshmi Deshmukh,36,1,1
1816,1458,Mahesh Pujari,30,2,1
1817,1459,Ramesh Hegde,21,2,0
1818,1459,Lakshmi Bhat,53,1,0
1819,1460,Manjunath Kumar,30,1,0
1820,1461,Sunita Kumar,32,1,0
1821,1462,Kavitha Patil,24,1,0
1822,1463,Sunita Reddy,26,2,0
1823,1464,Mahesh Deshmukh,35,1,0
1824,1465,Suresh Shetty,37,1,0
1825,1466,Kavitha Pujari,47,2,0
1826,1467,Anitha Nayak,21,1,0
1827,1468,Venkatesh Nayak,60,2,0
1828,1468,Suresh Hegde,41,2,1
1829,1469,Manjunath Bhat,39,1,0
1830,1470,Priya Kulkarni,42,2,0
1831,1471,Mahesh Patil,22,1,0
1832,1472,Sunita Kumar,46,2,1
1833,1472,Priya Kulkarni,51,1,0
1834,1473,Venkatesh Bhat,20,1,0
1835,1474,Ganesh Shetty,42,2,1
1836,1474,Ganesh Bhat,60,1,0
1837,1475,Venkatesh Kumar,47,1,0
1838,1476,Suresh Kumar,63,2,0
1839,1477,Venkatesh Shetty,26,2,1
1840,1478,Vijay Pujari,23,2,0
1841,1479,Anitha Nayak,33,1,0
1842,1480,Mahesh Rao,46,1,0
1843,1480,Suresh Kulkarni,55,2,0
1844,1481,Priya Hegde,19,2,0
1845,1481,Suresh Pujari,33,1,0
1846,1482,Anitha Gowda,47,1,1
1847,1483,Manjunath Gowda,50,1,0
1848,1483,Mahesh Hegde,46,1,0
1849,1484,Manjunath Deshmukh,60,2,0
1850,1484,Suresh Patil,37,1,1
1851,1485,Venkatesh Bhat,49,2,0
1852,1485,Kavitha Gowda,29,2,0
1853,1486,Priya Rao,53,2,0
1854,1487,Sunita Kulkarni,25,2,1
1855,1488,Kavitha Hegde,49,1,0
1856,1488,Priya Kulkarni,21,1,0
1857,1489,Vijay Nayak,27,1,0
1858,1490,Kavitha Deshmukh,36,2,0
1859,1490,Manjunath Patil,53,2,0
1860,1491,Ganesh Shetty,42,2,1
1861,1492,Mahesh Rao,59,1,1
1862,1493,Ganesh Kumar,56,1,1
1863,1493,Mahesh Kulkarni,26,2,0
1864,1494,Mahesh Kulkarni,35,1,0
1865,1494,Ramesh Gowda,23,1,0
1866,1495,Manjunath Bhat,55,1,0
1867,1496,Mahesh Patil,43,2,0
1868,1496,Lakshmi Pujari,42,2,0
1869,1497,Sunita Deshmukh,62,1,0
1870,1498,Lakshmi Kulkarni,30,2,0
1871,1499,Lakshmi Kumar,39,2,0
1872,1499,Priya Patil,33,1,1
1873,1500,Manjunath Kulkarni,54,1,1
1874,1500,Venkatesh Kumar,52,2,0
1875,1501,Priya Nayak,41,2,0
1876,1502,Kavitha Patil,37,1,0
1877,1503,Manjunath Shetty,40,1,0
1878,1504,Mahesh Shetty,32,1,0
1879,1504,Venkatesh Pujari,56,1,0
1880,1505,Priya Shetty,22,1,0
1881,1506,Mahesh Kumar,55,2,1
1882,1507,Ramesh Shetty,50,2,0
1883,1508,Lakshmi Shetty,53,2,0
1884,1509,Venkatesh Shetty,18,2,1
1885,1510,Manjunath Kulkarni,65,2,1
1886,1511,Suresh Reddy,41,2,0
1887,1512,Kavitha Patil,54,2,0
1888,1513,Manjunath Deshmukh,42,1,0
1889,1514,Manjunath Pujari,53,2,1
1890,1515,Kavitha Gowda,51,1,0
1891,1516,Manjunath Pujari,44,2,0
1892,1516,Venkatesh Nayak,53,2,0
1893,1517,Kavitha Patil,48,1,0
1894,1518,Kavitha Pujari,20,2,0
1895,1519,Manjunath Hegde,65,2,0
1896,1520,Manjunath Bhat,60,1,0
1897,1521,Sunita Rao,32,2,0
1898,1522,Suresh Bhat,39,1,0
1899,1523,Ganesh Shetty,44,2,1
1900,1523,Venkatesh Rao,60,2,0
1901,1524,Ramesh Deshmukh,34,2,0
1902,1525,Priya Kulkarni,29,2,0
1903,1526,Sunita Reddy,38,2,0
1904,1526,Kavitha Pujari,34,2,0
1905,1527,Lakshmi Hegde,28,2,1
1906,1528,Vijay Reddy,36,1,1
1907,1529,Lakshmi Rao,61,2,0
1908,1530,Vijay Gowda,36,2,0
1909,1530,Venkatesh Kulkarni,39,2,0
1910,1531,Vijay Shetty,55,1,0
1911,1532,Ganesh Shetty,19,1,1
1912,1533,Ganesh Rao,63,2,0
1913,1534,Priya Pujari,38,1,0
1914,1534,Vijay Hegde,26,1,0
1915,1535,Ganesh Deshmukh,33,2,0
1916,1536,Lakshmi Nayak,28,1,1
1917,1536,Sunita Hegde,54,2,0
1918,1537,Ganesh Nayak,42,2,0
1919,1538,Anitha Kumar,34,2,0
1920,1539,Venkatesh Rao,48,2,0
1921,1540,Lakshmi Bhat,21,1,0
1922,1541,Ganesh Kumar,22,1,0
1923,1542,Suresh Pujari,19,2,0
1924,1543,Kavitha Gowda,18,1,0
1925,1543,Ganesh Hegde,32,2,0
1926,1544,Ganesh Pujari,52,2,0
1927,1545,Sunita Nayak,61,2,0
1928,1546,Lakshmi Patil,65,2,1
1929,1547,Lakshmi Deshmukh,30,1,0
1930,1548,Mahesh Nayak,43,1,1
1931,1548,Lakshmi Rao,49,1,0
1932,1549,Ramesh Hegde,48,2,0
1933,1550,Anitha Gowda,62,2,0
1934,1550,Ramesh Nayak,56,1,1
1935,1551,Ganesh Pujari,18,1,0
1936,1552,Vijay Pujari,32,2,0
1937,1553,Suresh Shetty,50,2,0
1938,1554,Mahesh Patil,34,1,0
1939,1555,Vijay Bhat,38,2,0
1940,1556,Mahesh Shetty,40,1,0
1941,1557,Mahesh Reddy,60,2,1
1942,1558,Manjunath Bhat,57,2,1
1943,1559,Sunita Gowda,34,1,1
1944,1560,Ramesh Deshmukh,53,2,1
1945,1561,Suresh Kulkarni,49,1,0
1946,1562,Lakshmi Hegde,39,1,0
1947,1563,Anitha Rao,53,1,0
1948,1564,Sunita Rao,23,2,0
1949,1564,Sunita Kulkarni,48,1,1
1950,1565,Priya Deshmukh,64,1,0
1951,1566,Vijay Shetty,53,1,0
1952,1567,Mahesh Gowda,61,2,0
1953,1568,Suresh Bhat,55,1,0
1954,1568,Priya Reddy,53,1,0
1955,1569,Ganesh Rao,41,2,1
1956,1569,Venkatesh Reddy,25,2,0
1957,1570,Mahesh Kulkarni,64,1,1
1958,1570,Venkatesh Bhat,52,2,0
1959,1571,Ganesh Shetty,42,1,1
1960,1572,Suresh Kumar,42,1,0
1961,1573,Ramesh Rao,35,2,1
1962,1574,Priya Reddy,41,2,0
1963,1574,Sunita Kulkarni,32,2,0
1964,1575,Priya Patil,26,1,0
1965,1576,Kavitha Rao,49,2,0
1966,1577,Venkatesh Deshmukh,27,2,0
1967,1578,Suresh Hegde,21,2,0
1968,1579,Manjunath Patil,51,1,1
1969,1580,Kavitha Pujari,56,2,0
1970,1581,Mahesh Patil,35,1,1
1971,1582,Kavitha Gowda,27,2,1
1972,1582,Sunita Rao,55,1,0
1973,1583,Suresh Reddy,51,2,0
1974,1584,Anitha Nayak,51,2,1
1975,1585,Priya Pujari,48,2,0
1976,1586,Manjunath Reddy,19,2,1
1977,1587,Kavitha Hegde,36,1,0
1978,1588,Sunita Patil,65,1,0
1979,1589,Priya Patil,63,2,0
1980,1590,Vijay Patil,34,2,1
1981,1590,Sunita Hegde,23,2,0
1982,1591,Priya Nayak,55,1,0
1983,1592,Priya Patil,20,1,0
1984,1593,Vijay Patil,56,2,0
1985,1594,Ramesh Rao,25,1,1
1986,1595,Kavitha Bhat,30,1,1
1987,1595,Ganesh Hegde,64,1,0
1988,1596,Mahesh Kulkarni,55,2,0
1989,1596,Ganesh Hegde,35,2,0
1990,1597,Priya Pujari,40,2,0
1991,1597,Ganesh Gowda,40,1,1
1992,1598,Suresh Kumar,62,2,1
1993,1599,Ramesh Hegde,60,2,0
1994,1600,Ramesh Patil,54,1,0
1995,1600,Venkatesh Nayak,56,2,0
1996,1601,Manjunath Kulkarni,20,1,0
1997,1601,Suresh Kulkarni,45,2,0
1998,1602,Ganesh Reddy,41,2,0
1999,1603,Lakshmi Pujari,53,2,0
2000,1603,Venkatesh Shetty,30,1,0
2001,1604,Mahesh Gowda,49,2,0
2002,1605,Lakshmi Hegde,38,2,1
2003,1606,Venkatesh Hegde,56,1,0
2004,1607,Ganesh Hegde,18,2,0
2005,1607,Suresh Shetty,40,2,1
2006,1608,Anitha Bhat,30,2,0
2007,1609,Ramesh Rao,21,1,1
2008,1610,Priya Rao,21,1,1
2009,1611,Kavitha Gowda,61,1,0
2010,1611,Priya Bhat,57,1,0
2011,1612,Mahesh Pujari,23,1,0
2012,1613,Lakshmi Pujari,20,2,0
2013,1614,Mahesh Reddy,35,2,0
2014,1615,Ramesh Gowda,19,2,0
2015,1616,Sunita Hegde,21,1,1
2016,1617,Venkatesh Kulkarni,52,1,0
2017,1617,Kavitha Gowda,65,1,0
2018,1618,Sunita Shetty,32,2,1
2019,1618,Sunita Shetty,28,1,0
2020,1619,Sunita Nayak,53,1,0
2021,1620,Vijay Kumar,37,2,0
2022,1621,Suresh Shetty,28,2,0
2023,1621,Vijay Hegde,41,2,1
2024,1622,Sunita Bhat,43,1,0
2025,1623,Ramesh Shetty,36,2,0
2026,1623,Priya Deshmukh,35,1,0
2027,1624,Suresh Patil,59,1,0
2028,1625,Ganesh Patil,47,1,0
2029,1626,Sunita Bhat,56,2,0
2030,1627,Anitha Kulkarni,50,2,0
2031,1628,Suresh Gowda,40,1,0
2032,1628,Mahesh Pujari,47,2,0
2033,1629,Venkatesh Kumar,47,1,0
2034,1630,Vijay Pujari,51,2,0
2035,1631,Manjunath Nayak,52,1,0
2036,1632,Venkatesh Patil,40,1,1
2037,1632,Sunita Deshmukh,62,1,0
2038,1633,Ramesh Hegde,43,2,1
2039,1634,Sunita Hegde,23,1,0
2040,1635,Sunita Nayak,36,1,0
2041,1636,Kavitha Deshmukh,20,2,0
2042,1637,Sunita Nayak,21,1,0
2043,1638,Kavitha Shetty,33,1,0
2044,1639,Kavitha Reddy,46,2,1
2045,1639,Anitha Gowda,46,1,0
2046,1640,Sunita Reddy,34,1,0
2047,1641,Lakshmi Pujari,22,2,0
2048,1642,Vijay Kulkarni,54,2,0
2049,1643,Ramesh Gowda,31,2,1
2050,1644,Sunita Shetty,24,1,1
2051,1644,Kavitha Reddy,55,1,0
2052,1645,Ganesh Bhat,59,1,0
2053,1645,Lakshmi Patil,57,2,1
2054,1646,Lakshmi Pujari,18,1,0
2055,1646,Venkatesh Gowda,27,2,1
2056,1647,Mahesh Rao,33,1,0
2057,1648,Mahesh Shetty,62,2,0
2058,1649,Kavitha Deshmukh,37,1,1
2059,1650,Mahesh Deshmukh,26,2,0
2060,1651,Lakshmi Gowda,55,1,0
2061,1651,Kavitha Kumar,22,1,0
2062,1652,Kavitha Deshmukh,48,2,0
2063,1652,Lakshmi Rao,29,1,0
2064,1653,Anitha Reddy,65,1,0
2065,1654,Vijay Kulkarni,46,2,0
2066,1655,Priya Gowda,43,2,1
2067,1656,Sunita Reddy,52,2,0
2068,1657,Lakshmi Rao,64,2,1
2069,1657,Kavitha Deshmukh,55,2,0
2070,1658,Sunita Bhat,37,2,0
2071,1658,Venkatesh Hegde,57,2,0
2072,1659,Kavitha Reddy,25,1,0
2073,1659,Sunita Patil,52,1,1
2074,1660,Kavitha Shetty,59,2,0
2075,1660,Suresh Deshmukh,23,2,1
2076,1661,Anitha Shetty,54,2,0
2077,1662,Manjunath Deshmukh,64,2,0
2078,1663,Manjunath Nayak,32,1,0
2079,1664,Venkatesh Shetty,60,1,0
2080,1665,Sunita Rao,32,2,0
2081,1665,Manjunath Reddy,53,2,0
2082,1666,Venkatesh Patil,56,2,0
2083,1666,Suresh Nayak,34,2,1
2084,1667,Manjunath Kulkarni,19,2,0
2085,1668,Mahesh Patil,20,2,0
2086,1669,Kavitha Nayak,64,2,1
2087,1669,Mahesh Patil,47,1,0
2088,1670,Ganesh Deshmukh,41,2,0
2089,1671,Suresh Rao,50,2,1
2090,1672,Kavitha Hegde,52,2,1
2091,1673,Priya Kulkarni,62,2,0
2092,1674,Lakshmi Shetty,34,1,1
2093,1675,Mahesh Deshmukh,45,2,0
2094,1676,Vijay Gowda,27,2,1
2095,1677,Kavitha Deshmukh,59,2,0
2096,1678,Ganesh Bhat,48,2,0
2097,1679,Ramesh Reddy,22,2,0
2098,1679,Anitha Rao,25,2,0
2099,1680,Anitha Pujari,61,1,0
2100,1681,Venkatesh Patil,18,2,1
2101,1682,Priya Patil,19,2,0
2102,1683,Venkatesh Bhat,39,2,0
2103,1684,Venkatesh Deshmukh,41,1,1
2104,1685,Kavitha Deshmukh,21,1,0
2105,1686,Priya Pujari,57,1,0
2106,1686,Ramesh Reddy,33,2,0
2107,1687,Ganesh Hegde,59,2,0
2108,1688,Venkatesh Reddy,19,1,1
2109,1689,Ganesh Reddy,57,2,0
2110,1690,Ganesh Patil,27,1,0
2111,1691,Manjunath Nayak,57,2,0
2112,1691,Manjunath Rao,19,2,0
2113,1692,Anitha Kulkarni,52,1,0
2114,1693,Sunita Rao,39,2,0
2115,1693,Ganesh Kulkarni,47,2,0
2116,1694,Venkatesh Hegde,24,1,0
2117,1694,Vijay Pujari,64,2,0
2118,1695,Ganesh Kumar,38,2,0
2119,1696,Anitha Kulkarni,25,2,0
2120,1697,Mahesh Kulkarni,46,2,1
2121,1698,Anitha Shetty,45,1,0
2122,1699,Vijay Patil,62,2,0
2123,1700,Kavitha Hegde,45,2,1
2124,1701,Anitha Kulkarni,31,1,0
2125,1702,Anitha Pujari,20,1,0
2126,1703,Anitha Kulkarni,36,2,1
2127,1703,Vijay Gowda,25,1,0
2128,1704,Ramesh Rao,19,2,0
2129,1704,Mahesh Pujari,50,2,0
2130,1705,Vijay Deshmukh,60,2,1
2131,1706,Vijay Nayak,26,2,0
2132,1706,Ganesh Bhat,49,1,0
2133,1707,Kavitha Pujari,58,1,1
2134,1708,Venkatesh Kumar,40,2,0
2135,1709,Manjunath Kulkarni,29,1,0
2136,1709,Venkatesh Gowda,57,1,0
2137,1710,Venkatesh Hegde,21,1,0
2138,1711,Venkatesh Kumar,63,2,0
2139,1712,Sunita Shetty,46,2,1
2140,1713,Venkatesh Bhat,42,1,0
2141,1714,Sunita Patil,24,2,0
2142,1714,Ganesh Deshmukh,34,1,0
2143,1715,Ramesh Nayak,56,2,0
2144,1716,Ganesh Gowda,34,2,0
2145,1717,Venkatesh Kulkarni,56,2,0
2146,1718,Sunita Nayak,42,1,0
2147,1719,Lakshmi Kulkarni,61,2,1
2148,1720,Priya Pujari,44,1,1
2149,1721,Suresh Pujari,30,2,0
2150,1721,Ganesh Kumar,20,2,0
2151,1722,Anitha Deshmukh,64,2,1
2152,1723,Sunita Deshmukh,25,2,0
2153,1723,Mahesh Bhat,55,2,0
2154,1724,Suresh Nayak,38,2,0
2155,1725,Anitha Nayak,21,2,0
2156,1725,Kavitha Nayak,21,1,1
2157,1726,Anitha Reddy,43,2,0
2158,1727,Mahesh Rao,37,2,0
2159,1727,Vijay Gowda,27,2,0
2160,1728,Lakshmi Nayak,18,2,0
2161,1729,Lakshmi Rao,25,1,0
2162,1730,Manjunath Pujari,60,1,1
2163,1730,Manjunath Deshmukh,22,2,1
2164,1731,Manjunath Shetty,62,1,1
2165,1731,Ramesh Hegde,21,2,0
2166,1732,Anitha Kulkarni,52,1,0
2167,1732,Anitha Kumar,21,2,0
2168,1733,Kavitha Nayak,30,1,1
2169,1734,Kavitha Patil,24,1,1
2170,1735,Anitha Rao,47,2,1
2171,1736,Manjunath Reddy,43,1,0
2172,1736,Ganesh Rao,57,1,1
2173,1737,Vijay Reddy,55,2,0
2174,1737,Lakshmi Deshmukh,27,2,0
2175,1738,Kavitha Reddy,63,1,0
2176,1739,Kavitha Shetty,41,2,1
2177,1739,Ganesh Pujari,48,2,0
2178,1740,Kavitha Nayak,52,1,0
2179,1741,Sunita Pujari,55,1,0
2180,1742,Lakshmi Gowda,49,1,0
2181,1743,Kavitha Deshmukh,44,1,1
2182,1743,Ganesh Patil,26,2,0
2183,1744,Venkatesh Gowda,41,2,1
2184,1745,Anitha Pujari,28,2,0
2185,1746,Anitha Pujari,40,1,0
2186,1746,Suresh Nayak,54,2,0
2187,1747,Anitha Kumar,18,2,0
2188,1748,Manjunath Gowda,61,2,0
2189,1749,Suresh Kumar,52,2,0
2190,1750,Ramesh Deshmukh,41,2,0
2191,1750,Vijay Deshmukh,60,2,0
2192,1751,Anitha Kulkarni,20,1,0
2193,1752,Suresh Shetty,26,1,1
2194,1753,Ramesh Deshmukh,21,2,0
2195,1753,Suresh Kulkarni,51,2,0
2196,1754,Venkatesh Kumar,20,2,0
2197,1755,Kavitha Nayak,51,2,0
2198,1756,Vijay Kulkarni,27,2,0
2199,1757,Venkatesh Pujari,47,2,0
2200,1758,Kavitha Hegde,43,2,0
2201,1758,Ganesh Shetty,23,2,0
2202,1759,Priya Pujari,63,2,1
2203,1759,Manjunath Nayak,24,2,1
2204,1760,Venkatesh Patil,32,1,0
2205,1760,Sunita Reddy,20,1,0
2206,1761,Priya Deshmukh,61,1,0
2207,1761,Ramesh Pujari,22,1,1
2208,1762,Sunita Gowda,23,1,0
2209,1763,Lakshmi Gowda,40,1,1
2210,1763,Ramesh Patil,40,1,1
2211,1764,Venkatesh Hegde,61,2,0
2212,1765,Priya Deshmukh,26,1,0
2213,1766,Lakshmi Kulkarni,22,1,1
2214,1766,Venkatesh Kulkarni,52,2,0
2215,1767,Manjunath Nayak,51,1,0
2216,1768,Anitha Rao,24,2,1
2217,1768,Manjunath Gowda,28,2,0
2218,1769,Anitha Kulkarni,42,1,0
2219,1770,Anitha Patil,42,1,0
2220,1771,Kavitha Gowda,32,1,0
2221,1772,Suresh Nayak,60,1,0
2222,1773,Ramesh Nayak,43,2,0
2223,1774,Ganesh Bhat,39,1,1
2224,1774,Ganesh Hegde,28,2,0
2225,1775,Venkatesh Nayak,60,1,0
2226,1775,Manjunath Gowda,29,1,1
2227,1776,Priya Bhat,43,2,0
2228,1777,Vijay Patil,51,1,0
2229,1777,Sunita Kumar,33,2,1
2230,1778,Venkatesh Gowda,58,2,0
2231,1779,Ganesh Reddy,25,1,0
2232,1780,Suresh Shetty,65,2,0
2233,1781,Priya Hegde,34,1,0
2234,1782,Priya Hegde,41,2,0
2235,1783,Priya Gowda,42,1,1
2236,1783,Sunita Bhat,26,2,0
2237,1784,Ramesh Pujari,56,1,0
2238,1785,Venkatesh Nayak,56,1,0
2239,1785,Suresh Kumar,50,1,0
2240,1786,Sunita Gowda,58,2,1
2241,1787,Manjunath Hegde,59,1,1
2242,1788,Suresh Patil,20,1,0
2243,1789,Lakshmi Nayak,31,1,0
2244,1790,Ramesh Bhat,29,2,0
2245,1791,Sunita Nayak,30,1,0
2246,1792,Priya Reddy,62,2,0
2247,1793,Priya Gowda,35,1,0
2248,1794,Ganesh Bhat,45,1,0
2249,1795,Lakshmi Nayak,54,2,0
2250,1796,Venkatesh Patil,42,1,1
2251,1797,Mahesh Rao,32,1,0
2252,1798,Manjunath Deshmukh,59,1,0
2253,1799,Kavitha Patil,58,2,1
2254,1800,Lakshmi Rao,51,1,0
2255,1800,Mahesh Gowda,52,2,1
2256,1801,Ganesh Nayak,45,2,0
2257,1802,Priya Rao,25,2,0
2258,1803,Ramesh Bhat,34,2,0
2259,1804,Vijay Reddy,48,1,1
2260,1805,Lakshmi Hegde,41,2,0
2261,1805,Sunita Patil,27,2,0
2262,1806,Ganesh Bhat,29,2,1
2263,1807,Manjunath Pujari,28,2,0
2264,1807,Ramesh Hegde,24,1,0
2265,1808,Sunita Deshmukh,36,2,1
2266,1809,Priya Kumar,36,2,0
2267,1809,Manjunath Shetty,22,1,0
2268,1810,Mahesh Pujari,27,1,0
2269,1810,Ganesh Gowda,40,1,0
2270,1811,Manjunath Patil,48,1,0
2271,1812,Mahesh Shetty,47,1,0
2272,1813,Vijay Hegde,52,1,0
2273,1813,Mahesh Shetty,42,2,0
2274,1814,Priya Shetty,47,2,1
2275,1815,Lakshmi Patil,43,1,0
2276,1815,Anitha Gowda,47,2,0
2277,1816,Suresh Patil,61,1,0
2278,1816,Suresh Bhat,30,1,0
2279,1817,Sunita Patil,42,1,0
2280,1818,Mahesh Bhat,28,2,1
2281,1819,Priya Bhat,41,2,0
2282,1820,Priya Shetty,29,2,0
2283,1821,Kavitha Bhat,49,1,0
2284,1822,Manjunath Patil,23,2,0
2285,1823,Priya Hegde,22,1,0
2286,1824,Manjunath Kumar,22,1,0
2287,1825,Vijay Gowda,35,1,1
2288,1826,Vijay Shetty,18,2,0
2289,1827,Anitha Reddy,52,2,0
2290,1828,Lakshmi Patil,49,1,0
2291,1829,Anitha Pujari,48,1,1
2292,1829,Venkatesh Gowda,34,1,0
2293,1830,Kavitha Rao,55,1,0
2294,1830,Ganesh Gowda,62,2,0
2295,1831,Venkatesh Nayak,37,1,0
2296,1832,Suresh Patil,39,2,0
2297,1833,Suresh Kulkarni,55,2,0
2298,1834,Mahesh Nayak,35,2,0
2299,1834,Ganesh Rao,29,2,0
2300,1835,Sunita Pujari,37,2,0
2301,1836,Kavitha Bhat,53,1,0
2302,1837,Anitha Nayak,65,2,0
2303,1837,Anitha Shetty,63,2,0
2304,1838,Priya Reddy,28,2,0
2305,1838,Anitha Shetty,34,2,0
2306,1839,Manjunath Rao,20,2,1
2307,1840,Vijay Patil,37,1,0
2308,1841,Suresh Deshmukh,53,1,1
2309,1842,Lakshmi Kumar,21,1,0
2310,1843,Sunita Rao,61,1,0
2311,1844,Kavitha Hegde,60,2,1
2312,1844,Venkatesh Rao,45,1,0
2313,1845,Ramesh Deshmukh,45,1,1
2314,1846,Manjunath Rao,34,2,0
2315,1846,Sunita Nayak,47,1,0
2316,1847,Lakshmi Hegde,31,1,1
2317,1848,Ramesh Deshmukh,23,1,0
2318,1849,Ganesh Gowda,33,1,0
2319,1849,Ramesh Deshmukh,59,2,0
2320,1850,Vijay Kumar,43,1,0
2321,1850,Venkatesh Kumar,40,2,0
2322,1851,Ramesh Kumar,39,1,1
2323,1852,Anitha Kulkarni,54,1,0
2324,1853,Vijay Shetty,45,1,1
2325,1853,Anitha Bhat,26,2,1
2326,1854,Suresh Reddy,18,2,1
2327,1855,Lakshmi Bhat,23,2,1
2328,1856,Priya Pujari,45,1,0
2329,1857,Ramesh Nayak,20,2,1
2330,1858,Kavitha Hegde,51,1,0
2331,1858,Ramesh Patil,42,1,1
2332,1859,Manjunath Shetty,19,2,1
2333,1860,Lakshmi Nayak,18,1,0
2334,1861,Suresh Shetty,40,2,0
2335,1862,Vijay Deshmukh,29,1,0
2336,1863,Kavitha Kulkarni,19,1,0
2337,1864,Mahesh Shetty,46,1,0
2338,1865,Vijay Pujari,49,1,0
2339,1866,Venkatesh Hegde,30,1,0
2340,1866,Manjunath Pujari,45,1,0
2341,1867,Lakshmi Nayak,32,2,0
2342,1868,Anitha Nayak,27,1,1
2343,1869,Manjunath Rao,43,1,0
2344,1870,Sunita Gowda,47,2,0
2345,1870,Ganesh Kumar,46,2,0
2346,1871,Suresh Nayak,60,2,0
2347,1872,Priya Nayak,40,1,1
2348,1873,Manjunath Rao,52,2,0
2349,1874,Anitha Patil,32,2,1
2350,1875,Lakshmi Deshmukh,29,1,1
2351,1875,Suresh Patil,19,1,0
2352,1876,Mahesh Deshmukh,63,1,0
2353,1877,Suresh Kumar,27,2,0
2354,1877,Suresh Nayak,44,1,0
2355,1878,Vijay Nayak,45,1,0
2356,1879,Venkatesh Kulkarni,41,2,0
2357,1880,Ramesh Pujari,46,2,0
2358,1881,Venkatesh Shetty,21,2,1
2359,1882,Ramesh Rao,19,2,1
2360,1883,Vijay Deshmukh,46,1,0
2361,1883,Priya Kulkarni,31,2,1
2362,1884,Kavitha Shetty,20,1,0
2363,1885,Ganesh Gowda,42,1,0
2364,1886,Suresh Kumar,55,2,1
2365,1886,Ganesh Kumar,39,2,1
2366,1887,Venkatesh Rao,65,2,1
2367,1888,Suresh Kumar,54,1,0
2368,1888,Kavitha Hegde,61,2,0
2369,1889,Sunita Gowda,65,2,0
2370,1890,Vijay Kulkarni,30,2,1
2371,1891,Ramesh Kulkarni,38,2,0
2372,1892,Venkatesh Reddy,33,2,0
2373,1893,Ganesh Gowda,48,2,0
2374,1894,Mahesh Hegde,48,2,0
2375,1895,Mahesh Deshmukh,24,1,1
2376,1895,Suresh Hegde,62,2,1
2377,1896,Suresh Hegde,41,2,0
2378,1897,Ganesh Gowda,65,1,1
2379,1897,Vijay Pujari,30,1,0
2380,1898,Suresh Kumar,24,2,0
2381,1898,Anitha Reddy,35,1,0
2382,1899,Priya Reddy,39,1,1
2383,1900,Sunita Kulkarni,63,2,0
2384,1901,Priya Patil,47,1,1
2385,1902,Suresh Kulkarni,22,2,0
2386,1903,Vijay Rao,54,2,1
2387,1904,Mahesh Reddy,65,2,0
2388,1905,Venkatesh Gowda,20,2,0
2389,1905,Priya Rao,28,2,1
2390,1906,Kavitha Patil,65,2,0
2391,1907,Suresh Kumar,28,1,0
2392,1908,Lakshmi Hegde,43,1,0
2393,1908,Ganesh Kulkarni,27,2,0
2394,1909,Lakshmi Reddy,27,2,1
2395,1910,Ganesh Pujari,41,1,0
2396,1910,Manjunath Rao,38,1,1
2397,1911,Kavitha Patil,22,2,0
2398,1912,Ganesh Bhat,18,1,0
2399,1913,Priya Patil,35,2,0
2400,1914,Suresh Patil,41,1,1
2401,1915,Kavitha Deshmukh,58,2,0
2402,1916,Suresh Bhat,50,2,0
2403,1917,Ramesh Patil,30,1,0
2404,1918,Lakshmi Kulkarni,21,2,1
2405,1919,Anitha Rao,18,1,0
2406,1919,Vijay Gowda,45,2,0
2407,1920,Manjunath Pujari,59,1,0
2408,1921,Manjunath Kulkarni,23,1,0
2409,1922,Ramesh Patil,19,1,0
2410,1923,Lakshmi Pujari,39,2,0
2411,1923,Mahesh Patil,42,1,0
2412,1924,Mahesh Hegde,58,2,0
2413,1925,Kavitha Hegde,61,1,0
2414,1926,Vijay Nayak,58,1,1
2415,1927,Kavitha Gowda,26,1,0
2416,1928,Venkatesh Gowda,55,2,0
2417,1928,Suresh Nayak,45,2,0
2418,1929,Mahesh Bhat,42,1,0
2419,1929,Priya Reddy,32,2,0
2420,1930,Venkatesh Pujari,28,2,0
2421,1931,Ramesh Rao,57,1,0
2422,1932,Ramesh Pujari,22,1,1
2423,1932,Vijay Rao,60,2,0
2424,1933,Mahesh Shetty,46,1,1
2425,1934,Mahesh Shetty,56,2,0
2426,1935,Manjunath Deshmukh,54,1,1
2427,1936,Anitha Patil,38,2,0
2428,1937,Ganesh Gowda,49,2,0
2429,1938,Venkatesh Kulkarni,32,1,0
2430,1938,Sunita Shetty,34,1,0
2431,1939,Ramesh Kumar,20,2,0
2432,1940,Lakshmi Reddy,42,1,0
2433,1941,Manjunath Patil,32,1,0
2434,1942,Vijay Shetty,59,1,1
2435,1942,Venkatesh Kulkarni,63,2,0
2436,1943,Venkatesh Bhat,27,2,0
2437,1944,Manjunath Kumar,40,1,0
2438,1945,Manjunath Nayak,38,2,0
2439,1946,Manjunath Bhat,61,1,0
2440,1947,Ganesh Kumar,61,2,0
2441,1948,Suresh Kumar,25,2,1
2442,1949,Suresh Nayak,42,1,0
2443,1950,Ganesh Kumar,64,2,0
2444,1951,Priya Rao,55,2,0
2445,1952,Ramesh Hegde,62,2,0
2446,1953,Ganesh Gowda,20,1,0
2447,1954,Lakshmi Patil,29,2,0
2448,1955,Sunita Hegde,40,2,0
2449,1956,Suresh Bhat,37,2,0
2450,1956,Manjunath Nayak,22,1,0
2451,1957,Kavitha Rao,41,2,0
2452,1958,Vijay Deshmukh,38,2,1
2453,1958,Ganesh Kumar,46,2,0
2454,1959,Priya Gowda,46,2,1
2455,1960,Suresh Reddy,54,1,0
2456,1961,Mahesh Gowda,29,2,1
2457,1962,Suresh Rao,60,1,0
2458,1963,Suresh Patil,22,1,1
2459,1964,Ramesh Kulkarni,22,1,1
2460,1965,Ganesh Kulkarni,50,2,0
2461,1966,Priya Rao,45,2,0
2462,1966,Priya Kumar,28,1,0
2463,1967,Ramesh Kumar,20,1,0
2464,1967,Venkatesh Bhat,35,2,0
2465,1968,Kavitha Patil,50,1,1
2466,1969,Suresh Kumar,38,1,0
2467,1969,Lakshmi Rao,63,2,0
2468,1970,Suresh Pujari,58,1,0
2469,1970,Mahesh Deshmukh,21,2,1
2470,1971,Mahesh Nayak,44,1,0
2471,1972,Suresh Pujari,30,2,0
2472,1973,Suresh Hegde,48,1,1
2473,1973,Vijay Kumar,37,1,0
2474,1974,Mahesh Gowda,24,1,0
2475,1975,Manjunath Hegde,34,1,0
2476,1976,Sunita Patil,54,2,0
2477,1977,Manjunath Gowda,22,1,0
2478,1978,Venkatesh Rao,35,2,0
2479,1978,Sunita Shetty,36,2,0
2480,1979,Mahesh Shetty,58,2,0
2481,1980,Manjunath Gowda,57,2,0
2482,1981,Sunita Nayak,21,1,0
2483,1982,Anitha Kulkarni,39,1,0
2484,1983,Venkatesh Kulkarni,37,1,0
2485,1983,Kavitha Rao,50,2,0
2486,1984,Anitha Bhat,60,1,0
2487,1985,Priya Hegde,53,1,1
2488,1985,Lakshmi Deshmukh,52,1,0
2489,1986,Manjunath Kumar,35,2,0
2490,1987,Lakshmi Gowda,27,1,0
2491,1988,Mahesh Gowda,38,2,0
2492,1988,Venkatesh Rao,56,1,0
2493,1989,Priya Hegde,60,1,1
2494,1990,Anitha Reddy,25,2,0
2495,1991,Ramesh Pujari,64,1,1
2496,1991,Ramesh Patil,32,2,0
2497,1992,Venkatesh Patil,31,1,0
2498,1993,Priya Gowda,55,1,0
2499,1994,Kavitha Kumar,21,2,0
2500,1994,Lakshmi Pujari,24,2,0
2501,1995,Anitha Nayak,60,1,0
2502,1996,Sunita Deshmukh,52,2,0
2503,1997,Sunita Kulkarni,46,1,0
2504,1998,Anitha Deshmukh,32,1,0
2505,1999,Suresh Rao,22,2,0
2506,1999,Sunita Shetty,21,1,0
2507,2000,Suresh Shetty,56,1,1
2508,2000,Venkatesh Patil,20,1,0
2509,2001,Suresh Nayak,56,1,1
2510,2002,Anitha Hegde,46,1,0
2511,2003,Priya Hegde,45,2,0
2512,2004,Anitha Patil,30,2,0
2513,2005,Priya Nayak,29,1,1
2514,2006,Suresh Rao,59,1,0
2515,2007,Priya Pujari,44,1,0
2516,2008,Ramesh Kulkarni,46,2,0
2517,2008,Vijay Hegde,32,2,1
2518,2009,Manjunath Kumar,53,2,1
2519,2010,Kavitha Patil,20,1,0
2520,2011,Sunita Pujari,49,2,0
2521,2012,Sunita Kumar,20,1,0
2522,2012,Venkatesh Pujari,59,1,0
2523,2013,Priya Nayak,58,2,0
2524,2014,Lakshmi Patil,65,1,0
2525,2015,Anitha Kumar,21,1,0
2526,2016,Ramesh Kulkarni,34,1,1
2527,2017,Manjunath Shetty,53,1,0
2528,2018,Sunita Deshmukh,61,1,0
2529,2019,Vijay Reddy,26,1,0
2530,2020,Ramesh Pujari,45,2,0
2531,2021,Venkatesh Gowda,24,2,0
2532,2022,Venkatesh Bhat,60,2,0
2533,2023,Ganesh Nayak,37,1,0
2534,2023,Priya Pujari,63,2,0
2535,2024,Sunita Rao,46,2,1
2536,2024,Anitha Bhat,53,2,0
2537,2025,Vijay Shetty,61,1,0
2538,2026,Ramesh Gowda,37,1,0
2539,2027,Priya Nayak,43,2,0
2540,2028,Priya Gowda,27,1,0
2541,2028,Ganesh Gowda,48,1,1
2542,2029,Manjunath Rao,46,2,0
2543,2029,Mahesh Kumar,56,2,1
2544,2030,Venkatesh Kulkarni,49,1,0
2545,2031,Anitha Gowda,60,1,0
2546,2032,Ganesh Kumar,50,2,0
2547,2033,Kavitha Rao,47,2,0
2548,2034,Lakshmi Patil,25,2,0
2549,2035,Ganesh Reddy,64,1,0
2550,2035,Venkatesh Shetty,31,2,0
2551,2036,Ramesh Kulkarni,23,1,1
2552,2037,Mahesh Deshmukh,52,1,0
2553,2037,Ganesh Kumar,34,2,0
2554,2038,Ramesh Patil,55,1,0
2555,2039,Suresh Shetty,32,1,0
2556,2039,Mahesh Shetty,37,2,0
2557,2040,Kavitha Kulkarni,49,1,0
2558,2041,Ramesh Shetty,61,2,0
2559,2041,Ganesh Bhat,63,1,0
2560,2042,Kavitha Pujari,43,1,1
2561,2043,Vijay Pujari,54,2,0
2562,2044,Lakshmi Deshmukh,47,1,1
2563,2044,Mahesh Bhat,41,2,0
2564,2045,Mahesh Nayak,59,1,0
2565,2046,Sunita Hegde,41,2,1
2566,2047,Ganesh Reddy,39,1,0
2567,2047,Ganesh Kumar,35,1,1
2568,2048,Anitha Hegde,27,2,0
2569,2049,Ramesh Nayak,29,2,1
2570,2050,Ganesh Kumar,46,1,0
2571,2051,Mahesh Reddy,56,2,0
2572,2051,Kavitha Rao,39,1,0
2573,2052,Vijay Deshmukh,29,2,0
2574,2052,Suresh Patil,33,2,0
2575,2053,Priya Pujari,37,2,0
2576,2053,Suresh Shetty,53,2,0
2577,2054,Suresh Patil,49,1,0
2578,2055,Mahesh Patil,54,1,0
2579,2055,Ramesh Shetty,47,2,1
2580,2056,Kavitha Rao,42,1,1
2581,2057,Manjunath Shetty,54,2,0
2582,2058,Mahesh Nayak,62,2,1
2583,2058,Manjunath Patil,28,1,1
2584,2059,Kavitha Reddy,33,2,0
2585,2060,Mahesh Pujari,28,1,0
2586,2060,Lakshmi Kumar,55,1,0
2587,2061,Ramesh Kulkarni,18,2,1
2588,2062,Mahesh Shetty,54,2,0
2589,2062,Suresh Nayak,29,2,0
2590,2063,Manjunath Kumar,58,1,0
2591,2064,Priya Bhat,46,2,0
2592,2065,Venkatesh Deshmukh,24,1,0
2593,2066,Ramesh Shetty,56,1,0
2594,2067,Kavitha Hegde,46,1,0
2595,2067,Suresh Pujari,42,2,0
2596,2068,Venkatesh Pujari,22,1,0
2597,2069,Kavitha Patil,62,2,0
2598,2070,Lakshmi Patil,42,1,0
2599,2070,Vijay Pujari,21,1,0
2600,2071,Mahesh Patil,37,2,0
2601,2072,Anitha Reddy,59,1,0
2602,2073,Vijay Rao,63,1,1
2603,2074,Kavitha Pujari,39,2,1
2604,2075,Sunita Kumar,54,2,0
2605,2076,Vijay Reddy,54,1,0
2606,2077,Lakshmi Nayak,23,2,0
2607,2078,Venkatesh Kumar,59,2,0
2608,2079,Kavitha Deshmukh,25,2,1
2609,2080,Priya Reddy,19,1,0
2610,2081,Anitha Pujari,49,1,0
2611,2082,Kavitha Shetty,20,1,0
2612,2083,Mahesh Nayak,62,1,0
2613,2084,Suresh Hegde,23,2,0
2614,2085,Sunita Gowda,60,1,0
2615,2086,Lakshmi Rao,43,1,0
2616,2087,Sunita Nayak,48,1,0
2617,2088,Sunita Patil,57,2,0
2618,2088,Sunita Reddy,19,2,1
2619,2089,Ganesh Reddy,25,2,0
2620,2090,Kavitha Pujari,46,1,0
2621,2091,Manjunath Shetty,61,2,0
2622,2092,Venkatesh Nayak,49,1,0
2623,2093,Mahesh Patil,20,1,0
2624,2093,Anitha Bhat,22,1,0
2625,2094,Kavitha Kumar,64,2,1
2626,2094,Manjunath Pujari,62,2,0
2627,2095,Kavitha Nayak,55,2,0
2628,2095,Suresh Nayak,18,1,0
2629,2096,Sunita Gowda,22,2,1
2630,2097,Priya Kulkarni,59,1,0
2631,2097,Ramesh Patil,56,1,0
2632,2098,Venkatesh Gowda,29,1,0
2633,2099,Lakshmi Patil,43,1,0
2634,2100,Sunita Hegde,23,2,0
2635,2100,Anitha Bhat,56,1,1
2636,2101,Priya Patil,59,2,0
2637,2101,Kavitha Bhat,24,2,1
2638,2102,Anitha Kumar,25,2,0
2639,2103,Mahesh Kumar,37,2,0
2640,2104,Ganesh Kulkarni,19,2,0
2641,2105,Suresh Bhat,65,2,1
2642,2106,Priya Pujari,43,1,0
2643,2107,Vijay Kulkarni,50,2,0
2644,2107,Suresh Deshmukh,28,1,1
2645,2108,Suresh Patil,20,1,0
2646,2109,Suresh Rao,59,1,1
2647,2110,Anitha Bhat,28,1,0
2648,2111,Mahesh Nayak,47,2,0
2649,2112,Anitha Bhat,51,1,0
2650,2113,Ramesh Nayak,56,1,0
2651,2114,Anitha Rao,35,1,0
2652,2115,Ganesh Nayak,49,1,0
2653,2116,Vijay Kulkarni,56,1,0
2654,2117,Ramesh Shetty,35,1,0
2655,2118,Sunita Shetty,24,1,0
2656,2118,Vijay Gowda,38,2,1
2657,2119,Ganesh Nayak,46,2,1
2658,2120,Ganesh Nayak,55,1,0
2659,2121,Kavitha Nayak,62,1,1
2660,2122,Anitha Gowda,25,2,1
2661,2122,Priya Shetty,40,2,1
2662,2123,Vijay Kulkarni,65,2,1
2663,2123,Ganesh Pujari,52,1,1
2664,2124,Lakshmi Reddy,18,1,1
2665,2125,Manjunath Deshmukh,21,1,0
2666,2125,Manjunath Nayak,18,1,1
2667,2126,Lakshmi Hegde,30,1,0
2668,2127,Priya Shetty,28,2,0
2669,2128,Venkatesh Pujari,39,1,0
2670,2129,Priya Deshmukh,27,1,0
2671,2130,Venkatesh Rao,36,1,1
2672,2131,Kavitha Pujari,27,2,0
2673,2132,Mahesh Shetty,55,2,1
2674,2133,Mahesh Kulkarni,38,1,0
2675,2133,Priya Rao,43,1,0
2676,2134,Venkatesh Patil,30,2,0
2677,2135,Lakshmi Shetty,45,1,0
2678,2135,Kavitha Gowda,31,1,1
2679,2136,Ramesh Reddy,23,1,0
2680,2137,Mahesh Hegde,44,2,0
2681,2138,Manjunath Kulkarni,40,1,0
2682,2139,Manjunath Reddy,62,2,0
2683,2140,Manjunath Reddy,46,2,0
2684,2140,Manjunath Gowda,23,2,0
2685,2141,Priya Kulkarni,59,2,1
2686,2142,Suresh Patil,57,1,0
2687,2142,Suresh Kulkarni,45,2,0
2688,2143,Lakshmi Reddy,45,2,0
2689,2144,Lakshmi Pujari,35,2,0
2690,2144,Ganesh Kumar,51,2,1
2691,2145,Ramesh Hegde,20,2,1
2692,2146,Ganesh Hegde,46,1,1
2693,2146,Ramesh Gowda,65,1,0
2694,2147,Lakshmi Nayak,32,1,0
2695,2148,Ramesh Reddy,32,1,0
2696,2149,Manjunath Shetty,37,1,0
2697,2149,Venkatesh Gowda,45,1,0
2698,2150,Priya Bhat,40,1,0
2699,2150,Priya Pujari,24,2,1
2700,2151,Suresh Bhat,22,1,0
2701,2152,Suresh Rao,57,2,0
2702,2152,Ramesh Gowda,54,2,0
2703,2153,Ganesh Shetty,41,1,1
2704,2154,Venkatesh Nayak,44,1,0
2705,2155,Ramesh Kumar,55,1,0
2706,2156,Suresh Patil,60,2,0
2707,2157,Suresh Kulkarni,58,2,0
2708,2158,Sunita Gowda,63,1,0
2709,2159,Lakshmi Nayak,30,1,0
2710,2160,Suresh Shetty,35,1,1
2711,2161,Mahesh Kumar,34,2,1
2712,2161,Suresh Nayak,27,2,0
2713,2162,Ramesh Rao,19,1,1
2714,2163,Lakshmi Gowda,57,2,1
2715,2164,Priya Hegde,49,2,1
2716,2165,Vijay Reddy,47,2,1
2717,2166,Anitha Hegde,62,1,0
2718,2166,Lakshmi Kulkarni,65,2,0
2719,2167,Kavitha Gowda,28,1,1
2720,2167,Anitha Kumar,25,1,0
2721,2168,Lakshmi Bhat,49,1,0
2722,2169,Kavitha Patil,26,2,0
2723,2170,Ganesh Bhat,29,1,0
2724,2171,Venkatesh Rao,46,1,0
2725,2172,Priya Nayak,35,1,0
2726,2173,Venkatesh Deshmukh,44,2,0
2727,2174,Kavitha Bhat,21,2,0
2728,2174,Sunita Shetty,30,1,0
2729,2175,Vijay Bhat,52,2,0
2730,2176,Priya Bhat,20,2,0
2731,2177,Priya Bhat,49,1,1
2732,2178,Vijay Bhat,44,1,0
2733,2179,Ramesh Pujari,65,2,0
2734,2180,Venkatesh Deshmukh,42,1,0
2735,2181,Vijay Kumar,56,1,1
2736,2181,Sunita Hegde,26,2,0
2737,2182,Sunita Shetty,31,1,1
2738,2183,Kavitha Rao,62,1,1
2739,2184,Vijay Hegde,40,2,1
2740,2185,Lakshmi Kulkarni,47,1,0
2741,2186,Kavitha Nayak,54,2,0
2742,2186,Vijay Rao,46,2,0
2743,2187,Suresh Pujari,22,2,0
2744,2188,Ganesh Shetty,53,1,1
2745,2189,Manjunath Patil,41,2,0
2746,2190,Priya Deshmukh,46,2,0
2747,2190,Suresh Deshmukh,32,1,0
2748,2191,Priya Nayak,35,2,1
2749,2192,Ganesh Reddy,53,1,1
2750,2192,Kavitha Pujari,24,1,1
2751,2193,Sunita Patil,48,1,0
2752,2194,Ganesh Kulkarni,36,1,0
2753,2195,Suresh Pujari,43,2,0
2754,2196,Manjunath Pujari,54,1,0
2755,2197,Manjunath Patil,21,2,0
2756,2197,Mahesh Patil,34,1,0
2757,2198,Anitha Kumar,61,1,0
2758,2198,Ramesh Bhat,43,1,0
2759,2199,Ramesh Kumar,65,2,1
2760,2200,Priya Patil,47,2,0
2761,2200,Ramesh Patil,21,2,0
2762,2201,Ganesh Rao,29,1,0
2763,2202,Kavitha Kumar,38,1,1
2764,2203,Priya Reddy,56,2,0
2765,2203,Suresh Gowda,24,2,1
2766,2204,Kavitha Kumar,43,1,0
2767,2205,Lakshmi Reddy,42,1,0
2768,2206,Anitha Kumar,44,1,1
2769,2207,Anitha Kulkarni,38,2,0
2770,2208,Lakshmi Rao,36,2,1
2771,2208,Priya Bhat,22,1,1
2772,2209,Suresh Shetty,55,2,0
2773,2209,Kavitha Shetty,65,1,0
2774,2210,Sunita Shetty,51,1,0
2775,2211,Vijay Pujari,57,2,1
2776,2212,Suresh Patil,58,1,0
2777,2213,Manjunath Kulkarni,57,1,0
2778,2214,Manjunath Shetty,27,2,0
2779,2215,Mahesh Reddy,34,1,1
2780,2216,Priya Shetty,20,1,0
2781,2217,Lakshmi Deshmukh,65,2,0
2782,2218,Lakshmi Nayak,23,1,0
2783,2219,Venkatesh Pujari,58,2,0
2784,2220,Ramesh Pujari,45,1,1
2785,2221,Vijay Bhat,49,2,0
2786,2221,Ganesh Hegde,48,1,0
2787,2222,Ganesh Reddy,62,1,0
2788,2223,Kavitha Shetty,39,2,1
2789,2223,Ramesh Rao,64,2,1
2790,2224,Lakshmi Reddy,50,1,0
2791,2225,Vijay Bhat,41,1,1
2792,2225,Anitha Bhat,54,1,0
2793,2226,Kavitha Kulkarni,18,1,0
2794,2227,Kavitha Shetty,55,1,0
2795,2228,Kavitha Patil,40,2,0
2796,2229,Vijay Nayak,20,2,0
2797,2230,Manjunath Kumar,44,2,1
2798,2230,Vijay Pujari,24,2,1
2799,2231,Venkatesh Reddy,33,1,0
2800,2232,Venkatesh Patil,24,2,0
2801,2233,Venkatesh Deshmukh,30,1,0
2802,2234,Kavitha Shetty,43,1,0
2803,2235,Lakshmi Gowda,50,2,0
2804,2236,Manjunath Bhat,36,2,0
2805,2237,Anitha Kumar,31,1,0
2806,2238,Ganesh Kumar,35,1,1
2807,2239,Kavitha Patil,61,1,0
2808,2240,Ganesh Patil,59,2,1
2809,2241,Ramesh Rao,24,1,1
2810,2242,Manjunath Patil,60,1,0
2811,2242,Sunita Pujari,56,1,0
2812,2243,Vijay Gowda,27,2,0
2813,2244,Suresh Deshmukh,65,2,0
2814,2245,Sunita Reddy,60,1,1
2815,2246,Anitha Gowda,27,2,0
2816,2247,Lakshmi Kumar,19,2,1
2817,2248,Manjunath Deshmukh,52,1,0
2818,2248,Ramesh Shetty,40,2,0
2819,2249,Suresh Reddy,56,1,0
2820,2250,Sunita Kulkarni,24,1,0
2821,2251,Priya Hegde,44,2,1
2822,2252,Anitha Nayak,55,1,0
2823,2253,Venkatesh Shetty,32,2,0
2824,2254,Ramesh Patil,48,1,0
2825,2255,Kavitha Rao,45,2,0
2826,2256,Ramesh Gowda,39,2,0
2827,2257,Mahesh Reddy,41,2,0
2828,2258,Manjunath Bhat,61,2,0
2829,2259,Anitha Gowda,47,2,0
2830,2260,Lakshmi Nayak,33,1,0
2831,2261,Priya Pujari,33,2,0
2832,2261,Venkatesh Kumar,35,1,0
2833,2262,Manjunath Deshmukh,41,1,0
2834,2263,Kavitha Kumar,21,1,0
2835,2264,Ramesh Pujari,37,2,0
2836,2264,Vijay Reddy,46,2,0
2837,2265,Vijay Patil,62,1,0
2838,2265,Priya Deshmukh,26,1,1
2839,2266,Lakshmi Nayak,21,2,0
2840,2267,Vijay Patil,62,2,0
2841,2268,Ganesh Kumar,62,1,0
2842,2269,Ganesh Kulkarni,25,1,0
2843,2270,Ganesh Kumar,54,1,0
2844,2270,Mahesh Patil,38,1,0
2845,2271,Kavitha Pujari,34,1,1
2846,2272,Suresh Gowda,48,1,0
2847,2273,Suresh Deshmukh,22,1,0
2848,2274,Ramesh Nayak,56,2,0
2849,2275,Priya Gowda,28,2,1
2850,2276,Lakshmi Pujari,34,1,0
2851,2276,Mahesh Shetty,62,2,0
2852,2277,Lakshmi Bhat,57,1,0
2853,2278,Priya Bhat,51,2,0
2854,2279,Anitha Deshmukh,50,2,1
2855,2280,Sunita Pujari,44,2,0
2856,2280,Vijay Shetty,34,2,1
2857,2281,Ramesh Kulkarni,19,1,0
2858,2282,Priya Deshmukh,60,2,1
2859,2282,Suresh Nayak,63,1,0
2860,2283,Priya Kulkarni,54,2,1
2861,2283,Ramesh Gowda,21,1,0
2862,2284,Lakshmi Hegde,41,1,1
2863,2285,Sunita Rao,57,1,0
2864,2286,Ramesh Kulkarni,46,1,0
2865,2287,Mahesh Rao,60,2,0
2866,2287,Vijay Reddy,57,1,0
2867,2288,Anitha Patil,60,2,0
2868,2289,Mahesh Patil,50,2,1
2869,2290,Priya Kulkarni,54,2,0
2870,2290,Mahesh Reddy,31,2,0
2871,2291,Anitha Gowda,36,1,1
2872,2292,Anitha Bhat,44,2,0
2873,2293,Manjunath Rao,37,2,0
2874,2294,Lakshmi Kumar,48,1,0
2875,2295,Vijay Patil,24,1,0
2876,2295,Suresh Pujari,40,2,1
2877,2296,Ramesh Bhat,57,1,0
2878,2297,Ganesh Hegde,47,1,0
2879,2298,Ramesh Reddy,32,1,0
2880,2299,Ramesh Bhat,50,1,0
2881,2300,Mahesh Deshmukh,43,2,0
2882,2301,Suresh Nayak,47,2,1
2883,2302,Anitha Kumar,45,1,0
2884,2302,Priya Deshmukh,30,2,0
2885,2303,Venkatesh Pujari,39,1,0
2886,2304,Manjunath Kulkarni,24,2,0
2887,2305,Anitha Gowda,39,2,1
2888,2305,Priya Rao,52,2,1
2889,2306,Suresh Rao,41,2,0
2890,2306,Venkatesh Bhat,62,1,0
2891,2307,Anitha Nayak,19,1,0
2892,2308,Priya Pujari,59,2,0
2893,2309,Anitha Hegde,56,1,0
2894,2310,Lakshmi Hegde,63,1,0
2895,2311,Kavitha Bhat,48,2,0
2896,2312,Sunita Patil,47,2,0
2897,2313,Venkatesh Rao,26,1,0
2898,2314,Anitha Kumar,55,1,0
2899,2315,Ganesh Nayak,48,1,1
2900,2316,Ganesh Kulkarni,36,1,0
2901,2317,Suresh Deshmukh,63,2,0
2902,2318,Ganesh Hegde,41,1,0
2903,2319,Anitha Deshmukh,51,2,0
2904,2319,Kavitha Rao,54,2,0
2905,2320,Ganesh Gowda,62,2,0
2906,2321,Suresh Nayak,54,2,0
2907,2322,Kavitha Gowda,52,2,0
2908,2323,Priya Reddy,42,2,1
2909,2324,Priya Hegde,26,1,0
2910,2325,Venkatesh Bhat,33,2,0
2911,2326,Kavitha Shetty,31,2,0
2912,2327,Sunita Shetty,40,1,0
2913,2328,Ramesh Rao,20,2,0
2914,2329,Manjunath Patil,22,1,0
2915,2329,Sunita Kulkarni,20,1,0
2916,2330,Ramesh Pujari,60,2,0
2917,2330,Lakshmi Shetty,45,1,0
2918,2331,Kavitha Reddy,33,1,1
2919,2332,Anitha Kulkarni,40,2,1
2920,2332,Suresh Nayak,24,2,0
2921,2333,Suresh Reddy,63,2,0
2922,2334,Ganesh Patil,52,1,0
2923,2335,Manjunath Kumar,31,1,0
2924,2336,Priya Kumar,21,1,0
2925,2337,Priya Bhat,39,2,0
2926,2338,Kavitha Bhat,39,2,0
2927,2339,Ramesh Gowda,38,1,0
2928,2340,Sunita Pujari,58,1,0
2929,2340,Vijay Shetty,56,2,1
2930,2341,Lakshmi Pujari,58,2,0
2931,2342,Manjunath Deshmukh,43,1,0
2932,2343,Manjunath Shetty,50,1,1
2933,2343,Ramesh Gowda,63,2,0
2934,2344,Lakshmi Pujari,44,1,0
2935,2345,Priya Gowda,46,1,0
2936,2346,Manjunath Deshmukh,37,2,1
2937,2347,Priya Nayak,37,2,0
2938,2348,Ramesh Pujari,51,1,0
2939,2349,Vijay Pujari,38,1,0
2940,2350,Ramesh Nayak,22,2,0
2941,2350,Ramesh Reddy,35,2,1
2942,2351,Suresh Kumar,55,2,0
2943,2352,Priya Bhat,52,1,0
2944,2352,Anitha Shetty,49,1,0
2945,2353,Ramesh Kulkarni,43,1,1
2946,2354,Sunita Bhat,40,2,1
2947,2355,Ganesh Nayak,18,1,0
2948,2355,Anitha Shetty,46,1,0
2949,2356,Lakshmi Gowda,43,2,0
2950,2356,Sunita Bhat,52,2,1
2951,2357,Vijay Bhat,33,1,0
2952,2357,Venkatesh Bhat,38,1,1
2953,2358,Mahesh Reddy,62,2,0
2954,2359,Vijay Rao,36,1,0
2955,2360,Lakshmi Gowda,45,1,0
2956,2360,Manjunath Kulkarni,57,1,0
2957,2361,Kavitha Hegde,40,1,0
2958,2361,Ramesh Kumar,54,1,0
2959,2362,Mahesh Pujari,53,2,0
2960,2363,Mahesh Reddy,63,1,1
2961,2364,Manjunath Pujari,40,2,0
2962,2365,Manjunath Deshmukh,55,1,1
2963,2366,Vijay Patil,56,2,0
2964,2367,Kavitha Patil,56,1,0
2965,2367,Suresh Hegde,36,1,0
2966,2368,Vijay Pujari,44,1,0
2967,2369,Sunita Nayak,35,2,0
2968,2369,Kavitha Kulkarni,57,1,0
2969,2370,Sunita Gowda,21,2,1
2970,2371,Anitha Patil,56,2,0
2971,2371,Kavitha Pujari,63,1,0
2972,2372,Sunita Reddy,25,2,0
2973,2373,Priya Hegde,56,2,1
2974,2374,Ramesh Rao,56,2,0
2975,2374,Sunita Hegde,48,1,0
2976,2375,Suresh Gowda,41,1,1
2977,2376,Venkatesh Hegde,64,1,0
2978,2376,Lakshmi Rao,52,1,1
2979,2377,Mahesh Bhat,46,1,0
2980,2378,Anitha Rao,22,1,0
2981,2379,Vijay Reddy,30,1,0
2982,2380,Venkatesh Hegde,56,2,0
2983,2381,Anitha Rao,62,2,1
2984,2382,Suresh Reddy,22,1,1
2985,2382,Priya Shetty,50,1,0
2986,2383,Sunita Nayak,50,1,0
2987,2383,Ganesh Shetty,31,2,0
2988,2384,Ganesh Bhat,36,2,0
2989,2385,Venkatesh Patil,55,1,0
2990,2386,Kavitha Shetty,29,2,0
2991,2387,Suresh Nayak,63,1,0
2992,2387,Ganesh Hegde,26,2,0
2993,2388,Mahesh Nayak,39,1,0
2994,2388,Ganesh Patil,58,2,0
2995,2389,Vijay Nayak,37,2,0
2996,2390,Lakshmi Reddy,26,2,0
2997,2391,Vijay Shetty,38,2,0
2998,2391,Lakshmi Reddy,30,1,0
2999,2392,Suresh Rao,36,1,0
3000,2393,Priya Pujari,38,2,0
3001,2394,Manjunath Hegde,44,2,0
3002,2395,Sunita Kumar,44,2,0
3003,2395,Anitha Shetty,22,1,0
3004,2396,Mahesh Shetty,50,1,0
3005,2397,Venkatesh Bhat,28,2,0
3006,2398,Kavitha Shetty,53,1,0
3007,2399,Suresh Gowda,27,1,1
3008,2400,Mahesh Pujari,35,1,1
3009,2401,Ganesh Kulkarni,47,2,0
3010,2401,Ramesh Nayak,62,1,0
3011,2402,Sunita Bhat,23,1,1
3012,2403,Lakshmi Reddy,63,1,0
3013,2404,Kavitha Shetty,50,1,1
3014,2405,Ganesh Hegde,39,2,0
3015,2406,Vijay Nayak,29,2,1
3016,2407,Sunita Shetty,40,1,0
3017,2408,Venkatesh Reddy,21,1,0
3018,2409,Ramesh Gowda,45,2,0
3019,2409,Vijay Reddy,62,2,0
3020,2410,Anitha Bhat,58,1,0
3021,2411,Anitha Pujari,24,2,1
3022,2412,Vijay Bhat,62,1,0
3023,2413,Kavitha Bhat,52,1,0
3024,2414,Manjunath Shetty,56,2,1
3025,2415,Priya Nayak,62,1,0
3026,2415,Kavitha Deshmukh,21,1,1
3027,2416,Suresh Rao,29,2,0
3028,2417,Anitha Bhat,54,2,0
3029,2418,Suresh Gowda,61,2,0
3030,2419,Suresh Nayak,58,2,0
3031,2420,Anitha Gowda,49,2,1
3032,2420,Sunita Kulkarni,33,1,1
3033,2421,Venkatesh Deshmukh,25,1,1
3034,2422,Kavitha Deshmukh,24,1,0
3035,2423,Mahesh Hegde,33,2,0
3036,2424,Priya Nayak,56,1,0
3037,2425,Ramesh Patil,46,1,0
3038,2426,Anitha Bhat,58,2,0
3039,2427,Kavitha Shetty,23,1,0
3040,2428,Kavitha Pujari,40,2,0
3041,2429,Mahesh Nayak,53,2,0
3042,2430,Kavitha Hegde,29,1,0
3043,2431,Ramesh Reddy,32,1,0
3044,2432,Suresh Bhat,41,2,0
3045,2433,Ganesh Kulkarni,52,2,1
3046,2434,Anitha Kulkarni,46,1,0
3047,2435,Ramesh Pujari,26,2,0
3048,2436,Venkatesh Bhat,30,1,0
3049,2437,Manjunath Nayak,40,2,1
3050,2438,Anitha Pujari,60,2,0
3051,2439,Ganesh Kulkarni,22,2,0
3052,2439,Venkatesh Patil,51,1,0
3053,2440,Priya Rao,25,2,1
3054,2440,Priya Pujari,56,1,0
3055,2441,Anitha Reddy,25,1,0
3056,2442,Vijay Patil,65,1,0
3057,2443,Manjunath Nayak,20,2,0
3058,2443,Ramesh Kulkarni,28,1,0
3059,2444,Kavitha Hegde,38,2,0
3060,2445,Anitha Kumar,45,1,0
3061,2446,Vijay Nayak,57,2,0
3062,2447,Kavitha Pujari,36,2,0
3063,2448,Manjunath Nayak,56,1,0
3064,2449,Suresh Shetty,32,1,1
3065,2450,Manjunath Rao,30,1,1
3066,2451,Vijay Nayak,46,2,0
3067,2452,Venkatesh Patil,37,1,1
3068,2452,Anitha Rao,32,1,0
3069,2453,Manjunath Hegde,19,2,0
3070,2454,Suresh Reddy,55,1,0
3071,2455,Anitha Hegde,44,1,0
3072,2455,Mahesh Reddy,43,2,0
3073,2456,Ganesh Hegde,20,1,0
3074,2456,Anitha Bhat,27,1,0
3075,2457,Suresh Hegde,28,2,0
3076,2458,Lakshmi Patil,29,1,0
3077,2459,Ramesh Gowda,40,1,0
3078,2459,Suresh Shetty,41,1,0
3079,2460,Mahesh Nayak,35,2,1
3080,2460,Manjunath Kumar,35,2,1
3081,2461,Kavitha Shetty,30,1,0
3082,2461,Mahesh Pujari,33,2,1
3083,2462,Venkatesh Kumar,42,2,1
3084,2463,Manjunath Nayak,41,2,0
3085,2463,Lakshmi Hegde,18,2,0
3086,2464,Vijay Patil,32,2,0
3087,2465,Priya Gowda,42,1,0
3088,2465,Ganesh Bhat,60,2,1
3089,2466,Venkatesh Deshmukh,23,1,1
3090,2467,Anitha Shetty,50,1,0
3091,2467,Mahesh Nayak,46,2,0
3092,2468,Ganesh Bhat,35,2,0
3093,2468,Venkatesh Bhat,28,2,0
3094,2469,Priya Kulkarni,59,1,1
3095,2470,Sunita Pujari,24,1,1
3096,2471,Anitha Kulkarni,38,1,1
3097,2472,Priya Pujari,53,1,0
3098,2473,Venkatesh Reddy,49,1,1
3099,2474,Manjunath Hegde,38,1,0
3100,2474,Kavitha Gowda,52,2,0
3101,2475,Venkatesh Nayak,41,1,0
3102,2476,Priya Gowda,22,1,0
3103,2476,Ramesh Rao,60,1,0
3104,2477,Venkatesh Nayak,23,1,0
3105,2477,Suresh Kulkarni,36,1,0
3106,2478,Mahesh Kumar,60,2,0
3107,2479,Manjunath Rao,32,1,0
3108,2479,Mahesh Kumar,26,1,0
3109,2480,Ramesh Nayak,44,2,0
3110,2481,Ramesh Gowda,43,2,0
3111,2481,Priya Patil,48,2,0
3112,2482,Manjunath Patil,19,1,0
3113,2483,Mahesh Nayak,25,2,0
3114,2483,Priya Pujari,63,1,0
3115,2484,Anitha Hegde,23,1,0
3116,2485,Manjunath Patil,45,1,0
3117,2485,Manjunath Deshmukh,47,1,1
3118,2486,Anitha Hegde,21,2,0
3119,2487,Vijay Hegde,36,1,0
3120,2487,Ramesh Rao,18,2,1
3121,2488,Mahesh Bhat,59,2,0
3122,2488,Mahesh Gowda,19,2,0
3123,2489,Vijay Shetty,41,1,0
3124,2489,Ramesh Rao,56,2,1
3125,2490,Sunita Hegde,60,1,0
3126,2491,Sunita Hegde,57,2,0
3127,2492,Lakshmi Gowda,36,1,1
3128,2493,Anitha Bhat,64,1,0
3129,2493,Lakshmi Pujari,56,2,0
3130,2494,Vijay Gowda,20,1,0
3131,2494,Venkatesh Nayak,34,2,1
3132,2495,Ganesh Patil,65,1,0
3133,2496,Ramesh Hegde,31,2,0
3134,2496,Lakshmi Bhat,38,1,0
3135,2497,Priya Nayak,26,1,0
3136,2498,Mahesh Shetty,51,2,0
3137,2498,Venkatesh Nayak,46,1,0
3138,2499,Anitha Hegde,31,2,1
3139,2500,Anitha Rao,38,1,0
3140,2501,Suresh Deshmukh,40,1,0
3141,2501,Kavitha Gowda,36,2,0
3142,2502,Anitha Shetty,22,1,0
3143,2502,Venkatesh Hegde,35,1,0
3144,2503,Mahesh Gowda,42,1,0
3145,2504,Suresh Patil,24,1,1
3146,2505,Priya Patil,37,2,0
3147,2506,Sunita Gowda,20,2,1
3148,2506,Vijay Deshmukh,39,1,0
3149,2507,Lakshmi Gowda,50,1,1
3150,2508,Mahesh Gowda,36,2,0
3151,2509,Vijay Hegde,31,2,0
3152,2510,Anitha Kulkarni,52,2,0
3153,2510,Manjunath Pujari,28,1,1
3154,2511,Kavitha Kumar,42,2,1
3155,2512,Ramesh Nayak,33,1,1
3156,2513,Lakshmi Hegde,39,2,1
3157,2514,Kavitha Kulkarni,29,2,0
3158,2514,Anitha Bhat,42,1,1
3159,2515,Venkatesh Kumar,46,1,0
3160,2515,Kavitha Deshmukh,34,2,0
3161,2516,Lakshmi Reddy,32,2,0
3162,2516,Mahesh Patil,54,2,0
3163,2517,Sunita Reddy,21,2,0
3164,2518,Mahesh Kumar,20,1,0
3165,2519,Vijay Reddy,29,2,0
3166,2520,Suresh Pujari,36,1,0
3167,2521,Anitha Gowda,29,2,1
3168,2522,Priya Nayak,56,1,0
3169,2523,Anitha Rao,60,2,0
3170,2524,Ramesh Deshmukh,61,1,0
3171,2524,Lakshmi Gowda,26,1,0
3172,2525,Manjunath Gowda,20,2,0
3173,2525,Ganesh Pujari,43,2,1
3174,2526,Priya Rao,28,1,1
3175,2527,Ganesh Kulkarni,48,1,0
3176,2528,Ganesh Nayak,60,1,1
3177,2529,Manjunath Bhat,23,2,0
3178,2530,Ganesh Reddy,28,1,1
3179,2531,Vijay Nayak,65,1,0
3180,2532,Ramesh Rao,24,1,0
3181,2532,Venkatesh Patil,32,2,0
3182,2533,Manjunath Kumar,32,1,0
3183,2534,Vijay Reddy,39,2,1
3184,2535,Priya Reddy,19,1,0
3185,2536,Sunita Hegde,63,2,1
3186,2537,Sunita Bhat,30,1,0
3187,2538,Suresh Bhat,45,2,1
3188,2539,Ramesh Rao,57,2,0
3189,2540,Vijay Hegde,43,2,0
3190,2540,Sunita Shetty,22,2,0
3191,2541,Lakshmi Reddy,44,2,0
3192,2542,Venkatesh Bhat,40,2,0
3193,2542,Anitha Deshmukh,47,1,0
3194,2543,Ganesh Reddy,54,1,0
3195,2544,Venkatesh Deshmukh,28,1,0
3196,2545,Venkatesh Kumar,34,1,0
3197,2546,Priya Rao,28,2,0
3198,2547,Priya Reddy,29,1,0
3199,2548,Anitha Bhat,45,1,0
3200,2549,Sunita Reddy,27,2,1
3201,2549,Vijay Pujari,56,1,0
3202,2550,Anitha Nayak,25,1,1
3203,2551,Sunita Hegde,38,1,0
3204,2552,Manjunath Gowda,39,1,0
3205,2553,Ganesh Patil,33,2,0
3206,2554,Mahesh Reddy,28,1,0
3207,2554,Sunita Bhat,37,1,0
3208,2555,Ganesh Pujari,53,1,1
3209,2556,Priya Kumar,24,2,0
3210,2557,Lakshmi Pujari,32,2,0
3211,2558,Suresh Gowda,55,1,0
3212,2559,Manjunath Reddy,41,2,0
3213,2559,Ganesh Kumar,57,2,0
3214,2560,Ganesh Patil,60,1,0
3215,2561,Vijay Reddy,55,1,0
3216,2561,Suresh Rao,42,2,0
3217,2562,Suresh Deshmukh,28,1,0
3218,2563,Kavitha Gowda,18,1,0
3219,2564,Lakshmi Rao,44,1,0
3220,2565,Manjunath Kumar,40,1,1
3221,2565,Ganesh Patil,29,2,0
3222,2566,Priya Kumar,22,2,1
3223,2566,Vijay Rao,53,2,0
3224,2567,Ganesh Deshmukh,45,2,0
3225,2568,Lakshmi Nayak,52,1,0
3226,2568,Priya Kumar,34,2,0
3227,2569,Ganesh Bhat,45,1,0
3228,2570,Ramesh Bhat,62,2,0
3229,2571,Mahesh Reddy,42,2,0
3230,2572,Anitha Patil,41,1,0
3231,2572,Venkatesh Bhat,40,2,0
3232,2573,Ramesh Gowda,33,1,1
3233,2573,Kavitha Gowda,30,1,0
3234,2574,Vijay Shetty,33,2,0
3235,2574,Kavitha Kumar,32,2,1
3236,2575,Kavitha Pujari,43,1,1
3237,2576,Mahesh Patil,61,2,0
3238,2576,Suresh Rao,19,1,0
3239,2577,Vijay Gowda,62,1,0
3240,2578,Manjunath Shetty,47,2,0
3241,2579,Suresh Pujari,50,2,0
3242,2580,Vijay Patil,57,1,0
3243,2581,Vijay Kulkarni,35,2,0
3244,2581,Sunita Hegde,24,1,0
3245,2582,Venkatesh Rao,57,1,0
3246,2583,Vijay Shetty,42,1,0
3247,2583,Vijay Shetty,32,1,1
3248,2584,Venkatesh Bhat,47,1,1
3249,2585,Kavitha Hegde,46,1,0
3250,2586,Sunita Patil,62,2,1
3251,2587,Vijay Gowda,48,2,0
3252,2587,Lakshmi Rao,52,2,0
3253,2588,Mahesh Reddy,49,1,1
3254,2588,Anitha Pujari,19,2,1
3255,2589,Ramesh Reddy,42,2,0
3256,2590,Anitha Bhat,50,2,0
3257,2591,Vijay Deshmukh,20,1,0
3258,2592,Lakshmi Kumar,39,2,1
3259,2592,Lakshmi Hegde,49,2,1
3260,2593,Lakshmi Gowda,28,1,0
3261,2594,Mahesh Hegde,20,2,0
3262,2595,Anitha Bhat,37,2,0
3263,2596,Kavitha Nayak,60,1,0
3264,2597,Manjunath Shetty,41,1,0
3265,2598,Lakshmi Patil,50,1,0
3266,2599,Ganesh Deshmukh,56,1,0
3267,2600,Venkatesh Kumar,60,1,0
3268,2600,Ramesh Nayak,34,1,0
3269,2601,Manjunath Shetty,44,2,0
3270,2602,Kavitha Bhat,64,1,0
3271,2603,Kavitha Gowda,48,1,1
3272,2604,Venkatesh Patil,26,1,0
3273,2604,Vijay Hegde,20,1,0
3274,2605,Ramesh Kumar,58,1,0
3275,2606,Priya Deshmukh,26,2,1
3276,2606,Lakshmi Pujari,22,2,0
3277,2607,Manjunath Kumar,62,2,0
3278,2608,Suresh Kulkarni,50,2,0
3279,2608,Ramesh Pujari,27,1,0
3280,2609,Anitha Patil,23,2,0
3281,2610,Vijay Bhat,43,2,0
3282,2611,Ramesh Reddy,44,2,0
3283,2612,Kavitha Pujari,21,2,0
3284,2613,Kavitha Bhat,23,2,0
3285,2613,Manjunath Kulkarni,18,2,0
3286,2614,Kavitha Deshmukh,28,2,0
3287,2615,Anitha Bhat,39,1,0
3288,2616,Vijay Kumar,48,1,1
3289,2617,Anitha Rao,24,2,1
3290,2618,Sunita Pujari,44,1,0
3291,2619,Manjunath Bhat,50,2,0
3292,2620,Manjunath Kumar,42,2,1
3293,2621,Sunita Patil,36,1,0
3294,2622,Kavitha Bhat,54,1,0
3295,2623,Lakshmi Hegde,47,2,0
3296,2624,Priya Kulkarni,62,1,0
3297,2625,Suresh Nayak,46,2,0
3298,2626,Kavitha Kumar,59,2,1
3299,2627,Vijay Gowda,27,1,0
3300,2628,Vijay Kumar,29,1,1
3301,2629,Priya Gowda,24,1,0
3302,2630,Ganesh Gowda,47,1,0
3303,2630,Mahesh Kulkarni,35,2,1
3304,2631,Mahesh Gowda,59,1,1
3305,2631,Mahesh Kumar,46,1,0
3306,2632,Vijay Rao,27,1,0
3307,2632,Sunita Patil,40,1,0
3308,2633,Venkatesh Patil,44,2,1
3309,2634,Vijay Rao,27,2,0
3310,2635,Kavitha Pujari,39,2,1
3311,2636,Priya Patil,45,2,0
3312,2636,Sunita Patil,58,2,0
3313,2637,Sunita Patil,51,1,0
3314,2638,Ramesh Rao,35,1,1
3315,2638,Vijay Shetty,44,1,0
3316,2639,Priya Hegde,57,1,0
3317,2640,Venkatesh Nayak,46,2,0
3318,2641,Kavitha Reddy,37,1,0
3319,2642,Ramesh Patil,23,1,0
3320,2642,Manjunath Bhat,39,1,1
3321,2643,Sunita Gowda,19,2,1
3322,2643,Venkatesh Bhat,57,2,0
3323,2644,Vijay Pujari,38,2,0
3324,2645,Kavitha Kulkarni,38,1,0
3325,2645,Ramesh Kulkarni,19,1,0
3326,2646,Suresh Pujari,25,1,0
3327,2647,Manjunath Pujari,26,2,0
3328,2648,Mahesh Pujari,48,2,0
3329,2649,Lakshmi Kumar,57,2,0
3330,2649,Ramesh Reddy,30,1,1
3331,2650,Lakshmi Bhat,48,2,0
3332,2650,Venkatesh Kulkarni,52,2,0
3333,2651,Suresh Gowda,52,2,0
3334,2652,Ramesh Hegde,41,2,0
3335,2652,Manjunath Deshmukh,63,2,0
3336,2653,Ramesh Nayak,65,1,0
3337,2654,Venkatesh Kumar,26,1,1
3338,2655,Ramesh Nayak,34,2,1
3339,2656,Priya Kumar,18,1,1
3340,2656,Vijay Gowda,38,1,0
3341,2657,Anitha Bhat,29,1,1
3342,2658,Ganesh Reddy,39,2,1
3343,2658,Venkatesh Deshmukh,38,1,0
3344,2659,Suresh Deshmukh,31,1,1
3345,2660,Venkatesh Deshmukh,26,1,0
3346,2661,Priya Kumar,64,1,0
3347,2662,Lakshmi Nayak,57,2,1
3348,2663,Ramesh Deshmukh,24,1,0
3349,2664,Ramesh Bhat,52,1,0
3350,2665,Venkatesh Reddy,26,1,0
3351,2666,Mahesh Gowda,53,2,0
3352,2667,Sunita Rao,33,1,1
3353,2667,Sunita Gowda,30,1,0
3354,2668,Ramesh Hegde,18,1,0
3355,2669,Lakshmi Kumar,30,2,1
3356,2670,Lakshmi Deshmukh,33,2,0
3357,2671,Sunita Deshmukh,43,1,0
3358,2672,Lakshmi Kumar,23,2,0
3359,2673,Ganesh Reddy,39,1,0
3360,2673,Sunita Shetty,58,1,0
3361,2674,Kavitha Rao,60,2,0
3362,2675,Ramesh Rao,27,1,0
3363,2676,Vijay Pujari,24,1,1
3364,2677,Kavitha Shetty,40,2,0
3365,2678,Anitha Pujari,58,1,0
3366,2679,Sunita Pujari,22,2,1
3367,2680,Manjunath Deshmukh,56,1,0
3368,2680,Lakshmi Reddy,31,1,0
3369,2681,Kavitha Pujari,27,1,0
3370,2682,Ramesh Deshmukh,64,1,1
3371,2683,Suresh Nayak,47,2,0
3372,2684,Ganesh Deshmukh,26,2,1
3373,2685,Kavitha Gowda,28,2,0
3374,2686,Kavitha Shetty,49,1,1
3375,2687,Suresh Nayak,55,1,0
3376,2688,Venkatesh Deshmukh,60,1,1
3377,2688,Lakshmi Deshmukh,53,1,1
3378,2689,Anitha Nayak,39,2,0
3379,2690,Manjunath Bhat,39,2,0
3380,2691,Suresh Deshmukh,52,1,0
3381,2691,Mahesh Bhat,47,1,0
3382,2692,Ganesh Gowda,61,1,0
3383,2693,Ganesh Hegde,51,1,0
3384,2694,Priya Gowda,38,1,0
3385,2695,Manjunath Patil,38,2,0
3386,2696,Mahesh Shetty,48,2,1
3387,2696,Lakshmi Nayak,34,1,0
3388,2697,Kavitha Gowda,22,2,0
3389,2698,Kavitha Shetty,38,1,1
3390,2699,Ganesh Kumar,35,1,0
3391,2699,Ramesh Pujari,41,2,1
3392,2700,Lakshmi Kulkarni,59,1,0
3393,2701,Kavitha Bhat,30,1,0
3394,2702,Priya Patil,54,2,1
3395,2703,Manjunath Rao,64,1,0
3396,2704,Priya Reddy,20,2,0
3397,2704,Kavitha Gowda,23,1,0
3398,2705,Manjunath Rao,47,1,0
3399,2706,Sunita Kumar,50,2,0
3400,2707,Vijay Kumar,37,2,1
3401,2707,Venkatesh Pujari,59,1,0
3402,2708,Suresh Shetty,42,1,0
3403,2709,Anitha Kulkarni,40,1,1
3404,2710,Vijay Patil,21,1,0
3405,2711,Anitha Hegde,20,2,0
3406,2712,Manjunath Bhat,43,2,0
3407,2713,Priya Hegde,58,2,0
3408,2714,Ganesh Gowda,47,1,0
3409,2714,Ganesh Rao,60,1,0
3410,2715,Lakshmi Rao,42,2,0
3411,2716,Venkatesh Shetty,57,2,0
3412,2717,Kavitha Patil,56,1,0
3413,2718,Venkatesh Deshmukh,58,1,1
3414,2719,Manjunath Hegde,19,1,0
3415,2720,Suresh Nayak,44,2,0
3416,2720,Venkatesh Shetty,62,1,0
3417,2721,Manjunath Reddy,24,2,1
3418,2722,Anitha Bhat,62,1,0
3419,2723,Ganesh Reddy,51,1,0
3420,2724,Kavitha Pujari,64,1,1
3421,2725,Priya Kulkarni,20,1,0
3422,2726,Ganesh Kumar,37,2,0
3423,2726,Lakshmi Bhat,53,2,0
3424,2727,Sunita Patil,50,1,1
3425,2727,Vijay Kumar,24,2,1
3426,2728,Suresh Reddy,65,2,0
3427,2729,Sunita Shetty,48,1,0
3428,2730,Kavitha Nayak,58,2,1
3429,2731,Suresh Nayak,34,1,1
3430,2731,Suresh Reddy,20,1,1
3431,2732,Venkatesh Kulkarni,46,1,0
3432,2733,Kavitha Bhat,19,2,1
3433,2734,Lakshmi Hegde,18,2,1
3434,2735,Vijay Pujari,58,2,0
3435,2736,Manjunath Gowda,33,1,0
3436,2736,Ganesh Shetty,32,2,1
3437,2737,Venkatesh Kulkarni,58,1,1
3438,2737,Lakshmi Rao,30,2,0
3439,2738,Ganesh Pujari,29,2,0
3440,2739,Priya Bhat,33,2,0
3441,2739,Anitha Pujari,60,2,0
3442,2740,Suresh Hegde,51,1,0
3443,2740,Priya Rao,65,2,1
3444,2741,Lakshmi Nayak,21,2,0
3445,2741,Vijay Bhat,63,2,0
3446,2742,Priya Kulkarni,64,2,0
3447,2743,Manjunath Nayak,61,1,0
3448,2744,Priya Hegde,33,2,1
3449,2745,Manjunath Kumar,62,1,1
3450,2745,Kavitha Nayak,21,2,1
3451,2746,Sunita Gowda,45,2,1
3452,2747,Kavitha Reddy,25,2,1
3453,2748,Ganesh Patil,34,1,1
3454,2749,Ganesh Gowda,27,1,0
3455,2750,Suresh Patil,25,2,0
3456,2751,Manjunath Kumar,64,2,0
3457,2752,Manjunath Shetty,22,2,1
3458,2753,Vijay Bhat,33,1,0
3459,2754,Sunita Pujari,33,1,0
3460,2755,Priya Nayak,25,1,0
3461,2756,Anitha Pujari,48,1,0
3462,2757,Manjunath Rao,26,1,0
3463,2757,Ramesh Nayak,52,1,0
3464,2758,Venkatesh Rao,39,2,0
3465,2759,Anitha Shetty,31,1,0
3466,2759,Sunita Hegde,35,1,0
3467,2760,Suresh Hegde,46,1,0
3468,2761,Suresh Kumar,52,1,0
3469,2761,Vijay Pujari,51,1,0
3470,2762,Vijay Pujari,18,1,0
3471,2762,Priya Reddy,52,1,0
3472,2763,Lakshmi Hegde,37,2,1
3473,2763,Venkatesh Nayak,23,1,1
3474,2764,Lakshmi Kumar,36,2,1
3475,2765,Kavitha Kulkarni,21,2,0
3476,2766,Venkatesh Kulkarni,47,1,0
3477,2766,Anitha Nayak,57,2,1
3478,2767,Mahesh Patil,29,2,1
3479,2768,Mahesh Gowda,25,1,0
3480,2768,Ganesh Bhat,18,2,1
3481,2769,Priya Deshmukh,48,2,0
3482,2769,Lakshmi Patil,47,2,1
3483,2770,Ganesh Hegde,50,1,0
3484,2771,Anitha Rao,21,1,1
3485,2772,Suresh Shetty,41,1,1
3486,2772,Ganesh Hegde,20,2,0
3487,2773,Lakshmi Patil,51,1,1
3488,2774,Sunita Bhat,51,2,0
3489,2774,Venkatesh Bhat,33,2,1
3490,2775,Suresh Hegde,41,2,0
3491,2776,Suresh Reddy,57,2,1
3492,2777,Anitha Hegde,26,2,0
3493,2778,Ganesh Reddy,24,2,0
3494,2779,Mahesh Bhat,30,2,1
3495,2780,Sunita Gowda,41,2,0
3496,2781,Mahesh Nayak,20,2,1
3497,2781,Manjunath Kulkarni,60,2,1
3498,2782,Suresh Hegde,61,2,1
3499,2783,Vijay Nayak,45,1,0
3500,2784,Kavitha Gowda,53,2,1
3501,2784,Anitha Kumar,51,1,0
3502,2785,Lakshmi Reddy,20,2,0
3503,2786,Manjunath Reddy,21,2,0
3504,2787,Ganesh Shetty,30,2,0
3505,2788,Ramesh Bhat,20,2,0
3506,2788,Suresh Pujari,19,2,1
3507,2789,Mahesh Pujari,56,2,1
3508,2790,Kavitha Pujari,31,2,1
3509,2790,Ganesh Reddy,51,1,0
3510,2791,Ganesh Gowda,21,1,0
3511,2791,Kavitha Kumar,30,1,0
3512,2792,Lakshmi Bhat,65,1,0
3513,2793,Anitha Kumar,64,1,0
3514,2794,Ramesh Hegde,62,1,1
3515,2795,Anitha Nayak,64,1,0
3516,2796,Suresh Reddy,22,1,0
3517,2797,Mahesh Gowda,43,1,0
3518,2798,Ramesh Gowda,64,2,0
3519,2799,Lakshmi Rao,23,1,0
3520,2800,Vijay Rao,22,2,0
3521,2801,Kavitha Rao,34,1,1
3522,2801,Lakshmi Pujari,33,1,0
3523,2802,Suresh Deshmukh,64,1,1
3524,2803,Vijay Kumar,61,2,0
3525,2804,Vijay Hegde,26,1,0
3526,2805,Ramesh Kulkarni,58,2,0
3527,2806,Anitha Patil,46,1,1
3528,2806,Suresh Patil,50,2,0
3529,2807,Ramesh Reddy,20,2,0
3530,2808,Mahesh Gowda,31,1,0
3531,2809,Anitha Patil,45,2,0
3532,2810,Ramesh Reddy,24,1,0
3533,2811,Mahesh Bhat,21,2,0
3534,2812,Lakshmi Pujari,23,1,0
3535,2813,Mahesh Patil,38,2,0
3536,2813,Lakshmi Deshmukh,44,2,0
3537,2814,Ganesh Shetty,18,1,0
3538,2815,Sunita Hegde,20,1,0
3539,2815,Priya Hegde,22,1,0
3540,2816,Lakshmi Nayak,51,1,0
3541,2817,Vijay Nayak,54,2,0
3542,2817,Ganesh Gowda,57,1,0
3543,2818,Lakshmi Kulkarni,28,2,0
3544,2818,Venkatesh Reddy,60,1,1
3545,2819,Lakshmi Pujari,21,1,0
3546,2820,Manjunath Kumar,33,1,0
3547,2821,Sunita Shetty,21,2,1
3548,2821,Anitha Deshmukh,46,1,0
3549,2822,Kavitha Patil,51,2,0
3550,2823,Anitha Gowda,65,1,0
3551,2824,Ramesh Deshmukh,42,2,0
3552,2825,Kavitha Kumar,28,2,0
3553,2826,Anitha Reddy,23,2,1
3554,2826,Ramesh Bhat,36,2,1
3555,2827,Ramesh Rao,51,1,0
3556,2828,Vijay Nayak,35,1,0
3557,2829,Suresh Gowda,23,2,0
3558,2830,Priya Nayak,55,1,0
3559,2831,Ganesh Shetty,48,1,0
3560,2831,Ramesh Rao,57,1,1
3561,2832,Sunita Reddy,28,2,1
3562,2833,Sunita Hegde,35,2,0
3563,2834,Suresh Pujari,34,1,0
3564,2834,Venkatesh Reddy,64,2,0
3565,2835,Mahesh Shetty,20,1,0
3566,2836,Priya Reddy,32,1,1
3567,2836,Vijay Kulkarni,51,2,0
3568,2837,Kavitha Hegde,29,1,1
3569,2837,Venkatesh Deshmukh,52,1,0
3570,2838,Mahesh Deshmukh,55,1,0
3571,2839,Ganesh Pujari,50,1,0
3572,2840,Venkatesh Bhat,43,1,1
3573,2840,Mahesh Kulkarni,58,1,0
3574,2841,Venkatesh Deshmukh,37,2,0
3575,2842,Mahesh Bhat,26,1,0
3576,2843,Suresh Pujari,44,2,0
3577,2844,Manjunath Hegde,47,2,0
3578,2845,Manjunath Shetty,28,2,0
3579,2846,Priya Shetty,32,2,1
3580,2847,Vijay Shetty,52,1,1
3581,2847,Manjunath Reddy,19,2,0
3582,2848,Kavitha Reddy,23,1,1
3583,2849,Kavitha Gowda,23,2,0
3584,2850,Kavitha Patil,27,2,1
3585,2851,Sunita Bhat,65,1,0
3586,2852,Sunita Reddy,63,2,0
3587,2853,Sunita Pujari,53,1,0
3588,2853,Vijay Gowda,20,2,0
3589,2854,Ganesh Reddy,37,1,1
3590,2855,Anitha Nayak,23,1,0
3591,2856,Suresh Hegde,19,1,0
3592,2857,Kavitha Kulkarni,48,1,1
3593,2858,Anitha Kulkarni,36,1,1
3594,2859,Manjunath Hegde,37,2,0
3595,2860,Vijay Patil,22,1,0
3596,2861,Venkatesh Shetty,19,2,1
3597,2861,Priya Kumar,54,1,0
3598,2862,Vijay Deshmukh,55,2,0
3599,2863,Sunita Nayak,25,1,0
3600,2863,Kavitha Deshmukh,63,2,0
3601,2864,Anitha Patil,34,2,1
3602,2865,Vijay Gowda,54,1,0
3603,2865,Suresh Kumar,65,1,0
3604,2866,Priya Deshmukh,31,2,0
3605,2867,Mahesh Kumar,46,2,0
3606,2868,Suresh Hegde,19,2,0
3607,2869,Vijay Pujari,51,2,1
3608,2869,Manjunath Kumar,33,1,0
3609,2870,Priya Kumar,31,1,0
3610,2871,Priya Deshmukh,49,1,0
3611,2871,Vijay Kulkarni,42,2,0
3612,2872,Anitha Nayak,19,2,0
3613,2872,Mahesh Reddy,19,2,0
3614,2873,Ramesh Hegde,60,2,1
3615,2874,Suresh Shetty,27,1,0
3616,2874,Mahesh Gowda,41,1,1
3617,2875,Sunita Hegde,57,1,0
3618,2876,Suresh Nayak,60,2,0
3619,2876,Venkatesh Pujari,41,2,0
3620,2877,Ramesh Pujari,64,2,0
3621,2877,Vijay Bhat,62,1,0
3622,2878,Vijay Shetty,51,1,0
3623,2879,Kavitha Nayak,65,2,0
3624,2880,Mahesh Shetty,21,1,0
3625,2881,Venkatesh Reddy,54,1,0
3626,2882,Suresh Pujari,56,2,0
3627,2882,Mahesh Deshmukh,50,2,1
3628,2883,Vijay Hegde,57,1,0
3629,2884,Mahesh Deshmukh,38,1,1
3630,2885,Venkatesh Patil,32,2,0
3631,2886,Ganesh Shetty,21,2,1
3632,2887,Ganesh Nayak,28,2,0
3633,2888,Lakshmi Reddy,61,2,0
3634,2889,Anitha Rao,62,2,0
3635,2889,Venkatesh Gowda,29,2,0
3636,2890,Lakshmi Rao,25,1,1
3637,2891,Sunita Reddy,54,2,0
3638,2891,Vijay Kulkarni,42,2,0
3639,2892,Sunita Gowda,53,2,0
3640,2893,Priya Rao,18,2,0
3641,2894,Suresh Kumar,59,2,0
3642,2895,Sunita Kumar,33,1,1
3643,2896,Manjunath Pujari,21,2,1
3644,2897,Vijay Reddy,24,2,1
3645,2898,Lakshmi Gowda,63,2,1
3646,2899,Kavitha Shetty,60,2,0
3647,2899,Sunita Pujari,35,1,0
3648,2900,Anitha Deshmukh,44,1,0
3649,2901,Vijay Pujari,42,1,1
3650,2901,Anitha Nayak,20,1,0
3651,2902,Mahesh Pujari,52,2,0
3652,2903,Ganesh Nayak,51,1,0
3653,2904,Ganesh Kumar,18,2,0
3654,2905,Ganesh Kumar,57,2,0
3655,2905,Ramesh Deshmukh,27,1,0
3656,2906,Venkatesh Pujari,64,1,0
3657,2907,Anitha Shetty,20,2,1
3658,2907,Ramesh Pujari,43,1,0
3659,2908,Anitha Pujari,57,2,0
3660,2909,Anitha Kulkarni,39,2,0
3661,2910,Kavitha Deshmukh,38,2,1
3662,2911,Priya Hegde,38,2,0
3663,2912,Suresh Kulkarni,26,2,0
3664,2912,Kavitha Nayak,39,2,0
3665,2913,Kavitha Patil,64,1,1
3666,2914,Kavitha Pujari,33,2,1
3667,2915,Kavitha Kumar,21,1,0
3668,2916,Manjunath Hegde,60,1,0
3669,2916,Sunita Reddy,53,1,0
3670,2917,Kavitha Shetty,28,1,0
3671,2918,Manjunath Bhat,21,1,0
3672,2918,Manjunath Hegde,46,1,0
3673,2919,Suresh Deshmukh,18,2,1
3674,2920,Suresh Reddy,63,2,1
3675,2920,Priya Patil,57,2,0
3676,2921,Kavitha Shetty,28,1,0
3677,2921,Kavitha Rao,41,1,0
3678,2922,Ganesh Kulkarni,26,2,0
3679,2923,Sunita Patil,58,1,0
3680,2924,Ganesh Bhat,37,1,0
3681,2925,Sunita Reddy,48,1,0
3682,2926,Lakshmi Rao,42,1,0
3683,2927,Ramesh Shetty,42,1,1
3684,2928,Vijay Hegde,21,1,1
3685,2929,Lakshmi Bhat,54,1,0
3686,2929,Mahesh Patil,39,1,1
3687,2930,Ramesh Kumar,43,1,0
3688,2930,Kavitha Bhat,38,1,0
3689,2931,Sunita Bhat,38,1,0
3690,2931,Vijay Reddy,64,1,1
3691,2932,Kavitha Bhat,50,2,1
3692,2933,Priya Reddy,51,1,0
3693,2933,Ganesh Bhat,47,1,0
3694,2934,Kavitha Kulkarni,59,1,0
3695,2934,Sunita Shetty,65,1,1
3696,2935,Anitha Shetty,40,1,0
3697,2935,Lakshmi Shetty,23,2,1
3698,2936,Manjunath Kumar,43,2,0
3699,2937,Manjunath Reddy,33,2,1
3700,2938,Sunita Deshmukh,24,1,0
3701,2939,Ramesh Patil,28,1,0
3702,2940,Manjunath Hegde,49,2,0
3703,2941,Vijay Deshmukh,49,2,0
3704,2941,Venkatesh Shetty,41,2,0
3705,2942,Manjunath Rao,60,2,0
3706,2943,Sunita Kumar,20,2,0
3707,2943,Kavitha Shetty,40,1,0
3708,2944,Anitha Kulkarni,34,1,0
3709,2945,Manjunath Patil,51,2,0
3710,2946,Vijay Pujari,43,1,0
3711,2947,Venkatesh Kumar,52,2,0
3712,2948,Lakshmi Pujari,61,1,0
3713,2949,Anitha Bhat,33,1,0
3714,2950,Ramesh Kulkarni,62,1,1
3715,2951,Suresh Gowda,18,2,0
3716,2952,Vijay Pujari,55,2,0
3717,2953,Manjunath Rao,53,2,0
3718,2954,Sunita Reddy,58,2,0
3719,2954,Priya Deshmukh,28,1,0
3720,2955,Mahesh Kumar,61,1,0
3721,2956,Lakshmi Rao,24,2,0
3722,2957,Ramesh Kumar,62,1,1
3723,2958,Ganesh Gowda,52,2,0
3724,2958,Ramesh Reddy,64,1,0
3725,2959,Priya Nayak,64,1,1
3726,2960,Ganesh Nayak,48,2,0
3727,2960,Kavitha Gowda,62,2,0
3728,2961,Anitha Kumar,27,2,1
3729,2961,Manjunath Deshmukh,65,1,0
3730,2962,Priya Hegde,65,1,0
3731,2962,Manjunath Bhat,30,1,0
3732,2963,Manjunath Pujari,38,2,1
3733,2964,Manjunath Kulkarni,39,1,0
3734,2965,Priya Kumar,20,2,0
3735,2966,Mahesh Deshmukh,64,1,1
3736,2966,Ganesh Kulkarni,44,2,0
3737,2967,Ramesh Gowda,54,1,0
3738,2968,Mahesh Patil,18,1,0
3739,2969,Mahesh Reddy,39,2,0
3740,2969,Suresh Patil,65,2,0
3741,2970,Sunita Patil,49,2,0
3742,2971,Kavitha Patil,21,2,0
3743,2972,Mahesh Deshmukh,49,1,0
3744,2973,Manjunath Deshmukh,28,2,1
3745,2974,Priya Deshmukh,39,2,0
3746,2975,Mahesh Rao,55,2,0
3747,2976,Suresh Rao,51,2,1
3748,2977,Venkatesh Bhat,59,1,0
3749,2978,Lakshmi Shetty,50,1,0
3750,2979,Priya Patil,23,2,0
3751,2980,Vijay Hegde,33,2,0
3752,2981,Ganesh Pujari,27,1,0
3753,2982,Manjunath Shetty,21,2,1
3754,2983,Anitha Patil,26,1,1
3755,2984,Priya Hegde,50,2,0
3756,2985,Priya Patil,18,2,0
3757,2986,Anitha Deshmukh,53,1,0
3758,2987,Mahesh Hegde,41,2,1
3759,2988,Mahesh Pujari,62,1,0
3760,2989,Kavitha Nayak,25,2,1
3761,2989,Manjunath Shetty,48,1,1
3762,2990,Suresh Shetty,25,2,0
3763,2991,Suresh Bhat,20,1,1
3764,2992,Sunita Pujari,59,2,0
3765,2992,Ramesh Shetty,34,1,0
3766,2993,Ganesh Pujari,20,2,1
3767,2994,Suresh Pujari,52,1,0
3768,2995,Ganesh Kulkarni,43,2,0
3769,2995,Mahesh Gowda,18,1,0
3770,2996,Venkatesh Shetty,34,2,0
3771,2997,Vijay Bhat,18,1,0
3772,2998,Anitha Hegde,54,1,0
3773,2999,Priya Kumar,51,1,0
3774,3000,Anitha Hegde,49,2,1
3775,3001,Mahesh Hegde,42,2,0
3776,3002,Anitha Pujari,46,2,0
3777,3003,Vijay Patil,32,2,0
